[2025-12-05 19:34:09] local.INFO: Fetching tag details for EPC: E2801170000002136AA2DD4F  
[2025-12-05 19:34:09] local.INFO: tagDetailsByEpc response: {"success":true,"message":"Tag details loaded","product":{"id":2,"product_name":"Badsheet","product_code":"","sku":"SKU-BED-01","category":"Badsheet"},"history":[{"trans_id":20,"product_id":4,"inventory_id":8,"adjust_qty":1,"inward":0,"outward":1,"opening_stock":4,"closing_stock":3,"trans_type":"tag_reassign_out","remarks":"Tag reassigned - removed from previous product","status":true,"location_id":3,"created_by":51,"updated_by":51,"created_at":"2025-12-05T10:38:31.000000Z","updated_at":"2025-12-05T10:38:31.000000Z"},{"trans_id":21,"product_id":2,"inventory_id":8,"adjust_qty":1,"inward":1,"outward":0,"opening_stock":2,"closing_stock":3,"trans_type":"tag_reassign_in","remarks":"Tag reassigned - assigned to new product","status":true,"location_id":3,"created_by":51,"updated_by":51,"created_at":"2025-12-05T10:38:31.000000Z","updated_at":"2025-12-05T10:38:31.000000Z"},{"trans_id":14,"product_id":4,"inventory_id":8,"adjust_qty":1,"inward":1,"outward":0,"opening_stock":2,"closing_stock":3,"trans_type":"tag_assign","remarks":"Tag created & assigned","status":true,"location_id":3,"created_by":51,"updated_by":51,"created_at":"2025-12-05T08:39:20.000000Z","updated_at":"2025-12-05T08:39:20.000000Z"}]}  
[2025-12-05 19:36:40] local.INFO: --- CHECK UPDATE CALLED --- {"incoming_request":{"current_version_code":5,"device_id":"6aea19a76ec5eacc"}} 
[2025-12-05 19:36:40] local.INFO: Validated request {"device_id":"6aea19a76ec5eacc","current_version_code":5} 
[2025-12-05 19:36:40] local.INFO: Device found {"device_id":"6aea19a76ec5eacc","registered_version_code":1,"is_update_required_flag":0} 
[2025-12-05 19:36:40] local.INFO: Device is up to date {"device_id":"6aea19a76ec5eacc","current_version":5} 
[2025-12-05 19:36:42] local.INFO: User login attempt {"license_key":"6AEA-T6QU2L-502F-F6A8-CF02","username":"aditiyakum"} 
[2025-12-05 19:36:42] local.INFO: User login response data {"user_id":51,"data":{"user":{"name":"Bangalore admin","email":"aditiyakum@gmail.com","user_code":"USR-ADKU1CW","location_id":3,"location_name":"Electronic City","working_stages":[],"role":{"App\\Models\\user_management\\Role":{"role_id":13,"role_name":"Palnt Admin","role_code":"ROL-ADIN9A3"}},"api_key":"XDdZMI4IrtC0Wc4XsJI5vzjLrVdrY2U4en3me1ckxhKZDGgnge2VUVbeTHJO"},"permissions":{"users":["create.users","view.users","edit.users","delete.users"],"dashboard":["view.dashboard_admin"],"config_settings":["create.config_settings","view.config_settings","edit.config_settings","delete.config_settings"],"products":["view.products","create.products","edit.products","delete.products"],"reports":["view.reports"],"locations":["locations.view","locations.edit"]},"token":"744|zpEpFRQXQZorKg5tUOtW9qWvgRBQAlYyTQ4YOYmzc1b61c27"}} 
[2025-12-05 19:36:42] local.INFO: User login successful {"user_id":51,"license_key":"6AEA-T6QU2L-502F-F6A8-CF02"} 
[2025-12-05 19:36:44] local.INFO: --- CHECK UPDATE CALLED --- {"incoming_request":{"current_version_code":5,"device_id":"6aea19a76ec5eacc"}} 
[2025-12-05 19:36:44] local.INFO: Validated request {"device_id":"6aea19a76ec5eacc","current_version_code":5} 
[2025-12-05 19:36:44] local.INFO: Device found {"device_id":"6aea19a76ec5eacc","registered_version_code":1,"is_update_required_flag":0} 
[2025-12-05 19:36:44] local.INFO: Device is up to date {"device_id":"6aea19a76ec5eacc","current_version":5} 
[2025-12-05 19:36:44] local.ERROR: SQLSTATE[42S02]: Base table or view not found: 1146 Table 'loundry_app.product_process_history' doesn't exist (Connection: mysql, SQL: select count(*) as aggregate from (select `h`.`product_id`, `h`.`status`, `h`.`stages`, `h`.`changed_at` from `product_process_history` as `h` inner join (SELECT product_id, MAX(changed_at) as latest_change 
                             FROM product_process_history 
                             GROUP BY product_id) latest on `h`.`product_id` = `latest`.`product_id` and `h`.`changed_at` = `latest`.`latest_change` inner join `rfid_tags` as `p` on `h`.`product_id` = `p`.`id` where `p`.`location_id` = 3) as t where `t`.`changed_at` between 2025-12-05 00:00:00 and 2025-12-05 23:59:59 and `t`.`status` = FAIL) {"userId":51,"exception":"[object] (Illuminate\\Database\\QueryException(code: 42S02): SQLSTATE[42S02]: Base table or view not found: 1146 Table 'loundry_app.product_process_history' doesn't exist (Connection: mysql, SQL: select count(*) as aggregate from (select `h`.`product_id`, `h`.`status`, `h`.`stages`, `h`.`changed_at` from `product_process_history` as `h` inner join (SELECT product_id, MAX(changed_at) as latest_change 
                             FROM product_process_history 
                             GROUP BY product_id) latest on `h`.`product_id` = `latest`.`product_id` and `h`.`changed_at` = `latest`.`latest_change` inner join `rfid_tags` as `p` on `h`.`product_id` = `p`.`id` where `p`.`location_id` = 3) as t where `t`.`changed_at` between 2025-12-05 00:00:00 and 2025-12-05 23:59:59 and `t`.`status` = FAIL) at /var/www/html/laundryApp/vendor/laravel/framework/src/Illuminate/Database/Connection.php:829)
[stacktrace]
#0 /var/www/html/laundryApp/vendor/laravel/framework/src/Illuminate/Database/Connection.php(783): Illuminate\\Database\\Connection->runQueryCallback()
#1 /var/www/html/laundryApp/vendor/laravel/framework/src/Illuminate/Database/Connection.php(414): Illuminate\\Database\\Connection->run()
#2 /var/www/html/laundryApp/vendor/laravel/framework/src/Illuminate/Database/Query/Builder.php(2913): Illuminate\\Database\\Connection->select()
#3 /var/www/html/laundryApp/vendor/laravel/framework/src/Illuminate/Database/Query/Builder.php(2902): Illuminate\\Database\\Query\\Builder->runSelect()
#4 /var/www/html/laundryApp/vendor/laravel/framework/src/Illuminate/Database/Query/Builder.php(3456): Illuminate\\Database\\Query\\Builder->Illuminate\\Database\\Query\\{closure}()
#5 /var/www/html/laundryApp/vendor/laravel/framework/src/Illuminate/Database/Query/Builder.php(2901): Illuminate\\Database\\Query\\Builder->onceWithColumns()
#6 /var/www/html/laundryApp/vendor/laravel/framework/src/Illuminate/Database/Query/Builder.php(3383): Illuminate\\Database\\Query\\Builder->get()
#7 /var/www/html/laundryApp/vendor/laravel/framework/src/Illuminate/Database/Query/Builder.php(3311): Illuminate\\Database\\Query\\Builder->aggregate()
#8 /var/www/html/laundryApp/app/Http/Controllers/Api/DashboardApiController.php(74): Illuminate\\Database\\Query\\Builder->count()
#9 /var/www/html/laundryApp/vendor/laravel/framework/src/Illuminate/Cache/Repository.php(396): App\\Http\\Controllers\\Api\\DashboardApiController->App\\Http\\Controllers\\Api\\{closure}()
#10 /var/www/html/laundryApp/vendor/laravel/framework/src/Illuminate/Cache/CacheManager.php(429): Illuminate\\Cache\\Repository->remember()
#11 /var/www/html/laundryApp/vendor/laravel/framework/src/Illuminate/Support/Facades/Facade.php(355): Illuminate\\Cache\\CacheManager->__call()
#12 /var/www/html/laundryApp/app/Http/Controllers/Api/DashboardApiController.php(42): Illuminate\\Support\\Facades\\Facade::__callStatic()
#13 /var/www/html/laundryApp/vendor/laravel/framework/src/Illuminate/Routing/Controller.php(54): App\\Http\\Controllers\\Api\\DashboardApiController->summary()
#14 /var/www/html/laundryApp/vendor/laravel/framework/src/Illuminate/Routing/ControllerDispatcher.php(43): Illuminate\\Routing\\Controller->callAction()
#15 /var/www/html/laundryApp/vendor/laravel/framework/src/Illuminate/Routing/Route.php(259): Illuminate\\Routing\\ControllerDispatcher->dispatch()
#16 /var/www/html/laundryApp/vendor/laravel/framework/src/Illuminate/Routing/Route.php(205): Illuminate\\Routing\\Route->runController()
#17 /var/www/html/laundryApp/vendor/laravel/framework/src/Illuminate/Routing/Router.php(806): Illuminate\\Routing\\Route->run()
#18 /var/www/html/laundryApp/vendor/laravel/framework/src/Illuminate/Pipeline/Pipeline.php(144): Illuminate\\Routing\\Router->Illuminate\\Routing\\{closure}()
#19 /var/www/html/laundryApp/vendor/laravel/framework/src/Illuminate/Routing/Middleware/SubstituteBindings.php(50): Illuminate\\Pipeline\\Pipeline->Illuminate\\Pipeline\\{closure}()
#20 /var/www/html/laundryApp/vendor/laravel/framework/src/Illuminate/Pipeline/Pipeline.php(183): Illuminate\\Routing\\Middleware\\SubstituteBindings->handle()
#21 /var/www/html/laundryApp/vendor/laravel/framework/src/Illuminate/Routing/Middleware/ThrottleRequests.php(159): Illuminate\\Pipeline\\Pipeline->Illuminate\\Pipeline\\{closure}()
#22 /var/www/html/laundryApp/vendor/laravel/framework/src/Illuminate/Routing/Middleware/ThrottleRequests.php(125): Illuminate\\Routing\\Middleware\\ThrottleRequests->handleRequest()
#23 /var/www/html/laundryApp/vendor/laravel/framework/src/Illuminate/Routing/Middleware/ThrottleRequests.php(87): Illuminate\\Routing\\Middleware\\ThrottleRequests->handleRequestUsingNamedLimiter()
#24 /var/www/html/laundryApp/vendor/laravel/framework/src/Illuminate/Pipeline/Pipeline.php(183): Illuminate\\Routing\\Middleware\\ThrottleRequests->handle()
#25 /var/www/html/laundryApp/vendor/laravel/framework/src/Illuminate/Auth/Middleware/Authenticate.php(57): Illuminate\\Pipeline\\Pipeline->Illuminate\\Pipeline\\{closure}()
#26 /var/www/html/laundryApp/vendor/laravel/framework/src/Illuminate/Pipeline/Pipeline.php(183): Illuminate\\Auth\\Middleware\\Authenticate->handle()
#27 /var/www/html/laundryApp/vendor/laravel/sanctum/src/Http/Middleware/EnsureFrontendRequestsAreStateful.php(25): Illuminate\\Pipeline\\Pipeline->Illuminate\\Pipeline\\{closure}()
#28 /var/www/html/laundryApp/vendor/laravel/framework/src/Illuminate/Pipeline/Pipeline.php(144): Laravel\\Sanctum\\Http\\Middleware\\EnsureFrontendRequestsAreStateful->Laravel\\Sanctum\\Http\\Middleware\\{closure}()
#29 /var/www/html/laundryApp/vendor/laravel/framework/src/Illuminate/Pipeline/Pipeline.php(119): Illuminate\\Pipeline\\Pipeline->Illuminate\\Pipeline\\{closure}()
#30 /var/www/html/laundryApp/vendor/laravel/sanctum/src/Http/Middleware/EnsureFrontendRequestsAreStateful.php(24): Illuminate\\Pipeline\\Pipeline->then()
#31 /var/www/html/laundryApp/vendor/laravel/framework/src/Illuminate/Pipeline/Pipeline.php(183): Laravel\\Sanctum\\Http\\Middleware\\EnsureFrontendRequestsAreStateful->handle()
#32 /var/www/html/laundryApp/vendor/laravel/framework/src/Illuminate/Pipeline/Pipeline.php(119): Illuminate\\Pipeline\\Pipeline->Illuminate\\Pipeline\\{closure}()
#33 /var/www/html/laundryApp/vendor/laravel/framework/src/Illuminate/Routing/Router.php(805): Illuminate\\Pipeline\\Pipeline->then()
#34 /var/www/html/laundryApp/vendor/laravel/framework/src/Illuminate/Routing/Router.php(784): Illuminate\\Routing\\Router->runRouteWithinStack()
#35 /var/www/html/laundryApp/vendor/laravel/framework/src/Illuminate/Routing/Router.php(748): Illuminate\\Routing\\Router->runRoute()
#36 /var/www/html/laundryApp/vendor/laravel/framework/src/Illuminate/Routing/Router.php(737): Illuminate\\Routing\\Router->dispatchToRoute()
#37 /var/www/html/laundryApp/vendor/laravel/framework/src/Illuminate/Foundation/Http/Kernel.php(200): Illuminate\\Routing\\Router->dispatch()
#38 /var/www/html/laundryApp/vendor/laravel/framework/src/Illuminate/Pipeline/Pipeline.php(144): Illuminate\\Foundation\\Http\\Kernel->Illuminate\\Foundation\\Http\\{closure}()
#39 /var/www/html/laundryApp/vendor/laravel/framework/src/Illuminate/Foundation/Http/Middleware/TransformsRequest.php(21): Illuminate\\Pipeline\\Pipeline->Illuminate\\Pipeline\\{closure}()
#40 /var/www/html/laundryApp/vendor/laravel/framework/src/Illuminate/Foundation/Http/Middleware/ConvertEmptyStringsToNull.php(31): Illuminate\\Foundation\\Http\\Middleware\\TransformsRequest->handle()
#41 /var/www/html/laundryApp/vendor/laravel/framework/src/Illuminate/Pipeline/Pipeline.php(183): Illuminate\\Foundation\\Http\\Middleware\\ConvertEmptyStringsToNull->handle()
#42 /var/www/html/laundryApp/vendor/laravel/framework/src/Illuminate/Foundation/Http/Middleware/TransformsRequest.php(21): Illuminate\\Pipeline\\Pipeline->Illuminate\\Pipeline\\{closure}()
#43 /var/www/html/laundryApp/vendor/laravel/framework/src/Illuminate/Foundation/Http/Middleware/TrimStrings.php(40): Illuminate\\Foundation\\Http\\Middleware\\TransformsRequest->handle()
#44 /var/www/html/laundryApp/vendor/laravel/framework/src/Illuminate/Pipeline/Pipeline.php(183): Illuminate\\Foundation\\Http\\Middleware\\TrimStrings->handle()
#45 /var/www/html/laundryApp/vendor/laravel/framework/src/Illuminate/Foundation/Http/Middleware/ValidatePostSize.php(27): Illuminate\\Pipeline\\Pipeline->Illuminate\\Pipeline\\{closure}()
#46 /var/www/html/laundryApp/vendor/laravel/framework/src/Illuminate/Pipeline/Pipeline.php(183): Illuminate\\Foundation\\Http\\Middleware\\ValidatePostSize->handle()
#47 /var/www/html/laundryApp/vendor/laravel/framework/src/Illuminate/Foundation/Http/Middleware/PreventRequestsDuringMaintenance.php(99): Illuminate\\Pipeline\\Pipeline->Illuminate\\Pipeline\\{closure}()
#48 /var/www/html/laundryApp/vendor/laravel/framework/src/Illuminate/Pipeline/Pipeline.php(183): Illuminate\\Foundation\\Http\\Middleware\\PreventRequestsDuringMaintenance->handle()
#49 /var/www/html/laundryApp/vendor/laravel/framework/src/Illuminate/Http/Middleware/HandleCors.php(62): Illuminate\\Pipeline\\Pipeline->Illuminate\\Pipeline\\{closure}()
#50 /var/www/html/laundryApp/vendor/laravel/framework/src/Illuminate/Pipeline/Pipeline.php(183): Illuminate\\Http\\Middleware\\HandleCors->handle()
#51 /var/www/html/laundryApp/vendor/laravel/framework/src/Illuminate/Http/Middleware/TrustProxies.php(39): Illuminate\\Pipeline\\Pipeline->Illuminate\\Pipeline\\{closure}()
#52 /var/www/html/laundryApp/vendor/laravel/framework/src/Illuminate/Pipeline/Pipeline.php(183): Illuminate\\Http\\Middleware\\TrustProxies->handle()
#53 /var/www/html/laundryApp/vendor/laravel/framework/src/Illuminate/Pipeline/Pipeline.php(119): Illuminate\\Pipeline\\Pipeline->Illuminate\\Pipeline\\{closure}()
#54 /var/www/html/laundryApp/vendor/laravel/framework/src/Illuminate/Foundation/Http/Kernel.php(175): Illuminate\\Pipeline\\Pipeline->then()
#55 /var/www/html/laundryApp/vendor/laravel/framework/src/Illuminate/Foundation/Http/Kernel.php(144): Illuminate\\Foundation\\Http\\Kernel->sendRequestThroughRouter()
#56 /var/www/html/laundryApp/public/index.php(51): Illuminate\\Foundation\\Http\\Kernel->handle()
#57 /var/www/html/laundryApp/vendor/laravel/framework/src/Illuminate/Foundation/resources/server.php(16): require_once('...')
#58 {main}

[previous exception] [object] (PDOException(code: 42S02): SQLSTATE[42S02]: Base table or view not found: 1146 Table 'loundry_app.product_process_history' doesn't exist at /var/www/html/laundryApp/vendor/laravel/framework/src/Illuminate/Database/Connection.php:423)
[stacktrace]
#0 /var/www/html/laundryApp/vendor/laravel/framework/src/Illuminate/Database/Connection.php(423): PDO->prepare()
#1 /var/www/html/laundryApp/vendor/laravel/framework/src/Illuminate/Database/Connection.php(816): Illuminate\\Database\\Connection->Illuminate\\Database\\{closure}()
#2 /var/www/html/laundryApp/vendor/laravel/framework/src/Illuminate/Database/Connection.php(783): Illuminate\\Database\\Connection->runQueryCallback()
#3 /var/www/html/laundryApp/vendor/laravel/framework/src/Illuminate/Database/Connection.php(414): Illuminate\\Database\\Connection->run()
#4 /var/www/html/laundryApp/vendor/laravel/framework/src/Illuminate/Database/Query/Builder.php(2913): Illuminate\\Database\\Connection->select()
#5 /var/www/html/laundryApp/vendor/laravel/framework/src/Illuminate/Database/Query/Builder.php(2902): Illuminate\\Database\\Query\\Builder->runSelect()
#6 /var/www/html/laundryApp/vendor/laravel/framework/src/Illuminate/Database/Query/Builder.php(3456): Illuminate\\Database\\Query\\Builder->Illuminate\\Database\\Query\\{closure}()
#7 /var/www/html/laundryApp/vendor/laravel/framework/src/Illuminate/Database/Query/Builder.php(2901): Illuminate\\Database\\Query\\Builder->onceWithColumns()
#8 /var/www/html/laundryApp/vendor/laravel/framework/src/Illuminate/Database/Query/Builder.php(3383): Illuminate\\Database\\Query\\Builder->get()
#9 /var/www/html/laundryApp/vendor/laravel/framework/src/Illuminate/Database/Query/Builder.php(3311): Illuminate\\Database\\Query\\Builder->aggregate()
#10 /var/www/html/laundryApp/app/Http/Controllers/Api/DashboardApiController.php(74): Illuminate\\Database\\Query\\Builder->count()
#11 /var/www/html/laundryApp/vendor/laravel/framework/src/Illuminate/Cache/Repository.php(396): App\\Http\\Controllers\\Api\\DashboardApiController->App\\Http\\Controllers\\Api\\{closure}()
#12 /var/www/html/laundryApp/vendor/laravel/framework/src/Illuminate/Cache/CacheManager.php(429): Illuminate\\Cache\\Repository->remember()
#13 /var/www/html/laundryApp/vendor/laravel/framework/src/Illuminate/Support/Facades/Facade.php(355): Illuminate\\Cache\\CacheManager->__call()
#14 /var/www/html/laundryApp/app/Http/Controllers/Api/DashboardApiController.php(42): Illuminate\\Support\\Facades\\Facade::__callStatic()
#15 /var/www/html/laundryApp/vendor/laravel/framework/src/Illuminate/Routing/Controller.php(54): App\\Http\\Controllers\\Api\\DashboardApiController->summary()
#16 /var/www/html/laundryApp/vendor/laravel/framework/src/Illuminate/Routing/ControllerDispatcher.php(43): Illuminate\\Routing\\Controller->callAction()
#17 /var/www/html/laundryApp/vendor/laravel/framework/src/Illuminate/Routing/Route.php(259): Illuminate\\Routing\\ControllerDispatcher->dispatch()
#18 /var/www/html/laundryApp/vendor/laravel/framework/src/Illuminate/Routing/Route.php(205): Illuminate\\Routing\\Route->runController()
#19 /var/www/html/laundryApp/vendor/laravel/framework/src/Illuminate/Routing/Router.php(806): Illuminate\\Routing\\Route->run()
#20 /var/www/html/laundryApp/vendor/laravel/framework/src/Illuminate/Pipeline/Pipeline.php(144): Illuminate\\Routing\\Router->Illuminate\\Routing\\{closure}()
#21 /var/www/html/laundryApp/vendor/laravel/framework/src/Illuminate/Routing/Middleware/SubstituteBindings.php(50): Illuminate\\Pipeline\\Pipeline->Illuminate\\Pipeline\\{closure}()
#22 /var/www/html/laundryApp/vendor/laravel/framework/src/Illuminate/Pipeline/Pipeline.php(183): Illuminate\\Routing\\Middleware\\SubstituteBindings->handle()
#23 /var/www/html/laundryApp/vendor/laravel/framework/src/Illuminate/Routing/Middleware/ThrottleRequests.php(159): Illuminate\\Pipeline\\Pipeline->Illuminate\\Pipeline\\{closure}()
#24 /var/www/html/laundryApp/vendor/laravel/framework/src/Illuminate/Routing/Middleware/ThrottleRequests.php(125): Illuminate\\Routing\\Middleware\\ThrottleRequests->handleRequest()
#25 /var/www/html/laundryApp/vendor/laravel/framework/src/Illuminate/Routing/Middleware/ThrottleRequests.php(87): Illuminate\\Routing\\Middleware\\ThrottleRequests->handleRequestUsingNamedLimiter()
#26 /var/www/html/laundryApp/vendor/laravel/framework/src/Illuminate/Pipeline/Pipeline.php(183): Illuminate\\Routing\\Middleware\\ThrottleRequests->handle()
#27 /var/www/html/laundryApp/vendor/laravel/framework/src/Illuminate/Auth/Middleware/Authenticate.php(57): Illuminate\\Pipeline\\Pipeline->Illuminate\\Pipeline\\{closure}()
#28 /var/www/html/laundryApp/vendor/laravel/framework/src/Illuminate/Pipeline/Pipeline.php(183): Illuminate\\Auth\\Middleware\\Authenticate->handle()
#29 /var/www/html/laundryApp/vendor/laravel/sanctum/src/Http/Middleware/EnsureFrontendRequestsAreStateful.php(25): Illuminate\\Pipeline\\Pipeline->Illuminate\\Pipeline\\{closure}()
#30 /var/www/html/laundryApp/vendor/laravel/framework/src/Illuminate/Pipeline/Pipeline.php(144): Laravel\\Sanctum\\Http\\Middleware\\EnsureFrontendRequestsAreStateful->Laravel\\Sanctum\\Http\\Middleware\\{closure}()
#31 /var/www/html/laundryApp/vendor/laravel/framework/src/Illuminate/Pipeline/Pipeline.php(119): Illuminate\\Pipeline\\Pipeline->Illuminate\\Pipeline\\{closure}()
#32 /var/www/html/laundryApp/vendor/laravel/sanctum/src/Http/Middleware/EnsureFrontendRequestsAreStateful.php(24): Illuminate\\Pipeline\\Pipeline->then()
#33 /var/www/html/laundryApp/vendor/laravel/framework/src/Illuminate/Pipeline/Pipeline.php(183): Laravel\\Sanctum\\Http\\Middleware\\EnsureFrontendRequestsAreStateful->handle()
#34 /var/www/html/laundryApp/vendor/laravel/framework/src/Illuminate/Pipeline/Pipeline.php(119): Illuminate\\Pipeline\\Pipeline->Illuminate\\Pipeline\\{closure}()
#35 /var/www/html/laundryApp/vendor/laravel/framework/src/Illuminate/Routing/Router.php(805): Illuminate\\Pipeline\\Pipeline->then()
#36 /var/www/html/laundryApp/vendor/laravel/framework/src/Illuminate/Routing/Router.php(784): Illuminate\\Routing\\Router->runRouteWithinStack()
#37 /var/www/html/laundryApp/vendor/laravel/framework/src/Illuminate/Routing/Router.php(748): Illuminate\\Routing\\Router->runRoute()
#38 /var/www/html/laundryApp/vendor/laravel/framework/src/Illuminate/Routing/Router.php(737): Illuminate\\Routing\\Router->dispatchToRoute()
#39 /var/www/html/laundryApp/vendor/laravel/framework/src/Illuminate/Foundation/Http/Kernel.php(200): Illuminate\\Routing\\Router->dispatch()
#40 /var/www/html/laundryApp/vendor/laravel/framework/src/Illuminate/Pipeline/Pipeline.php(144): Illuminate\\Foundation\\Http\\Kernel->Illuminate\\Foundation\\Http\\{closure}()
#41 /var/www/html/laundryApp/vendor/laravel/framework/src/Illuminate/Foundation/Http/Middleware/TransformsRequest.php(21): Illuminate\\Pipeline\\Pipeline->Illuminate\\Pipeline\\{closure}()
#42 /var/www/html/laundryApp/vendor/laravel/framework/src/Illuminate/Foundation/Http/Middleware/ConvertEmptyStringsToNull.php(31): Illuminate\\Foundation\\Http\\Middleware\\TransformsRequest->handle()
#43 /var/www/html/laundryApp/vendor/laravel/framework/src/Illuminate/Pipeline/Pipeline.php(183): Illuminate\\Foundation\\Http\\Middleware\\ConvertEmptyStringsToNull->handle()
#44 /var/www/html/laundryApp/vendor/laravel/framework/src/Illuminate/Foundation/Http/Middleware/TransformsRequest.php(21): Illuminate\\Pipeline\\Pipeline->Illuminate\\Pipeline\\{closure}()
#45 /var/www/html/laundryApp/vendor/laravel/framework/src/Illuminate/Foundation/Http/Middleware/TrimStrings.php(40): Illuminate\\Foundation\\Http\\Middleware\\TransformsRequest->handle()
#46 /var/www/html/laundryApp/vendor/laravel/framework/src/Illuminate/Pipeline/Pipeline.php(183): Illuminate\\Foundation\\Http\\Middleware\\TrimStrings->handle()
#47 /var/www/html/laundryApp/vendor/laravel/framework/src/Illuminate/Foundation/Http/Middleware/ValidatePostSize.php(27): Illuminate\\Pipeline\\Pipeline->Illuminate\\Pipeline\\{closure}()
#48 /var/www/html/laundryApp/vendor/laravel/framework/src/Illuminate/Pipeline/Pipeline.php(183): Illuminate\\Foundation\\Http\\Middleware\\ValidatePostSize->handle()
#49 /var/www/html/laundryApp/vendor/laravel/framework/src/Illuminate/Foundation/Http/Middleware/PreventRequestsDuringMaintenance.php(99): Illuminate\\Pipeline\\Pipeline->Illuminate\\Pipeline\\{closure}()
#50 /var/www/html/laundryApp/vendor/laravel/framework/src/Illuminate/Pipeline/Pipeline.php(183): Illuminate\\Foundation\\Http\\Middleware\\PreventRequestsDuringMaintenance->handle()
#51 /var/www/html/laundryApp/vendor/laravel/framework/src/Illuminate/Http/Middleware/HandleCors.php(62): Illuminate\\Pipeline\\Pipeline->Illuminate\\Pipeline\\{closure}()
#52 /var/www/html/laundryApp/vendor/laravel/framework/src/Illuminate/Pipeline/Pipeline.php(183): Illuminate\\Http\\Middleware\\HandleCors->handle()
#53 /var/www/html/laundryApp/vendor/laravel/framework/src/Illuminate/Http/Middleware/TrustProxies.php(39): Illuminate\\Pipeline\\Pipeline->Illuminate\\Pipeline\\{closure}()
#54 /var/www/html/laundryApp/vendor/laravel/framework/src/Illuminate/Pipeline/Pipeline.php(183): Illuminate\\Http\\Middleware\\TrustProxies->handle()
#55 /var/www/html/laundryApp/vendor/laravel/framework/src/Illuminate/Pipeline/Pipeline.php(119): Illuminate\\Pipeline\\Pipeline->Illuminate\\Pipeline\\{closure}()
#56 /var/www/html/laundryApp/vendor/laravel/framework/src/Illuminate/Foundation/Http/Kernel.php(175): Illuminate\\Pipeline\\Pipeline->then()
#57 /var/www/html/laundryApp/vendor/laravel/framework/src/Illuminate/Foundation/Http/Kernel.php(144): Illuminate\\Foundation\\Http\\Kernel->sendRequestThroughRouter()
#58 /var/www/html/laundryApp/public/index.php(51): Illuminate\\Foundation\\Http\\Kernel->handle()
#59 /var/www/html/laundryApp/vendor/laravel/framework/src/Illuminate/Foundation/resources/server.php(16): require_once('...')
#60 {main}
"} 
[2025-12-05 19:36:46] local.INFO: getProducts: {"limit":20,"page":1,"search":null,"status":"all"}  
[2025-12-05 19:36:46] local.INFO: Products fetched response [{"id":2,"product_name":"Badsheet","product_code":"SKU-BED-01","category":"Badsheet","price":0,"expected_life_cycles":100,"quantity":3,"last_activity":{"trans_type":"tag_reassign_in","inward":1,"outward":0,"opening_stock":2,"closing_stock":3,"at":"2025-12-05 16:08:31"}},{"id":3,"product_name":"Pillow Cover","product_code":"SKU-BED-02","category":"Pillow Cover","price":0,"expected_life_cycles":101,"quantity":0,"last_activity":{"trans_type":null,"inward":0,"outward":0,"opening_stock":0,"closing_stock":0,"at":null}},{"id":4,"product_name":"Towel","product_code":"SKU-BED-03","category":"Towel","price":0,"expected_life_cycles":102,"quantity":3,"last_activity":{"trans_type":"tag_reassign_out","inward":0,"outward":1,"opening_stock":4,"closing_stock":3,"at":"2025-12-05 16:08:31"}},{"id":5,"product_name":"Blanket","product_code":"SKU-BED-04","category":"Blanket","price":0,"expected_life_cycles":103,"quantity":0,"last_activity":{"trans_type":null,"inward":0,"outward":0,"opening_stock":0,"closing_stock":0,"at":null}},{"id":6,"product_name":"Patient Gown","product_code":"SKU-BED-05","category":"Patient Gown","price":0,"expected_life_cycles":104,"quantity":0,"last_activity":{"trans_type":null,"inward":0,"outward":0,"opening_stock":0,"closing_stock":0,"at":null}},{"id":1,"product_name":"Badsheet2","product_code":"343453S","category":"Badsheet2","price":0,"expected_life_cycles":100,"quantity":0,"last_activity":{"trans_type":null,"inward":0,"outward":0,"opening_stock":0,"closing_stock":0,"at":null}}]  
[2025-12-05 19:36:51] local.INFO: Fetching tag details for EPC: E2801170000002136AA2DD4F  
[2025-12-05 19:36:51] local.INFO: tagDetailsByEpc response: {"success":true,"message":"Tag details loaded","inventory":{"id":8,"epc_code":"E2801170000002136AA2DD4F","tag_code":null,"product_id":2,"location_id":3,"status":"clean","status_text":"Inactive","last_scanned_at":"2025-12-05T10:38:31.000000Z","mapped_at":"2025-12-05T08:39:20.000000Z","product_name":"Badsheet","product_code":"","category":"Badsheet","sku":"SKU-BED-01"}}  
[2025-12-05 19:37:23] local.INFO: Fetching tag details for EPC: E2801170000002136AA2DD1F  
[2025-12-05 19:37:23] local.INFO: tagDetailsByEpc response: {"success":true,"message":"Tag details loaded","inventory":{"id":10,"epc_code":"E2801170000002136AA2DD1F","tag_code":null,"product_id":2,"location_id":3,"status":"clean","status_text":"Inactive","last_scanned_at":"2025-12-05T10:38:31.000000Z","mapped_at":"2025-12-05T09:09:41.000000Z","product_name":"Badsheet","product_code":"","category":"Badsheet","sku":"SKU-BED-01"}}  
[2025-12-05 19:37:25] local.INFO: Fetching tag details for EPC: E2801170000002136AA2DD2F  
[2025-12-05 19:37:25] local.INFO: tagDetailsByEpc response: {"success":true,"message":"Tag details loaded","inventory":{"id":11,"epc_code":"E2801170000002136AA2DD2F","tag_code":null,"product_id":2,"location_id":3,"status":"clean","status_text":"Inactive","last_scanned_at":"2025-12-05T10:38:31.000000Z","mapped_at":"2025-12-05T10:38:31.000000Z","product_name":"Badsheet","product_code":"","category":"Badsheet","sku":"SKU-BED-01"}}  
[2025-12-05 19:37:26] local.INFO: Fetching tag details for EPC: E2801170000002136AA2DD1F  
[2025-12-05 19:37:26] local.INFO: tagDetailsByEpc response: {"success":true,"message":"Tag details loaded","inventory":{"id":10,"epc_code":"E2801170000002136AA2DD1F","tag_code":null,"product_id":2,"location_id":3,"status":"clean","status_text":"Inactive","last_scanned_at":"2025-12-05T10:38:31.000000Z","mapped_at":"2025-12-05T09:09:41.000000Z","product_name":"Badsheet","product_code":"","category":"Badsheet","sku":"SKU-BED-01"}}  
[2025-12-05 19:37:27] local.INFO: Fetching tag details for EPC: E2801170000002136AA2DD2F  
[2025-12-05 19:37:27] local.INFO: tagDetailsByEpc response: {"success":true,"message":"Tag details loaded","inventory":{"id":11,"epc_code":"E2801170000002136AA2DD2F","tag_code":null,"product_id":2,"location_id":3,"status":"clean","status_text":"Inactive","last_scanned_at":"2025-12-05T10:38:31.000000Z","mapped_at":"2025-12-05T10:38:31.000000Z","product_name":"Badsheet","product_code":"","category":"Badsheet","sku":"SKU-BED-01"}}  
[2025-12-05 19:37:30] local.INFO: Fetching tag details for EPC: E2801170000002136AA2DD3F  
[2025-12-05 19:37:31] local.INFO: Fetching tag details for EPC: E2801170000002136AA2DD1F  
[2025-12-05 19:37:31] local.INFO: tagDetailsByEpc response: {"success":true,"message":"Tag details loaded","inventory":{"id":10,"epc_code":"E2801170000002136AA2DD1F","tag_code":null,"product_id":2,"location_id":3,"status":"clean","status_text":"Inactive","last_scanned_at":"2025-12-05T10:38:31.000000Z","mapped_at":"2025-12-05T09:09:41.000000Z","product_name":"Badsheet","product_code":"","category":"Badsheet","sku":"SKU-BED-01"}}  
[2025-12-05 19:37:34] local.INFO: Fetching tag details for EPC: E2801170000002136AA2DD1F  
[2025-12-05 19:37:34] local.INFO: tagDetailsByEpc response: {"success":true,"message":"Tag details loaded","inventory":{"id":10,"epc_code":"E2801170000002136AA2DD1F","tag_code":null,"product_id":2,"location_id":3,"status":"clean","status_text":"Inactive","last_scanned_at":"2025-12-05T10:38:31.000000Z","mapped_at":"2025-12-05T09:09:41.000000Z","product_name":"Badsheet","product_code":"","category":"Badsheet","sku":"SKU-BED-01"}}  
[2025-12-05 19:37:37] local.INFO: Fetching tag details for EPC: E2801170000002136AA2DD3F  
[2025-12-05 19:37:42] local.INFO: Fetching tag details for EPC: E2801170000002136AA2DD1F  
[2025-12-05 19:37:42] local.INFO: tagDetailsByEpc response: {"success":true,"message":"Tag details loaded","inventory":{"id":10,"epc_code":"E2801170000002136AA2DD1F","tag_code":null,"product_id":2,"location_id":3,"status":"clean","status_text":"Inactive","last_scanned_at":"2025-12-05T10:38:31.000000Z","mapped_at":"2025-12-05T09:09:41.000000Z","product_name":"Badsheet","product_code":"","category":"Badsheet","sku":"SKU-BED-01"}}  
[2025-12-05 19:37:43] local.INFO: Fetching tag details for EPC: E2801170000002136AA2DD3F  
[2025-12-05 19:38:43] local.INFO: Fetching tag details for EPC: E2801170000002136AA2DD2F  
[2025-12-05 19:38:43] local.INFO: tagDetailsByEpc response: {"success":true,"message":"Tag details loaded","inventory":{"id":11,"epc_code":"E2801170000002136AA2DD2F","tag_code":null,"product_id":2,"location_id":3,"status":"clean","status_text":"Inactive","last_scanned_at":"2025-12-05T10:38:31.000000Z","mapped_at":"2025-12-05T10:38:31.000000Z","product_name":"Badsheet","product_code":"","category":"Badsheet","sku":"SKU-BED-01"}}  
[2025-12-05 19:38:44] local.INFO: Fetching tag details for EPC: E2801170000002136AA2DD3F  
[2025-12-05 19:38:49] local.INFO: Fetching tag details for EPC: E2801170000002136AA2DD3F  
[2025-12-05 19:39:46] local.INFO: Fetching tag details for EPC: E2801170000002136AA2DD3F  
[2025-12-05 19:39:52] local.INFO: Fetching tag details for EPC: E2801170000002136AA2DD3F  
[2025-12-05 19:39:56] local.INFO: Fetching tag details for EPC: E2801170000002136AA2DD3F  
[2025-12-05 19:40:00] local.INFO: Fetching tag details for EPC: E2801170000002136AA2DD3F  
[2025-12-05 19:40:26] local.INFO: --- CHECK UPDATE CALLED --- {"incoming_request":{"current_version_code":5,"device_id":"6aea19a76ec5eacc"}} 
[2025-12-05 19:40:26] local.INFO: Validated request {"device_id":"6aea19a76ec5eacc","current_version_code":5} 
[2025-12-05 19:40:26] local.INFO: Device found {"device_id":"6aea19a76ec5eacc","registered_version_code":1,"is_update_required_flag":0} 
[2025-12-05 19:40:26] local.INFO: Device is up to date {"device_id":"6aea19a76ec5eacc","current_version":5} 
[2025-12-05 19:40:28] local.INFO: User login attempt {"license_key":"6AEA-T6QU2L-502F-F6A8-CF02","username":"aditiyakum"} 
[2025-12-05 19:40:28] local.INFO: User login response data {"user_id":51,"data":{"user":{"name":"Bangalore admin","email":"aditiyakum@gmail.com","user_code":"USR-ADKU1CW","location_id":3,"location_name":"Electronic City","working_stages":[],"role":{"App\\Models\\user_management\\Role":{"role_id":13,"role_name":"Palnt Admin","role_code":"ROL-ADIN9A3"}},"api_key":"XDdZMI4IrtC0Wc4XsJI5vzjLrVdrY2U4en3me1ckxhKZDGgnge2VUVbeTHJO"},"permissions":{"users":["create.users","view.users","edit.users","delete.users"],"dashboard":["view.dashboard_admin"],"config_settings":["create.config_settings","view.config_settings","edit.config_settings","delete.config_settings"],"products":["view.products","create.products","edit.products","delete.products"],"reports":["view.reports"],"locations":["locations.view","locations.edit"]},"token":"745|ymequLApVh6Eq4ZXBp5BZINVJf3dj006RWgogi4T745a0ba7"}} 
[2025-12-05 19:40:28] local.INFO: User login successful {"user_id":51,"license_key":"6AEA-T6QU2L-502F-F6A8-CF02"} 
[2025-12-05 19:40:29] local.INFO: --- CHECK UPDATE CALLED --- {"incoming_request":{"current_version_code":5,"device_id":"6aea19a76ec5eacc"}} 
[2025-12-05 19:40:29] local.INFO: Validated request {"device_id":"6aea19a76ec5eacc","current_version_code":5} 
[2025-12-05 19:40:29] local.INFO: Device found {"device_id":"6aea19a76ec5eacc","registered_version_code":1,"is_update_required_flag":0} 
[2025-12-05 19:40:29] local.INFO: Device is up to date {"device_id":"6aea19a76ec5eacc","current_version":5} 
[2025-12-05 19:40:30] local.ERROR: SQLSTATE[42S02]: Base table or view not found: 1146 Table 'loundry_app.product_process_history' doesn't exist (Connection: mysql, SQL: select count(*) as aggregate from (select `h`.`product_id`, `h`.`status`, `h`.`stages`, `h`.`changed_at` from `product_process_history` as `h` inner join (SELECT product_id, MAX(changed_at) as latest_change 
                             FROM product_process_history 
                             GROUP BY product_id) latest on `h`.`product_id` = `latest`.`product_id` and `h`.`changed_at` = `latest`.`latest_change` inner join `rfid_tags` as `p` on `h`.`product_id` = `p`.`id` where `p`.`location_id` = 3) as t where `t`.`changed_at` between 2025-12-05 00:00:00 and 2025-12-05 23:59:59 and `t`.`status` = FAIL) {"userId":51,"exception":"[object] (Illuminate\\Database\\QueryException(code: 42S02): SQLSTATE[42S02]: Base table or view not found: 1146 Table 'loundry_app.product_process_history' doesn't exist (Connection: mysql, SQL: select count(*) as aggregate from (select `h`.`product_id`, `h`.`status`, `h`.`stages`, `h`.`changed_at` from `product_process_history` as `h` inner join (SELECT product_id, MAX(changed_at) as latest_change 
                             FROM product_process_history 
                             GROUP BY product_id) latest on `h`.`product_id` = `latest`.`product_id` and `h`.`changed_at` = `latest`.`latest_change` inner join `rfid_tags` as `p` on `h`.`product_id` = `p`.`id` where `p`.`location_id` = 3) as t where `t`.`changed_at` between 2025-12-05 00:00:00 and 2025-12-05 23:59:59 and `t`.`status` = FAIL) at /var/www/html/laundryApp/vendor/laravel/framework/src/Illuminate/Database/Connection.php:829)
[stacktrace]
#0 /var/www/html/laundryApp/vendor/laravel/framework/src/Illuminate/Database/Connection.php(783): Illuminate\\Database\\Connection->runQueryCallback()
#1 /var/www/html/laundryApp/vendor/laravel/framework/src/Illuminate/Database/Connection.php(414): Illuminate\\Database\\Connection->run()
#2 /var/www/html/laundryApp/vendor/laravel/framework/src/Illuminate/Database/Query/Builder.php(2913): Illuminate\\Database\\Connection->select()
#3 /var/www/html/laundryApp/vendor/laravel/framework/src/Illuminate/Database/Query/Builder.php(2902): Illuminate\\Database\\Query\\Builder->runSelect()
#4 /var/www/html/laundryApp/vendor/laravel/framework/src/Illuminate/Database/Query/Builder.php(3456): Illuminate\\Database\\Query\\Builder->Illuminate\\Database\\Query\\{closure}()
#5 /var/www/html/laundryApp/vendor/laravel/framework/src/Illuminate/Database/Query/Builder.php(2901): Illuminate\\Database\\Query\\Builder->onceWithColumns()
#6 /var/www/html/laundryApp/vendor/laravel/framework/src/Illuminate/Database/Query/Builder.php(3383): Illuminate\\Database\\Query\\Builder->get()
#7 /var/www/html/laundryApp/vendor/laravel/framework/src/Illuminate/Database/Query/Builder.php(3311): Illuminate\\Database\\Query\\Builder->aggregate()
#8 /var/www/html/laundryApp/app/Http/Controllers/Api/DashboardApiController.php(74): Illuminate\\Database\\Query\\Builder->count()
#9 /var/www/html/laundryApp/vendor/laravel/framework/src/Illuminate/Cache/Repository.php(396): App\\Http\\Controllers\\Api\\DashboardApiController->App\\Http\\Controllers\\Api\\{closure}()
#10 /var/www/html/laundryApp/vendor/laravel/framework/src/Illuminate/Cache/CacheManager.php(429): Illuminate\\Cache\\Repository->remember()
#11 /var/www/html/laundryApp/vendor/laravel/framework/src/Illuminate/Support/Facades/Facade.php(355): Illuminate\\Cache\\CacheManager->__call()
#12 /var/www/html/laundryApp/app/Http/Controllers/Api/DashboardApiController.php(42): Illuminate\\Support\\Facades\\Facade::__callStatic()
#13 /var/www/html/laundryApp/vendor/laravel/framework/src/Illuminate/Routing/Controller.php(54): App\\Http\\Controllers\\Api\\DashboardApiController->summary()
#14 /var/www/html/laundryApp/vendor/laravel/framework/src/Illuminate/Routing/ControllerDispatcher.php(43): Illuminate\\Routing\\Controller->callAction()
#15 /var/www/html/laundryApp/vendor/laravel/framework/src/Illuminate/Routing/Route.php(259): Illuminate\\Routing\\ControllerDispatcher->dispatch()
#16 /var/www/html/laundryApp/vendor/laravel/framework/src/Illuminate/Routing/Route.php(205): Illuminate\\Routing\\Route->runController()
#17 /var/www/html/laundryApp/vendor/laravel/framework/src/Illuminate/Routing/Router.php(806): Illuminate\\Routing\\Route->run()
#18 /var/www/html/laundryApp/vendor/laravel/framework/src/Illuminate/Pipeline/Pipeline.php(144): Illuminate\\Routing\\Router->Illuminate\\Routing\\{closure}()
#19 /var/www/html/laundryApp/vendor/laravel/framework/src/Illuminate/Routing/Middleware/SubstituteBindings.php(50): Illuminate\\Pipeline\\Pipeline->Illuminate\\Pipeline\\{closure}()
#20 /var/www/html/laundryApp/vendor/laravel/framework/src/Illuminate/Pipeline/Pipeline.php(183): Illuminate\\Routing\\Middleware\\SubstituteBindings->handle()
#21 /var/www/html/laundryApp/vendor/laravel/framework/src/Illuminate/Routing/Middleware/ThrottleRequests.php(159): Illuminate\\Pipeline\\Pipeline->Illuminate\\Pipeline\\{closure}()
#22 /var/www/html/laundryApp/vendor/laravel/framework/src/Illuminate/Routing/Middleware/ThrottleRequests.php(125): Illuminate\\Routing\\Middleware\\ThrottleRequests->handleRequest()
#23 /var/www/html/laundryApp/vendor/laravel/framework/src/Illuminate/Routing/Middleware/ThrottleRequests.php(87): Illuminate\\Routing\\Middleware\\ThrottleRequests->handleRequestUsingNamedLimiter()
#24 /var/www/html/laundryApp/vendor/laravel/framework/src/Illuminate/Pipeline/Pipeline.php(183): Illuminate\\Routing\\Middleware\\ThrottleRequests->handle()
#25 /var/www/html/laundryApp/vendor/laravel/framework/src/Illuminate/Auth/Middleware/Authenticate.php(57): Illuminate\\Pipeline\\Pipeline->Illuminate\\Pipeline\\{closure}()
#26 /var/www/html/laundryApp/vendor/laravel/framework/src/Illuminate/Pipeline/Pipeline.php(183): Illuminate\\Auth\\Middleware\\Authenticate->handle()
#27 /var/www/html/laundryApp/vendor/laravel/sanctum/src/Http/Middleware/EnsureFrontendRequestsAreStateful.php(25): Illuminate\\Pipeline\\Pipeline->Illuminate\\Pipeline\\{closure}()
#28 /var/www/html/laundryApp/vendor/laravel/framework/src/Illuminate/Pipeline/Pipeline.php(144): Laravel\\Sanctum\\Http\\Middleware\\EnsureFrontendRequestsAreStateful->Laravel\\Sanctum\\Http\\Middleware\\{closure}()
#29 /var/www/html/laundryApp/vendor/laravel/framework/src/Illuminate/Pipeline/Pipeline.php(119): Illuminate\\Pipeline\\Pipeline->Illuminate\\Pipeline\\{closure}()
#30 /var/www/html/laundryApp/vendor/laravel/sanctum/src/Http/Middleware/EnsureFrontendRequestsAreStateful.php(24): Illuminate\\Pipeline\\Pipeline->then()
#31 /var/www/html/laundryApp/vendor/laravel/framework/src/Illuminate/Pipeline/Pipeline.php(183): Laravel\\Sanctum\\Http\\Middleware\\EnsureFrontendRequestsAreStateful->handle()
#32 /var/www/html/laundryApp/vendor/laravel/framework/src/Illuminate/Pipeline/Pipeline.php(119): Illuminate\\Pipeline\\Pipeline->Illuminate\\Pipeline\\{closure}()
#33 /var/www/html/laundryApp/vendor/laravel/framework/src/Illuminate/Routing/Router.php(805): Illuminate\\Pipeline\\Pipeline->then()
#34 /var/www/html/laundryApp/vendor/laravel/framework/src/Illuminate/Routing/Router.php(784): Illuminate\\Routing\\Router->runRouteWithinStack()
#35 /var/www/html/laundryApp/vendor/laravel/framework/src/Illuminate/Routing/Router.php(748): Illuminate\\Routing\\Router->runRoute()
#36 /var/www/html/laundryApp/vendor/laravel/framework/src/Illuminate/Routing/Router.php(737): Illuminate\\Routing\\Router->dispatchToRoute()
#37 /var/www/html/laundryApp/vendor/laravel/framework/src/Illuminate/Foundation/Http/Kernel.php(200): Illuminate\\Routing\\Router->dispatch()
#38 /var/www/html/laundryApp/vendor/laravel/framework/src/Illuminate/Pipeline/Pipeline.php(144): Illuminate\\Foundation\\Http\\Kernel->Illuminate\\Foundation\\Http\\{closure}()
#39 /var/www/html/laundryApp/vendor/laravel/framework/src/Illuminate/Foundation/Http/Middleware/TransformsRequest.php(21): Illuminate\\Pipeline\\Pipeline->Illuminate\\Pipeline\\{closure}()
#40 /var/www/html/laundryApp/vendor/laravel/framework/src/Illuminate/Foundation/Http/Middleware/ConvertEmptyStringsToNull.php(31): Illuminate\\Foundation\\Http\\Middleware\\TransformsRequest->handle()
#41 /var/www/html/laundryApp/vendor/laravel/framework/src/Illuminate/Pipeline/Pipeline.php(183): Illuminate\\Foundation\\Http\\Middleware\\ConvertEmptyStringsToNull->handle()
#42 /var/www/html/laundryApp/vendor/laravel/framework/src/Illuminate/Foundation/Http/Middleware/TransformsRequest.php(21): Illuminate\\Pipeline\\Pipeline->Illuminate\\Pipeline\\{closure}()
#43 /var/www/html/laundryApp/vendor/laravel/framework/src/Illuminate/Foundation/Http/Middleware/TrimStrings.php(40): Illuminate\\Foundation\\Http\\Middleware\\TransformsRequest->handle()
#44 /var/www/html/laundryApp/vendor/laravel/framework/src/Illuminate/Pipeline/Pipeline.php(183): Illuminate\\Foundation\\Http\\Middleware\\TrimStrings->handle()
#45 /var/www/html/laundryApp/vendor/laravel/framework/src/Illuminate/Foundation/Http/Middleware/ValidatePostSize.php(27): Illuminate\\Pipeline\\Pipeline->Illuminate\\Pipeline\\{closure}()
#46 /var/www/html/laundryApp/vendor/laravel/framework/src/Illuminate/Pipeline/Pipeline.php(183): Illuminate\\Foundation\\Http\\Middleware\\ValidatePostSize->handle()
#47 /var/www/html/laundryApp/vendor/laravel/framework/src/Illuminate/Foundation/Http/Middleware/PreventRequestsDuringMaintenance.php(99): Illuminate\\Pipeline\\Pipeline->Illuminate\\Pipeline\\{closure}()
#48 /var/www/html/laundryApp/vendor/laravel/framework/src/Illuminate/Pipeline/Pipeline.php(183): Illuminate\\Foundation\\Http\\Middleware\\PreventRequestsDuringMaintenance->handle()
#49 /var/www/html/laundryApp/vendor/laravel/framework/src/Illuminate/Http/Middleware/HandleCors.php(62): Illuminate\\Pipeline\\Pipeline->Illuminate\\Pipeline\\{closure}()
#50 /var/www/html/laundryApp/vendor/laravel/framework/src/Illuminate/Pipeline/Pipeline.php(183): Illuminate\\Http\\Middleware\\HandleCors->handle()
#51 /var/www/html/laundryApp/vendor/laravel/framework/src/Illuminate/Http/Middleware/TrustProxies.php(39): Illuminate\\Pipeline\\Pipeline->Illuminate\\Pipeline\\{closure}()
#52 /var/www/html/laundryApp/vendor/laravel/framework/src/Illuminate/Pipeline/Pipeline.php(183): Illuminate\\Http\\Middleware\\TrustProxies->handle()
#53 /var/www/html/laundryApp/vendor/laravel/framework/src/Illuminate/Pipeline/Pipeline.php(119): Illuminate\\Pipeline\\Pipeline->Illuminate\\Pipeline\\{closure}()
#54 /var/www/html/laundryApp/vendor/laravel/framework/src/Illuminate/Foundation/Http/Kernel.php(175): Illuminate\\Pipeline\\Pipeline->then()
#55 /var/www/html/laundryApp/vendor/laravel/framework/src/Illuminate/Foundation/Http/Kernel.php(144): Illuminate\\Foundation\\Http\\Kernel->sendRequestThroughRouter()
#56 /var/www/html/laundryApp/public/index.php(51): Illuminate\\Foundation\\Http\\Kernel->handle()
#57 /var/www/html/laundryApp/vendor/laravel/framework/src/Illuminate/Foundation/resources/server.php(16): require_once('...')
#58 {main}

[previous exception] [object] (PDOException(code: 42S02): SQLSTATE[42S02]: Base table or view not found: 1146 Table 'loundry_app.product_process_history' doesn't exist at /var/www/html/laundryApp/vendor/laravel/framework/src/Illuminate/Database/Connection.php:423)
[stacktrace]
#0 /var/www/html/laundryApp/vendor/laravel/framework/src/Illuminate/Database/Connection.php(423): PDO->prepare()
#1 /var/www/html/laundryApp/vendor/laravel/framework/src/Illuminate/Database/Connection.php(816): Illuminate\\Database\\Connection->Illuminate\\Database\\{closure}()
#2 /var/www/html/laundryApp/vendor/laravel/framework/src/Illuminate/Database/Connection.php(783): Illuminate\\Database\\Connection->runQueryCallback()
#3 /var/www/html/laundryApp/vendor/laravel/framework/src/Illuminate/Database/Connection.php(414): Illuminate\\Database\\Connection->run()
#4 /var/www/html/laundryApp/vendor/laravel/framework/src/Illuminate/Database/Query/Builder.php(2913): Illuminate\\Database\\Connection->select()
#5 /var/www/html/laundryApp/vendor/laravel/framework/src/Illuminate/Database/Query/Builder.php(2902): Illuminate\\Database\\Query\\Builder->runSelect()
#6 /var/www/html/laundryApp/vendor/laravel/framework/src/Illuminate/Database/Query/Builder.php(3456): Illuminate\\Database\\Query\\Builder->Illuminate\\Database\\Query\\{closure}()
#7 /var/www/html/laundryApp/vendor/laravel/framework/src/Illuminate/Database/Query/Builder.php(2901): Illuminate\\Database\\Query\\Builder->onceWithColumns()
#8 /var/www/html/laundryApp/vendor/laravel/framework/src/Illuminate/Database/Query/Builder.php(3383): Illuminate\\Database\\Query\\Builder->get()
#9 /var/www/html/laundryApp/vendor/laravel/framework/src/Illuminate/Database/Query/Builder.php(3311): Illuminate\\Database\\Query\\Builder->aggregate()
#10 /var/www/html/laundryApp/app/Http/Controllers/Api/DashboardApiController.php(74): Illuminate\\Database\\Query\\Builder->count()
#11 /var/www/html/laundryApp/vendor/laravel/framework/src/Illuminate/Cache/Repository.php(396): App\\Http\\Controllers\\Api\\DashboardApiController->App\\Http\\Controllers\\Api\\{closure}()
#12 /var/www/html/laundryApp/vendor/laravel/framework/src/Illuminate/Cache/CacheManager.php(429): Illuminate\\Cache\\Repository->remember()
#13 /var/www/html/laundryApp/vendor/laravel/framework/src/Illuminate/Support/Facades/Facade.php(355): Illuminate\\Cache\\CacheManager->__call()
#14 /var/www/html/laundryApp/app/Http/Controllers/Api/DashboardApiController.php(42): Illuminate\\Support\\Facades\\Facade::__callStatic()
#15 /var/www/html/laundryApp/vendor/laravel/framework/src/Illuminate/Routing/Controller.php(54): App\\Http\\Controllers\\Api\\DashboardApiController->summary()
#16 /var/www/html/laundryApp/vendor/laravel/framework/src/Illuminate/Routing/ControllerDispatcher.php(43): Illuminate\\Routing\\Controller->callAction()
#17 /var/www/html/laundryApp/vendor/laravel/framework/src/Illuminate/Routing/Route.php(259): Illuminate\\Routing\\ControllerDispatcher->dispatch()
#18 /var/www/html/laundryApp/vendor/laravel/framework/src/Illuminate/Routing/Route.php(205): Illuminate\\Routing\\Route->runController()
#19 /var/www/html/laundryApp/vendor/laravel/framework/src/Illuminate/Routing/Router.php(806): Illuminate\\Routing\\Route->run()
#20 /var/www/html/laundryApp/vendor/laravel/framework/src/Illuminate/Pipeline/Pipeline.php(144): Illuminate\\Routing\\Router->Illuminate\\Routing\\{closure}()
#21 /var/www/html/laundryApp/vendor/laravel/framework/src/Illuminate/Routing/Middleware/SubstituteBindings.php(50): Illuminate\\Pipeline\\Pipeline->Illuminate\\Pipeline\\{closure}()
#22 /var/www/html/laundryApp/vendor/laravel/framework/src/Illuminate/Pipeline/Pipeline.php(183): Illuminate\\Routing\\Middleware\\SubstituteBindings->handle()
#23 /var/www/html/laundryApp/vendor/laravel/framework/src/Illuminate/Routing/Middleware/ThrottleRequests.php(159): Illuminate\\Pipeline\\Pipeline->Illuminate\\Pipeline\\{closure}()
#24 /var/www/html/laundryApp/vendor/laravel/framework/src/Illuminate/Routing/Middleware/ThrottleRequests.php(125): Illuminate\\Routing\\Middleware\\ThrottleRequests->handleRequest()
#25 /var/www/html/laundryApp/vendor/laravel/framework/src/Illuminate/Routing/Middleware/ThrottleRequests.php(87): Illuminate\\Routing\\Middleware\\ThrottleRequests->handleRequestUsingNamedLimiter()
#26 /var/www/html/laundryApp/vendor/laravel/framework/src/Illuminate/Pipeline/Pipeline.php(183): Illuminate\\Routing\\Middleware\\ThrottleRequests->handle()
#27 /var/www/html/laundryApp/vendor/laravel/framework/src/Illuminate/Auth/Middleware/Authenticate.php(57): Illuminate\\Pipeline\\Pipeline->Illuminate\\Pipeline\\{closure}()
#28 /var/www/html/laundryApp/vendor/laravel/framework/src/Illuminate/Pipeline/Pipeline.php(183): Illuminate\\Auth\\Middleware\\Authenticate->handle()
#29 /var/www/html/laundryApp/vendor/laravel/sanctum/src/Http/Middleware/EnsureFrontendRequestsAreStateful.php(25): Illuminate\\Pipeline\\Pipeline->Illuminate\\Pipeline\\{closure}()
#30 /var/www/html/laundryApp/vendor/laravel/framework/src/Illuminate/Pipeline/Pipeline.php(144): Laravel\\Sanctum\\Http\\Middleware\\EnsureFrontendRequestsAreStateful->Laravel\\Sanctum\\Http\\Middleware\\{closure}()
#31 /var/www/html/laundryApp/vendor/laravel/framework/src/Illuminate/Pipeline/Pipeline.php(119): Illuminate\\Pipeline\\Pipeline->Illuminate\\Pipeline\\{closure}()
#32 /var/www/html/laundryApp/vendor/laravel/sanctum/src/Http/Middleware/EnsureFrontendRequestsAreStateful.php(24): Illuminate\\Pipeline\\Pipeline->then()
#33 /var/www/html/laundryApp/vendor/laravel/framework/src/Illuminate/Pipeline/Pipeline.php(183): Laravel\\Sanctum\\Http\\Middleware\\EnsureFrontendRequestsAreStateful->handle()
#34 /var/www/html/laundryApp/vendor/laravel/framework/src/Illuminate/Pipeline/Pipeline.php(119): Illuminate\\Pipeline\\Pipeline->Illuminate\\Pipeline\\{closure}()
#35 /var/www/html/laundryApp/vendor/laravel/framework/src/Illuminate/Routing/Router.php(805): Illuminate\\Pipeline\\Pipeline->then()
#36 /var/www/html/laundryApp/vendor/laravel/framework/src/Illuminate/Routing/Router.php(784): Illuminate\\Routing\\Router->runRouteWithinStack()
#37 /var/www/html/laundryApp/vendor/laravel/framework/src/Illuminate/Routing/Router.php(748): Illuminate\\Routing\\Router->runRoute()
#38 /var/www/html/laundryApp/vendor/laravel/framework/src/Illuminate/Routing/Router.php(737): Illuminate\\Routing\\Router->dispatchToRoute()
#39 /var/www/html/laundryApp/vendor/laravel/framework/src/Illuminate/Foundation/Http/Kernel.php(200): Illuminate\\Routing\\Router->dispatch()
#40 /var/www/html/laundryApp/vendor/laravel/framework/src/Illuminate/Pipeline/Pipeline.php(144): Illuminate\\Foundation\\Http\\Kernel->Illuminate\\Foundation\\Http\\{closure}()
#41 /var/www/html/laundryApp/vendor/laravel/framework/src/Illuminate/Foundation/Http/Middleware/TransformsRequest.php(21): Illuminate\\Pipeline\\Pipeline->Illuminate\\Pipeline\\{closure}()
#42 /var/www/html/laundryApp/vendor/laravel/framework/src/Illuminate/Foundation/Http/Middleware/ConvertEmptyStringsToNull.php(31): Illuminate\\Foundation\\Http\\Middleware\\TransformsRequest->handle()
#43 /var/www/html/laundryApp/vendor/laravel/framework/src/Illuminate/Pipeline/Pipeline.php(183): Illuminate\\Foundation\\Http\\Middleware\\ConvertEmptyStringsToNull->handle()
#44 /var/www/html/laundryApp/vendor/laravel/framework/src/Illuminate/Foundation/Http/Middleware/TransformsRequest.php(21): Illuminate\\Pipeline\\Pipeline->Illuminate\\Pipeline\\{closure}()
#45 /var/www/html/laundryApp/vendor/laravel/framework/src/Illuminate/Foundation/Http/Middleware/TrimStrings.php(40): Illuminate\\Foundation\\Http\\Middleware\\TransformsRequest->handle()
#46 /var/www/html/laundryApp/vendor/laravel/framework/src/Illuminate/Pipeline/Pipeline.php(183): Illuminate\\Foundation\\Http\\Middleware\\TrimStrings->handle()
#47 /var/www/html/laundryApp/vendor/laravel/framework/src/Illuminate/Foundation/Http/Middleware/ValidatePostSize.php(27): Illuminate\\Pipeline\\Pipeline->Illuminate\\Pipeline\\{closure}()
#48 /var/www/html/laundryApp/vendor/laravel/framework/src/Illuminate/Pipeline/Pipeline.php(183): Illuminate\\Foundation\\Http\\Middleware\\ValidatePostSize->handle()
#49 /var/www/html/laundryApp/vendor/laravel/framework/src/Illuminate/Foundation/Http/Middleware/PreventRequestsDuringMaintenance.php(99): Illuminate\\Pipeline\\Pipeline->Illuminate\\Pipeline\\{closure}()
#50 /var/www/html/laundryApp/vendor/laravel/framework/src/Illuminate/Pipeline/Pipeline.php(183): Illuminate\\Foundation\\Http\\Middleware\\PreventRequestsDuringMaintenance->handle()
#51 /var/www/html/laundryApp/vendor/laravel/framework/src/Illuminate/Http/Middleware/HandleCors.php(62): Illuminate\\Pipeline\\Pipeline->Illuminate\\Pipeline\\{closure}()
#52 /var/www/html/laundryApp/vendor/laravel/framework/src/Illuminate/Pipeline/Pipeline.php(183): Illuminate\\Http\\Middleware\\HandleCors->handle()
#53 /var/www/html/laundryApp/vendor/laravel/framework/src/Illuminate/Http/Middleware/TrustProxies.php(39): Illuminate\\Pipeline\\Pipeline->Illuminate\\Pipeline\\{closure}()
#54 /var/www/html/laundryApp/vendor/laravel/framework/src/Illuminate/Pipeline/Pipeline.php(183): Illuminate\\Http\\Middleware\\TrustProxies->handle()
#55 /var/www/html/laundryApp/vendor/laravel/framework/src/Illuminate/Pipeline/Pipeline.php(119): Illuminate\\Pipeline\\Pipeline->Illuminate\\Pipeline\\{closure}()
#56 /var/www/html/laundryApp/vendor/laravel/framework/src/Illuminate/Foundation/Http/Kernel.php(175): Illuminate\\Pipeline\\Pipeline->then()
#57 /var/www/html/laundryApp/vendor/laravel/framework/src/Illuminate/Foundation/Http/Kernel.php(144): Illuminate\\Foundation\\Http\\Kernel->sendRequestThroughRouter()
#58 /var/www/html/laundryApp/public/index.php(51): Illuminate\\Foundation\\Http\\Kernel->handle()
#59 /var/www/html/laundryApp/vendor/laravel/framework/src/Illuminate/Foundation/resources/server.php(16): require_once('...')
#60 {main}
"} 
[2025-12-05 19:40:31] local.INFO: getProducts: {"limit":20,"page":1,"search":null,"status":"all"}  
[2025-12-05 19:40:31] local.INFO: Products fetched response [{"id":2,"product_name":"Badsheet","product_code":"SKU-BED-01","category":"Badsheet","price":0,"expected_life_cycles":100,"quantity":3,"last_activity":{"trans_type":"tag_reassign_in","inward":1,"outward":0,"opening_stock":2,"closing_stock":3,"at":"2025-12-05 16:08:31"}},{"id":3,"product_name":"Pillow Cover","product_code":"SKU-BED-02","category":"Pillow Cover","price":0,"expected_life_cycles":101,"quantity":0,"last_activity":{"trans_type":null,"inward":0,"outward":0,"opening_stock":0,"closing_stock":0,"at":null}},{"id":4,"product_name":"Towel","product_code":"SKU-BED-03","category":"Towel","price":0,"expected_life_cycles":102,"quantity":3,"last_activity":{"trans_type":"tag_reassign_out","inward":0,"outward":1,"opening_stock":4,"closing_stock":3,"at":"2025-12-05 16:08:31"}},{"id":5,"product_name":"Blanket","product_code":"SKU-BED-04","category":"Blanket","price":0,"expected_life_cycles":103,"quantity":0,"last_activity":{"trans_type":null,"inward":0,"outward":0,"opening_stock":0,"closing_stock":0,"at":null}},{"id":6,"product_name":"Patient Gown","product_code":"SKU-BED-05","category":"Patient Gown","price":0,"expected_life_cycles":104,"quantity":0,"last_activity":{"trans_type":null,"inward":0,"outward":0,"opening_stock":0,"closing_stock":0,"at":null}},{"id":1,"product_name":"Badsheet2","product_code":"343453S","category":"Badsheet2","price":0,"expected_life_cycles":100,"quantity":0,"last_activity":{"trans_type":null,"inward":0,"outward":0,"opening_stock":0,"closing_stock":0,"at":null}}]  
[2025-12-05 19:40:35] local.INFO: Fetching tag details for EPC: E2801170000002136AA2DD3F  
[2025-12-05 19:40:38] local.INFO: Fetching tag details for EPC: E2801170000002136AA2DD3F  
[2025-12-05 19:40:44] local.INFO: Fetching tag details for EPC: E2801170000002136AA2DD4F  
[2025-12-05 19:40:44] local.INFO: tagDetailsByEpc response: {"success":true,"message":"Tag details loaded","inventory":{"id":8,"epc_code":"E2801170000002136AA2DD4F","tag_code":null,"product_id":2,"location_id":3,"status":"clean","status_text":"Inactive","last_scanned_at":"2025-12-05T10:38:31.000000Z","mapped_at":"2025-12-05T08:39:20.000000Z","product_name":"Badsheet","product_code":"","category":"Badsheet","sku":"SKU-BED-01"}}  
[2025-12-05 19:41:27] local.INFO: --- CHECK UPDATE CALLED --- {"incoming_request":{"current_version_code":5,"device_id":"6aea19a76ec5eacc"}} 
[2025-12-05 19:41:27] local.INFO: Validated request {"device_id":"6aea19a76ec5eacc","current_version_code":5} 
[2025-12-05 19:41:27] local.INFO: Device found {"device_id":"6aea19a76ec5eacc","registered_version_code":1,"is_update_required_flag":0} 
[2025-12-05 19:41:27] local.INFO: Device is up to date {"device_id":"6aea19a76ec5eacc","current_version":5} 
[2025-12-05 19:41:35] local.INFO: User login attempt {"license_key":"6AEA-T6QU2L-502F-F6A8-CF02","username":"aditiyakum"} 
[2025-12-05 19:41:35] local.INFO: User login response data {"user_id":51,"data":{"user":{"name":"Bangalore admin","email":"aditiyakum@gmail.com","user_code":"USR-ADKU1CW","location_id":3,"location_name":"Electronic City","working_stages":[],"role":{"App\\Models\\user_management\\Role":{"role_id":13,"role_name":"Palnt Admin","role_code":"ROL-ADIN9A3"}},"api_key":"XDdZMI4IrtC0Wc4XsJI5vzjLrVdrY2U4en3me1ckxhKZDGgnge2VUVbeTHJO"},"permissions":{"users":["create.users","view.users","edit.users","delete.users"],"dashboard":["view.dashboard_admin"],"config_settings":["create.config_settings","view.config_settings","edit.config_settings","delete.config_settings"],"products":["view.products","create.products","edit.products","delete.products"],"reports":["view.reports"],"locations":["locations.view","locations.edit"]},"token":"746|h1JtmqvnsKxtum4cABUYuFCMZltaxvqjpgObMedKde5a12a8"}} 
[2025-12-05 19:41:35] local.INFO: User login successful {"user_id":51,"license_key":"6AEA-T6QU2L-502F-F6A8-CF02"} 
[2025-12-05 19:41:37] local.INFO: --- CHECK UPDATE CALLED --- {"incoming_request":{"current_version_code":5,"device_id":"6aea19a76ec5eacc"}} 
[2025-12-05 19:41:37] local.INFO: Validated request {"device_id":"6aea19a76ec5eacc","current_version_code":5} 
[2025-12-05 19:41:37] local.INFO: Device found {"device_id":"6aea19a76ec5eacc","registered_version_code":1,"is_update_required_flag":0} 
[2025-12-05 19:41:37] local.INFO: Device is up to date {"device_id":"6aea19a76ec5eacc","current_version":5} 
[2025-12-05 19:41:37] local.ERROR: SQLSTATE[42S02]: Base table or view not found: 1146 Table 'loundry_app.product_process_history' doesn't exist (Connection: mysql, SQL: select count(*) as aggregate from (select `h`.`product_id`, `h`.`status`, `h`.`stages`, `h`.`changed_at` from `product_process_history` as `h` inner join (SELECT product_id, MAX(changed_at) as latest_change 
                             FROM product_process_history 
                             GROUP BY product_id) latest on `h`.`product_id` = `latest`.`product_id` and `h`.`changed_at` = `latest`.`latest_change` inner join `rfid_tags` as `p` on `h`.`product_id` = `p`.`id` where `p`.`location_id` = 3) as t where `t`.`changed_at` between 2025-12-05 00:00:00 and 2025-12-05 23:59:59 and `t`.`status` = FAIL) {"userId":51,"exception":"[object] (Illuminate\\Database\\QueryException(code: 42S02): SQLSTATE[42S02]: Base table or view not found: 1146 Table 'loundry_app.product_process_history' doesn't exist (Connection: mysql, SQL: select count(*) as aggregate from (select `h`.`product_id`, `h`.`status`, `h`.`stages`, `h`.`changed_at` from `product_process_history` as `h` inner join (SELECT product_id, MAX(changed_at) as latest_change 
                             FROM product_process_history 
                             GROUP BY product_id) latest on `h`.`product_id` = `latest`.`product_id` and `h`.`changed_at` = `latest`.`latest_change` inner join `rfid_tags` as `p` on `h`.`product_id` = `p`.`id` where `p`.`location_id` = 3) as t where `t`.`changed_at` between 2025-12-05 00:00:00 and 2025-12-05 23:59:59 and `t`.`status` = FAIL) at /var/www/html/laundryApp/vendor/laravel/framework/src/Illuminate/Database/Connection.php:829)
[stacktrace]
#0 /var/www/html/laundryApp/vendor/laravel/framework/src/Illuminate/Database/Connection.php(783): Illuminate\\Database\\Connection->runQueryCallback()
#1 /var/www/html/laundryApp/vendor/laravel/framework/src/Illuminate/Database/Connection.php(414): Illuminate\\Database\\Connection->run()
#2 /var/www/html/laundryApp/vendor/laravel/framework/src/Illuminate/Database/Query/Builder.php(2913): Illuminate\\Database\\Connection->select()
#3 /var/www/html/laundryApp/vendor/laravel/framework/src/Illuminate/Database/Query/Builder.php(2902): Illuminate\\Database\\Query\\Builder->runSelect()
#4 /var/www/html/laundryApp/vendor/laravel/framework/src/Illuminate/Database/Query/Builder.php(3456): Illuminate\\Database\\Query\\Builder->Illuminate\\Database\\Query\\{closure}()
#5 /var/www/html/laundryApp/vendor/laravel/framework/src/Illuminate/Database/Query/Builder.php(2901): Illuminate\\Database\\Query\\Builder->onceWithColumns()
#6 /var/www/html/laundryApp/vendor/laravel/framework/src/Illuminate/Database/Query/Builder.php(3383): Illuminate\\Database\\Query\\Builder->get()
#7 /var/www/html/laundryApp/vendor/laravel/framework/src/Illuminate/Database/Query/Builder.php(3311): Illuminate\\Database\\Query\\Builder->aggregate()
#8 /var/www/html/laundryApp/app/Http/Controllers/Api/DashboardApiController.php(74): Illuminate\\Database\\Query\\Builder->count()
#9 /var/www/html/laundryApp/vendor/laravel/framework/src/Illuminate/Cache/Repository.php(396): App\\Http\\Controllers\\Api\\DashboardApiController->App\\Http\\Controllers\\Api\\{closure}()
#10 /var/www/html/laundryApp/vendor/laravel/framework/src/Illuminate/Cache/CacheManager.php(429): Illuminate\\Cache\\Repository->remember()
#11 /var/www/html/laundryApp/vendor/laravel/framework/src/Illuminate/Support/Facades/Facade.php(355): Illuminate\\Cache\\CacheManager->__call()
#12 /var/www/html/laundryApp/app/Http/Controllers/Api/DashboardApiController.php(42): Illuminate\\Support\\Facades\\Facade::__callStatic()
#13 /var/www/html/laundryApp/vendor/laravel/framework/src/Illuminate/Routing/Controller.php(54): App\\Http\\Controllers\\Api\\DashboardApiController->summary()
#14 /var/www/html/laundryApp/vendor/laravel/framework/src/Illuminate/Routing/ControllerDispatcher.php(43): Illuminate\\Routing\\Controller->callAction()
#15 /var/www/html/laundryApp/vendor/laravel/framework/src/Illuminate/Routing/Route.php(259): Illuminate\\Routing\\ControllerDispatcher->dispatch()
#16 /var/www/html/laundryApp/vendor/laravel/framework/src/Illuminate/Routing/Route.php(205): Illuminate\\Routing\\Route->runController()
#17 /var/www/html/laundryApp/vendor/laravel/framework/src/Illuminate/Routing/Router.php(806): Illuminate\\Routing\\Route->run()
#18 /var/www/html/laundryApp/vendor/laravel/framework/src/Illuminate/Pipeline/Pipeline.php(144): Illuminate\\Routing\\Router->Illuminate\\Routing\\{closure}()
#19 /var/www/html/laundryApp/vendor/laravel/framework/src/Illuminate/Routing/Middleware/SubstituteBindings.php(50): Illuminate\\Pipeline\\Pipeline->Illuminate\\Pipeline\\{closure}()
#20 /var/www/html/laundryApp/vendor/laravel/framework/src/Illuminate/Pipeline/Pipeline.php(183): Illuminate\\Routing\\Middleware\\SubstituteBindings->handle()
#21 /var/www/html/laundryApp/vendor/laravel/framework/src/Illuminate/Routing/Middleware/ThrottleRequests.php(159): Illuminate\\Pipeline\\Pipeline->Illuminate\\Pipeline\\{closure}()
#22 /var/www/html/laundryApp/vendor/laravel/framework/src/Illuminate/Routing/Middleware/ThrottleRequests.php(125): Illuminate\\Routing\\Middleware\\ThrottleRequests->handleRequest()
#23 /var/www/html/laundryApp/vendor/laravel/framework/src/Illuminate/Routing/Middleware/ThrottleRequests.php(87): Illuminate\\Routing\\Middleware\\ThrottleRequests->handleRequestUsingNamedLimiter()
#24 /var/www/html/laundryApp/vendor/laravel/framework/src/Illuminate/Pipeline/Pipeline.php(183): Illuminate\\Routing\\Middleware\\ThrottleRequests->handle()
#25 /var/www/html/laundryApp/vendor/laravel/framework/src/Illuminate/Auth/Middleware/Authenticate.php(57): Illuminate\\Pipeline\\Pipeline->Illuminate\\Pipeline\\{closure}()
#26 /var/www/html/laundryApp/vendor/laravel/framework/src/Illuminate/Pipeline/Pipeline.php(183): Illuminate\\Auth\\Middleware\\Authenticate->handle()
#27 /var/www/html/laundryApp/vendor/laravel/sanctum/src/Http/Middleware/EnsureFrontendRequestsAreStateful.php(25): Illuminate\\Pipeline\\Pipeline->Illuminate\\Pipeline\\{closure}()
#28 /var/www/html/laundryApp/vendor/laravel/framework/src/Illuminate/Pipeline/Pipeline.php(144): Laravel\\Sanctum\\Http\\Middleware\\EnsureFrontendRequestsAreStateful->Laravel\\Sanctum\\Http\\Middleware\\{closure}()
#29 /var/www/html/laundryApp/vendor/laravel/framework/src/Illuminate/Pipeline/Pipeline.php(119): Illuminate\\Pipeline\\Pipeline->Illuminate\\Pipeline\\{closure}()
#30 /var/www/html/laundryApp/vendor/laravel/sanctum/src/Http/Middleware/EnsureFrontendRequestsAreStateful.php(24): Illuminate\\Pipeline\\Pipeline->then()
#31 /var/www/html/laundryApp/vendor/laravel/framework/src/Illuminate/Pipeline/Pipeline.php(183): Laravel\\Sanctum\\Http\\Middleware\\EnsureFrontendRequestsAreStateful->handle()
#32 /var/www/html/laundryApp/vendor/laravel/framework/src/Illuminate/Pipeline/Pipeline.php(119): Illuminate\\Pipeline\\Pipeline->Illuminate\\Pipeline\\{closure}()
#33 /var/www/html/laundryApp/vendor/laravel/framework/src/Illuminate/Routing/Router.php(805): Illuminate\\Pipeline\\Pipeline->then()
#34 /var/www/html/laundryApp/vendor/laravel/framework/src/Illuminate/Routing/Router.php(784): Illuminate\\Routing\\Router->runRouteWithinStack()
#35 /var/www/html/laundryApp/vendor/laravel/framework/src/Illuminate/Routing/Router.php(748): Illuminate\\Routing\\Router->runRoute()
#36 /var/www/html/laundryApp/vendor/laravel/framework/src/Illuminate/Routing/Router.php(737): Illuminate\\Routing\\Router->dispatchToRoute()
#37 /var/www/html/laundryApp/vendor/laravel/framework/src/Illuminate/Foundation/Http/Kernel.php(200): Illuminate\\Routing\\Router->dispatch()
#38 /var/www/html/laundryApp/vendor/laravel/framework/src/Illuminate/Pipeline/Pipeline.php(144): Illuminate\\Foundation\\Http\\Kernel->Illuminate\\Foundation\\Http\\{closure}()
#39 /var/www/html/laundryApp/vendor/laravel/framework/src/Illuminate/Foundation/Http/Middleware/TransformsRequest.php(21): Illuminate\\Pipeline\\Pipeline->Illuminate\\Pipeline\\{closure}()
#40 /var/www/html/laundryApp/vendor/laravel/framework/src/Illuminate/Foundation/Http/Middleware/ConvertEmptyStringsToNull.php(31): Illuminate\\Foundation\\Http\\Middleware\\TransformsRequest->handle()
#41 /var/www/html/laundryApp/vendor/laravel/framework/src/Illuminate/Pipeline/Pipeline.php(183): Illuminate\\Foundation\\Http\\Middleware\\ConvertEmptyStringsToNull->handle()
#42 /var/www/html/laundryApp/vendor/laravel/framework/src/Illuminate/Foundation/Http/Middleware/TransformsRequest.php(21): Illuminate\\Pipeline\\Pipeline->Illuminate\\Pipeline\\{closure}()
#43 /var/www/html/laundryApp/vendor/laravel/framework/src/Illuminate/Foundation/Http/Middleware/TrimStrings.php(40): Illuminate\\Foundation\\Http\\Middleware\\TransformsRequest->handle()
#44 /var/www/html/laundryApp/vendor/laravel/framework/src/Illuminate/Pipeline/Pipeline.php(183): Illuminate\\Foundation\\Http\\Middleware\\TrimStrings->handle()
#45 /var/www/html/laundryApp/vendor/laravel/framework/src/Illuminate/Foundation/Http/Middleware/ValidatePostSize.php(27): Illuminate\\Pipeline\\Pipeline->Illuminate\\Pipeline\\{closure}()
#46 /var/www/html/laundryApp/vendor/laravel/framework/src/Illuminate/Pipeline/Pipeline.php(183): Illuminate\\Foundation\\Http\\Middleware\\ValidatePostSize->handle()
#47 /var/www/html/laundryApp/vendor/laravel/framework/src/Illuminate/Foundation/Http/Middleware/PreventRequestsDuringMaintenance.php(99): Illuminate\\Pipeline\\Pipeline->Illuminate\\Pipeline\\{closure}()
#48 /var/www/html/laundryApp/vendor/laravel/framework/src/Illuminate/Pipeline/Pipeline.php(183): Illuminate\\Foundation\\Http\\Middleware\\PreventRequestsDuringMaintenance->handle()
#49 /var/www/html/laundryApp/vendor/laravel/framework/src/Illuminate/Http/Middleware/HandleCors.php(62): Illuminate\\Pipeline\\Pipeline->Illuminate\\Pipeline\\{closure}()
#50 /var/www/html/laundryApp/vendor/laravel/framework/src/Illuminate/Pipeline/Pipeline.php(183): Illuminate\\Http\\Middleware\\HandleCors->handle()
#51 /var/www/html/laundryApp/vendor/laravel/framework/src/Illuminate/Http/Middleware/TrustProxies.php(39): Illuminate\\Pipeline\\Pipeline->Illuminate\\Pipeline\\{closure}()
#52 /var/www/html/laundryApp/vendor/laravel/framework/src/Illuminate/Pipeline/Pipeline.php(183): Illuminate\\Http\\Middleware\\TrustProxies->handle()
#53 /var/www/html/laundryApp/vendor/laravel/framework/src/Illuminate/Pipeline/Pipeline.php(119): Illuminate\\Pipeline\\Pipeline->Illuminate\\Pipeline\\{closure}()
#54 /var/www/html/laundryApp/vendor/laravel/framework/src/Illuminate/Foundation/Http/Kernel.php(175): Illuminate\\Pipeline\\Pipeline->then()
#55 /var/www/html/laundryApp/vendor/laravel/framework/src/Illuminate/Foundation/Http/Kernel.php(144): Illuminate\\Foundation\\Http\\Kernel->sendRequestThroughRouter()
#56 /var/www/html/laundryApp/public/index.php(51): Illuminate\\Foundation\\Http\\Kernel->handle()
#57 /var/www/html/laundryApp/vendor/laravel/framework/src/Illuminate/Foundation/resources/server.php(16): require_once('...')
#58 {main}

[previous exception] [object] (PDOException(code: 42S02): SQLSTATE[42S02]: Base table or view not found: 1146 Table 'loundry_app.product_process_history' doesn't exist at /var/www/html/laundryApp/vendor/laravel/framework/src/Illuminate/Database/Connection.php:423)
[stacktrace]
#0 /var/www/html/laundryApp/vendor/laravel/framework/src/Illuminate/Database/Connection.php(423): PDO->prepare()
#1 /var/www/html/laundryApp/vendor/laravel/framework/src/Illuminate/Database/Connection.php(816): Illuminate\\Database\\Connection->Illuminate\\Database\\{closure}()
#2 /var/www/html/laundryApp/vendor/laravel/framework/src/Illuminate/Database/Connection.php(783): Illuminate\\Database\\Connection->runQueryCallback()
#3 /var/www/html/laundryApp/vendor/laravel/framework/src/Illuminate/Database/Connection.php(414): Illuminate\\Database\\Connection->run()
#4 /var/www/html/laundryApp/vendor/laravel/framework/src/Illuminate/Database/Query/Builder.php(2913): Illuminate\\Database\\Connection->select()
#5 /var/www/html/laundryApp/vendor/laravel/framework/src/Illuminate/Database/Query/Builder.php(2902): Illuminate\\Database\\Query\\Builder->runSelect()
#6 /var/www/html/laundryApp/vendor/laravel/framework/src/Illuminate/Database/Query/Builder.php(3456): Illuminate\\Database\\Query\\Builder->Illuminate\\Database\\Query\\{closure}()
#7 /var/www/html/laundryApp/vendor/laravel/framework/src/Illuminate/Database/Query/Builder.php(2901): Illuminate\\Database\\Query\\Builder->onceWithColumns()
#8 /var/www/html/laundryApp/vendor/laravel/framework/src/Illuminate/Database/Query/Builder.php(3383): Illuminate\\Database\\Query\\Builder->get()
#9 /var/www/html/laundryApp/vendor/laravel/framework/src/Illuminate/Database/Query/Builder.php(3311): Illuminate\\Database\\Query\\Builder->aggregate()
#10 /var/www/html/laundryApp/app/Http/Controllers/Api/DashboardApiController.php(74): Illuminate\\Database\\Query\\Builder->count()
#11 /var/www/html/laundryApp/vendor/laravel/framework/src/Illuminate/Cache/Repository.php(396): App\\Http\\Controllers\\Api\\DashboardApiController->App\\Http\\Controllers\\Api\\{closure}()
#12 /var/www/html/laundryApp/vendor/laravel/framework/src/Illuminate/Cache/CacheManager.php(429): Illuminate\\Cache\\Repository->remember()
#13 /var/www/html/laundryApp/vendor/laravel/framework/src/Illuminate/Support/Facades/Facade.php(355): Illuminate\\Cache\\CacheManager->__call()
#14 /var/www/html/laundryApp/app/Http/Controllers/Api/DashboardApiController.php(42): Illuminate\\Support\\Facades\\Facade::__callStatic()
#15 /var/www/html/laundryApp/vendor/laravel/framework/src/Illuminate/Routing/Controller.php(54): App\\Http\\Controllers\\Api\\DashboardApiController->summary()
#16 /var/www/html/laundryApp/vendor/laravel/framework/src/Illuminate/Routing/ControllerDispatcher.php(43): Illuminate\\Routing\\Controller->callAction()
#17 /var/www/html/laundryApp/vendor/laravel/framework/src/Illuminate/Routing/Route.php(259): Illuminate\\Routing\\ControllerDispatcher->dispatch()
#18 /var/www/html/laundryApp/vendor/laravel/framework/src/Illuminate/Routing/Route.php(205): Illuminate\\Routing\\Route->runController()
#19 /var/www/html/laundryApp/vendor/laravel/framework/src/Illuminate/Routing/Router.php(806): Illuminate\\Routing\\Route->run()
#20 /var/www/html/laundryApp/vendor/laravel/framework/src/Illuminate/Pipeline/Pipeline.php(144): Illuminate\\Routing\\Router->Illuminate\\Routing\\{closure}()
#21 /var/www/html/laundryApp/vendor/laravel/framework/src/Illuminate/Routing/Middleware/SubstituteBindings.php(50): Illuminate\\Pipeline\\Pipeline->Illuminate\\Pipeline\\{closure}()
#22 /var/www/html/laundryApp/vendor/laravel/framework/src/Illuminate/Pipeline/Pipeline.php(183): Illuminate\\Routing\\Middleware\\SubstituteBindings->handle()
#23 /var/www/html/laundryApp/vendor/laravel/framework/src/Illuminate/Routing/Middleware/ThrottleRequests.php(159): Illuminate\\Pipeline\\Pipeline->Illuminate\\Pipeline\\{closure}()
#24 /var/www/html/laundryApp/vendor/laravel/framework/src/Illuminate/Routing/Middleware/ThrottleRequests.php(125): Illuminate\\Routing\\Middleware\\ThrottleRequests->handleRequest()
#25 /var/www/html/laundryApp/vendor/laravel/framework/src/Illuminate/Routing/Middleware/ThrottleRequests.php(87): Illuminate\\Routing\\Middleware\\ThrottleRequests->handleRequestUsingNamedLimiter()
#26 /var/www/html/laundryApp/vendor/laravel/framework/src/Illuminate/Pipeline/Pipeline.php(183): Illuminate\\Routing\\Middleware\\ThrottleRequests->handle()
#27 /var/www/html/laundryApp/vendor/laravel/framework/src/Illuminate/Auth/Middleware/Authenticate.php(57): Illuminate\\Pipeline\\Pipeline->Illuminate\\Pipeline\\{closure}()
#28 /var/www/html/laundryApp/vendor/laravel/framework/src/Illuminate/Pipeline/Pipeline.php(183): Illuminate\\Auth\\Middleware\\Authenticate->handle()
#29 /var/www/html/laundryApp/vendor/laravel/sanctum/src/Http/Middleware/EnsureFrontendRequestsAreStateful.php(25): Illuminate\\Pipeline\\Pipeline->Illuminate\\Pipeline\\{closure}()
#30 /var/www/html/laundryApp/vendor/laravel/framework/src/Illuminate/Pipeline/Pipeline.php(144): Laravel\\Sanctum\\Http\\Middleware\\EnsureFrontendRequestsAreStateful->Laravel\\Sanctum\\Http\\Middleware\\{closure}()
#31 /var/www/html/laundryApp/vendor/laravel/framework/src/Illuminate/Pipeline/Pipeline.php(119): Illuminate\\Pipeline\\Pipeline->Illuminate\\Pipeline\\{closure}()
#32 /var/www/html/laundryApp/vendor/laravel/sanctum/src/Http/Middleware/EnsureFrontendRequestsAreStateful.php(24): Illuminate\\Pipeline\\Pipeline->then()
#33 /var/www/html/laundryApp/vendor/laravel/framework/src/Illuminate/Pipeline/Pipeline.php(183): Laravel\\Sanctum\\Http\\Middleware\\EnsureFrontendRequestsAreStateful->handle()
#34 /var/www/html/laundryApp/vendor/laravel/framework/src/Illuminate/Pipeline/Pipeline.php(119): Illuminate\\Pipeline\\Pipeline->Illuminate\\Pipeline\\{closure}()
#35 /var/www/html/laundryApp/vendor/laravel/framework/src/Illuminate/Routing/Router.php(805): Illuminate\\Pipeline\\Pipeline->then()
#36 /var/www/html/laundryApp/vendor/laravel/framework/src/Illuminate/Routing/Router.php(784): Illuminate\\Routing\\Router->runRouteWithinStack()
#37 /var/www/html/laundryApp/vendor/laravel/framework/src/Illuminate/Routing/Router.php(748): Illuminate\\Routing\\Router->runRoute()
#38 /var/www/html/laundryApp/vendor/laravel/framework/src/Illuminate/Routing/Router.php(737): Illuminate\\Routing\\Router->dispatchToRoute()
#39 /var/www/html/laundryApp/vendor/laravel/framework/src/Illuminate/Foundation/Http/Kernel.php(200): Illuminate\\Routing\\Router->dispatch()
#40 /var/www/html/laundryApp/vendor/laravel/framework/src/Illuminate/Pipeline/Pipeline.php(144): Illuminate\\Foundation\\Http\\Kernel->Illuminate\\Foundation\\Http\\{closure}()
#41 /var/www/html/laundryApp/vendor/laravel/framework/src/Illuminate/Foundation/Http/Middleware/TransformsRequest.php(21): Illuminate\\Pipeline\\Pipeline->Illuminate\\Pipeline\\{closure}()
#42 /var/www/html/laundryApp/vendor/laravel/framework/src/Illuminate/Foundation/Http/Middleware/ConvertEmptyStringsToNull.php(31): Illuminate\\Foundation\\Http\\Middleware\\TransformsRequest->handle()
#43 /var/www/html/laundryApp/vendor/laravel/framework/src/Illuminate/Pipeline/Pipeline.php(183): Illuminate\\Foundation\\Http\\Middleware\\ConvertEmptyStringsToNull->handle()
#44 /var/www/html/laundryApp/vendor/laravel/framework/src/Illuminate/Foundation/Http/Middleware/TransformsRequest.php(21): Illuminate\\Pipeline\\Pipeline->Illuminate\\Pipeline\\{closure}()
#45 /var/www/html/laundryApp/vendor/laravel/framework/src/Illuminate/Foundation/Http/Middleware/TrimStrings.php(40): Illuminate\\Foundation\\Http\\Middleware\\TransformsRequest->handle()
#46 /var/www/html/laundryApp/vendor/laravel/framework/src/Illuminate/Pipeline/Pipeline.php(183): Illuminate\\Foundation\\Http\\Middleware\\TrimStrings->handle()
#47 /var/www/html/laundryApp/vendor/laravel/framework/src/Illuminate/Foundation/Http/Middleware/ValidatePostSize.php(27): Illuminate\\Pipeline\\Pipeline->Illuminate\\Pipeline\\{closure}()
#48 /var/www/html/laundryApp/vendor/laravel/framework/src/Illuminate/Pipeline/Pipeline.php(183): Illuminate\\Foundation\\Http\\Middleware\\ValidatePostSize->handle()
#49 /var/www/html/laundryApp/vendor/laravel/framework/src/Illuminate/Foundation/Http/Middleware/PreventRequestsDuringMaintenance.php(99): Illuminate\\Pipeline\\Pipeline->Illuminate\\Pipeline\\{closure}()
#50 /var/www/html/laundryApp/vendor/laravel/framework/src/Illuminate/Pipeline/Pipeline.php(183): Illuminate\\Foundation\\Http\\Middleware\\PreventRequestsDuringMaintenance->handle()
#51 /var/www/html/laundryApp/vendor/laravel/framework/src/Illuminate/Http/Middleware/HandleCors.php(62): Illuminate\\Pipeline\\Pipeline->Illuminate\\Pipeline\\{closure}()
#52 /var/www/html/laundryApp/vendor/laravel/framework/src/Illuminate/Pipeline/Pipeline.php(183): Illuminate\\Http\\Middleware\\HandleCors->handle()
#53 /var/www/html/laundryApp/vendor/laravel/framework/src/Illuminate/Http/Middleware/TrustProxies.php(39): Illuminate\\Pipeline\\Pipeline->Illuminate\\Pipeline\\{closure}()
#54 /var/www/html/laundryApp/vendor/laravel/framework/src/Illuminate/Pipeline/Pipeline.php(183): Illuminate\\Http\\Middleware\\TrustProxies->handle()
#55 /var/www/html/laundryApp/vendor/laravel/framework/src/Illuminate/Pipeline/Pipeline.php(119): Illuminate\\Pipeline\\Pipeline->Illuminate\\Pipeline\\{closure}()
#56 /var/www/html/laundryApp/vendor/laravel/framework/src/Illuminate/Foundation/Http/Kernel.php(175): Illuminate\\Pipeline\\Pipeline->then()
#57 /var/www/html/laundryApp/vendor/laravel/framework/src/Illuminate/Foundation/Http/Kernel.php(144): Illuminate\\Foundation\\Http\\Kernel->sendRequestThroughRouter()
#58 /var/www/html/laundryApp/public/index.php(51): Illuminate\\Foundation\\Http\\Kernel->handle()
#59 /var/www/html/laundryApp/vendor/laravel/framework/src/Illuminate/Foundation/resources/server.php(16): require_once('...')
#60 {main}
"} 
[2025-12-05 19:41:38] local.INFO: getProducts: {"limit":20,"page":1,"search":null,"status":"all"}  
[2025-12-05 19:41:38] local.INFO: Products fetched response [{"id":2,"product_name":"Badsheet","product_code":"SKU-BED-01","category":"Badsheet","price":0,"expected_life_cycles":100,"quantity":3,"last_activity":{"trans_type":"tag_reassign_in","inward":1,"outward":0,"opening_stock":2,"closing_stock":3,"at":"2025-12-05 16:08:31"}},{"id":3,"product_name":"Pillow Cover","product_code":"SKU-BED-02","category":"Pillow Cover","price":0,"expected_life_cycles":101,"quantity":0,"last_activity":{"trans_type":null,"inward":0,"outward":0,"opening_stock":0,"closing_stock":0,"at":null}},{"id":4,"product_name":"Towel","product_code":"SKU-BED-03","category":"Towel","price":0,"expected_life_cycles":102,"quantity":3,"last_activity":{"trans_type":"tag_reassign_out","inward":0,"outward":1,"opening_stock":4,"closing_stock":3,"at":"2025-12-05 16:08:31"}},{"id":5,"product_name":"Blanket","product_code":"SKU-BED-04","category":"Blanket","price":0,"expected_life_cycles":103,"quantity":0,"last_activity":{"trans_type":null,"inward":0,"outward":0,"opening_stock":0,"closing_stock":0,"at":null}},{"id":6,"product_name":"Patient Gown","product_code":"SKU-BED-05","category":"Patient Gown","price":0,"expected_life_cycles":104,"quantity":0,"last_activity":{"trans_type":null,"inward":0,"outward":0,"opening_stock":0,"closing_stock":0,"at":null}},{"id":1,"product_name":"Badsheet2","product_code":"343453S","category":"Badsheet2","price":0,"expected_life_cycles":100,"quantity":0,"last_activity":{"trans_type":null,"inward":0,"outward":0,"opening_stock":0,"closing_stock":0,"at":null}}]  
[2025-12-05 19:41:43] local.INFO: Fetching tag details for EPC: E2801170000002136AA2DD4F  
[2025-12-05 19:41:43] local.INFO: tagDetailsByEpc response: {"success":true,"message":"Tag details loaded","inventory":{"id":8,"epc_code":"E2801170000002136AA2DD4F","tag_code":null,"product_id":2,"location_id":3,"status":"clean","status_text":"Inactive","last_scanned_at":"2025-12-05T10:38:31.000000Z","mapped_at":"2025-12-05T08:39:20.000000Z","product_name":"Badsheet","product_code":"","category":"Badsheet","sku":"SKU-BED-01"}}  
[2025-12-05 19:45:58] local.INFO: --- CHECK UPDATE CALLED --- {"incoming_request":{"current_version_code":5,"device_id":"6aea19a76ec5eacc"}} 
[2025-12-05 19:45:58] local.INFO: Validated request {"device_id":"6aea19a76ec5eacc","current_version_code":5} 
[2025-12-05 19:45:58] local.INFO: Device found {"device_id":"6aea19a76ec5eacc","registered_version_code":1,"is_update_required_flag":0} 
[2025-12-05 19:45:58] local.INFO: Device is up to date {"device_id":"6aea19a76ec5eacc","current_version":5} 
[2025-12-05 19:46:00] local.INFO: User login attempt {"license_key":"6AEA-T6QU2L-502F-F6A8-CF02","username":"aditiyakum"} 
[2025-12-05 19:46:00] local.INFO: User login response data {"user_id":51,"data":{"user":{"name":"Bangalore admin","email":"aditiyakum@gmail.com","user_code":"USR-ADKU1CW","location_id":3,"location_name":"Electronic City","working_stages":[],"role":{"App\\Models\\user_management\\Role":{"role_id":13,"role_name":"Palnt Admin","role_code":"ROL-ADIN9A3"}},"api_key":"XDdZMI4IrtC0Wc4XsJI5vzjLrVdrY2U4en3me1ckxhKZDGgnge2VUVbeTHJO"},"permissions":{"users":["create.users","view.users","edit.users","delete.users"],"dashboard":["view.dashboard_admin"],"config_settings":["create.config_settings","view.config_settings","edit.config_settings","delete.config_settings"],"products":["view.products","create.products","edit.products","delete.products"],"reports":["view.reports"],"locations":["locations.view","locations.edit"]},"token":"747|jz1mU6HEclg8vvgUlpjJA0oYlNKdBQElIDJf3DXE786f96c9"}} 
[2025-12-05 19:46:00] local.INFO: User login successful {"user_id":51,"license_key":"6AEA-T6QU2L-502F-F6A8-CF02"} 
[2025-12-05 19:46:02] local.INFO: --- CHECK UPDATE CALLED --- {"incoming_request":{"current_version_code":5,"device_id":"6aea19a76ec5eacc"}} 
[2025-12-05 19:46:02] local.INFO: Validated request {"device_id":"6aea19a76ec5eacc","current_version_code":5} 
[2025-12-05 19:46:02] local.INFO: Device found {"device_id":"6aea19a76ec5eacc","registered_version_code":1,"is_update_required_flag":0} 
[2025-12-05 19:46:02] local.INFO: Device is up to date {"device_id":"6aea19a76ec5eacc","current_version":5} 
[2025-12-05 19:46:02] local.ERROR: SQLSTATE[42S02]: Base table or view not found: 1146 Table 'loundry_app.product_process_history' doesn't exist (Connection: mysql, SQL: select count(*) as aggregate from (select `h`.`product_id`, `h`.`status`, `h`.`stages`, `h`.`changed_at` from `product_process_history` as `h` inner join (SELECT product_id, MAX(changed_at) as latest_change 
                             FROM product_process_history 
                             GROUP BY product_id) latest on `h`.`product_id` = `latest`.`product_id` and `h`.`changed_at` = `latest`.`latest_change` inner join `rfid_tags` as `p` on `h`.`product_id` = `p`.`id` where `p`.`location_id` = 3) as t where `t`.`changed_at` between 2025-12-05 00:00:00 and 2025-12-05 23:59:59 and `t`.`status` = FAIL) {"userId":51,"exception":"[object] (Illuminate\\Database\\QueryException(code: 42S02): SQLSTATE[42S02]: Base table or view not found: 1146 Table 'loundry_app.product_process_history' doesn't exist (Connection: mysql, SQL: select count(*) as aggregate from (select `h`.`product_id`, `h`.`status`, `h`.`stages`, `h`.`changed_at` from `product_process_history` as `h` inner join (SELECT product_id, MAX(changed_at) as latest_change 
                             FROM product_process_history 
                             GROUP BY product_id) latest on `h`.`product_id` = `latest`.`product_id` and `h`.`changed_at` = `latest`.`latest_change` inner join `rfid_tags` as `p` on `h`.`product_id` = `p`.`id` where `p`.`location_id` = 3) as t where `t`.`changed_at` between 2025-12-05 00:00:00 and 2025-12-05 23:59:59 and `t`.`status` = FAIL) at /var/www/html/laundryApp/vendor/laravel/framework/src/Illuminate/Database/Connection.php:829)
[stacktrace]
#0 /var/www/html/laundryApp/vendor/laravel/framework/src/Illuminate/Database/Connection.php(783): Illuminate\\Database\\Connection->runQueryCallback()
#1 /var/www/html/laundryApp/vendor/laravel/framework/src/Illuminate/Database/Connection.php(414): Illuminate\\Database\\Connection->run()
#2 /var/www/html/laundryApp/vendor/laravel/framework/src/Illuminate/Database/Query/Builder.php(2913): Illuminate\\Database\\Connection->select()
#3 /var/www/html/laundryApp/vendor/laravel/framework/src/Illuminate/Database/Query/Builder.php(2902): Illuminate\\Database\\Query\\Builder->runSelect()
#4 /var/www/html/laundryApp/vendor/laravel/framework/src/Illuminate/Database/Query/Builder.php(3456): Illuminate\\Database\\Query\\Builder->Illuminate\\Database\\Query\\{closure}()
#5 /var/www/html/laundryApp/vendor/laravel/framework/src/Illuminate/Database/Query/Builder.php(2901): Illuminate\\Database\\Query\\Builder->onceWithColumns()
#6 /var/www/html/laundryApp/vendor/laravel/framework/src/Illuminate/Database/Query/Builder.php(3383): Illuminate\\Database\\Query\\Builder->get()
#7 /var/www/html/laundryApp/vendor/laravel/framework/src/Illuminate/Database/Query/Builder.php(3311): Illuminate\\Database\\Query\\Builder->aggregate()
#8 /var/www/html/laundryApp/app/Http/Controllers/Api/DashboardApiController.php(74): Illuminate\\Database\\Query\\Builder->count()
#9 /var/www/html/laundryApp/vendor/laravel/framework/src/Illuminate/Cache/Repository.php(396): App\\Http\\Controllers\\Api\\DashboardApiController->App\\Http\\Controllers\\Api\\{closure}()
#10 /var/www/html/laundryApp/vendor/laravel/framework/src/Illuminate/Cache/CacheManager.php(429): Illuminate\\Cache\\Repository->remember()
#11 /var/www/html/laundryApp/vendor/laravel/framework/src/Illuminate/Support/Facades/Facade.php(355): Illuminate\\Cache\\CacheManager->__call()
#12 /var/www/html/laundryApp/app/Http/Controllers/Api/DashboardApiController.php(42): Illuminate\\Support\\Facades\\Facade::__callStatic()
#13 /var/www/html/laundryApp/vendor/laravel/framework/src/Illuminate/Routing/Controller.php(54): App\\Http\\Controllers\\Api\\DashboardApiController->summary()
#14 /var/www/html/laundryApp/vendor/laravel/framework/src/Illuminate/Routing/ControllerDispatcher.php(43): Illuminate\\Routing\\Controller->callAction()
#15 /var/www/html/laundryApp/vendor/laravel/framework/src/Illuminate/Routing/Route.php(259): Illuminate\\Routing\\ControllerDispatcher->dispatch()
#16 /var/www/html/laundryApp/vendor/laravel/framework/src/Illuminate/Routing/Route.php(205): Illuminate\\Routing\\Route->runController()
#17 /var/www/html/laundryApp/vendor/laravel/framework/src/Illuminate/Routing/Router.php(806): Illuminate\\Routing\\Route->run()
#18 /var/www/html/laundryApp/vendor/laravel/framework/src/Illuminate/Pipeline/Pipeline.php(144): Illuminate\\Routing\\Router->Illuminate\\Routing\\{closure}()
#19 /var/www/html/laundryApp/vendor/laravel/framework/src/Illuminate/Routing/Middleware/SubstituteBindings.php(50): Illuminate\\Pipeline\\Pipeline->Illuminate\\Pipeline\\{closure}()
#20 /var/www/html/laundryApp/vendor/laravel/framework/src/Illuminate/Pipeline/Pipeline.php(183): Illuminate\\Routing\\Middleware\\SubstituteBindings->handle()
#21 /var/www/html/laundryApp/vendor/laravel/framework/src/Illuminate/Routing/Middleware/ThrottleRequests.php(159): Illuminate\\Pipeline\\Pipeline->Illuminate\\Pipeline\\{closure}()
#22 /var/www/html/laundryApp/vendor/laravel/framework/src/Illuminate/Routing/Middleware/ThrottleRequests.php(125): Illuminate\\Routing\\Middleware\\ThrottleRequests->handleRequest()
#23 /var/www/html/laundryApp/vendor/laravel/framework/src/Illuminate/Routing/Middleware/ThrottleRequests.php(87): Illuminate\\Routing\\Middleware\\ThrottleRequests->handleRequestUsingNamedLimiter()
#24 /var/www/html/laundryApp/vendor/laravel/framework/src/Illuminate/Pipeline/Pipeline.php(183): Illuminate\\Routing\\Middleware\\ThrottleRequests->handle()
#25 /var/www/html/laundryApp/vendor/laravel/framework/src/Illuminate/Auth/Middleware/Authenticate.php(57): Illuminate\\Pipeline\\Pipeline->Illuminate\\Pipeline\\{closure}()
#26 /var/www/html/laundryApp/vendor/laravel/framework/src/Illuminate/Pipeline/Pipeline.php(183): Illuminate\\Auth\\Middleware\\Authenticate->handle()
#27 /var/www/html/laundryApp/vendor/laravel/sanctum/src/Http/Middleware/EnsureFrontendRequestsAreStateful.php(25): Illuminate\\Pipeline\\Pipeline->Illuminate\\Pipeline\\{closure}()
#28 /var/www/html/laundryApp/vendor/laravel/framework/src/Illuminate/Pipeline/Pipeline.php(144): Laravel\\Sanctum\\Http\\Middleware\\EnsureFrontendRequestsAreStateful->Laravel\\Sanctum\\Http\\Middleware\\{closure}()
#29 /var/www/html/laundryApp/vendor/laravel/framework/src/Illuminate/Pipeline/Pipeline.php(119): Illuminate\\Pipeline\\Pipeline->Illuminate\\Pipeline\\{closure}()
#30 /var/www/html/laundryApp/vendor/laravel/sanctum/src/Http/Middleware/EnsureFrontendRequestsAreStateful.php(24): Illuminate\\Pipeline\\Pipeline->then()
#31 /var/www/html/laundryApp/vendor/laravel/framework/src/Illuminate/Pipeline/Pipeline.php(183): Laravel\\Sanctum\\Http\\Middleware\\EnsureFrontendRequestsAreStateful->handle()
#32 /var/www/html/laundryApp/vendor/laravel/framework/src/Illuminate/Pipeline/Pipeline.php(119): Illuminate\\Pipeline\\Pipeline->Illuminate\\Pipeline\\{closure}()
#33 /var/www/html/laundryApp/vendor/laravel/framework/src/Illuminate/Routing/Router.php(805): Illuminate\\Pipeline\\Pipeline->then()
#34 /var/www/html/laundryApp/vendor/laravel/framework/src/Illuminate/Routing/Router.php(784): Illuminate\\Routing\\Router->runRouteWithinStack()
#35 /var/www/html/laundryApp/vendor/laravel/framework/src/Illuminate/Routing/Router.php(748): Illuminate\\Routing\\Router->runRoute()
#36 /var/www/html/laundryApp/vendor/laravel/framework/src/Illuminate/Routing/Router.php(737): Illuminate\\Routing\\Router->dispatchToRoute()
#37 /var/www/html/laundryApp/vendor/laravel/framework/src/Illuminate/Foundation/Http/Kernel.php(200): Illuminate\\Routing\\Router->dispatch()
#38 /var/www/html/laundryApp/vendor/laravel/framework/src/Illuminate/Pipeline/Pipeline.php(144): Illuminate\\Foundation\\Http\\Kernel->Illuminate\\Foundation\\Http\\{closure}()
#39 /var/www/html/laundryApp/vendor/laravel/framework/src/Illuminate/Foundation/Http/Middleware/TransformsRequest.php(21): Illuminate\\Pipeline\\Pipeline->Illuminate\\Pipeline\\{closure}()
#40 /var/www/html/laundryApp/vendor/laravel/framework/src/Illuminate/Foundation/Http/Middleware/ConvertEmptyStringsToNull.php(31): Illuminate\\Foundation\\Http\\Middleware\\TransformsRequest->handle()
#41 /var/www/html/laundryApp/vendor/laravel/framework/src/Illuminate/Pipeline/Pipeline.php(183): Illuminate\\Foundation\\Http\\Middleware\\ConvertEmptyStringsToNull->handle()
#42 /var/www/html/laundryApp/vendor/laravel/framework/src/Illuminate/Foundation/Http/Middleware/TransformsRequest.php(21): Illuminate\\Pipeline\\Pipeline->Illuminate\\Pipeline\\{closure}()
#43 /var/www/html/laundryApp/vendor/laravel/framework/src/Illuminate/Foundation/Http/Middleware/TrimStrings.php(40): Illuminate\\Foundation\\Http\\Middleware\\TransformsRequest->handle()
#44 /var/www/html/laundryApp/vendor/laravel/framework/src/Illuminate/Pipeline/Pipeline.php(183): Illuminate\\Foundation\\Http\\Middleware\\TrimStrings->handle()
#45 /var/www/html/laundryApp/vendor/laravel/framework/src/Illuminate/Foundation/Http/Middleware/ValidatePostSize.php(27): Illuminate\\Pipeline\\Pipeline->Illuminate\\Pipeline\\{closure}()
#46 /var/www/html/laundryApp/vendor/laravel/framework/src/Illuminate/Pipeline/Pipeline.php(183): Illuminate\\Foundation\\Http\\Middleware\\ValidatePostSize->handle()
#47 /var/www/html/laundryApp/vendor/laravel/framework/src/Illuminate/Foundation/Http/Middleware/PreventRequestsDuringMaintenance.php(99): Illuminate\\Pipeline\\Pipeline->Illuminate\\Pipeline\\{closure}()
#48 /var/www/html/laundryApp/vendor/laravel/framework/src/Illuminate/Pipeline/Pipeline.php(183): Illuminate\\Foundation\\Http\\Middleware\\PreventRequestsDuringMaintenance->handle()
#49 /var/www/html/laundryApp/vendor/laravel/framework/src/Illuminate/Http/Middleware/HandleCors.php(62): Illuminate\\Pipeline\\Pipeline->Illuminate\\Pipeline\\{closure}()
#50 /var/www/html/laundryApp/vendor/laravel/framework/src/Illuminate/Pipeline/Pipeline.php(183): Illuminate\\Http\\Middleware\\HandleCors->handle()
#51 /var/www/html/laundryApp/vendor/laravel/framework/src/Illuminate/Http/Middleware/TrustProxies.php(39): Illuminate\\Pipeline\\Pipeline->Illuminate\\Pipeline\\{closure}()
#52 /var/www/html/laundryApp/vendor/laravel/framework/src/Illuminate/Pipeline/Pipeline.php(183): Illuminate\\Http\\Middleware\\TrustProxies->handle()
#53 /var/www/html/laundryApp/vendor/laravel/framework/src/Illuminate/Pipeline/Pipeline.php(119): Illuminate\\Pipeline\\Pipeline->Illuminate\\Pipeline\\{closure}()
#54 /var/www/html/laundryApp/vendor/laravel/framework/src/Illuminate/Foundation/Http/Kernel.php(175): Illuminate\\Pipeline\\Pipeline->then()
#55 /var/www/html/laundryApp/vendor/laravel/framework/src/Illuminate/Foundation/Http/Kernel.php(144): Illuminate\\Foundation\\Http\\Kernel->sendRequestThroughRouter()
#56 /var/www/html/laundryApp/public/index.php(51): Illuminate\\Foundation\\Http\\Kernel->handle()
#57 /var/www/html/laundryApp/vendor/laravel/framework/src/Illuminate/Foundation/resources/server.php(16): require_once('...')
#58 {main}

[previous exception] [object] (PDOException(code: 42S02): SQLSTATE[42S02]: Base table or view not found: 1146 Table 'loundry_app.product_process_history' doesn't exist at /var/www/html/laundryApp/vendor/laravel/framework/src/Illuminate/Database/Connection.php:423)
[stacktrace]
#0 /var/www/html/laundryApp/vendor/laravel/framework/src/Illuminate/Database/Connection.php(423): PDO->prepare()
#1 /var/www/html/laundryApp/vendor/laravel/framework/src/Illuminate/Database/Connection.php(816): Illuminate\\Database\\Connection->Illuminate\\Database\\{closure}()
#2 /var/www/html/laundryApp/vendor/laravel/framework/src/Illuminate/Database/Connection.php(783): Illuminate\\Database\\Connection->runQueryCallback()
#3 /var/www/html/laundryApp/vendor/laravel/framework/src/Illuminate/Database/Connection.php(414): Illuminate\\Database\\Connection->run()
#4 /var/www/html/laundryApp/vendor/laravel/framework/src/Illuminate/Database/Query/Builder.php(2913): Illuminate\\Database\\Connection->select()
#5 /var/www/html/laundryApp/vendor/laravel/framework/src/Illuminate/Database/Query/Builder.php(2902): Illuminate\\Database\\Query\\Builder->runSelect()
#6 /var/www/html/laundryApp/vendor/laravel/framework/src/Illuminate/Database/Query/Builder.php(3456): Illuminate\\Database\\Query\\Builder->Illuminate\\Database\\Query\\{closure}()
#7 /var/www/html/laundryApp/vendor/laravel/framework/src/Illuminate/Database/Query/Builder.php(2901): Illuminate\\Database\\Query\\Builder->onceWithColumns()
#8 /var/www/html/laundryApp/vendor/laravel/framework/src/Illuminate/Database/Query/Builder.php(3383): Illuminate\\Database\\Query\\Builder->get()
#9 /var/www/html/laundryApp/vendor/laravel/framework/src/Illuminate/Database/Query/Builder.php(3311): Illuminate\\Database\\Query\\Builder->aggregate()
#10 /var/www/html/laundryApp/app/Http/Controllers/Api/DashboardApiController.php(74): Illuminate\\Database\\Query\\Builder->count()
#11 /var/www/html/laundryApp/vendor/laravel/framework/src/Illuminate/Cache/Repository.php(396): App\\Http\\Controllers\\Api\\DashboardApiController->App\\Http\\Controllers\\Api\\{closure}()
#12 /var/www/html/laundryApp/vendor/laravel/framework/src/Illuminate/Cache/CacheManager.php(429): Illuminate\\Cache\\Repository->remember()
#13 /var/www/html/laundryApp/vendor/laravel/framework/src/Illuminate/Support/Facades/Facade.php(355): Illuminate\\Cache\\CacheManager->__call()
#14 /var/www/html/laundryApp/app/Http/Controllers/Api/DashboardApiController.php(42): Illuminate\\Support\\Facades\\Facade::__callStatic()
#15 /var/www/html/laundryApp/vendor/laravel/framework/src/Illuminate/Routing/Controller.php(54): App\\Http\\Controllers\\Api\\DashboardApiController->summary()
#16 /var/www/html/laundryApp/vendor/laravel/framework/src/Illuminate/Routing/ControllerDispatcher.php(43): Illuminate\\Routing\\Controller->callAction()
#17 /var/www/html/laundryApp/vendor/laravel/framework/src/Illuminate/Routing/Route.php(259): Illuminate\\Routing\\ControllerDispatcher->dispatch()
#18 /var/www/html/laundryApp/vendor/laravel/framework/src/Illuminate/Routing/Route.php(205): Illuminate\\Routing\\Route->runController()
#19 /var/www/html/laundryApp/vendor/laravel/framework/src/Illuminate/Routing/Router.php(806): Illuminate\\Routing\\Route->run()
#20 /var/www/html/laundryApp/vendor/laravel/framework/src/Illuminate/Pipeline/Pipeline.php(144): Illuminate\\Routing\\Router->Illuminate\\Routing\\{closure}()
#21 /var/www/html/laundryApp/vendor/laravel/framework/src/Illuminate/Routing/Middleware/SubstituteBindings.php(50): Illuminate\\Pipeline\\Pipeline->Illuminate\\Pipeline\\{closure}()
#22 /var/www/html/laundryApp/vendor/laravel/framework/src/Illuminate/Pipeline/Pipeline.php(183): Illuminate\\Routing\\Middleware\\SubstituteBindings->handle()
#23 /var/www/html/laundryApp/vendor/laravel/framework/src/Illuminate/Routing/Middleware/ThrottleRequests.php(159): Illuminate\\Pipeline\\Pipeline->Illuminate\\Pipeline\\{closure}()
#24 /var/www/html/laundryApp/vendor/laravel/framework/src/Illuminate/Routing/Middleware/ThrottleRequests.php(125): Illuminate\\Routing\\Middleware\\ThrottleRequests->handleRequest()
#25 /var/www/html/laundryApp/vendor/laravel/framework/src/Illuminate/Routing/Middleware/ThrottleRequests.php(87): Illuminate\\Routing\\Middleware\\ThrottleRequests->handleRequestUsingNamedLimiter()
#26 /var/www/html/laundryApp/vendor/laravel/framework/src/Illuminate/Pipeline/Pipeline.php(183): Illuminate\\Routing\\Middleware\\ThrottleRequests->handle()
#27 /var/www/html/laundryApp/vendor/laravel/framework/src/Illuminate/Auth/Middleware/Authenticate.php(57): Illuminate\\Pipeline\\Pipeline->Illuminate\\Pipeline\\{closure}()
#28 /var/www/html/laundryApp/vendor/laravel/framework/src/Illuminate/Pipeline/Pipeline.php(183): Illuminate\\Auth\\Middleware\\Authenticate->handle()
#29 /var/www/html/laundryApp/vendor/laravel/sanctum/src/Http/Middleware/EnsureFrontendRequestsAreStateful.php(25): Illuminate\\Pipeline\\Pipeline->Illuminate\\Pipeline\\{closure}()
#30 /var/www/html/laundryApp/vendor/laravel/framework/src/Illuminate/Pipeline/Pipeline.php(144): Laravel\\Sanctum\\Http\\Middleware\\EnsureFrontendRequestsAreStateful->Laravel\\Sanctum\\Http\\Middleware\\{closure}()
#31 /var/www/html/laundryApp/vendor/laravel/framework/src/Illuminate/Pipeline/Pipeline.php(119): Illuminate\\Pipeline\\Pipeline->Illuminate\\Pipeline\\{closure}()
#32 /var/www/html/laundryApp/vendor/laravel/sanctum/src/Http/Middleware/EnsureFrontendRequestsAreStateful.php(24): Illuminate\\Pipeline\\Pipeline->then()
#33 /var/www/html/laundryApp/vendor/laravel/framework/src/Illuminate/Pipeline/Pipeline.php(183): Laravel\\Sanctum\\Http\\Middleware\\EnsureFrontendRequestsAreStateful->handle()
#34 /var/www/html/laundryApp/vendor/laravel/framework/src/Illuminate/Pipeline/Pipeline.php(119): Illuminate\\Pipeline\\Pipeline->Illuminate\\Pipeline\\{closure}()
#35 /var/www/html/laundryApp/vendor/laravel/framework/src/Illuminate/Routing/Router.php(805): Illuminate\\Pipeline\\Pipeline->then()
#36 /var/www/html/laundryApp/vendor/laravel/framework/src/Illuminate/Routing/Router.php(784): Illuminate\\Routing\\Router->runRouteWithinStack()
#37 /var/www/html/laundryApp/vendor/laravel/framework/src/Illuminate/Routing/Router.php(748): Illuminate\\Routing\\Router->runRoute()
#38 /var/www/html/laundryApp/vendor/laravel/framework/src/Illuminate/Routing/Router.php(737): Illuminate\\Routing\\Router->dispatchToRoute()
#39 /var/www/html/laundryApp/vendor/laravel/framework/src/Illuminate/Foundation/Http/Kernel.php(200): Illuminate\\Routing\\Router->dispatch()
#40 /var/www/html/laundryApp/vendor/laravel/framework/src/Illuminate/Pipeline/Pipeline.php(144): Illuminate\\Foundation\\Http\\Kernel->Illuminate\\Foundation\\Http\\{closure}()
#41 /var/www/html/laundryApp/vendor/laravel/framework/src/Illuminate/Foundation/Http/Middleware/TransformsRequest.php(21): Illuminate\\Pipeline\\Pipeline->Illuminate\\Pipeline\\{closure}()
#42 /var/www/html/laundryApp/vendor/laravel/framework/src/Illuminate/Foundation/Http/Middleware/ConvertEmptyStringsToNull.php(31): Illuminate\\Foundation\\Http\\Middleware\\TransformsRequest->handle()
#43 /var/www/html/laundryApp/vendor/laravel/framework/src/Illuminate/Pipeline/Pipeline.php(183): Illuminate\\Foundation\\Http\\Middleware\\ConvertEmptyStringsToNull->handle()
#44 /var/www/html/laundryApp/vendor/laravel/framework/src/Illuminate/Foundation/Http/Middleware/TransformsRequest.php(21): Illuminate\\Pipeline\\Pipeline->Illuminate\\Pipeline\\{closure}()
#45 /var/www/html/laundryApp/vendor/laravel/framework/src/Illuminate/Foundation/Http/Middleware/TrimStrings.php(40): Illuminate\\Foundation\\Http\\Middleware\\TransformsRequest->handle()
#46 /var/www/html/laundryApp/vendor/laravel/framework/src/Illuminate/Pipeline/Pipeline.php(183): Illuminate\\Foundation\\Http\\Middleware\\TrimStrings->handle()
#47 /var/www/html/laundryApp/vendor/laravel/framework/src/Illuminate/Foundation/Http/Middleware/ValidatePostSize.php(27): Illuminate\\Pipeline\\Pipeline->Illuminate\\Pipeline\\{closure}()
#48 /var/www/html/laundryApp/vendor/laravel/framework/src/Illuminate/Pipeline/Pipeline.php(183): Illuminate\\Foundation\\Http\\Middleware\\ValidatePostSize->handle()
#49 /var/www/html/laundryApp/vendor/laravel/framework/src/Illuminate/Foundation/Http/Middleware/PreventRequestsDuringMaintenance.php(99): Illuminate\\Pipeline\\Pipeline->Illuminate\\Pipeline\\{closure}()
#50 /var/www/html/laundryApp/vendor/laravel/framework/src/Illuminate/Pipeline/Pipeline.php(183): Illuminate\\Foundation\\Http\\Middleware\\PreventRequestsDuringMaintenance->handle()
#51 /var/www/html/laundryApp/vendor/laravel/framework/src/Illuminate/Http/Middleware/HandleCors.php(62): Illuminate\\Pipeline\\Pipeline->Illuminate\\Pipeline\\{closure}()
#52 /var/www/html/laundryApp/vendor/laravel/framework/src/Illuminate/Pipeline/Pipeline.php(183): Illuminate\\Http\\Middleware\\HandleCors->handle()
#53 /var/www/html/laundryApp/vendor/laravel/framework/src/Illuminate/Http/Middleware/TrustProxies.php(39): Illuminate\\Pipeline\\Pipeline->Illuminate\\Pipeline\\{closure}()
#54 /var/www/html/laundryApp/vendor/laravel/framework/src/Illuminate/Pipeline/Pipeline.php(183): Illuminate\\Http\\Middleware\\TrustProxies->handle()
#55 /var/www/html/laundryApp/vendor/laravel/framework/src/Illuminate/Pipeline/Pipeline.php(119): Illuminate\\Pipeline\\Pipeline->Illuminate\\Pipeline\\{closure}()
#56 /var/www/html/laundryApp/vendor/laravel/framework/src/Illuminate/Foundation/Http/Kernel.php(175): Illuminate\\Pipeline\\Pipeline->then()
#57 /var/www/html/laundryApp/vendor/laravel/framework/src/Illuminate/Foundation/Http/Kernel.php(144): Illuminate\\Foundation\\Http\\Kernel->sendRequestThroughRouter()
#58 /var/www/html/laundryApp/public/index.php(51): Illuminate\\Foundation\\Http\\Kernel->handle()
#59 /var/www/html/laundryApp/vendor/laravel/framework/src/Illuminate/Foundation/resources/server.php(16): require_once('...')
#60 {main}
"} 
[2025-12-05 19:46:03] local.INFO: getProducts: {"limit":20,"page":1,"search":null,"status":"all"}  
[2025-12-05 19:46:03] local.INFO: Products fetched response [{"id":2,"product_name":"Badsheet","product_code":"SKU-BED-01","category":"Badsheet","price":0,"expected_life_cycles":100,"quantity":3,"last_activity":{"trans_type":"tag_reassign_in","inward":1,"outward":0,"opening_stock":2,"closing_stock":3,"at":"2025-12-05 16:08:31"}},{"id":3,"product_name":"Pillow Cover","product_code":"SKU-BED-02","category":"Pillow Cover","price":0,"expected_life_cycles":101,"quantity":0,"last_activity":{"trans_type":null,"inward":0,"outward":0,"opening_stock":0,"closing_stock":0,"at":null}},{"id":4,"product_name":"Towel","product_code":"SKU-BED-03","category":"Towel","price":0,"expected_life_cycles":102,"quantity":3,"last_activity":{"trans_type":"tag_reassign_out","inward":0,"outward":1,"opening_stock":4,"closing_stock":3,"at":"2025-12-05 16:08:31"}},{"id":5,"product_name":"Blanket","product_code":"SKU-BED-04","category":"Blanket","price":0,"expected_life_cycles":103,"quantity":0,"last_activity":{"trans_type":null,"inward":0,"outward":0,"opening_stock":0,"closing_stock":0,"at":null}},{"id":6,"product_name":"Patient Gown","product_code":"SKU-BED-05","category":"Patient Gown","price":0,"expected_life_cycles":104,"quantity":0,"last_activity":{"trans_type":null,"inward":0,"outward":0,"opening_stock":0,"closing_stock":0,"at":null}},{"id":1,"product_name":"Badsheet2","product_code":"343453S","category":"Badsheet2","price":0,"expected_life_cycles":100,"quantity":0,"last_activity":{"trans_type":null,"inward":0,"outward":0,"opening_stock":0,"closing_stock":0,"at":null}}]  
[2025-12-05 19:46:06] local.INFO: --- CHECK UPDATE CALLED --- {"incoming_request":{"current_version_code":5,"device_id":"6aea19a76ec5eacc"}} 
[2025-12-05 19:46:06] local.INFO: Validated request {"device_id":"6aea19a76ec5eacc","current_version_code":5} 
[2025-12-05 19:46:06] local.INFO: Device found {"device_id":"6aea19a76ec5eacc","registered_version_code":1,"is_update_required_flag":0} 
[2025-12-05 19:46:06] local.INFO: Device is up to date {"device_id":"6aea19a76ec5eacc","current_version":5} 
[2025-12-05 19:46:06] local.ERROR: SQLSTATE[42S02]: Base table or view not found: 1146 Table 'loundry_app.product_process_history' doesn't exist (Connection: mysql, SQL: select count(*) as aggregate from (select `h`.`product_id`, `h`.`status`, `h`.`stages`, `h`.`changed_at` from `product_process_history` as `h` inner join (SELECT product_id, MAX(changed_at) as latest_change 
                             FROM product_process_history 
                             GROUP BY product_id) latest on `h`.`product_id` = `latest`.`product_id` and `h`.`changed_at` = `latest`.`latest_change` inner join `rfid_tags` as `p` on `h`.`product_id` = `p`.`id` where `p`.`location_id` = 3) as t where `t`.`changed_at` between 2025-12-05 00:00:00 and 2025-12-05 23:59:59 and `t`.`status` = FAIL) {"userId":51,"exception":"[object] (Illuminate\\Database\\QueryException(code: 42S02): SQLSTATE[42S02]: Base table or view not found: 1146 Table 'loundry_app.product_process_history' doesn't exist (Connection: mysql, SQL: select count(*) as aggregate from (select `h`.`product_id`, `h`.`status`, `h`.`stages`, `h`.`changed_at` from `product_process_history` as `h` inner join (SELECT product_id, MAX(changed_at) as latest_change 
                             FROM product_process_history 
                             GROUP BY product_id) latest on `h`.`product_id` = `latest`.`product_id` and `h`.`changed_at` = `latest`.`latest_change` inner join `rfid_tags` as `p` on `h`.`product_id` = `p`.`id` where `p`.`location_id` = 3) as t where `t`.`changed_at` between 2025-12-05 00:00:00 and 2025-12-05 23:59:59 and `t`.`status` = FAIL) at /var/www/html/laundryApp/vendor/laravel/framework/src/Illuminate/Database/Connection.php:829)
[stacktrace]
#0 /var/www/html/laundryApp/vendor/laravel/framework/src/Illuminate/Database/Connection.php(783): Illuminate\\Database\\Connection->runQueryCallback()
#1 /var/www/html/laundryApp/vendor/laravel/framework/src/Illuminate/Database/Connection.php(414): Illuminate\\Database\\Connection->run()
#2 /var/www/html/laundryApp/vendor/laravel/framework/src/Illuminate/Database/Query/Builder.php(2913): Illuminate\\Database\\Connection->select()
#3 /var/www/html/laundryApp/vendor/laravel/framework/src/Illuminate/Database/Query/Builder.php(2902): Illuminate\\Database\\Query\\Builder->runSelect()
#4 /var/www/html/laundryApp/vendor/laravel/framework/src/Illuminate/Database/Query/Builder.php(3456): Illuminate\\Database\\Query\\Builder->Illuminate\\Database\\Query\\{closure}()
#5 /var/www/html/laundryApp/vendor/laravel/framework/src/Illuminate/Database/Query/Builder.php(2901): Illuminate\\Database\\Query\\Builder->onceWithColumns()
#6 /var/www/html/laundryApp/vendor/laravel/framework/src/Illuminate/Database/Query/Builder.php(3383): Illuminate\\Database\\Query\\Builder->get()
#7 /var/www/html/laundryApp/vendor/laravel/framework/src/Illuminate/Database/Query/Builder.php(3311): Illuminate\\Database\\Query\\Builder->aggregate()
#8 /var/www/html/laundryApp/app/Http/Controllers/Api/DashboardApiController.php(74): Illuminate\\Database\\Query\\Builder->count()
#9 /var/www/html/laundryApp/vendor/laravel/framework/src/Illuminate/Cache/Repository.php(396): App\\Http\\Controllers\\Api\\DashboardApiController->App\\Http\\Controllers\\Api\\{closure}()
#10 /var/www/html/laundryApp/vendor/laravel/framework/src/Illuminate/Cache/CacheManager.php(429): Illuminate\\Cache\\Repository->remember()
#11 /var/www/html/laundryApp/vendor/laravel/framework/src/Illuminate/Support/Facades/Facade.php(355): Illuminate\\Cache\\CacheManager->__call()
#12 /var/www/html/laundryApp/app/Http/Controllers/Api/DashboardApiController.php(42): Illuminate\\Support\\Facades\\Facade::__callStatic()
#13 /var/www/html/laundryApp/vendor/laravel/framework/src/Illuminate/Routing/Controller.php(54): App\\Http\\Controllers\\Api\\DashboardApiController->summary()
#14 /var/www/html/laundryApp/vendor/laravel/framework/src/Illuminate/Routing/ControllerDispatcher.php(43): Illuminate\\Routing\\Controller->callAction()
#15 /var/www/html/laundryApp/vendor/laravel/framework/src/Illuminate/Routing/Route.php(259): Illuminate\\Routing\\ControllerDispatcher->dispatch()
#16 /var/www/html/laundryApp/vendor/laravel/framework/src/Illuminate/Routing/Route.php(205): Illuminate\\Routing\\Route->runController()
#17 /var/www/html/laundryApp/vendor/laravel/framework/src/Illuminate/Routing/Router.php(806): Illuminate\\Routing\\Route->run()
#18 /var/www/html/laundryApp/vendor/laravel/framework/src/Illuminate/Pipeline/Pipeline.php(144): Illuminate\\Routing\\Router->Illuminate\\Routing\\{closure}()
#19 /var/www/html/laundryApp/vendor/laravel/framework/src/Illuminate/Routing/Middleware/SubstituteBindings.php(50): Illuminate\\Pipeline\\Pipeline->Illuminate\\Pipeline\\{closure}()
#20 /var/www/html/laundryApp/vendor/laravel/framework/src/Illuminate/Pipeline/Pipeline.php(183): Illuminate\\Routing\\Middleware\\SubstituteBindings->handle()
#21 /var/www/html/laundryApp/vendor/laravel/framework/src/Illuminate/Routing/Middleware/ThrottleRequests.php(159): Illuminate\\Pipeline\\Pipeline->Illuminate\\Pipeline\\{closure}()
#22 /var/www/html/laundryApp/vendor/laravel/framework/src/Illuminate/Routing/Middleware/ThrottleRequests.php(125): Illuminate\\Routing\\Middleware\\ThrottleRequests->handleRequest()
#23 /var/www/html/laundryApp/vendor/laravel/framework/src/Illuminate/Routing/Middleware/ThrottleRequests.php(87): Illuminate\\Routing\\Middleware\\ThrottleRequests->handleRequestUsingNamedLimiter()
#24 /var/www/html/laundryApp/vendor/laravel/framework/src/Illuminate/Pipeline/Pipeline.php(183): Illuminate\\Routing\\Middleware\\ThrottleRequests->handle()
#25 /var/www/html/laundryApp/vendor/laravel/framework/src/Illuminate/Auth/Middleware/Authenticate.php(57): Illuminate\\Pipeline\\Pipeline->Illuminate\\Pipeline\\{closure}()
#26 /var/www/html/laundryApp/vendor/laravel/framework/src/Illuminate/Pipeline/Pipeline.php(183): Illuminate\\Auth\\Middleware\\Authenticate->handle()
#27 /var/www/html/laundryApp/vendor/laravel/sanctum/src/Http/Middleware/EnsureFrontendRequestsAreStateful.php(25): Illuminate\\Pipeline\\Pipeline->Illuminate\\Pipeline\\{closure}()
#28 /var/www/html/laundryApp/vendor/laravel/framework/src/Illuminate/Pipeline/Pipeline.php(144): Laravel\\Sanctum\\Http\\Middleware\\EnsureFrontendRequestsAreStateful->Laravel\\Sanctum\\Http\\Middleware\\{closure}()
#29 /var/www/html/laundryApp/vendor/laravel/framework/src/Illuminate/Pipeline/Pipeline.php(119): Illuminate\\Pipeline\\Pipeline->Illuminate\\Pipeline\\{closure}()
#30 /var/www/html/laundryApp/vendor/laravel/sanctum/src/Http/Middleware/EnsureFrontendRequestsAreStateful.php(24): Illuminate\\Pipeline\\Pipeline->then()
#31 /var/www/html/laundryApp/vendor/laravel/framework/src/Illuminate/Pipeline/Pipeline.php(183): Laravel\\Sanctum\\Http\\Middleware\\EnsureFrontendRequestsAreStateful->handle()
#32 /var/www/html/laundryApp/vendor/laravel/framework/src/Illuminate/Pipeline/Pipeline.php(119): Illuminate\\Pipeline\\Pipeline->Illuminate\\Pipeline\\{closure}()
#33 /var/www/html/laundryApp/vendor/laravel/framework/src/Illuminate/Routing/Router.php(805): Illuminate\\Pipeline\\Pipeline->then()
#34 /var/www/html/laundryApp/vendor/laravel/framework/src/Illuminate/Routing/Router.php(784): Illuminate\\Routing\\Router->runRouteWithinStack()
#35 /var/www/html/laundryApp/vendor/laravel/framework/src/Illuminate/Routing/Router.php(748): Illuminate\\Routing\\Router->runRoute()
#36 /var/www/html/laundryApp/vendor/laravel/framework/src/Illuminate/Routing/Router.php(737): Illuminate\\Routing\\Router->dispatchToRoute()
#37 /var/www/html/laundryApp/vendor/laravel/framework/src/Illuminate/Foundation/Http/Kernel.php(200): Illuminate\\Routing\\Router->dispatch()
#38 /var/www/html/laundryApp/vendor/laravel/framework/src/Illuminate/Pipeline/Pipeline.php(144): Illuminate\\Foundation\\Http\\Kernel->Illuminate\\Foundation\\Http\\{closure}()
#39 /var/www/html/laundryApp/vendor/laravel/framework/src/Illuminate/Foundation/Http/Middleware/TransformsRequest.php(21): Illuminate\\Pipeline\\Pipeline->Illuminate\\Pipeline\\{closure}()
#40 /var/www/html/laundryApp/vendor/laravel/framework/src/Illuminate/Foundation/Http/Middleware/ConvertEmptyStringsToNull.php(31): Illuminate\\Foundation\\Http\\Middleware\\TransformsRequest->handle()
#41 /var/www/html/laundryApp/vendor/laravel/framework/src/Illuminate/Pipeline/Pipeline.php(183): Illuminate\\Foundation\\Http\\Middleware\\ConvertEmptyStringsToNull->handle()
#42 /var/www/html/laundryApp/vendor/laravel/framework/src/Illuminate/Foundation/Http/Middleware/TransformsRequest.php(21): Illuminate\\Pipeline\\Pipeline->Illuminate\\Pipeline\\{closure}()
#43 /var/www/html/laundryApp/vendor/laravel/framework/src/Illuminate/Foundation/Http/Middleware/TrimStrings.php(40): Illuminate\\Foundation\\Http\\Middleware\\TransformsRequest->handle()
#44 /var/www/html/laundryApp/vendor/laravel/framework/src/Illuminate/Pipeline/Pipeline.php(183): Illuminate\\Foundation\\Http\\Middleware\\TrimStrings->handle()
#45 /var/www/html/laundryApp/vendor/laravel/framework/src/Illuminate/Foundation/Http/Middleware/ValidatePostSize.php(27): Illuminate\\Pipeline\\Pipeline->Illuminate\\Pipeline\\{closure}()
#46 /var/www/html/laundryApp/vendor/laravel/framework/src/Illuminate/Pipeline/Pipeline.php(183): Illuminate\\Foundation\\Http\\Middleware\\ValidatePostSize->handle()
#47 /var/www/html/laundryApp/vendor/laravel/framework/src/Illuminate/Foundation/Http/Middleware/PreventRequestsDuringMaintenance.php(99): Illuminate\\Pipeline\\Pipeline->Illuminate\\Pipeline\\{closure}()
#48 /var/www/html/laundryApp/vendor/laravel/framework/src/Illuminate/Pipeline/Pipeline.php(183): Illuminate\\Foundation\\Http\\Middleware\\PreventRequestsDuringMaintenance->handle()
#49 /var/www/html/laundryApp/vendor/laravel/framework/src/Illuminate/Http/Middleware/HandleCors.php(62): Illuminate\\Pipeline\\Pipeline->Illuminate\\Pipeline\\{closure}()
#50 /var/www/html/laundryApp/vendor/laravel/framework/src/Illuminate/Pipeline/Pipeline.php(183): Illuminate\\Http\\Middleware\\HandleCors->handle()
#51 /var/www/html/laundryApp/vendor/laravel/framework/src/Illuminate/Http/Middleware/TrustProxies.php(39): Illuminate\\Pipeline\\Pipeline->Illuminate\\Pipeline\\{closure}()
#52 /var/www/html/laundryApp/vendor/laravel/framework/src/Illuminate/Pipeline/Pipeline.php(183): Illuminate\\Http\\Middleware\\TrustProxies->handle()
#53 /var/www/html/laundryApp/vendor/laravel/framework/src/Illuminate/Pipeline/Pipeline.php(119): Illuminate\\Pipeline\\Pipeline->Illuminate\\Pipeline\\{closure}()
#54 /var/www/html/laundryApp/vendor/laravel/framework/src/Illuminate/Foundation/Http/Kernel.php(175): Illuminate\\Pipeline\\Pipeline->then()
#55 /var/www/html/laundryApp/vendor/laravel/framework/src/Illuminate/Foundation/Http/Kernel.php(144): Illuminate\\Foundation\\Http\\Kernel->sendRequestThroughRouter()
#56 /var/www/html/laundryApp/public/index.php(51): Illuminate\\Foundation\\Http\\Kernel->handle()
#57 /var/www/html/laundryApp/vendor/laravel/framework/src/Illuminate/Foundation/resources/server.php(16): require_once('...')
#58 {main}

[previous exception] [object] (PDOException(code: 42S02): SQLSTATE[42S02]: Base table or view not found: 1146 Table 'loundry_app.product_process_history' doesn't exist at /var/www/html/laundryApp/vendor/laravel/framework/src/Illuminate/Database/Connection.php:423)
[stacktrace]
#0 /var/www/html/laundryApp/vendor/laravel/framework/src/Illuminate/Database/Connection.php(423): PDO->prepare()
#1 /var/www/html/laundryApp/vendor/laravel/framework/src/Illuminate/Database/Connection.php(816): Illuminate\\Database\\Connection->Illuminate\\Database\\{closure}()
#2 /var/www/html/laundryApp/vendor/laravel/framework/src/Illuminate/Database/Connection.php(783): Illuminate\\Database\\Connection->runQueryCallback()
#3 /var/www/html/laundryApp/vendor/laravel/framework/src/Illuminate/Database/Connection.php(414): Illuminate\\Database\\Connection->run()
#4 /var/www/html/laundryApp/vendor/laravel/framework/src/Illuminate/Database/Query/Builder.php(2913): Illuminate\\Database\\Connection->select()
#5 /var/www/html/laundryApp/vendor/laravel/framework/src/Illuminate/Database/Query/Builder.php(2902): Illuminate\\Database\\Query\\Builder->runSelect()
#6 /var/www/html/laundryApp/vendor/laravel/framework/src/Illuminate/Database/Query/Builder.php(3456): Illuminate\\Database\\Query\\Builder->Illuminate\\Database\\Query\\{closure}()
#7 /var/www/html/laundryApp/vendor/laravel/framework/src/Illuminate/Database/Query/Builder.php(2901): Illuminate\\Database\\Query\\Builder->onceWithColumns()
#8 /var/www/html/laundryApp/vendor/laravel/framework/src/Illuminate/Database/Query/Builder.php(3383): Illuminate\\Database\\Query\\Builder->get()
#9 /var/www/html/laundryApp/vendor/laravel/framework/src/Illuminate/Database/Query/Builder.php(3311): Illuminate\\Database\\Query\\Builder->aggregate()
#10 /var/www/html/laundryApp/app/Http/Controllers/Api/DashboardApiController.php(74): Illuminate\\Database\\Query\\Builder->count()
#11 /var/www/html/laundryApp/vendor/laravel/framework/src/Illuminate/Cache/Repository.php(396): App\\Http\\Controllers\\Api\\DashboardApiController->App\\Http\\Controllers\\Api\\{closure}()
#12 /var/www/html/laundryApp/vendor/laravel/framework/src/Illuminate/Cache/CacheManager.php(429): Illuminate\\Cache\\Repository->remember()
#13 /var/www/html/laundryApp/vendor/laravel/framework/src/Illuminate/Support/Facades/Facade.php(355): Illuminate\\Cache\\CacheManager->__call()
#14 /var/www/html/laundryApp/app/Http/Controllers/Api/DashboardApiController.php(42): Illuminate\\Support\\Facades\\Facade::__callStatic()
#15 /var/www/html/laundryApp/vendor/laravel/framework/src/Illuminate/Routing/Controller.php(54): App\\Http\\Controllers\\Api\\DashboardApiController->summary()
#16 /var/www/html/laundryApp/vendor/laravel/framework/src/Illuminate/Routing/ControllerDispatcher.php(43): Illuminate\\Routing\\Controller->callAction()
#17 /var/www/html/laundryApp/vendor/laravel/framework/src/Illuminate/Routing/Route.php(259): Illuminate\\Routing\\ControllerDispatcher->dispatch()
#18 /var/www/html/laundryApp/vendor/laravel/framework/src/Illuminate/Routing/Route.php(205): Illuminate\\Routing\\Route->runController()
#19 /var/www/html/laundryApp/vendor/laravel/framework/src/Illuminate/Routing/Router.php(806): Illuminate\\Routing\\Route->run()
#20 /var/www/html/laundryApp/vendor/laravel/framework/src/Illuminate/Pipeline/Pipeline.php(144): Illuminate\\Routing\\Router->Illuminate\\Routing\\{closure}()
#21 /var/www/html/laundryApp/vendor/laravel/framework/src/Illuminate/Routing/Middleware/SubstituteBindings.php(50): Illuminate\\Pipeline\\Pipeline->Illuminate\\Pipeline\\{closure}()
#22 /var/www/html/laundryApp/vendor/laravel/framework/src/Illuminate/Pipeline/Pipeline.php(183): Illuminate\\Routing\\Middleware\\SubstituteBindings->handle()
#23 /var/www/html/laundryApp/vendor/laravel/framework/src/Illuminate/Routing/Middleware/ThrottleRequests.php(159): Illuminate\\Pipeline\\Pipeline->Illuminate\\Pipeline\\{closure}()
#24 /var/www/html/laundryApp/vendor/laravel/framework/src/Illuminate/Routing/Middleware/ThrottleRequests.php(125): Illuminate\\Routing\\Middleware\\ThrottleRequests->handleRequest()
#25 /var/www/html/laundryApp/vendor/laravel/framework/src/Illuminate/Routing/Middleware/ThrottleRequests.php(87): Illuminate\\Routing\\Middleware\\ThrottleRequests->handleRequestUsingNamedLimiter()
#26 /var/www/html/laundryApp/vendor/laravel/framework/src/Illuminate/Pipeline/Pipeline.php(183): Illuminate\\Routing\\Middleware\\ThrottleRequests->handle()
#27 /var/www/html/laundryApp/vendor/laravel/framework/src/Illuminate/Auth/Middleware/Authenticate.php(57): Illuminate\\Pipeline\\Pipeline->Illuminate\\Pipeline\\{closure}()
#28 /var/www/html/laundryApp/vendor/laravel/framework/src/Illuminate/Pipeline/Pipeline.php(183): Illuminate\\Auth\\Middleware\\Authenticate->handle()
#29 /var/www/html/laundryApp/vendor/laravel/sanctum/src/Http/Middleware/EnsureFrontendRequestsAreStateful.php(25): Illuminate\\Pipeline\\Pipeline->Illuminate\\Pipeline\\{closure}()
#30 /var/www/html/laundryApp/vendor/laravel/framework/src/Illuminate/Pipeline/Pipeline.php(144): Laravel\\Sanctum\\Http\\Middleware\\EnsureFrontendRequestsAreStateful->Laravel\\Sanctum\\Http\\Middleware\\{closure}()
#31 /var/www/html/laundryApp/vendor/laravel/framework/src/Illuminate/Pipeline/Pipeline.php(119): Illuminate\\Pipeline\\Pipeline->Illuminate\\Pipeline\\{closure}()
#32 /var/www/html/laundryApp/vendor/laravel/sanctum/src/Http/Middleware/EnsureFrontendRequestsAreStateful.php(24): Illuminate\\Pipeline\\Pipeline->then()
#33 /var/www/html/laundryApp/vendor/laravel/framework/src/Illuminate/Pipeline/Pipeline.php(183): Laravel\\Sanctum\\Http\\Middleware\\EnsureFrontendRequestsAreStateful->handle()
#34 /var/www/html/laundryApp/vendor/laravel/framework/src/Illuminate/Pipeline/Pipeline.php(119): Illuminate\\Pipeline\\Pipeline->Illuminate\\Pipeline\\{closure}()
#35 /var/www/html/laundryApp/vendor/laravel/framework/src/Illuminate/Routing/Router.php(805): Illuminate\\Pipeline\\Pipeline->then()
#36 /var/www/html/laundryApp/vendor/laravel/framework/src/Illuminate/Routing/Router.php(784): Illuminate\\Routing\\Router->runRouteWithinStack()
#37 /var/www/html/laundryApp/vendor/laravel/framework/src/Illuminate/Routing/Router.php(748): Illuminate\\Routing\\Router->runRoute()
#38 /var/www/html/laundryApp/vendor/laravel/framework/src/Illuminate/Routing/Router.php(737): Illuminate\\Routing\\Router->dispatchToRoute()
#39 /var/www/html/laundryApp/vendor/laravel/framework/src/Illuminate/Foundation/Http/Kernel.php(200): Illuminate\\Routing\\Router->dispatch()
#40 /var/www/html/laundryApp/vendor/laravel/framework/src/Illuminate/Pipeline/Pipeline.php(144): Illuminate\\Foundation\\Http\\Kernel->Illuminate\\Foundation\\Http\\{closure}()
#41 /var/www/html/laundryApp/vendor/laravel/framework/src/Illuminate/Foundation/Http/Middleware/TransformsRequest.php(21): Illuminate\\Pipeline\\Pipeline->Illuminate\\Pipeline\\{closure}()
#42 /var/www/html/laundryApp/vendor/laravel/framework/src/Illuminate/Foundation/Http/Middleware/ConvertEmptyStringsToNull.php(31): Illuminate\\Foundation\\Http\\Middleware\\TransformsRequest->handle()
#43 /var/www/html/laundryApp/vendor/laravel/framework/src/Illuminate/Pipeline/Pipeline.php(183): Illuminate\\Foundation\\Http\\Middleware\\ConvertEmptyStringsToNull->handle()
#44 /var/www/html/laundryApp/vendor/laravel/framework/src/Illuminate/Foundation/Http/Middleware/TransformsRequest.php(21): Illuminate\\Pipeline\\Pipeline->Illuminate\\Pipeline\\{closure}()
#45 /var/www/html/laundryApp/vendor/laravel/framework/src/Illuminate/Foundation/Http/Middleware/TrimStrings.php(40): Illuminate\\Foundation\\Http\\Middleware\\TransformsRequest->handle()
#46 /var/www/html/laundryApp/vendor/laravel/framework/src/Illuminate/Pipeline/Pipeline.php(183): Illuminate\\Foundation\\Http\\Middleware\\TrimStrings->handle()
#47 /var/www/html/laundryApp/vendor/laravel/framework/src/Illuminate/Foundation/Http/Middleware/ValidatePostSize.php(27): Illuminate\\Pipeline\\Pipeline->Illuminate\\Pipeline\\{closure}()
#48 /var/www/html/laundryApp/vendor/laravel/framework/src/Illuminate/Pipeline/Pipeline.php(183): Illuminate\\Foundation\\Http\\Middleware\\ValidatePostSize->handle()
#49 /var/www/html/laundryApp/vendor/laravel/framework/src/Illuminate/Foundation/Http/Middleware/PreventRequestsDuringMaintenance.php(99): Illuminate\\Pipeline\\Pipeline->Illuminate\\Pipeline\\{closure}()
#50 /var/www/html/laundryApp/vendor/laravel/framework/src/Illuminate/Pipeline/Pipeline.php(183): Illuminate\\Foundation\\Http\\Middleware\\PreventRequestsDuringMaintenance->handle()
#51 /var/www/html/laundryApp/vendor/laravel/framework/src/Illuminate/Http/Middleware/HandleCors.php(62): Illuminate\\Pipeline\\Pipeline->Illuminate\\Pipeline\\{closure}()
#52 /var/www/html/laundryApp/vendor/laravel/framework/src/Illuminate/Pipeline/Pipeline.php(183): Illuminate\\Http\\Middleware\\HandleCors->handle()
#53 /var/www/html/laundryApp/vendor/laravel/framework/src/Illuminate/Http/Middleware/TrustProxies.php(39): Illuminate\\Pipeline\\Pipeline->Illuminate\\Pipeline\\{closure}()
#54 /var/www/html/laundryApp/vendor/laravel/framework/src/Illuminate/Pipeline/Pipeline.php(183): Illuminate\\Http\\Middleware\\TrustProxies->handle()
#55 /var/www/html/laundryApp/vendor/laravel/framework/src/Illuminate/Pipeline/Pipeline.php(119): Illuminate\\Pipeline\\Pipeline->Illuminate\\Pipeline\\{closure}()
#56 /var/www/html/laundryApp/vendor/laravel/framework/src/Illuminate/Foundation/Http/Kernel.php(175): Illuminate\\Pipeline\\Pipeline->then()
#57 /var/www/html/laundryApp/vendor/laravel/framework/src/Illuminate/Foundation/Http/Kernel.php(144): Illuminate\\Foundation\\Http\\Kernel->sendRequestThroughRouter()
#58 /var/www/html/laundryApp/public/index.php(51): Illuminate\\Foundation\\Http\\Kernel->handle()
#59 /var/www/html/laundryApp/vendor/laravel/framework/src/Illuminate/Foundation/resources/server.php(16): require_once('...')
#60 {main}
"} 
[2025-12-05 19:46:08] local.INFO: getProducts: {"limit":20,"page":1,"search":null,"status":"all"}  
[2025-12-05 19:46:08] local.INFO: Products fetched response [{"id":2,"product_name":"Badsheet","product_code":"SKU-BED-01","category":"Badsheet","price":0,"expected_life_cycles":100,"quantity":3,"last_activity":{"trans_type":"tag_reassign_in","inward":1,"outward":0,"opening_stock":2,"closing_stock":3,"at":"2025-12-05 16:08:31"}},{"id":3,"product_name":"Pillow Cover","product_code":"SKU-BED-02","category":"Pillow Cover","price":0,"expected_life_cycles":101,"quantity":0,"last_activity":{"trans_type":null,"inward":0,"outward":0,"opening_stock":0,"closing_stock":0,"at":null}},{"id":4,"product_name":"Towel","product_code":"SKU-BED-03","category":"Towel","price":0,"expected_life_cycles":102,"quantity":3,"last_activity":{"trans_type":"tag_reassign_out","inward":0,"outward":1,"opening_stock":4,"closing_stock":3,"at":"2025-12-05 16:08:31"}},{"id":5,"product_name":"Blanket","product_code":"SKU-BED-04","category":"Blanket","price":0,"expected_life_cycles":103,"quantity":0,"last_activity":{"trans_type":null,"inward":0,"outward":0,"opening_stock":0,"closing_stock":0,"at":null}},{"id":6,"product_name":"Patient Gown","product_code":"SKU-BED-05","category":"Patient Gown","price":0,"expected_life_cycles":104,"quantity":0,"last_activity":{"trans_type":null,"inward":0,"outward":0,"opening_stock":0,"closing_stock":0,"at":null}},{"id":1,"product_name":"Badsheet2","product_code":"343453S","category":"Badsheet2","price":0,"expected_life_cycles":100,"quantity":0,"last_activity":{"trans_type":null,"inward":0,"outward":0,"opening_stock":0,"closing_stock":0,"at":null}}]  
[2025-12-05 19:46:18] local.INFO: Fetching tag details for EPC: E2801170000002136AA2DD3F  
[2025-12-05 19:48:49] local.INFO: --- CHECK UPDATE CALLED --- {"incoming_request":{"current_version_code":5,"device_id":"6aea19a76ec5eacc"}} 
[2025-12-05 19:48:49] local.INFO: Validated request {"device_id":"6aea19a76ec5eacc","current_version_code":5} 
[2025-12-05 19:48:49] local.INFO: Device found {"device_id":"6aea19a76ec5eacc","registered_version_code":1,"is_update_required_flag":0} 
[2025-12-05 19:48:49] local.INFO: Device is up to date {"device_id":"6aea19a76ec5eacc","current_version":5} 
[2025-12-05 19:48:50] local.INFO: User login attempt {"license_key":"6AEA-T6QU2L-502F-F6A8-CF02","username":"aditiyakum"} 
[2025-12-05 19:48:51] local.INFO: User login response data {"user_id":51,"data":{"user":{"name":"Bangalore admin","email":"aditiyakum@gmail.com","user_code":"USR-ADKU1CW","location_id":3,"location_name":"Electronic City","working_stages":[],"role":{"App\\Models\\user_management\\Role":{"role_id":13,"role_name":"Palnt Admin","role_code":"ROL-ADIN9A3"}},"api_key":"XDdZMI4IrtC0Wc4XsJI5vzjLrVdrY2U4en3me1ckxhKZDGgnge2VUVbeTHJO"},"permissions":{"users":["create.users","view.users","edit.users","delete.users"],"dashboard":["view.dashboard_admin"],"config_settings":["create.config_settings","view.config_settings","edit.config_settings","delete.config_settings"],"products":["view.products","create.products","edit.products","delete.products"],"reports":["view.reports"],"locations":["locations.view","locations.edit"]},"token":"748|5BUt4afGFJDtb9AoE2s0b5cUTGdOV5n5MbCLBjy508e89c61"}} 
[2025-12-05 19:48:51] local.INFO: User login successful {"user_id":51,"license_key":"6AEA-T6QU2L-502F-F6A8-CF02"} 
[2025-12-05 19:48:52] local.INFO: --- CHECK UPDATE CALLED --- {"incoming_request":{"current_version_code":5,"device_id":"6aea19a76ec5eacc"}} 
[2025-12-05 19:48:52] local.INFO: Validated request {"device_id":"6aea19a76ec5eacc","current_version_code":5} 
[2025-12-05 19:48:52] local.INFO: Device found {"device_id":"6aea19a76ec5eacc","registered_version_code":1,"is_update_required_flag":0} 
[2025-12-05 19:48:52] local.INFO: Device is up to date {"device_id":"6aea19a76ec5eacc","current_version":5} 
[2025-12-05 19:48:52] local.ERROR: SQLSTATE[42S02]: Base table or view not found: 1146 Table 'loundry_app.product_process_history' doesn't exist (Connection: mysql, SQL: select count(*) as aggregate from (select `h`.`product_id`, `h`.`status`, `h`.`stages`, `h`.`changed_at` from `product_process_history` as `h` inner join (SELECT product_id, MAX(changed_at) as latest_change 
                             FROM product_process_history 
                             GROUP BY product_id) latest on `h`.`product_id` = `latest`.`product_id` and `h`.`changed_at` = `latest`.`latest_change` inner join `rfid_tags` as `p` on `h`.`product_id` = `p`.`id` where `p`.`location_id` = 3) as t where `t`.`changed_at` between 2025-12-05 00:00:00 and 2025-12-05 23:59:59 and `t`.`status` = FAIL) {"userId":51,"exception":"[object] (Illuminate\\Database\\QueryException(code: 42S02): SQLSTATE[42S02]: Base table or view not found: 1146 Table 'loundry_app.product_process_history' doesn't exist (Connection: mysql, SQL: select count(*) as aggregate from (select `h`.`product_id`, `h`.`status`, `h`.`stages`, `h`.`changed_at` from `product_process_history` as `h` inner join (SELECT product_id, MAX(changed_at) as latest_change 
                             FROM product_process_history 
                             GROUP BY product_id) latest on `h`.`product_id` = `latest`.`product_id` and `h`.`changed_at` = `latest`.`latest_change` inner join `rfid_tags` as `p` on `h`.`product_id` = `p`.`id` where `p`.`location_id` = 3) as t where `t`.`changed_at` between 2025-12-05 00:00:00 and 2025-12-05 23:59:59 and `t`.`status` = FAIL) at /var/www/html/laundryApp/vendor/laravel/framework/src/Illuminate/Database/Connection.php:829)
[stacktrace]
#0 /var/www/html/laundryApp/vendor/laravel/framework/src/Illuminate/Database/Connection.php(783): Illuminate\\Database\\Connection->runQueryCallback()
#1 /var/www/html/laundryApp/vendor/laravel/framework/src/Illuminate/Database/Connection.php(414): Illuminate\\Database\\Connection->run()
#2 /var/www/html/laundryApp/vendor/laravel/framework/src/Illuminate/Database/Query/Builder.php(2913): Illuminate\\Database\\Connection->select()
#3 /var/www/html/laundryApp/vendor/laravel/framework/src/Illuminate/Database/Query/Builder.php(2902): Illuminate\\Database\\Query\\Builder->runSelect()
#4 /var/www/html/laundryApp/vendor/laravel/framework/src/Illuminate/Database/Query/Builder.php(3456): Illuminate\\Database\\Query\\Builder->Illuminate\\Database\\Query\\{closure}()
#5 /var/www/html/laundryApp/vendor/laravel/framework/src/Illuminate/Database/Query/Builder.php(2901): Illuminate\\Database\\Query\\Builder->onceWithColumns()
#6 /var/www/html/laundryApp/vendor/laravel/framework/src/Illuminate/Database/Query/Builder.php(3383): Illuminate\\Database\\Query\\Builder->get()
#7 /var/www/html/laundryApp/vendor/laravel/framework/src/Illuminate/Database/Query/Builder.php(3311): Illuminate\\Database\\Query\\Builder->aggregate()
#8 /var/www/html/laundryApp/app/Http/Controllers/Api/DashboardApiController.php(74): Illuminate\\Database\\Query\\Builder->count()
#9 /var/www/html/laundryApp/vendor/laravel/framework/src/Illuminate/Cache/Repository.php(396): App\\Http\\Controllers\\Api\\DashboardApiController->App\\Http\\Controllers\\Api\\{closure}()
#10 /var/www/html/laundryApp/vendor/laravel/framework/src/Illuminate/Cache/CacheManager.php(429): Illuminate\\Cache\\Repository->remember()
#11 /var/www/html/laundryApp/vendor/laravel/framework/src/Illuminate/Support/Facades/Facade.php(355): Illuminate\\Cache\\CacheManager->__call()
#12 /var/www/html/laundryApp/app/Http/Controllers/Api/DashboardApiController.php(42): Illuminate\\Support\\Facades\\Facade::__callStatic()
#13 /var/www/html/laundryApp/vendor/laravel/framework/src/Illuminate/Routing/Controller.php(54): App\\Http\\Controllers\\Api\\DashboardApiController->summary()
#14 /var/www/html/laundryApp/vendor/laravel/framework/src/Illuminate/Routing/ControllerDispatcher.php(43): Illuminate\\Routing\\Controller->callAction()
#15 /var/www/html/laundryApp/vendor/laravel/framework/src/Illuminate/Routing/Route.php(259): Illuminate\\Routing\\ControllerDispatcher->dispatch()
#16 /var/www/html/laundryApp/vendor/laravel/framework/src/Illuminate/Routing/Route.php(205): Illuminate\\Routing\\Route->runController()
#17 /var/www/html/laundryApp/vendor/laravel/framework/src/Illuminate/Routing/Router.php(806): Illuminate\\Routing\\Route->run()
#18 /var/www/html/laundryApp/vendor/laravel/framework/src/Illuminate/Pipeline/Pipeline.php(144): Illuminate\\Routing\\Router->Illuminate\\Routing\\{closure}()
#19 /var/www/html/laundryApp/vendor/laravel/framework/src/Illuminate/Routing/Middleware/SubstituteBindings.php(50): Illuminate\\Pipeline\\Pipeline->Illuminate\\Pipeline\\{closure}()
#20 /var/www/html/laundryApp/vendor/laravel/framework/src/Illuminate/Pipeline/Pipeline.php(183): Illuminate\\Routing\\Middleware\\SubstituteBindings->handle()
#21 /var/www/html/laundryApp/vendor/laravel/framework/src/Illuminate/Routing/Middleware/ThrottleRequests.php(159): Illuminate\\Pipeline\\Pipeline->Illuminate\\Pipeline\\{closure}()
#22 /var/www/html/laundryApp/vendor/laravel/framework/src/Illuminate/Routing/Middleware/ThrottleRequests.php(125): Illuminate\\Routing\\Middleware\\ThrottleRequests->handleRequest()
#23 /var/www/html/laundryApp/vendor/laravel/framework/src/Illuminate/Routing/Middleware/ThrottleRequests.php(87): Illuminate\\Routing\\Middleware\\ThrottleRequests->handleRequestUsingNamedLimiter()
#24 /var/www/html/laundryApp/vendor/laravel/framework/src/Illuminate/Pipeline/Pipeline.php(183): Illuminate\\Routing\\Middleware\\ThrottleRequests->handle()
#25 /var/www/html/laundryApp/vendor/laravel/framework/src/Illuminate/Auth/Middleware/Authenticate.php(57): Illuminate\\Pipeline\\Pipeline->Illuminate\\Pipeline\\{closure}()
#26 /var/www/html/laundryApp/vendor/laravel/framework/src/Illuminate/Pipeline/Pipeline.php(183): Illuminate\\Auth\\Middleware\\Authenticate->handle()
#27 /var/www/html/laundryApp/vendor/laravel/sanctum/src/Http/Middleware/EnsureFrontendRequestsAreStateful.php(25): Illuminate\\Pipeline\\Pipeline->Illuminate\\Pipeline\\{closure}()
#28 /var/www/html/laundryApp/vendor/laravel/framework/src/Illuminate/Pipeline/Pipeline.php(144): Laravel\\Sanctum\\Http\\Middleware\\EnsureFrontendRequestsAreStateful->Laravel\\Sanctum\\Http\\Middleware\\{closure}()
#29 /var/www/html/laundryApp/vendor/laravel/framework/src/Illuminate/Pipeline/Pipeline.php(119): Illuminate\\Pipeline\\Pipeline->Illuminate\\Pipeline\\{closure}()
#30 /var/www/html/laundryApp/vendor/laravel/sanctum/src/Http/Middleware/EnsureFrontendRequestsAreStateful.php(24): Illuminate\\Pipeline\\Pipeline->then()
#31 /var/www/html/laundryApp/vendor/laravel/framework/src/Illuminate/Pipeline/Pipeline.php(183): Laravel\\Sanctum\\Http\\Middleware\\EnsureFrontendRequestsAreStateful->handle()
#32 /var/www/html/laundryApp/vendor/laravel/framework/src/Illuminate/Pipeline/Pipeline.php(119): Illuminate\\Pipeline\\Pipeline->Illuminate\\Pipeline\\{closure}()
#33 /var/www/html/laundryApp/vendor/laravel/framework/src/Illuminate/Routing/Router.php(805): Illuminate\\Pipeline\\Pipeline->then()
#34 /var/www/html/laundryApp/vendor/laravel/framework/src/Illuminate/Routing/Router.php(784): Illuminate\\Routing\\Router->runRouteWithinStack()
#35 /var/www/html/laundryApp/vendor/laravel/framework/src/Illuminate/Routing/Router.php(748): Illuminate\\Routing\\Router->runRoute()
#36 /var/www/html/laundryApp/vendor/laravel/framework/src/Illuminate/Routing/Router.php(737): Illuminate\\Routing\\Router->dispatchToRoute()
#37 /var/www/html/laundryApp/vendor/laravel/framework/src/Illuminate/Foundation/Http/Kernel.php(200): Illuminate\\Routing\\Router->dispatch()
#38 /var/www/html/laundryApp/vendor/laravel/framework/src/Illuminate/Pipeline/Pipeline.php(144): Illuminate\\Foundation\\Http\\Kernel->Illuminate\\Foundation\\Http\\{closure}()
#39 /var/www/html/laundryApp/vendor/laravel/framework/src/Illuminate/Foundation/Http/Middleware/TransformsRequest.php(21): Illuminate\\Pipeline\\Pipeline->Illuminate\\Pipeline\\{closure}()
#40 /var/www/html/laundryApp/vendor/laravel/framework/src/Illuminate/Foundation/Http/Middleware/ConvertEmptyStringsToNull.php(31): Illuminate\\Foundation\\Http\\Middleware\\TransformsRequest->handle()
#41 /var/www/html/laundryApp/vendor/laravel/framework/src/Illuminate/Pipeline/Pipeline.php(183): Illuminate\\Foundation\\Http\\Middleware\\ConvertEmptyStringsToNull->handle()
#42 /var/www/html/laundryApp/vendor/laravel/framework/src/Illuminate/Foundation/Http/Middleware/TransformsRequest.php(21): Illuminate\\Pipeline\\Pipeline->Illuminate\\Pipeline\\{closure}()
#43 /var/www/html/laundryApp/vendor/laravel/framework/src/Illuminate/Foundation/Http/Middleware/TrimStrings.php(40): Illuminate\\Foundation\\Http\\Middleware\\TransformsRequest->handle()
#44 /var/www/html/laundryApp/vendor/laravel/framework/src/Illuminate/Pipeline/Pipeline.php(183): Illuminate\\Foundation\\Http\\Middleware\\TrimStrings->handle()
#45 /var/www/html/laundryApp/vendor/laravel/framework/src/Illuminate/Foundation/Http/Middleware/ValidatePostSize.php(27): Illuminate\\Pipeline\\Pipeline->Illuminate\\Pipeline\\{closure}()
#46 /var/www/html/laundryApp/vendor/laravel/framework/src/Illuminate/Pipeline/Pipeline.php(183): Illuminate\\Foundation\\Http\\Middleware\\ValidatePostSize->handle()
#47 /var/www/html/laundryApp/vendor/laravel/framework/src/Illuminate/Foundation/Http/Middleware/PreventRequestsDuringMaintenance.php(99): Illuminate\\Pipeline\\Pipeline->Illuminate\\Pipeline\\{closure}()
#48 /var/www/html/laundryApp/vendor/laravel/framework/src/Illuminate/Pipeline/Pipeline.php(183): Illuminate\\Foundation\\Http\\Middleware\\PreventRequestsDuringMaintenance->handle()
#49 /var/www/html/laundryApp/vendor/laravel/framework/src/Illuminate/Http/Middleware/HandleCors.php(62): Illuminate\\Pipeline\\Pipeline->Illuminate\\Pipeline\\{closure}()
#50 /var/www/html/laundryApp/vendor/laravel/framework/src/Illuminate/Pipeline/Pipeline.php(183): Illuminate\\Http\\Middleware\\HandleCors->handle()
#51 /var/www/html/laundryApp/vendor/laravel/framework/src/Illuminate/Http/Middleware/TrustProxies.php(39): Illuminate\\Pipeline\\Pipeline->Illuminate\\Pipeline\\{closure}()
#52 /var/www/html/laundryApp/vendor/laravel/framework/src/Illuminate/Pipeline/Pipeline.php(183): Illuminate\\Http\\Middleware\\TrustProxies->handle()
#53 /var/www/html/laundryApp/vendor/laravel/framework/src/Illuminate/Pipeline/Pipeline.php(119): Illuminate\\Pipeline\\Pipeline->Illuminate\\Pipeline\\{closure}()
#54 /var/www/html/laundryApp/vendor/laravel/framework/src/Illuminate/Foundation/Http/Kernel.php(175): Illuminate\\Pipeline\\Pipeline->then()
#55 /var/www/html/laundryApp/vendor/laravel/framework/src/Illuminate/Foundation/Http/Kernel.php(144): Illuminate\\Foundation\\Http\\Kernel->sendRequestThroughRouter()
#56 /var/www/html/laundryApp/public/index.php(51): Illuminate\\Foundation\\Http\\Kernel->handle()
#57 /var/www/html/laundryApp/vendor/laravel/framework/src/Illuminate/Foundation/resources/server.php(16): require_once('...')
#58 {main}

[previous exception] [object] (PDOException(code: 42S02): SQLSTATE[42S02]: Base table or view not found: 1146 Table 'loundry_app.product_process_history' doesn't exist at /var/www/html/laundryApp/vendor/laravel/framework/src/Illuminate/Database/Connection.php:423)
[stacktrace]
#0 /var/www/html/laundryApp/vendor/laravel/framework/src/Illuminate/Database/Connection.php(423): PDO->prepare()
#1 /var/www/html/laundryApp/vendor/laravel/framework/src/Illuminate/Database/Connection.php(816): Illuminate\\Database\\Connection->Illuminate\\Database\\{closure}()
#2 /var/www/html/laundryApp/vendor/laravel/framework/src/Illuminate/Database/Connection.php(783): Illuminate\\Database\\Connection->runQueryCallback()
#3 /var/www/html/laundryApp/vendor/laravel/framework/src/Illuminate/Database/Connection.php(414): Illuminate\\Database\\Connection->run()
#4 /var/www/html/laundryApp/vendor/laravel/framework/src/Illuminate/Database/Query/Builder.php(2913): Illuminate\\Database\\Connection->select()
#5 /var/www/html/laundryApp/vendor/laravel/framework/src/Illuminate/Database/Query/Builder.php(2902): Illuminate\\Database\\Query\\Builder->runSelect()
#6 /var/www/html/laundryApp/vendor/laravel/framework/src/Illuminate/Database/Query/Builder.php(3456): Illuminate\\Database\\Query\\Builder->Illuminate\\Database\\Query\\{closure}()
#7 /var/www/html/laundryApp/vendor/laravel/framework/src/Illuminate/Database/Query/Builder.php(2901): Illuminate\\Database\\Query\\Builder->onceWithColumns()
#8 /var/www/html/laundryApp/vendor/laravel/framework/src/Illuminate/Database/Query/Builder.php(3383): Illuminate\\Database\\Query\\Builder->get()
#9 /var/www/html/laundryApp/vendor/laravel/framework/src/Illuminate/Database/Query/Builder.php(3311): Illuminate\\Database\\Query\\Builder->aggregate()
#10 /var/www/html/laundryApp/app/Http/Controllers/Api/DashboardApiController.php(74): Illuminate\\Database\\Query\\Builder->count()
#11 /var/www/html/laundryApp/vendor/laravel/framework/src/Illuminate/Cache/Repository.php(396): App\\Http\\Controllers\\Api\\DashboardApiController->App\\Http\\Controllers\\Api\\{closure}()
#12 /var/www/html/laundryApp/vendor/laravel/framework/src/Illuminate/Cache/CacheManager.php(429): Illuminate\\Cache\\Repository->remember()
#13 /var/www/html/laundryApp/vendor/laravel/framework/src/Illuminate/Support/Facades/Facade.php(355): Illuminate\\Cache\\CacheManager->__call()
#14 /var/www/html/laundryApp/app/Http/Controllers/Api/DashboardApiController.php(42): Illuminate\\Support\\Facades\\Facade::__callStatic()
#15 /var/www/html/laundryApp/vendor/laravel/framework/src/Illuminate/Routing/Controller.php(54): App\\Http\\Controllers\\Api\\DashboardApiController->summary()
#16 /var/www/html/laundryApp/vendor/laravel/framework/src/Illuminate/Routing/ControllerDispatcher.php(43): Illuminate\\Routing\\Controller->callAction()
#17 /var/www/html/laundryApp/vendor/laravel/framework/src/Illuminate/Routing/Route.php(259): Illuminate\\Routing\\ControllerDispatcher->dispatch()
#18 /var/www/html/laundryApp/vendor/laravel/framework/src/Illuminate/Routing/Route.php(205): Illuminate\\Routing\\Route->runController()
#19 /var/www/html/laundryApp/vendor/laravel/framework/src/Illuminate/Routing/Router.php(806): Illuminate\\Routing\\Route->run()
#20 /var/www/html/laundryApp/vendor/laravel/framework/src/Illuminate/Pipeline/Pipeline.php(144): Illuminate\\Routing\\Router->Illuminate\\Routing\\{closure}()
#21 /var/www/html/laundryApp/vendor/laravel/framework/src/Illuminate/Routing/Middleware/SubstituteBindings.php(50): Illuminate\\Pipeline\\Pipeline->Illuminate\\Pipeline\\{closure}()
#22 /var/www/html/laundryApp/vendor/laravel/framework/src/Illuminate/Pipeline/Pipeline.php(183): Illuminate\\Routing\\Middleware\\SubstituteBindings->handle()
#23 /var/www/html/laundryApp/vendor/laravel/framework/src/Illuminate/Routing/Middleware/ThrottleRequests.php(159): Illuminate\\Pipeline\\Pipeline->Illuminate\\Pipeline\\{closure}()
#24 /var/www/html/laundryApp/vendor/laravel/framework/src/Illuminate/Routing/Middleware/ThrottleRequests.php(125): Illuminate\\Routing\\Middleware\\ThrottleRequests->handleRequest()
#25 /var/www/html/laundryApp/vendor/laravel/framework/src/Illuminate/Routing/Middleware/ThrottleRequests.php(87): Illuminate\\Routing\\Middleware\\ThrottleRequests->handleRequestUsingNamedLimiter()
#26 /var/www/html/laundryApp/vendor/laravel/framework/src/Illuminate/Pipeline/Pipeline.php(183): Illuminate\\Routing\\Middleware\\ThrottleRequests->handle()
#27 /var/www/html/laundryApp/vendor/laravel/framework/src/Illuminate/Auth/Middleware/Authenticate.php(57): Illuminate\\Pipeline\\Pipeline->Illuminate\\Pipeline\\{closure}()
#28 /var/www/html/laundryApp/vendor/laravel/framework/src/Illuminate/Pipeline/Pipeline.php(183): Illuminate\\Auth\\Middleware\\Authenticate->handle()
#29 /var/www/html/laundryApp/vendor/laravel/sanctum/src/Http/Middleware/EnsureFrontendRequestsAreStateful.php(25): Illuminate\\Pipeline\\Pipeline->Illuminate\\Pipeline\\{closure}()
#30 /var/www/html/laundryApp/vendor/laravel/framework/src/Illuminate/Pipeline/Pipeline.php(144): Laravel\\Sanctum\\Http\\Middleware\\EnsureFrontendRequestsAreStateful->Laravel\\Sanctum\\Http\\Middleware\\{closure}()
#31 /var/www/html/laundryApp/vendor/laravel/framework/src/Illuminate/Pipeline/Pipeline.php(119): Illuminate\\Pipeline\\Pipeline->Illuminate\\Pipeline\\{closure}()
#32 /var/www/html/laundryApp/vendor/laravel/sanctum/src/Http/Middleware/EnsureFrontendRequestsAreStateful.php(24): Illuminate\\Pipeline\\Pipeline->then()
#33 /var/www/html/laundryApp/vendor/laravel/framework/src/Illuminate/Pipeline/Pipeline.php(183): Laravel\\Sanctum\\Http\\Middleware\\EnsureFrontendRequestsAreStateful->handle()
#34 /var/www/html/laundryApp/vendor/laravel/framework/src/Illuminate/Pipeline/Pipeline.php(119): Illuminate\\Pipeline\\Pipeline->Illuminate\\Pipeline\\{closure}()
#35 /var/www/html/laundryApp/vendor/laravel/framework/src/Illuminate/Routing/Router.php(805): Illuminate\\Pipeline\\Pipeline->then()
#36 /var/www/html/laundryApp/vendor/laravel/framework/src/Illuminate/Routing/Router.php(784): Illuminate\\Routing\\Router->runRouteWithinStack()
#37 /var/www/html/laundryApp/vendor/laravel/framework/src/Illuminate/Routing/Router.php(748): Illuminate\\Routing\\Router->runRoute()
#38 /var/www/html/laundryApp/vendor/laravel/framework/src/Illuminate/Routing/Router.php(737): Illuminate\\Routing\\Router->dispatchToRoute()
#39 /var/www/html/laundryApp/vendor/laravel/framework/src/Illuminate/Foundation/Http/Kernel.php(200): Illuminate\\Routing\\Router->dispatch()
#40 /var/www/html/laundryApp/vendor/laravel/framework/src/Illuminate/Pipeline/Pipeline.php(144): Illuminate\\Foundation\\Http\\Kernel->Illuminate\\Foundation\\Http\\{closure}()
#41 /var/www/html/laundryApp/vendor/laravel/framework/src/Illuminate/Foundation/Http/Middleware/TransformsRequest.php(21): Illuminate\\Pipeline\\Pipeline->Illuminate\\Pipeline\\{closure}()
#42 /var/www/html/laundryApp/vendor/laravel/framework/src/Illuminate/Foundation/Http/Middleware/ConvertEmptyStringsToNull.php(31): Illuminate\\Foundation\\Http\\Middleware\\TransformsRequest->handle()
#43 /var/www/html/laundryApp/vendor/laravel/framework/src/Illuminate/Pipeline/Pipeline.php(183): Illuminate\\Foundation\\Http\\Middleware\\ConvertEmptyStringsToNull->handle()
#44 /var/www/html/laundryApp/vendor/laravel/framework/src/Illuminate/Foundation/Http/Middleware/TransformsRequest.php(21): Illuminate\\Pipeline\\Pipeline->Illuminate\\Pipeline\\{closure}()
#45 /var/www/html/laundryApp/vendor/laravel/framework/src/Illuminate/Foundation/Http/Middleware/TrimStrings.php(40): Illuminate\\Foundation\\Http\\Middleware\\TransformsRequest->handle()
#46 /var/www/html/laundryApp/vendor/laravel/framework/src/Illuminate/Pipeline/Pipeline.php(183): Illuminate\\Foundation\\Http\\Middleware\\TrimStrings->handle()
#47 /var/www/html/laundryApp/vendor/laravel/framework/src/Illuminate/Foundation/Http/Middleware/ValidatePostSize.php(27): Illuminate\\Pipeline\\Pipeline->Illuminate\\Pipeline\\{closure}()
#48 /var/www/html/laundryApp/vendor/laravel/framework/src/Illuminate/Pipeline/Pipeline.php(183): Illuminate\\Foundation\\Http\\Middleware\\ValidatePostSize->handle()
#49 /var/www/html/laundryApp/vendor/laravel/framework/src/Illuminate/Foundation/Http/Middleware/PreventRequestsDuringMaintenance.php(99): Illuminate\\Pipeline\\Pipeline->Illuminate\\Pipeline\\{closure}()
#50 /var/www/html/laundryApp/vendor/laravel/framework/src/Illuminate/Pipeline/Pipeline.php(183): Illuminate\\Foundation\\Http\\Middleware\\PreventRequestsDuringMaintenance->handle()
#51 /var/www/html/laundryApp/vendor/laravel/framework/src/Illuminate/Http/Middleware/HandleCors.php(62): Illuminate\\Pipeline\\Pipeline->Illuminate\\Pipeline\\{closure}()
#52 /var/www/html/laundryApp/vendor/laravel/framework/src/Illuminate/Pipeline/Pipeline.php(183): Illuminate\\Http\\Middleware\\HandleCors->handle()
#53 /var/www/html/laundryApp/vendor/laravel/framework/src/Illuminate/Http/Middleware/TrustProxies.php(39): Illuminate\\Pipeline\\Pipeline->Illuminate\\Pipeline\\{closure}()
#54 /var/www/html/laundryApp/vendor/laravel/framework/src/Illuminate/Pipeline/Pipeline.php(183): Illuminate\\Http\\Middleware\\TrustProxies->handle()
#55 /var/www/html/laundryApp/vendor/laravel/framework/src/Illuminate/Pipeline/Pipeline.php(119): Illuminate\\Pipeline\\Pipeline->Illuminate\\Pipeline\\{closure}()
#56 /var/www/html/laundryApp/vendor/laravel/framework/src/Illuminate/Foundation/Http/Kernel.php(175): Illuminate\\Pipeline\\Pipeline->then()
#57 /var/www/html/laundryApp/vendor/laravel/framework/src/Illuminate/Foundation/Http/Kernel.php(144): Illuminate\\Foundation\\Http\\Kernel->sendRequestThroughRouter()
#58 /var/www/html/laundryApp/public/index.php(51): Illuminate\\Foundation\\Http\\Kernel->handle()
#59 /var/www/html/laundryApp/vendor/laravel/framework/src/Illuminate/Foundation/resources/server.php(16): require_once('...')
#60 {main}
"} 
[2025-12-05 19:48:54] local.INFO: getProducts: {"limit":20,"page":1,"search":null,"status":"all"}  
[2025-12-05 19:48:54] local.INFO: Products fetched response [{"id":2,"product_name":"Badsheet","product_code":"SKU-BED-01","category":"Badsheet","price":0,"expected_life_cycles":100,"quantity":3,"last_activity":{"trans_type":"tag_reassign_in","inward":1,"outward":0,"opening_stock":2,"closing_stock":3,"at":"2025-12-05 16:08:31"}},{"id":3,"product_name":"Pillow Cover","product_code":"SKU-BED-02","category":"Pillow Cover","price":0,"expected_life_cycles":101,"quantity":0,"last_activity":{"trans_type":null,"inward":0,"outward":0,"opening_stock":0,"closing_stock":0,"at":null}},{"id":4,"product_name":"Towel","product_code":"SKU-BED-03","category":"Towel","price":0,"expected_life_cycles":102,"quantity":3,"last_activity":{"trans_type":"tag_reassign_out","inward":0,"outward":1,"opening_stock":4,"closing_stock":3,"at":"2025-12-05 16:08:31"}},{"id":5,"product_name":"Blanket","product_code":"SKU-BED-04","category":"Blanket","price":0,"expected_life_cycles":103,"quantity":0,"last_activity":{"trans_type":null,"inward":0,"outward":0,"opening_stock":0,"closing_stock":0,"at":null}},{"id":6,"product_name":"Patient Gown","product_code":"SKU-BED-05","category":"Patient Gown","price":0,"expected_life_cycles":104,"quantity":0,"last_activity":{"trans_type":null,"inward":0,"outward":0,"opening_stock":0,"closing_stock":0,"at":null}},{"id":1,"product_name":"Badsheet2","product_code":"343453S","category":"Badsheet2","price":0,"expected_life_cycles":100,"quantity":0,"last_activity":{"trans_type":null,"inward":0,"outward":0,"opening_stock":0,"closing_stock":0,"at":null}}]  
[2025-12-05 19:49:00] local.INFO: Fetching tag details for EPC: E2801170000002136AA2DD3F  
[2025-12-05 19:51:08] local.INFO: --- CHECK UPDATE CALLED --- {"incoming_request":{"current_version_code":5,"device_id":"6aea19a76ec5eacc"}} 
[2025-12-05 19:51:08] local.INFO: Validated request {"device_id":"6aea19a76ec5eacc","current_version_code":5} 
[2025-12-05 19:51:08] local.INFO: Device found {"device_id":"6aea19a76ec5eacc","registered_version_code":1,"is_update_required_flag":0} 
[2025-12-05 19:51:08] local.INFO: Device is up to date {"device_id":"6aea19a76ec5eacc","current_version":5} 
[2025-12-05 19:51:11] local.INFO: User login attempt {"license_key":"6AEA-T6QU2L-502F-F6A8-CF02","username":"aditiyakum"} 
[2025-12-05 19:51:11] local.INFO: User login response data {"user_id":51,"data":{"user":{"name":"Bangalore admin","email":"aditiyakum@gmail.com","user_code":"USR-ADKU1CW","location_id":3,"location_name":"Electronic City","working_stages":[],"role":{"App\\Models\\user_management\\Role":{"role_id":13,"role_name":"Palnt Admin","role_code":"ROL-ADIN9A3"}},"api_key":"XDdZMI4IrtC0Wc4XsJI5vzjLrVdrY2U4en3me1ckxhKZDGgnge2VUVbeTHJO"},"permissions":{"users":["create.users","view.users","edit.users","delete.users"],"dashboard":["view.dashboard_admin"],"config_settings":["create.config_settings","view.config_settings","edit.config_settings","delete.config_settings"],"products":["view.products","create.products","edit.products","delete.products"],"reports":["view.reports"],"locations":["locations.view","locations.edit"]},"token":"749|5d1fCeyEYJFfRbqNPncuGnLN2BKYBvxQEgMWT8gX21a66be3"}} 
[2025-12-05 19:51:11] local.INFO: User login successful {"user_id":51,"license_key":"6AEA-T6QU2L-502F-F6A8-CF02"} 
[2025-12-05 19:51:13] local.INFO: --- CHECK UPDATE CALLED --- {"incoming_request":{"current_version_code":5,"device_id":"6aea19a76ec5eacc"}} 
[2025-12-05 19:51:13] local.INFO: Validated request {"device_id":"6aea19a76ec5eacc","current_version_code":5} 
[2025-12-05 19:51:13] local.INFO: Device found {"device_id":"6aea19a76ec5eacc","registered_version_code":1,"is_update_required_flag":0} 
[2025-12-05 19:51:13] local.INFO: Device is up to date {"device_id":"6aea19a76ec5eacc","current_version":5} 
[2025-12-05 19:51:13] local.ERROR: SQLSTATE[42S02]: Base table or view not found: 1146 Table 'loundry_app.product_process_history' doesn't exist (Connection: mysql, SQL: select count(*) as aggregate from (select `h`.`product_id`, `h`.`status`, `h`.`stages`, `h`.`changed_at` from `product_process_history` as `h` inner join (SELECT product_id, MAX(changed_at) as latest_change 
                             FROM product_process_history 
                             GROUP BY product_id) latest on `h`.`product_id` = `latest`.`product_id` and `h`.`changed_at` = `latest`.`latest_change` inner join `rfid_tags` as `p` on `h`.`product_id` = `p`.`id` where `p`.`location_id` = 3) as t where `t`.`changed_at` between 2025-12-05 00:00:00 and 2025-12-05 23:59:59 and `t`.`status` = FAIL) {"userId":51,"exception":"[object] (Illuminate\\Database\\QueryException(code: 42S02): SQLSTATE[42S02]: Base table or view not found: 1146 Table 'loundry_app.product_process_history' doesn't exist (Connection: mysql, SQL: select count(*) as aggregate from (select `h`.`product_id`, `h`.`status`, `h`.`stages`, `h`.`changed_at` from `product_process_history` as `h` inner join (SELECT product_id, MAX(changed_at) as latest_change 
                             FROM product_process_history 
                             GROUP BY product_id) latest on `h`.`product_id` = `latest`.`product_id` and `h`.`changed_at` = `latest`.`latest_change` inner join `rfid_tags` as `p` on `h`.`product_id` = `p`.`id` where `p`.`location_id` = 3) as t where `t`.`changed_at` between 2025-12-05 00:00:00 and 2025-12-05 23:59:59 and `t`.`status` = FAIL) at /var/www/html/laundryApp/vendor/laravel/framework/src/Illuminate/Database/Connection.php:829)
[stacktrace]
#0 /var/www/html/laundryApp/vendor/laravel/framework/src/Illuminate/Database/Connection.php(783): Illuminate\\Database\\Connection->runQueryCallback()
#1 /var/www/html/laundryApp/vendor/laravel/framework/src/Illuminate/Database/Connection.php(414): Illuminate\\Database\\Connection->run()
#2 /var/www/html/laundryApp/vendor/laravel/framework/src/Illuminate/Database/Query/Builder.php(2913): Illuminate\\Database\\Connection->select()
#3 /var/www/html/laundryApp/vendor/laravel/framework/src/Illuminate/Database/Query/Builder.php(2902): Illuminate\\Database\\Query\\Builder->runSelect()
#4 /var/www/html/laundryApp/vendor/laravel/framework/src/Illuminate/Database/Query/Builder.php(3456): Illuminate\\Database\\Query\\Builder->Illuminate\\Database\\Query\\{closure}()
#5 /var/www/html/laundryApp/vendor/laravel/framework/src/Illuminate/Database/Query/Builder.php(2901): Illuminate\\Database\\Query\\Builder->onceWithColumns()
#6 /var/www/html/laundryApp/vendor/laravel/framework/src/Illuminate/Database/Query/Builder.php(3383): Illuminate\\Database\\Query\\Builder->get()
#7 /var/www/html/laundryApp/vendor/laravel/framework/src/Illuminate/Database/Query/Builder.php(3311): Illuminate\\Database\\Query\\Builder->aggregate()
#8 /var/www/html/laundryApp/app/Http/Controllers/Api/DashboardApiController.php(74): Illuminate\\Database\\Query\\Builder->count()
#9 /var/www/html/laundryApp/vendor/laravel/framework/src/Illuminate/Cache/Repository.php(396): App\\Http\\Controllers\\Api\\DashboardApiController->App\\Http\\Controllers\\Api\\{closure}()
#10 /var/www/html/laundryApp/vendor/laravel/framework/src/Illuminate/Cache/CacheManager.php(429): Illuminate\\Cache\\Repository->remember()
#11 /var/www/html/laundryApp/vendor/laravel/framework/src/Illuminate/Support/Facades/Facade.php(355): Illuminate\\Cache\\CacheManager->__call()
#12 /var/www/html/laundryApp/app/Http/Controllers/Api/DashboardApiController.php(42): Illuminate\\Support\\Facades\\Facade::__callStatic()
#13 /var/www/html/laundryApp/vendor/laravel/framework/src/Illuminate/Routing/Controller.php(54): App\\Http\\Controllers\\Api\\DashboardApiController->summary()
#14 /var/www/html/laundryApp/vendor/laravel/framework/src/Illuminate/Routing/ControllerDispatcher.php(43): Illuminate\\Routing\\Controller->callAction()
#15 /var/www/html/laundryApp/vendor/laravel/framework/src/Illuminate/Routing/Route.php(259): Illuminate\\Routing\\ControllerDispatcher->dispatch()
#16 /var/www/html/laundryApp/vendor/laravel/framework/src/Illuminate/Routing/Route.php(205): Illuminate\\Routing\\Route->runController()
#17 /var/www/html/laundryApp/vendor/laravel/framework/src/Illuminate/Routing/Router.php(806): Illuminate\\Routing\\Route->run()
#18 /var/www/html/laundryApp/vendor/laravel/framework/src/Illuminate/Pipeline/Pipeline.php(144): Illuminate\\Routing\\Router->Illuminate\\Routing\\{closure}()
#19 /var/www/html/laundryApp/vendor/laravel/framework/src/Illuminate/Routing/Middleware/SubstituteBindings.php(50): Illuminate\\Pipeline\\Pipeline->Illuminate\\Pipeline\\{closure}()
#20 /var/www/html/laundryApp/vendor/laravel/framework/src/Illuminate/Pipeline/Pipeline.php(183): Illuminate\\Routing\\Middleware\\SubstituteBindings->handle()
#21 /var/www/html/laundryApp/vendor/laravel/framework/src/Illuminate/Routing/Middleware/ThrottleRequests.php(159): Illuminate\\Pipeline\\Pipeline->Illuminate\\Pipeline\\{closure}()
#22 /var/www/html/laundryApp/vendor/laravel/framework/src/Illuminate/Routing/Middleware/ThrottleRequests.php(125): Illuminate\\Routing\\Middleware\\ThrottleRequests->handleRequest()
#23 /var/www/html/laundryApp/vendor/laravel/framework/src/Illuminate/Routing/Middleware/ThrottleRequests.php(87): Illuminate\\Routing\\Middleware\\ThrottleRequests->handleRequestUsingNamedLimiter()
#24 /var/www/html/laundryApp/vendor/laravel/framework/src/Illuminate/Pipeline/Pipeline.php(183): Illuminate\\Routing\\Middleware\\ThrottleRequests->handle()
#25 /var/www/html/laundryApp/vendor/laravel/framework/src/Illuminate/Auth/Middleware/Authenticate.php(57): Illuminate\\Pipeline\\Pipeline->Illuminate\\Pipeline\\{closure}()
#26 /var/www/html/laundryApp/vendor/laravel/framework/src/Illuminate/Pipeline/Pipeline.php(183): Illuminate\\Auth\\Middleware\\Authenticate->handle()
#27 /var/www/html/laundryApp/vendor/laravel/sanctum/src/Http/Middleware/EnsureFrontendRequestsAreStateful.php(25): Illuminate\\Pipeline\\Pipeline->Illuminate\\Pipeline\\{closure}()
#28 /var/www/html/laundryApp/vendor/laravel/framework/src/Illuminate/Pipeline/Pipeline.php(144): Laravel\\Sanctum\\Http\\Middleware\\EnsureFrontendRequestsAreStateful->Laravel\\Sanctum\\Http\\Middleware\\{closure}()
#29 /var/www/html/laundryApp/vendor/laravel/framework/src/Illuminate/Pipeline/Pipeline.php(119): Illuminate\\Pipeline\\Pipeline->Illuminate\\Pipeline\\{closure}()
#30 /var/www/html/laundryApp/vendor/laravel/sanctum/src/Http/Middleware/EnsureFrontendRequestsAreStateful.php(24): Illuminate\\Pipeline\\Pipeline->then()
#31 /var/www/html/laundryApp/vendor/laravel/framework/src/Illuminate/Pipeline/Pipeline.php(183): Laravel\\Sanctum\\Http\\Middleware\\EnsureFrontendRequestsAreStateful->handle()
#32 /var/www/html/laundryApp/vendor/laravel/framework/src/Illuminate/Pipeline/Pipeline.php(119): Illuminate\\Pipeline\\Pipeline->Illuminate\\Pipeline\\{closure}()
#33 /var/www/html/laundryApp/vendor/laravel/framework/src/Illuminate/Routing/Router.php(805): Illuminate\\Pipeline\\Pipeline->then()
#34 /var/www/html/laundryApp/vendor/laravel/framework/src/Illuminate/Routing/Router.php(784): Illuminate\\Routing\\Router->runRouteWithinStack()
#35 /var/www/html/laundryApp/vendor/laravel/framework/src/Illuminate/Routing/Router.php(748): Illuminate\\Routing\\Router->runRoute()
#36 /var/www/html/laundryApp/vendor/laravel/framework/src/Illuminate/Routing/Router.php(737): Illuminate\\Routing\\Router->dispatchToRoute()
#37 /var/www/html/laundryApp/vendor/laravel/framework/src/Illuminate/Foundation/Http/Kernel.php(200): Illuminate\\Routing\\Router->dispatch()
#38 /var/www/html/laundryApp/vendor/laravel/framework/src/Illuminate/Pipeline/Pipeline.php(144): Illuminate\\Foundation\\Http\\Kernel->Illuminate\\Foundation\\Http\\{closure}()
#39 /var/www/html/laundryApp/vendor/laravel/framework/src/Illuminate/Foundation/Http/Middleware/TransformsRequest.php(21): Illuminate\\Pipeline\\Pipeline->Illuminate\\Pipeline\\{closure}()
#40 /var/www/html/laundryApp/vendor/laravel/framework/src/Illuminate/Foundation/Http/Middleware/ConvertEmptyStringsToNull.php(31): Illuminate\\Foundation\\Http\\Middleware\\TransformsRequest->handle()
#41 /var/www/html/laundryApp/vendor/laravel/framework/src/Illuminate/Pipeline/Pipeline.php(183): Illuminate\\Foundation\\Http\\Middleware\\ConvertEmptyStringsToNull->handle()
#42 /var/www/html/laundryApp/vendor/laravel/framework/src/Illuminate/Foundation/Http/Middleware/TransformsRequest.php(21): Illuminate\\Pipeline\\Pipeline->Illuminate\\Pipeline\\{closure}()
#43 /var/www/html/laundryApp/vendor/laravel/framework/src/Illuminate/Foundation/Http/Middleware/TrimStrings.php(40): Illuminate\\Foundation\\Http\\Middleware\\TransformsRequest->handle()
#44 /var/www/html/laundryApp/vendor/laravel/framework/src/Illuminate/Pipeline/Pipeline.php(183): Illuminate\\Foundation\\Http\\Middleware\\TrimStrings->handle()
#45 /var/www/html/laundryApp/vendor/laravel/framework/src/Illuminate/Foundation/Http/Middleware/ValidatePostSize.php(27): Illuminate\\Pipeline\\Pipeline->Illuminate\\Pipeline\\{closure}()
#46 /var/www/html/laundryApp/vendor/laravel/framework/src/Illuminate/Pipeline/Pipeline.php(183): Illuminate\\Foundation\\Http\\Middleware\\ValidatePostSize->handle()
#47 /var/www/html/laundryApp/vendor/laravel/framework/src/Illuminate/Foundation/Http/Middleware/PreventRequestsDuringMaintenance.php(99): Illuminate\\Pipeline\\Pipeline->Illuminate\\Pipeline\\{closure}()
#48 /var/www/html/laundryApp/vendor/laravel/framework/src/Illuminate/Pipeline/Pipeline.php(183): Illuminate\\Foundation\\Http\\Middleware\\PreventRequestsDuringMaintenance->handle()
#49 /var/www/html/laundryApp/vendor/laravel/framework/src/Illuminate/Http/Middleware/HandleCors.php(62): Illuminate\\Pipeline\\Pipeline->Illuminate\\Pipeline\\{closure}()
#50 /var/www/html/laundryApp/vendor/laravel/framework/src/Illuminate/Pipeline/Pipeline.php(183): Illuminate\\Http\\Middleware\\HandleCors->handle()
#51 /var/www/html/laundryApp/vendor/laravel/framework/src/Illuminate/Http/Middleware/TrustProxies.php(39): Illuminate\\Pipeline\\Pipeline->Illuminate\\Pipeline\\{closure}()
#52 /var/www/html/laundryApp/vendor/laravel/framework/src/Illuminate/Pipeline/Pipeline.php(183): Illuminate\\Http\\Middleware\\TrustProxies->handle()
#53 /var/www/html/laundryApp/vendor/laravel/framework/src/Illuminate/Pipeline/Pipeline.php(119): Illuminate\\Pipeline\\Pipeline->Illuminate\\Pipeline\\{closure}()
#54 /var/www/html/laundryApp/vendor/laravel/framework/src/Illuminate/Foundation/Http/Kernel.php(175): Illuminate\\Pipeline\\Pipeline->then()
#55 /var/www/html/laundryApp/vendor/laravel/framework/src/Illuminate/Foundation/Http/Kernel.php(144): Illuminate\\Foundation\\Http\\Kernel->sendRequestThroughRouter()
#56 /var/www/html/laundryApp/public/index.php(51): Illuminate\\Foundation\\Http\\Kernel->handle()
#57 /var/www/html/laundryApp/vendor/laravel/framework/src/Illuminate/Foundation/resources/server.php(16): require_once('...')
#58 {main}

[previous exception] [object] (PDOException(code: 42S02): SQLSTATE[42S02]: Base table or view not found: 1146 Table 'loundry_app.product_process_history' doesn't exist at /var/www/html/laundryApp/vendor/laravel/framework/src/Illuminate/Database/Connection.php:423)
[stacktrace]
#0 /var/www/html/laundryApp/vendor/laravel/framework/src/Illuminate/Database/Connection.php(423): PDO->prepare()
#1 /var/www/html/laundryApp/vendor/laravel/framework/src/Illuminate/Database/Connection.php(816): Illuminate\\Database\\Connection->Illuminate\\Database\\{closure}()
#2 /var/www/html/laundryApp/vendor/laravel/framework/src/Illuminate/Database/Connection.php(783): Illuminate\\Database\\Connection->runQueryCallback()
#3 /var/www/html/laundryApp/vendor/laravel/framework/src/Illuminate/Database/Connection.php(414): Illuminate\\Database\\Connection->run()
#4 /var/www/html/laundryApp/vendor/laravel/framework/src/Illuminate/Database/Query/Builder.php(2913): Illuminate\\Database\\Connection->select()
#5 /var/www/html/laundryApp/vendor/laravel/framework/src/Illuminate/Database/Query/Builder.php(2902): Illuminate\\Database\\Query\\Builder->runSelect()
#6 /var/www/html/laundryApp/vendor/laravel/framework/src/Illuminate/Database/Query/Builder.php(3456): Illuminate\\Database\\Query\\Builder->Illuminate\\Database\\Query\\{closure}()
#7 /var/www/html/laundryApp/vendor/laravel/framework/src/Illuminate/Database/Query/Builder.php(2901): Illuminate\\Database\\Query\\Builder->onceWithColumns()
#8 /var/www/html/laundryApp/vendor/laravel/framework/src/Illuminate/Database/Query/Builder.php(3383): Illuminate\\Database\\Query\\Builder->get()
#9 /var/www/html/laundryApp/vendor/laravel/framework/src/Illuminate/Database/Query/Builder.php(3311): Illuminate\\Database\\Query\\Builder->aggregate()
#10 /var/www/html/laundryApp/app/Http/Controllers/Api/DashboardApiController.php(74): Illuminate\\Database\\Query\\Builder->count()
#11 /var/www/html/laundryApp/vendor/laravel/framework/src/Illuminate/Cache/Repository.php(396): App\\Http\\Controllers\\Api\\DashboardApiController->App\\Http\\Controllers\\Api\\{closure}()
#12 /var/www/html/laundryApp/vendor/laravel/framework/src/Illuminate/Cache/CacheManager.php(429): Illuminate\\Cache\\Repository->remember()
#13 /var/www/html/laundryApp/vendor/laravel/framework/src/Illuminate/Support/Facades/Facade.php(355): Illuminate\\Cache\\CacheManager->__call()
#14 /var/www/html/laundryApp/app/Http/Controllers/Api/DashboardApiController.php(42): Illuminate\\Support\\Facades\\Facade::__callStatic()
#15 /var/www/html/laundryApp/vendor/laravel/framework/src/Illuminate/Routing/Controller.php(54): App\\Http\\Controllers\\Api\\DashboardApiController->summary()
#16 /var/www/html/laundryApp/vendor/laravel/framework/src/Illuminate/Routing/ControllerDispatcher.php(43): Illuminate\\Routing\\Controller->callAction()
#17 /var/www/html/laundryApp/vendor/laravel/framework/src/Illuminate/Routing/Route.php(259): Illuminate\\Routing\\ControllerDispatcher->dispatch()
#18 /var/www/html/laundryApp/vendor/laravel/framework/src/Illuminate/Routing/Route.php(205): Illuminate\\Routing\\Route->runController()
#19 /var/www/html/laundryApp/vendor/laravel/framework/src/Illuminate/Routing/Router.php(806): Illuminate\\Routing\\Route->run()
#20 /var/www/html/laundryApp/vendor/laravel/framework/src/Illuminate/Pipeline/Pipeline.php(144): Illuminate\\Routing\\Router->Illuminate\\Routing\\{closure}()
#21 /var/www/html/laundryApp/vendor/laravel/framework/src/Illuminate/Routing/Middleware/SubstituteBindings.php(50): Illuminate\\Pipeline\\Pipeline->Illuminate\\Pipeline\\{closure}()
#22 /var/www/html/laundryApp/vendor/laravel/framework/src/Illuminate/Pipeline/Pipeline.php(183): Illuminate\\Routing\\Middleware\\SubstituteBindings->handle()
#23 /var/www/html/laundryApp/vendor/laravel/framework/src/Illuminate/Routing/Middleware/ThrottleRequests.php(159): Illuminate\\Pipeline\\Pipeline->Illuminate\\Pipeline\\{closure}()
#24 /var/www/html/laundryApp/vendor/laravel/framework/src/Illuminate/Routing/Middleware/ThrottleRequests.php(125): Illuminate\\Routing\\Middleware\\ThrottleRequests->handleRequest()
#25 /var/www/html/laundryApp/vendor/laravel/framework/src/Illuminate/Routing/Middleware/ThrottleRequests.php(87): Illuminate\\Routing\\Middleware\\ThrottleRequests->handleRequestUsingNamedLimiter()
#26 /var/www/html/laundryApp/vendor/laravel/framework/src/Illuminate/Pipeline/Pipeline.php(183): Illuminate\\Routing\\Middleware\\ThrottleRequests->handle()
#27 /var/www/html/laundryApp/vendor/laravel/framework/src/Illuminate/Auth/Middleware/Authenticate.php(57): Illuminate\\Pipeline\\Pipeline->Illuminate\\Pipeline\\{closure}()
#28 /var/www/html/laundryApp/vendor/laravel/framework/src/Illuminate/Pipeline/Pipeline.php(183): Illuminate\\Auth\\Middleware\\Authenticate->handle()
#29 /var/www/html/laundryApp/vendor/laravel/sanctum/src/Http/Middleware/EnsureFrontendRequestsAreStateful.php(25): Illuminate\\Pipeline\\Pipeline->Illuminate\\Pipeline\\{closure}()
#30 /var/www/html/laundryApp/vendor/laravel/framework/src/Illuminate/Pipeline/Pipeline.php(144): Laravel\\Sanctum\\Http\\Middleware\\EnsureFrontendRequestsAreStateful->Laravel\\Sanctum\\Http\\Middleware\\{closure}()
#31 /var/www/html/laundryApp/vendor/laravel/framework/src/Illuminate/Pipeline/Pipeline.php(119): Illuminate\\Pipeline\\Pipeline->Illuminate\\Pipeline\\{closure}()
#32 /var/www/html/laundryApp/vendor/laravel/sanctum/src/Http/Middleware/EnsureFrontendRequestsAreStateful.php(24): Illuminate\\Pipeline\\Pipeline->then()
#33 /var/www/html/laundryApp/vendor/laravel/framework/src/Illuminate/Pipeline/Pipeline.php(183): Laravel\\Sanctum\\Http\\Middleware\\EnsureFrontendRequestsAreStateful->handle()
#34 /var/www/html/laundryApp/vendor/laravel/framework/src/Illuminate/Pipeline/Pipeline.php(119): Illuminate\\Pipeline\\Pipeline->Illuminate\\Pipeline\\{closure}()
#35 /var/www/html/laundryApp/vendor/laravel/framework/src/Illuminate/Routing/Router.php(805): Illuminate\\Pipeline\\Pipeline->then()
#36 /var/www/html/laundryApp/vendor/laravel/framework/src/Illuminate/Routing/Router.php(784): Illuminate\\Routing\\Router->runRouteWithinStack()
#37 /var/www/html/laundryApp/vendor/laravel/framework/src/Illuminate/Routing/Router.php(748): Illuminate\\Routing\\Router->runRoute()
#38 /var/www/html/laundryApp/vendor/laravel/framework/src/Illuminate/Routing/Router.php(737): Illuminate\\Routing\\Router->dispatchToRoute()
#39 /var/www/html/laundryApp/vendor/laravel/framework/src/Illuminate/Foundation/Http/Kernel.php(200): Illuminate\\Routing\\Router->dispatch()
#40 /var/www/html/laundryApp/vendor/laravel/framework/src/Illuminate/Pipeline/Pipeline.php(144): Illuminate\\Foundation\\Http\\Kernel->Illuminate\\Foundation\\Http\\{closure}()
#41 /var/www/html/laundryApp/vendor/laravel/framework/src/Illuminate/Foundation/Http/Middleware/TransformsRequest.php(21): Illuminate\\Pipeline\\Pipeline->Illuminate\\Pipeline\\{closure}()
#42 /var/www/html/laundryApp/vendor/laravel/framework/src/Illuminate/Foundation/Http/Middleware/ConvertEmptyStringsToNull.php(31): Illuminate\\Foundation\\Http\\Middleware\\TransformsRequest->handle()
#43 /var/www/html/laundryApp/vendor/laravel/framework/src/Illuminate/Pipeline/Pipeline.php(183): Illuminate\\Foundation\\Http\\Middleware\\ConvertEmptyStringsToNull->handle()
#44 /var/www/html/laundryApp/vendor/laravel/framework/src/Illuminate/Foundation/Http/Middleware/TransformsRequest.php(21): Illuminate\\Pipeline\\Pipeline->Illuminate\\Pipeline\\{closure}()
#45 /var/www/html/laundryApp/vendor/laravel/framework/src/Illuminate/Foundation/Http/Middleware/TrimStrings.php(40): Illuminate\\Foundation\\Http\\Middleware\\TransformsRequest->handle()
#46 /var/www/html/laundryApp/vendor/laravel/framework/src/Illuminate/Pipeline/Pipeline.php(183): Illuminate\\Foundation\\Http\\Middleware\\TrimStrings->handle()
#47 /var/www/html/laundryApp/vendor/laravel/framework/src/Illuminate/Foundation/Http/Middleware/ValidatePostSize.php(27): Illuminate\\Pipeline\\Pipeline->Illuminate\\Pipeline\\{closure}()
#48 /var/www/html/laundryApp/vendor/laravel/framework/src/Illuminate/Pipeline/Pipeline.php(183): Illuminate\\Foundation\\Http\\Middleware\\ValidatePostSize->handle()
#49 /var/www/html/laundryApp/vendor/laravel/framework/src/Illuminate/Foundation/Http/Middleware/PreventRequestsDuringMaintenance.php(99): Illuminate\\Pipeline\\Pipeline->Illuminate\\Pipeline\\{closure}()
#50 /var/www/html/laundryApp/vendor/laravel/framework/src/Illuminate/Pipeline/Pipeline.php(183): Illuminate\\Foundation\\Http\\Middleware\\PreventRequestsDuringMaintenance->handle()
#51 /var/www/html/laundryApp/vendor/laravel/framework/src/Illuminate/Http/Middleware/HandleCors.php(62): Illuminate\\Pipeline\\Pipeline->Illuminate\\Pipeline\\{closure}()
#52 /var/www/html/laundryApp/vendor/laravel/framework/src/Illuminate/Pipeline/Pipeline.php(183): Illuminate\\Http\\Middleware\\HandleCors->handle()
#53 /var/www/html/laundryApp/vendor/laravel/framework/src/Illuminate/Http/Middleware/TrustProxies.php(39): Illuminate\\Pipeline\\Pipeline->Illuminate\\Pipeline\\{closure}()
#54 /var/www/html/laundryApp/vendor/laravel/framework/src/Illuminate/Pipeline/Pipeline.php(183): Illuminate\\Http\\Middleware\\TrustProxies->handle()
#55 /var/www/html/laundryApp/vendor/laravel/framework/src/Illuminate/Pipeline/Pipeline.php(119): Illuminate\\Pipeline\\Pipeline->Illuminate\\Pipeline\\{closure}()
#56 /var/www/html/laundryApp/vendor/laravel/framework/src/Illuminate/Foundation/Http/Kernel.php(175): Illuminate\\Pipeline\\Pipeline->then()
#57 /var/www/html/laundryApp/vendor/laravel/framework/src/Illuminate/Foundation/Http/Kernel.php(144): Illuminate\\Foundation\\Http\\Kernel->sendRequestThroughRouter()
#58 /var/www/html/laundryApp/public/index.php(51): Illuminate\\Foundation\\Http\\Kernel->handle()
#59 /var/www/html/laundryApp/vendor/laravel/framework/src/Illuminate/Foundation/resources/server.php(16): require_once('...')
#60 {main}
"} 
[2025-12-05 19:51:15] local.INFO: getProducts: {"limit":20,"page":1,"search":null,"status":"all"}  
[2025-12-05 19:51:15] local.INFO: Products fetched response [{"id":2,"product_name":"Badsheet","product_code":"SKU-BED-01","category":"Badsheet","price":0,"expected_life_cycles":100,"quantity":3,"last_activity":{"trans_type":"tag_reassign_in","inward":1,"outward":0,"opening_stock":2,"closing_stock":3,"at":"2025-12-05 16:08:31"}},{"id":3,"product_name":"Pillow Cover","product_code":"SKU-BED-02","category":"Pillow Cover","price":0,"expected_life_cycles":101,"quantity":0,"last_activity":{"trans_type":null,"inward":0,"outward":0,"opening_stock":0,"closing_stock":0,"at":null}},{"id":4,"product_name":"Towel","product_code":"SKU-BED-03","category":"Towel","price":0,"expected_life_cycles":102,"quantity":3,"last_activity":{"trans_type":"tag_reassign_out","inward":0,"outward":1,"opening_stock":4,"closing_stock":3,"at":"2025-12-05 16:08:31"}},{"id":5,"product_name":"Blanket","product_code":"SKU-BED-04","category":"Blanket","price":0,"expected_life_cycles":103,"quantity":0,"last_activity":{"trans_type":null,"inward":0,"outward":0,"opening_stock":0,"closing_stock":0,"at":null}},{"id":6,"product_name":"Patient Gown","product_code":"SKU-BED-05","category":"Patient Gown","price":0,"expected_life_cycles":104,"quantity":0,"last_activity":{"trans_type":null,"inward":0,"outward":0,"opening_stock":0,"closing_stock":0,"at":null}},{"id":1,"product_name":"Badsheet2","product_code":"343453S","category":"Badsheet2","price":0,"expected_life_cycles":100,"quantity":0,"last_activity":{"trans_type":null,"inward":0,"outward":0,"opening_stock":0,"closing_stock":0,"at":null}}]  
[2025-12-05 19:53:11] local.INFO: getProducts: {"limit":20,"page":1,"search":"t","status":"all"}  
[2025-12-05 19:53:11] local.INFO: Products fetched response [{"id":2,"product_name":"Badsheet","product_code":"SKU-BED-01","category":"Badsheet","price":0,"expected_life_cycles":100,"quantity":3,"last_activity":{"trans_type":"tag_reassign_in","inward":1,"outward":0,"opening_stock":2,"closing_stock":3,"at":"2025-12-05 16:08:31"}},{"id":4,"product_name":"Towel","product_code":"SKU-BED-03","category":"Towel","price":0,"expected_life_cycles":102,"quantity":3,"last_activity":{"trans_type":"tag_reassign_out","inward":0,"outward":1,"opening_stock":4,"closing_stock":3,"at":"2025-12-05 16:08:31"}},{"id":5,"product_name":"Blanket","product_code":"SKU-BED-04","category":"Blanket","price":0,"expected_life_cycles":103,"quantity":0,"last_activity":{"trans_type":null,"inward":0,"outward":0,"opening_stock":0,"closing_stock":0,"at":null}},{"id":6,"product_name":"Patient Gown","product_code":"SKU-BED-05","category":"Patient Gown","price":0,"expected_life_cycles":104,"quantity":0,"last_activity":{"trans_type":null,"inward":0,"outward":0,"opening_stock":0,"closing_stock":0,"at":null}},{"id":1,"product_name":"Badsheet2","product_code":"343453S","category":"Badsheet2","price":0,"expected_life_cycles":100,"quantity":0,"last_activity":{"trans_type":null,"inward":0,"outward":0,"opening_stock":0,"closing_stock":0,"at":null}}]  
[2025-12-05 19:53:12] local.INFO: getProducts: {"limit":20,"page":1,"search":"to","status":"all"}  
[2025-12-05 19:53:12] local.INFO: Products fetched response [{"id":4,"product_name":"Towel","product_code":"SKU-BED-03","category":"Towel","price":0,"expected_life_cycles":102,"quantity":3,"last_activity":{"trans_type":"tag_reassign_out","inward":0,"outward":1,"opening_stock":4,"closing_stock":3,"at":"2025-12-05 16:08:31"}}]  
[2025-12-05 19:53:54] local.INFO: User login attempt {"license_key":"6AEA-T6QU2L-502F-F6A8-CF02","username":"aditiyakum"} 
[2025-12-05 19:53:54] local.INFO: User login response data {"user_id":51,"data":{"user":{"name":"Bangalore admin","email":"aditiyakum@gmail.com","user_code":"USR-ADKU1CW","location_id":3,"location_name":"Electronic City","working_stages":[],"role":{"App\\Models\\user_management\\Role":{"role_id":13,"role_name":"Palnt Admin","role_code":"ROL-ADIN9A3"}},"api_key":"XDdZMI4IrtC0Wc4XsJI5vzjLrVdrY2U4en3me1ckxhKZDGgnge2VUVbeTHJO"},"permissions":{"users":["create.users","view.users","edit.users","delete.users"],"dashboard":["view.dashboard_admin"],"config_settings":["create.config_settings","view.config_settings","edit.config_settings","delete.config_settings"],"products":["view.products","create.products","edit.products","delete.products"],"reports":["view.reports"],"locations":["locations.view","locations.edit"]},"token":"750|YM7iRzHRqRUfuXKdAjURyMGaygeu2r6ZwdQ4xHVv02e85b84"}} 
[2025-12-05 19:53:54] local.INFO: User login successful {"user_id":51,"license_key":"6AEA-T6QU2L-502F-F6A8-CF02"} 
[2025-12-05 19:53:56] local.INFO: --- CHECK UPDATE CALLED --- {"incoming_request":{"current_version_code":5,"device_id":"6aea19a76ec5eacc"}} 
[2025-12-05 19:53:56] local.INFO: Validated request {"device_id":"6aea19a76ec5eacc","current_version_code":5} 
[2025-12-05 19:53:56] local.INFO: Device found {"device_id":"6aea19a76ec5eacc","registered_version_code":1,"is_update_required_flag":0} 
[2025-12-05 19:53:56] local.INFO: Device is up to date {"device_id":"6aea19a76ec5eacc","current_version":5} 
[2025-12-05 19:53:56] local.ERROR: SQLSTATE[42S02]: Base table or view not found: 1146 Table 'loundry_app.product_process_history' doesn't exist (Connection: mysql, SQL: select count(*) as aggregate from (select `h`.`product_id`, `h`.`status`, `h`.`stages`, `h`.`changed_at` from `product_process_history` as `h` inner join (SELECT product_id, MAX(changed_at) as latest_change 
                             FROM product_process_history 
                             GROUP BY product_id) latest on `h`.`product_id` = `latest`.`product_id` and `h`.`changed_at` = `latest`.`latest_change` inner join `rfid_tags` as `p` on `h`.`product_id` = `p`.`id` where `p`.`location_id` = 3) as t where `t`.`changed_at` between 2025-12-05 00:00:00 and 2025-12-05 23:59:59 and `t`.`status` = FAIL) {"userId":51,"exception":"[object] (Illuminate\\Database\\QueryException(code: 42S02): SQLSTATE[42S02]: Base table or view not found: 1146 Table 'loundry_app.product_process_history' doesn't exist (Connection: mysql, SQL: select count(*) as aggregate from (select `h`.`product_id`, `h`.`status`, `h`.`stages`, `h`.`changed_at` from `product_process_history` as `h` inner join (SELECT product_id, MAX(changed_at) as latest_change 
                             FROM product_process_history 
                             GROUP BY product_id) latest on `h`.`product_id` = `latest`.`product_id` and `h`.`changed_at` = `latest`.`latest_change` inner join `rfid_tags` as `p` on `h`.`product_id` = `p`.`id` where `p`.`location_id` = 3) as t where `t`.`changed_at` between 2025-12-05 00:00:00 and 2025-12-05 23:59:59 and `t`.`status` = FAIL) at /var/www/html/laundryApp/vendor/laravel/framework/src/Illuminate/Database/Connection.php:829)
[stacktrace]
#0 /var/www/html/laundryApp/vendor/laravel/framework/src/Illuminate/Database/Connection.php(783): Illuminate\\Database\\Connection->runQueryCallback()
#1 /var/www/html/laundryApp/vendor/laravel/framework/src/Illuminate/Database/Connection.php(414): Illuminate\\Database\\Connection->run()
#2 /var/www/html/laundryApp/vendor/laravel/framework/src/Illuminate/Database/Query/Builder.php(2913): Illuminate\\Database\\Connection->select()
#3 /var/www/html/laundryApp/vendor/laravel/framework/src/Illuminate/Database/Query/Builder.php(2902): Illuminate\\Database\\Query\\Builder->runSelect()
#4 /var/www/html/laundryApp/vendor/laravel/framework/src/Illuminate/Database/Query/Builder.php(3456): Illuminate\\Database\\Query\\Builder->Illuminate\\Database\\Query\\{closure}()
#5 /var/www/html/laundryApp/vendor/laravel/framework/src/Illuminate/Database/Query/Builder.php(2901): Illuminate\\Database\\Query\\Builder->onceWithColumns()
#6 /var/www/html/laundryApp/vendor/laravel/framework/src/Illuminate/Database/Query/Builder.php(3383): Illuminate\\Database\\Query\\Builder->get()
#7 /var/www/html/laundryApp/vendor/laravel/framework/src/Illuminate/Database/Query/Builder.php(3311): Illuminate\\Database\\Query\\Builder->aggregate()
#8 /var/www/html/laundryApp/app/Http/Controllers/Api/DashboardApiController.php(74): Illuminate\\Database\\Query\\Builder->count()
#9 /var/www/html/laundryApp/vendor/laravel/framework/src/Illuminate/Cache/Repository.php(396): App\\Http\\Controllers\\Api\\DashboardApiController->App\\Http\\Controllers\\Api\\{closure}()
#10 /var/www/html/laundryApp/vendor/laravel/framework/src/Illuminate/Cache/CacheManager.php(429): Illuminate\\Cache\\Repository->remember()
#11 /var/www/html/laundryApp/vendor/laravel/framework/src/Illuminate/Support/Facades/Facade.php(355): Illuminate\\Cache\\CacheManager->__call()
#12 /var/www/html/laundryApp/app/Http/Controllers/Api/DashboardApiController.php(42): Illuminate\\Support\\Facades\\Facade::__callStatic()
#13 /var/www/html/laundryApp/vendor/laravel/framework/src/Illuminate/Routing/Controller.php(54): App\\Http\\Controllers\\Api\\DashboardApiController->summary()
#14 /var/www/html/laundryApp/vendor/laravel/framework/src/Illuminate/Routing/ControllerDispatcher.php(43): Illuminate\\Routing\\Controller->callAction()
#15 /var/www/html/laundryApp/vendor/laravel/framework/src/Illuminate/Routing/Route.php(259): Illuminate\\Routing\\ControllerDispatcher->dispatch()
#16 /var/www/html/laundryApp/vendor/laravel/framework/src/Illuminate/Routing/Route.php(205): Illuminate\\Routing\\Route->runController()
#17 /var/www/html/laundryApp/vendor/laravel/framework/src/Illuminate/Routing/Router.php(806): Illuminate\\Routing\\Route->run()
#18 /var/www/html/laundryApp/vendor/laravel/framework/src/Illuminate/Pipeline/Pipeline.php(144): Illuminate\\Routing\\Router->Illuminate\\Routing\\{closure}()
#19 /var/www/html/laundryApp/vendor/laravel/framework/src/Illuminate/Routing/Middleware/SubstituteBindings.php(50): Illuminate\\Pipeline\\Pipeline->Illuminate\\Pipeline\\{closure}()
#20 /var/www/html/laundryApp/vendor/laravel/framework/src/Illuminate/Pipeline/Pipeline.php(183): Illuminate\\Routing\\Middleware\\SubstituteBindings->handle()
#21 /var/www/html/laundryApp/vendor/laravel/framework/src/Illuminate/Routing/Middleware/ThrottleRequests.php(159): Illuminate\\Pipeline\\Pipeline->Illuminate\\Pipeline\\{closure}()
#22 /var/www/html/laundryApp/vendor/laravel/framework/src/Illuminate/Routing/Middleware/ThrottleRequests.php(125): Illuminate\\Routing\\Middleware\\ThrottleRequests->handleRequest()
#23 /var/www/html/laundryApp/vendor/laravel/framework/src/Illuminate/Routing/Middleware/ThrottleRequests.php(87): Illuminate\\Routing\\Middleware\\ThrottleRequests->handleRequestUsingNamedLimiter()
#24 /var/www/html/laundryApp/vendor/laravel/framework/src/Illuminate/Pipeline/Pipeline.php(183): Illuminate\\Routing\\Middleware\\ThrottleRequests->handle()
#25 /var/www/html/laundryApp/vendor/laravel/framework/src/Illuminate/Auth/Middleware/Authenticate.php(57): Illuminate\\Pipeline\\Pipeline->Illuminate\\Pipeline\\{closure}()
#26 /var/www/html/laundryApp/vendor/laravel/framework/src/Illuminate/Pipeline/Pipeline.php(183): Illuminate\\Auth\\Middleware\\Authenticate->handle()
#27 /var/www/html/laundryApp/vendor/laravel/sanctum/src/Http/Middleware/EnsureFrontendRequestsAreStateful.php(25): Illuminate\\Pipeline\\Pipeline->Illuminate\\Pipeline\\{closure}()
#28 /var/www/html/laundryApp/vendor/laravel/framework/src/Illuminate/Pipeline/Pipeline.php(144): Laravel\\Sanctum\\Http\\Middleware\\EnsureFrontendRequestsAreStateful->Laravel\\Sanctum\\Http\\Middleware\\{closure}()
#29 /var/www/html/laundryApp/vendor/laravel/framework/src/Illuminate/Pipeline/Pipeline.php(119): Illuminate\\Pipeline\\Pipeline->Illuminate\\Pipeline\\{closure}()
#30 /var/www/html/laundryApp/vendor/laravel/sanctum/src/Http/Middleware/EnsureFrontendRequestsAreStateful.php(24): Illuminate\\Pipeline\\Pipeline->then()
#31 /var/www/html/laundryApp/vendor/laravel/framework/src/Illuminate/Pipeline/Pipeline.php(183): Laravel\\Sanctum\\Http\\Middleware\\EnsureFrontendRequestsAreStateful->handle()
#32 /var/www/html/laundryApp/vendor/laravel/framework/src/Illuminate/Pipeline/Pipeline.php(119): Illuminate\\Pipeline\\Pipeline->Illuminate\\Pipeline\\{closure}()
#33 /var/www/html/laundryApp/vendor/laravel/framework/src/Illuminate/Routing/Router.php(805): Illuminate\\Pipeline\\Pipeline->then()
#34 /var/www/html/laundryApp/vendor/laravel/framework/src/Illuminate/Routing/Router.php(784): Illuminate\\Routing\\Router->runRouteWithinStack()
#35 /var/www/html/laundryApp/vendor/laravel/framework/src/Illuminate/Routing/Router.php(748): Illuminate\\Routing\\Router->runRoute()
#36 /var/www/html/laundryApp/vendor/laravel/framework/src/Illuminate/Routing/Router.php(737): Illuminate\\Routing\\Router->dispatchToRoute()
#37 /var/www/html/laundryApp/vendor/laravel/framework/src/Illuminate/Foundation/Http/Kernel.php(200): Illuminate\\Routing\\Router->dispatch()
#38 /var/www/html/laundryApp/vendor/laravel/framework/src/Illuminate/Pipeline/Pipeline.php(144): Illuminate\\Foundation\\Http\\Kernel->Illuminate\\Foundation\\Http\\{closure}()
#39 /var/www/html/laundryApp/vendor/laravel/framework/src/Illuminate/Foundation/Http/Middleware/TransformsRequest.php(21): Illuminate\\Pipeline\\Pipeline->Illuminate\\Pipeline\\{closure}()
#40 /var/www/html/laundryApp/vendor/laravel/framework/src/Illuminate/Foundation/Http/Middleware/ConvertEmptyStringsToNull.php(31): Illuminate\\Foundation\\Http\\Middleware\\TransformsRequest->handle()
#41 /var/www/html/laundryApp/vendor/laravel/framework/src/Illuminate/Pipeline/Pipeline.php(183): Illuminate\\Foundation\\Http\\Middleware\\ConvertEmptyStringsToNull->handle()
#42 /var/www/html/laundryApp/vendor/laravel/framework/src/Illuminate/Foundation/Http/Middleware/TransformsRequest.php(21): Illuminate\\Pipeline\\Pipeline->Illuminate\\Pipeline\\{closure}()
#43 /var/www/html/laundryApp/vendor/laravel/framework/src/Illuminate/Foundation/Http/Middleware/TrimStrings.php(40): Illuminate\\Foundation\\Http\\Middleware\\TransformsRequest->handle()
#44 /var/www/html/laundryApp/vendor/laravel/framework/src/Illuminate/Pipeline/Pipeline.php(183): Illuminate\\Foundation\\Http\\Middleware\\TrimStrings->handle()
#45 /var/www/html/laundryApp/vendor/laravel/framework/src/Illuminate/Foundation/Http/Middleware/ValidatePostSize.php(27): Illuminate\\Pipeline\\Pipeline->Illuminate\\Pipeline\\{closure}()
#46 /var/www/html/laundryApp/vendor/laravel/framework/src/Illuminate/Pipeline/Pipeline.php(183): Illuminate\\Foundation\\Http\\Middleware\\ValidatePostSize->handle()
#47 /var/www/html/laundryApp/vendor/laravel/framework/src/Illuminate/Foundation/Http/Middleware/PreventRequestsDuringMaintenance.php(99): Illuminate\\Pipeline\\Pipeline->Illuminate\\Pipeline\\{closure}()
#48 /var/www/html/laundryApp/vendor/laravel/framework/src/Illuminate/Pipeline/Pipeline.php(183): Illuminate\\Foundation\\Http\\Middleware\\PreventRequestsDuringMaintenance->handle()
#49 /var/www/html/laundryApp/vendor/laravel/framework/src/Illuminate/Http/Middleware/HandleCors.php(62): Illuminate\\Pipeline\\Pipeline->Illuminate\\Pipeline\\{closure}()
#50 /var/www/html/laundryApp/vendor/laravel/framework/src/Illuminate/Pipeline/Pipeline.php(183): Illuminate\\Http\\Middleware\\HandleCors->handle()
#51 /var/www/html/laundryApp/vendor/laravel/framework/src/Illuminate/Http/Middleware/TrustProxies.php(39): Illuminate\\Pipeline\\Pipeline->Illuminate\\Pipeline\\{closure}()
#52 /var/www/html/laundryApp/vendor/laravel/framework/src/Illuminate/Pipeline/Pipeline.php(183): Illuminate\\Http\\Middleware\\TrustProxies->handle()
#53 /var/www/html/laundryApp/vendor/laravel/framework/src/Illuminate/Pipeline/Pipeline.php(119): Illuminate\\Pipeline\\Pipeline->Illuminate\\Pipeline\\{closure}()
#54 /var/www/html/laundryApp/vendor/laravel/framework/src/Illuminate/Foundation/Http/Kernel.php(175): Illuminate\\Pipeline\\Pipeline->then()
#55 /var/www/html/laundryApp/vendor/laravel/framework/src/Illuminate/Foundation/Http/Kernel.php(144): Illuminate\\Foundation\\Http\\Kernel->sendRequestThroughRouter()
#56 /var/www/html/laundryApp/public/index.php(51): Illuminate\\Foundation\\Http\\Kernel->handle()
#57 /var/www/html/laundryApp/vendor/laravel/framework/src/Illuminate/Foundation/resources/server.php(16): require_once('...')
#58 {main}

[previous exception] [object] (PDOException(code: 42S02): SQLSTATE[42S02]: Base table or view not found: 1146 Table 'loundry_app.product_process_history' doesn't exist at /var/www/html/laundryApp/vendor/laravel/framework/src/Illuminate/Database/Connection.php:423)
[stacktrace]
#0 /var/www/html/laundryApp/vendor/laravel/framework/src/Illuminate/Database/Connection.php(423): PDO->prepare()
#1 /var/www/html/laundryApp/vendor/laravel/framework/src/Illuminate/Database/Connection.php(816): Illuminate\\Database\\Connection->Illuminate\\Database\\{closure}()
#2 /var/www/html/laundryApp/vendor/laravel/framework/src/Illuminate/Database/Connection.php(783): Illuminate\\Database\\Connection->runQueryCallback()
#3 /var/www/html/laundryApp/vendor/laravel/framework/src/Illuminate/Database/Connection.php(414): Illuminate\\Database\\Connection->run()
#4 /var/www/html/laundryApp/vendor/laravel/framework/src/Illuminate/Database/Query/Builder.php(2913): Illuminate\\Database\\Connection->select()
#5 /var/www/html/laundryApp/vendor/laravel/framework/src/Illuminate/Database/Query/Builder.php(2902): Illuminate\\Database\\Query\\Builder->runSelect()
#6 /var/www/html/laundryApp/vendor/laravel/framework/src/Illuminate/Database/Query/Builder.php(3456): Illuminate\\Database\\Query\\Builder->Illuminate\\Database\\Query\\{closure}()
#7 /var/www/html/laundryApp/vendor/laravel/framework/src/Illuminate/Database/Query/Builder.php(2901): Illuminate\\Database\\Query\\Builder->onceWithColumns()
#8 /var/www/html/laundryApp/vendor/laravel/framework/src/Illuminate/Database/Query/Builder.php(3383): Illuminate\\Database\\Query\\Builder->get()
#9 /var/www/html/laundryApp/vendor/laravel/framework/src/Illuminate/Database/Query/Builder.php(3311): Illuminate\\Database\\Query\\Builder->aggregate()
#10 /var/www/html/laundryApp/app/Http/Controllers/Api/DashboardApiController.php(74): Illuminate\\Database\\Query\\Builder->count()
#11 /var/www/html/laundryApp/vendor/laravel/framework/src/Illuminate/Cache/Repository.php(396): App\\Http\\Controllers\\Api\\DashboardApiController->App\\Http\\Controllers\\Api\\{closure}()
#12 /var/www/html/laundryApp/vendor/laravel/framework/src/Illuminate/Cache/CacheManager.php(429): Illuminate\\Cache\\Repository->remember()
#13 /var/www/html/laundryApp/vendor/laravel/framework/src/Illuminate/Support/Facades/Facade.php(355): Illuminate\\Cache\\CacheManager->__call()
#14 /var/www/html/laundryApp/app/Http/Controllers/Api/DashboardApiController.php(42): Illuminate\\Support\\Facades\\Facade::__callStatic()
#15 /var/www/html/laundryApp/vendor/laravel/framework/src/Illuminate/Routing/Controller.php(54): App\\Http\\Controllers\\Api\\DashboardApiController->summary()
#16 /var/www/html/laundryApp/vendor/laravel/framework/src/Illuminate/Routing/ControllerDispatcher.php(43): Illuminate\\Routing\\Controller->callAction()
#17 /var/www/html/laundryApp/vendor/laravel/framework/src/Illuminate/Routing/Route.php(259): Illuminate\\Routing\\ControllerDispatcher->dispatch()
#18 /var/www/html/laundryApp/vendor/laravel/framework/src/Illuminate/Routing/Route.php(205): Illuminate\\Routing\\Route->runController()
#19 /var/www/html/laundryApp/vendor/laravel/framework/src/Illuminate/Routing/Router.php(806): Illuminate\\Routing\\Route->run()
#20 /var/www/html/laundryApp/vendor/laravel/framework/src/Illuminate/Pipeline/Pipeline.php(144): Illuminate\\Routing\\Router->Illuminate\\Routing\\{closure}()
#21 /var/www/html/laundryApp/vendor/laravel/framework/src/Illuminate/Routing/Middleware/SubstituteBindings.php(50): Illuminate\\Pipeline\\Pipeline->Illuminate\\Pipeline\\{closure}()
#22 /var/www/html/laundryApp/vendor/laravel/framework/src/Illuminate/Pipeline/Pipeline.php(183): Illuminate\\Routing\\Middleware\\SubstituteBindings->handle()
#23 /var/www/html/laundryApp/vendor/laravel/framework/src/Illuminate/Routing/Middleware/ThrottleRequests.php(159): Illuminate\\Pipeline\\Pipeline->Illuminate\\Pipeline\\{closure}()
#24 /var/www/html/laundryApp/vendor/laravel/framework/src/Illuminate/Routing/Middleware/ThrottleRequests.php(125): Illuminate\\Routing\\Middleware\\ThrottleRequests->handleRequest()
#25 /var/www/html/laundryApp/vendor/laravel/framework/src/Illuminate/Routing/Middleware/ThrottleRequests.php(87): Illuminate\\Routing\\Middleware\\ThrottleRequests->handleRequestUsingNamedLimiter()
#26 /var/www/html/laundryApp/vendor/laravel/framework/src/Illuminate/Pipeline/Pipeline.php(183): Illuminate\\Routing\\Middleware\\ThrottleRequests->handle()
#27 /var/www/html/laundryApp/vendor/laravel/framework/src/Illuminate/Auth/Middleware/Authenticate.php(57): Illuminate\\Pipeline\\Pipeline->Illuminate\\Pipeline\\{closure}()
#28 /var/www/html/laundryApp/vendor/laravel/framework/src/Illuminate/Pipeline/Pipeline.php(183): Illuminate\\Auth\\Middleware\\Authenticate->handle()
#29 /var/www/html/laundryApp/vendor/laravel/sanctum/src/Http/Middleware/EnsureFrontendRequestsAreStateful.php(25): Illuminate\\Pipeline\\Pipeline->Illuminate\\Pipeline\\{closure}()
#30 /var/www/html/laundryApp/vendor/laravel/framework/src/Illuminate/Pipeline/Pipeline.php(144): Laravel\\Sanctum\\Http\\Middleware\\EnsureFrontendRequestsAreStateful->Laravel\\Sanctum\\Http\\Middleware\\{closure}()
#31 /var/www/html/laundryApp/vendor/laravel/framework/src/Illuminate/Pipeline/Pipeline.php(119): Illuminate\\Pipeline\\Pipeline->Illuminate\\Pipeline\\{closure}()
#32 /var/www/html/laundryApp/vendor/laravel/sanctum/src/Http/Middleware/EnsureFrontendRequestsAreStateful.php(24): Illuminate\\Pipeline\\Pipeline->then()
#33 /var/www/html/laundryApp/vendor/laravel/framework/src/Illuminate/Pipeline/Pipeline.php(183): Laravel\\Sanctum\\Http\\Middleware\\EnsureFrontendRequestsAreStateful->handle()
#34 /var/www/html/laundryApp/vendor/laravel/framework/src/Illuminate/Pipeline/Pipeline.php(119): Illuminate\\Pipeline\\Pipeline->Illuminate\\Pipeline\\{closure}()
#35 /var/www/html/laundryApp/vendor/laravel/framework/src/Illuminate/Routing/Router.php(805): Illuminate\\Pipeline\\Pipeline->then()
#36 /var/www/html/laundryApp/vendor/laravel/framework/src/Illuminate/Routing/Router.php(784): Illuminate\\Routing\\Router->runRouteWithinStack()
#37 /var/www/html/laundryApp/vendor/laravel/framework/src/Illuminate/Routing/Router.php(748): Illuminate\\Routing\\Router->runRoute()
#38 /var/www/html/laundryApp/vendor/laravel/framework/src/Illuminate/Routing/Router.php(737): Illuminate\\Routing\\Router->dispatchToRoute()
#39 /var/www/html/laundryApp/vendor/laravel/framework/src/Illuminate/Foundation/Http/Kernel.php(200): Illuminate\\Routing\\Router->dispatch()
#40 /var/www/html/laundryApp/vendor/laravel/framework/src/Illuminate/Pipeline/Pipeline.php(144): Illuminate\\Foundation\\Http\\Kernel->Illuminate\\Foundation\\Http\\{closure}()
#41 /var/www/html/laundryApp/vendor/laravel/framework/src/Illuminate/Foundation/Http/Middleware/TransformsRequest.php(21): Illuminate\\Pipeline\\Pipeline->Illuminate\\Pipeline\\{closure}()
#42 /var/www/html/laundryApp/vendor/laravel/framework/src/Illuminate/Foundation/Http/Middleware/ConvertEmptyStringsToNull.php(31): Illuminate\\Foundation\\Http\\Middleware\\TransformsRequest->handle()
#43 /var/www/html/laundryApp/vendor/laravel/framework/src/Illuminate/Pipeline/Pipeline.php(183): Illuminate\\Foundation\\Http\\Middleware\\ConvertEmptyStringsToNull->handle()
#44 /var/www/html/laundryApp/vendor/laravel/framework/src/Illuminate/Foundation/Http/Middleware/TransformsRequest.php(21): Illuminate\\Pipeline\\Pipeline->Illuminate\\Pipeline\\{closure}()
#45 /var/www/html/laundryApp/vendor/laravel/framework/src/Illuminate/Foundation/Http/Middleware/TrimStrings.php(40): Illuminate\\Foundation\\Http\\Middleware\\TransformsRequest->handle()
#46 /var/www/html/laundryApp/vendor/laravel/framework/src/Illuminate/Pipeline/Pipeline.php(183): Illuminate\\Foundation\\Http\\Middleware\\TrimStrings->handle()
#47 /var/www/html/laundryApp/vendor/laravel/framework/src/Illuminate/Foundation/Http/Middleware/ValidatePostSize.php(27): Illuminate\\Pipeline\\Pipeline->Illuminate\\Pipeline\\{closure}()
#48 /var/www/html/laundryApp/vendor/laravel/framework/src/Illuminate/Pipeline/Pipeline.php(183): Illuminate\\Foundation\\Http\\Middleware\\ValidatePostSize->handle()
#49 /var/www/html/laundryApp/vendor/laravel/framework/src/Illuminate/Foundation/Http/Middleware/PreventRequestsDuringMaintenance.php(99): Illuminate\\Pipeline\\Pipeline->Illuminate\\Pipeline\\{closure}()
#50 /var/www/html/laundryApp/vendor/laravel/framework/src/Illuminate/Pipeline/Pipeline.php(183): Illuminate\\Foundation\\Http\\Middleware\\PreventRequestsDuringMaintenance->handle()
#51 /var/www/html/laundryApp/vendor/laravel/framework/src/Illuminate/Http/Middleware/HandleCors.php(62): Illuminate\\Pipeline\\Pipeline->Illuminate\\Pipeline\\{closure}()
#52 /var/www/html/laundryApp/vendor/laravel/framework/src/Illuminate/Pipeline/Pipeline.php(183): Illuminate\\Http\\Middleware\\HandleCors->handle()
#53 /var/www/html/laundryApp/vendor/laravel/framework/src/Illuminate/Http/Middleware/TrustProxies.php(39): Illuminate\\Pipeline\\Pipeline->Illuminate\\Pipeline\\{closure}()
#54 /var/www/html/laundryApp/vendor/laravel/framework/src/Illuminate/Pipeline/Pipeline.php(183): Illuminate\\Http\\Middleware\\TrustProxies->handle()
#55 /var/www/html/laundryApp/vendor/laravel/framework/src/Illuminate/Pipeline/Pipeline.php(119): Illuminate\\Pipeline\\Pipeline->Illuminate\\Pipeline\\{closure}()
#56 /var/www/html/laundryApp/vendor/laravel/framework/src/Illuminate/Foundation/Http/Kernel.php(175): Illuminate\\Pipeline\\Pipeline->then()
#57 /var/www/html/laundryApp/vendor/laravel/framework/src/Illuminate/Foundation/Http/Kernel.php(144): Illuminate\\Foundation\\Http\\Kernel->sendRequestThroughRouter()
#58 /var/www/html/laundryApp/public/index.php(51): Illuminate\\Foundation\\Http\\Kernel->handle()
#59 /var/www/html/laundryApp/vendor/laravel/framework/src/Illuminate/Foundation/resources/server.php(16): require_once('...')
#60 {main}
"} 
[2025-12-05 19:54:04] local.ERROR: SQLSTATE[42S02]: Base table or view not found: 1146 Table 'loundry_app.product_process_history' doesn't exist (Connection: mysql, SQL: select count(*) as aggregate from (select `h`.`product_id`, `h`.`status`, `h`.`stages`, `h`.`changed_at` from `product_process_history` as `h` inner join (SELECT product_id, MAX(changed_at) as latest_change 
                             FROM product_process_history 
                             GROUP BY product_id) latest on `h`.`product_id` = `latest`.`product_id` and `h`.`changed_at` = `latest`.`latest_change` inner join `rfid_tags` as `p` on `h`.`product_id` = `p`.`id` where `p`.`location_id` = 3) as t where `t`.`changed_at` between 2025-12-05 00:00:00 and 2025-12-05 23:59:59 and `t`.`status` = FAIL) {"userId":51,"exception":"[object] (Illuminate\\Database\\QueryException(code: 42S02): SQLSTATE[42S02]: Base table or view not found: 1146 Table 'loundry_app.product_process_history' doesn't exist (Connection: mysql, SQL: select count(*) as aggregate from (select `h`.`product_id`, `h`.`status`, `h`.`stages`, `h`.`changed_at` from `product_process_history` as `h` inner join (SELECT product_id, MAX(changed_at) as latest_change 
                             FROM product_process_history 
                             GROUP BY product_id) latest on `h`.`product_id` = `latest`.`product_id` and `h`.`changed_at` = `latest`.`latest_change` inner join `rfid_tags` as `p` on `h`.`product_id` = `p`.`id` where `p`.`location_id` = 3) as t where `t`.`changed_at` between 2025-12-05 00:00:00 and 2025-12-05 23:59:59 and `t`.`status` = FAIL) at /var/www/html/laundryApp/vendor/laravel/framework/src/Illuminate/Database/Connection.php:829)
[stacktrace]
#0 /var/www/html/laundryApp/vendor/laravel/framework/src/Illuminate/Database/Connection.php(783): Illuminate\\Database\\Connection->runQueryCallback()
#1 /var/www/html/laundryApp/vendor/laravel/framework/src/Illuminate/Database/Connection.php(414): Illuminate\\Database\\Connection->run()
#2 /var/www/html/laundryApp/vendor/laravel/framework/src/Illuminate/Database/Query/Builder.php(2913): Illuminate\\Database\\Connection->select()
#3 /var/www/html/laundryApp/vendor/laravel/framework/src/Illuminate/Database/Query/Builder.php(2902): Illuminate\\Database\\Query\\Builder->runSelect()
#4 /var/www/html/laundryApp/vendor/laravel/framework/src/Illuminate/Database/Query/Builder.php(3456): Illuminate\\Database\\Query\\Builder->Illuminate\\Database\\Query\\{closure}()
#5 /var/www/html/laundryApp/vendor/laravel/framework/src/Illuminate/Database/Query/Builder.php(2901): Illuminate\\Database\\Query\\Builder->onceWithColumns()
#6 /var/www/html/laundryApp/vendor/laravel/framework/src/Illuminate/Database/Query/Builder.php(3383): Illuminate\\Database\\Query\\Builder->get()
#7 /var/www/html/laundryApp/vendor/laravel/framework/src/Illuminate/Database/Query/Builder.php(3311): Illuminate\\Database\\Query\\Builder->aggregate()
#8 /var/www/html/laundryApp/app/Http/Controllers/Api/DashboardApiController.php(74): Illuminate\\Database\\Query\\Builder->count()
#9 /var/www/html/laundryApp/vendor/laravel/framework/src/Illuminate/Cache/Repository.php(396): App\\Http\\Controllers\\Api\\DashboardApiController->App\\Http\\Controllers\\Api\\{closure}()
#10 /var/www/html/laundryApp/vendor/laravel/framework/src/Illuminate/Cache/CacheManager.php(429): Illuminate\\Cache\\Repository->remember()
#11 /var/www/html/laundryApp/vendor/laravel/framework/src/Illuminate/Support/Facades/Facade.php(355): Illuminate\\Cache\\CacheManager->__call()
#12 /var/www/html/laundryApp/app/Http/Controllers/Api/DashboardApiController.php(42): Illuminate\\Support\\Facades\\Facade::__callStatic()
#13 /var/www/html/laundryApp/vendor/laravel/framework/src/Illuminate/Routing/Controller.php(54): App\\Http\\Controllers\\Api\\DashboardApiController->summary()
#14 /var/www/html/laundryApp/vendor/laravel/framework/src/Illuminate/Routing/ControllerDispatcher.php(43): Illuminate\\Routing\\Controller->callAction()
#15 /var/www/html/laundryApp/vendor/laravel/framework/src/Illuminate/Routing/Route.php(259): Illuminate\\Routing\\ControllerDispatcher->dispatch()
#16 /var/www/html/laundryApp/vendor/laravel/framework/src/Illuminate/Routing/Route.php(205): Illuminate\\Routing\\Route->runController()
#17 /var/www/html/laundryApp/vendor/laravel/framework/src/Illuminate/Routing/Router.php(806): Illuminate\\Routing\\Route->run()
#18 /var/www/html/laundryApp/vendor/laravel/framework/src/Illuminate/Pipeline/Pipeline.php(144): Illuminate\\Routing\\Router->Illuminate\\Routing\\{closure}()
#19 /var/www/html/laundryApp/vendor/laravel/framework/src/Illuminate/Routing/Middleware/SubstituteBindings.php(50): Illuminate\\Pipeline\\Pipeline->Illuminate\\Pipeline\\{closure}()
#20 /var/www/html/laundryApp/vendor/laravel/framework/src/Illuminate/Pipeline/Pipeline.php(183): Illuminate\\Routing\\Middleware\\SubstituteBindings->handle()
#21 /var/www/html/laundryApp/vendor/laravel/framework/src/Illuminate/Routing/Middleware/ThrottleRequests.php(159): Illuminate\\Pipeline\\Pipeline->Illuminate\\Pipeline\\{closure}()
#22 /var/www/html/laundryApp/vendor/laravel/framework/src/Illuminate/Routing/Middleware/ThrottleRequests.php(125): Illuminate\\Routing\\Middleware\\ThrottleRequests->handleRequest()
#23 /var/www/html/laundryApp/vendor/laravel/framework/src/Illuminate/Routing/Middleware/ThrottleRequests.php(87): Illuminate\\Routing\\Middleware\\ThrottleRequests->handleRequestUsingNamedLimiter()
#24 /var/www/html/laundryApp/vendor/laravel/framework/src/Illuminate/Pipeline/Pipeline.php(183): Illuminate\\Routing\\Middleware\\ThrottleRequests->handle()
#25 /var/www/html/laundryApp/vendor/laravel/framework/src/Illuminate/Auth/Middleware/Authenticate.php(57): Illuminate\\Pipeline\\Pipeline->Illuminate\\Pipeline\\{closure}()
#26 /var/www/html/laundryApp/vendor/laravel/framework/src/Illuminate/Pipeline/Pipeline.php(183): Illuminate\\Auth\\Middleware\\Authenticate->handle()
#27 /var/www/html/laundryApp/vendor/laravel/sanctum/src/Http/Middleware/EnsureFrontendRequestsAreStateful.php(25): Illuminate\\Pipeline\\Pipeline->Illuminate\\Pipeline\\{closure}()
#28 /var/www/html/laundryApp/vendor/laravel/framework/src/Illuminate/Pipeline/Pipeline.php(144): Laravel\\Sanctum\\Http\\Middleware\\EnsureFrontendRequestsAreStateful->Laravel\\Sanctum\\Http\\Middleware\\{closure}()
#29 /var/www/html/laundryApp/vendor/laravel/framework/src/Illuminate/Pipeline/Pipeline.php(119): Illuminate\\Pipeline\\Pipeline->Illuminate\\Pipeline\\{closure}()
#30 /var/www/html/laundryApp/vendor/laravel/sanctum/src/Http/Middleware/EnsureFrontendRequestsAreStateful.php(24): Illuminate\\Pipeline\\Pipeline->then()
#31 /var/www/html/laundryApp/vendor/laravel/framework/src/Illuminate/Pipeline/Pipeline.php(183): Laravel\\Sanctum\\Http\\Middleware\\EnsureFrontendRequestsAreStateful->handle()
#32 /var/www/html/laundryApp/vendor/laravel/framework/src/Illuminate/Pipeline/Pipeline.php(119): Illuminate\\Pipeline\\Pipeline->Illuminate\\Pipeline\\{closure}()
#33 /var/www/html/laundryApp/vendor/laravel/framework/src/Illuminate/Routing/Router.php(805): Illuminate\\Pipeline\\Pipeline->then()
#34 /var/www/html/laundryApp/vendor/laravel/framework/src/Illuminate/Routing/Router.php(784): Illuminate\\Routing\\Router->runRouteWithinStack()
#35 /var/www/html/laundryApp/vendor/laravel/framework/src/Illuminate/Routing/Router.php(748): Illuminate\\Routing\\Router->runRoute()
#36 /var/www/html/laundryApp/vendor/laravel/framework/src/Illuminate/Routing/Router.php(737): Illuminate\\Routing\\Router->dispatchToRoute()
#37 /var/www/html/laundryApp/vendor/laravel/framework/src/Illuminate/Foundation/Http/Kernel.php(200): Illuminate\\Routing\\Router->dispatch()
#38 /var/www/html/laundryApp/vendor/laravel/framework/src/Illuminate/Pipeline/Pipeline.php(144): Illuminate\\Foundation\\Http\\Kernel->Illuminate\\Foundation\\Http\\{closure}()
#39 /var/www/html/laundryApp/vendor/laravel/framework/src/Illuminate/Foundation/Http/Middleware/TransformsRequest.php(21): Illuminate\\Pipeline\\Pipeline->Illuminate\\Pipeline\\{closure}()
#40 /var/www/html/laundryApp/vendor/laravel/framework/src/Illuminate/Foundation/Http/Middleware/ConvertEmptyStringsToNull.php(31): Illuminate\\Foundation\\Http\\Middleware\\TransformsRequest->handle()
#41 /var/www/html/laundryApp/vendor/laravel/framework/src/Illuminate/Pipeline/Pipeline.php(183): Illuminate\\Foundation\\Http\\Middleware\\ConvertEmptyStringsToNull->handle()
#42 /var/www/html/laundryApp/vendor/laravel/framework/src/Illuminate/Foundation/Http/Middleware/TransformsRequest.php(21): Illuminate\\Pipeline\\Pipeline->Illuminate\\Pipeline\\{closure}()
#43 /var/www/html/laundryApp/vendor/laravel/framework/src/Illuminate/Foundation/Http/Middleware/TrimStrings.php(40): Illuminate\\Foundation\\Http\\Middleware\\TransformsRequest->handle()
#44 /var/www/html/laundryApp/vendor/laravel/framework/src/Illuminate/Pipeline/Pipeline.php(183): Illuminate\\Foundation\\Http\\Middleware\\TrimStrings->handle()
#45 /var/www/html/laundryApp/vendor/laravel/framework/src/Illuminate/Foundation/Http/Middleware/ValidatePostSize.php(27): Illuminate\\Pipeline\\Pipeline->Illuminate\\Pipeline\\{closure}()
#46 /var/www/html/laundryApp/vendor/laravel/framework/src/Illuminate/Pipeline/Pipeline.php(183): Illuminate\\Foundation\\Http\\Middleware\\ValidatePostSize->handle()
#47 /var/www/html/laundryApp/vendor/laravel/framework/src/Illuminate/Foundation/Http/Middleware/PreventRequestsDuringMaintenance.php(99): Illuminate\\Pipeline\\Pipeline->Illuminate\\Pipeline\\{closure}()
#48 /var/www/html/laundryApp/vendor/laravel/framework/src/Illuminate/Pipeline/Pipeline.php(183): Illuminate\\Foundation\\Http\\Middleware\\PreventRequestsDuringMaintenance->handle()
#49 /var/www/html/laundryApp/vendor/laravel/framework/src/Illuminate/Http/Middleware/HandleCors.php(62): Illuminate\\Pipeline\\Pipeline->Illuminate\\Pipeline\\{closure}()
#50 /var/www/html/laundryApp/vendor/laravel/framework/src/Illuminate/Pipeline/Pipeline.php(183): Illuminate\\Http\\Middleware\\HandleCors->handle()
#51 /var/www/html/laundryApp/vendor/laravel/framework/src/Illuminate/Http/Middleware/TrustProxies.php(39): Illuminate\\Pipeline\\Pipeline->Illuminate\\Pipeline\\{closure}()
#52 /var/www/html/laundryApp/vendor/laravel/framework/src/Illuminate/Pipeline/Pipeline.php(183): Illuminate\\Http\\Middleware\\TrustProxies->handle()
#53 /var/www/html/laundryApp/vendor/laravel/framework/src/Illuminate/Pipeline/Pipeline.php(119): Illuminate\\Pipeline\\Pipeline->Illuminate\\Pipeline\\{closure}()
#54 /var/www/html/laundryApp/vendor/laravel/framework/src/Illuminate/Foundation/Http/Kernel.php(175): Illuminate\\Pipeline\\Pipeline->then()
#55 /var/www/html/laundryApp/vendor/laravel/framework/src/Illuminate/Foundation/Http/Kernel.php(144): Illuminate\\Foundation\\Http\\Kernel->sendRequestThroughRouter()
#56 /var/www/html/laundryApp/public/index.php(51): Illuminate\\Foundation\\Http\\Kernel->handle()
#57 /var/www/html/laundryApp/vendor/laravel/framework/src/Illuminate/Foundation/resources/server.php(16): require_once('...')
#58 {main}

[previous exception] [object] (PDOException(code: 42S02): SQLSTATE[42S02]: Base table or view not found: 1146 Table 'loundry_app.product_process_history' doesn't exist at /var/www/html/laundryApp/vendor/laravel/framework/src/Illuminate/Database/Connection.php:423)
[stacktrace]
#0 /var/www/html/laundryApp/vendor/laravel/framework/src/Illuminate/Database/Connection.php(423): PDO->prepare()
#1 /var/www/html/laundryApp/vendor/laravel/framework/src/Illuminate/Database/Connection.php(816): Illuminate\\Database\\Connection->Illuminate\\Database\\{closure}()
#2 /var/www/html/laundryApp/vendor/laravel/framework/src/Illuminate/Database/Connection.php(783): Illuminate\\Database\\Connection->runQueryCallback()
#3 /var/www/html/laundryApp/vendor/laravel/framework/src/Illuminate/Database/Connection.php(414): Illuminate\\Database\\Connection->run()
#4 /var/www/html/laundryApp/vendor/laravel/framework/src/Illuminate/Database/Query/Builder.php(2913): Illuminate\\Database\\Connection->select()
#5 /var/www/html/laundryApp/vendor/laravel/framework/src/Illuminate/Database/Query/Builder.php(2902): Illuminate\\Database\\Query\\Builder->runSelect()
#6 /var/www/html/laundryApp/vendor/laravel/framework/src/Illuminate/Database/Query/Builder.php(3456): Illuminate\\Database\\Query\\Builder->Illuminate\\Database\\Query\\{closure}()
#7 /var/www/html/laundryApp/vendor/laravel/framework/src/Illuminate/Database/Query/Builder.php(2901): Illuminate\\Database\\Query\\Builder->onceWithColumns()
#8 /var/www/html/laundryApp/vendor/laravel/framework/src/Illuminate/Database/Query/Builder.php(3383): Illuminate\\Database\\Query\\Builder->get()
#9 /var/www/html/laundryApp/vendor/laravel/framework/src/Illuminate/Database/Query/Builder.php(3311): Illuminate\\Database\\Query\\Builder->aggregate()
#10 /var/www/html/laundryApp/app/Http/Controllers/Api/DashboardApiController.php(74): Illuminate\\Database\\Query\\Builder->count()
#11 /var/www/html/laundryApp/vendor/laravel/framework/src/Illuminate/Cache/Repository.php(396): App\\Http\\Controllers\\Api\\DashboardApiController->App\\Http\\Controllers\\Api\\{closure}()
#12 /var/www/html/laundryApp/vendor/laravel/framework/src/Illuminate/Cache/CacheManager.php(429): Illuminate\\Cache\\Repository->remember()
#13 /var/www/html/laundryApp/vendor/laravel/framework/src/Illuminate/Support/Facades/Facade.php(355): Illuminate\\Cache\\CacheManager->__call()
#14 /var/www/html/laundryApp/app/Http/Controllers/Api/DashboardApiController.php(42): Illuminate\\Support\\Facades\\Facade::__callStatic()
#15 /var/www/html/laundryApp/vendor/laravel/framework/src/Illuminate/Routing/Controller.php(54): App\\Http\\Controllers\\Api\\DashboardApiController->summary()
#16 /var/www/html/laundryApp/vendor/laravel/framework/src/Illuminate/Routing/ControllerDispatcher.php(43): Illuminate\\Routing\\Controller->callAction()
#17 /var/www/html/laundryApp/vendor/laravel/framework/src/Illuminate/Routing/Route.php(259): Illuminate\\Routing\\ControllerDispatcher->dispatch()
#18 /var/www/html/laundryApp/vendor/laravel/framework/src/Illuminate/Routing/Route.php(205): Illuminate\\Routing\\Route->runController()
#19 /var/www/html/laundryApp/vendor/laravel/framework/src/Illuminate/Routing/Router.php(806): Illuminate\\Routing\\Route->run()
#20 /var/www/html/laundryApp/vendor/laravel/framework/src/Illuminate/Pipeline/Pipeline.php(144): Illuminate\\Routing\\Router->Illuminate\\Routing\\{closure}()
#21 /var/www/html/laundryApp/vendor/laravel/framework/src/Illuminate/Routing/Middleware/SubstituteBindings.php(50): Illuminate\\Pipeline\\Pipeline->Illuminate\\Pipeline\\{closure}()
#22 /var/www/html/laundryApp/vendor/laravel/framework/src/Illuminate/Pipeline/Pipeline.php(183): Illuminate\\Routing\\Middleware\\SubstituteBindings->handle()
#23 /var/www/html/laundryApp/vendor/laravel/framework/src/Illuminate/Routing/Middleware/ThrottleRequests.php(159): Illuminate\\Pipeline\\Pipeline->Illuminate\\Pipeline\\{closure}()
#24 /var/www/html/laundryApp/vendor/laravel/framework/src/Illuminate/Routing/Middleware/ThrottleRequests.php(125): Illuminate\\Routing\\Middleware\\ThrottleRequests->handleRequest()
#25 /var/www/html/laundryApp/vendor/laravel/framework/src/Illuminate/Routing/Middleware/ThrottleRequests.php(87): Illuminate\\Routing\\Middleware\\ThrottleRequests->handleRequestUsingNamedLimiter()
#26 /var/www/html/laundryApp/vendor/laravel/framework/src/Illuminate/Pipeline/Pipeline.php(183): Illuminate\\Routing\\Middleware\\ThrottleRequests->handle()
#27 /var/www/html/laundryApp/vendor/laravel/framework/src/Illuminate/Auth/Middleware/Authenticate.php(57): Illuminate\\Pipeline\\Pipeline->Illuminate\\Pipeline\\{closure}()
#28 /var/www/html/laundryApp/vendor/laravel/framework/src/Illuminate/Pipeline/Pipeline.php(183): Illuminate\\Auth\\Middleware\\Authenticate->handle()
#29 /var/www/html/laundryApp/vendor/laravel/sanctum/src/Http/Middleware/EnsureFrontendRequestsAreStateful.php(25): Illuminate\\Pipeline\\Pipeline->Illuminate\\Pipeline\\{closure}()
#30 /var/www/html/laundryApp/vendor/laravel/framework/src/Illuminate/Pipeline/Pipeline.php(144): Laravel\\Sanctum\\Http\\Middleware\\EnsureFrontendRequestsAreStateful->Laravel\\Sanctum\\Http\\Middleware\\{closure}()
#31 /var/www/html/laundryApp/vendor/laravel/framework/src/Illuminate/Pipeline/Pipeline.php(119): Illuminate\\Pipeline\\Pipeline->Illuminate\\Pipeline\\{closure}()
#32 /var/www/html/laundryApp/vendor/laravel/sanctum/src/Http/Middleware/EnsureFrontendRequestsAreStateful.php(24): Illuminate\\Pipeline\\Pipeline->then()
#33 /var/www/html/laundryApp/vendor/laravel/framework/src/Illuminate/Pipeline/Pipeline.php(183): Laravel\\Sanctum\\Http\\Middleware\\EnsureFrontendRequestsAreStateful->handle()
#34 /var/www/html/laundryApp/vendor/laravel/framework/src/Illuminate/Pipeline/Pipeline.php(119): Illuminate\\Pipeline\\Pipeline->Illuminate\\Pipeline\\{closure}()
#35 /var/www/html/laundryApp/vendor/laravel/framework/src/Illuminate/Routing/Router.php(805): Illuminate\\Pipeline\\Pipeline->then()
#36 /var/www/html/laundryApp/vendor/laravel/framework/src/Illuminate/Routing/Router.php(784): Illuminate\\Routing\\Router->runRouteWithinStack()
#37 /var/www/html/laundryApp/vendor/laravel/framework/src/Illuminate/Routing/Router.php(748): Illuminate\\Routing\\Router->runRoute()
#38 /var/www/html/laundryApp/vendor/laravel/framework/src/Illuminate/Routing/Router.php(737): Illuminate\\Routing\\Router->dispatchToRoute()
#39 /var/www/html/laundryApp/vendor/laravel/framework/src/Illuminate/Foundation/Http/Kernel.php(200): Illuminate\\Routing\\Router->dispatch()
#40 /var/www/html/laundryApp/vendor/laravel/framework/src/Illuminate/Pipeline/Pipeline.php(144): Illuminate\\Foundation\\Http\\Kernel->Illuminate\\Foundation\\Http\\{closure}()
#41 /var/www/html/laundryApp/vendor/laravel/framework/src/Illuminate/Foundation/Http/Middleware/TransformsRequest.php(21): Illuminate\\Pipeline\\Pipeline->Illuminate\\Pipeline\\{closure}()
#42 /var/www/html/laundryApp/vendor/laravel/framework/src/Illuminate/Foundation/Http/Middleware/ConvertEmptyStringsToNull.php(31): Illuminate\\Foundation\\Http\\Middleware\\TransformsRequest->handle()
#43 /var/www/html/laundryApp/vendor/laravel/framework/src/Illuminate/Pipeline/Pipeline.php(183): Illuminate\\Foundation\\Http\\Middleware\\ConvertEmptyStringsToNull->handle()
#44 /var/www/html/laundryApp/vendor/laravel/framework/src/Illuminate/Foundation/Http/Middleware/TransformsRequest.php(21): Illuminate\\Pipeline\\Pipeline->Illuminate\\Pipeline\\{closure}()
#45 /var/www/html/laundryApp/vendor/laravel/framework/src/Illuminate/Foundation/Http/Middleware/TrimStrings.php(40): Illuminate\\Foundation\\Http\\Middleware\\TransformsRequest->handle()
#46 /var/www/html/laundryApp/vendor/laravel/framework/src/Illuminate/Pipeline/Pipeline.php(183): Illuminate\\Foundation\\Http\\Middleware\\TrimStrings->handle()
#47 /var/www/html/laundryApp/vendor/laravel/framework/src/Illuminate/Foundation/Http/Middleware/ValidatePostSize.php(27): Illuminate\\Pipeline\\Pipeline->Illuminate\\Pipeline\\{closure}()
#48 /var/www/html/laundryApp/vendor/laravel/framework/src/Illuminate/Pipeline/Pipeline.php(183): Illuminate\\Foundation\\Http\\Middleware\\ValidatePostSize->handle()
#49 /var/www/html/laundryApp/vendor/laravel/framework/src/Illuminate/Foundation/Http/Middleware/PreventRequestsDuringMaintenance.php(99): Illuminate\\Pipeline\\Pipeline->Illuminate\\Pipeline\\{closure}()
#50 /var/www/html/laundryApp/vendor/laravel/framework/src/Illuminate/Pipeline/Pipeline.php(183): Illuminate\\Foundation\\Http\\Middleware\\PreventRequestsDuringMaintenance->handle()
#51 /var/www/html/laundryApp/vendor/laravel/framework/src/Illuminate/Http/Middleware/HandleCors.php(62): Illuminate\\Pipeline\\Pipeline->Illuminate\\Pipeline\\{closure}()
#52 /var/www/html/laundryApp/vendor/laravel/framework/src/Illuminate/Pipeline/Pipeline.php(183): Illuminate\\Http\\Middleware\\HandleCors->handle()
#53 /var/www/html/laundryApp/vendor/laravel/framework/src/Illuminate/Http/Middleware/TrustProxies.php(39): Illuminate\\Pipeline\\Pipeline->Illuminate\\Pipeline\\{closure}()
#54 /var/www/html/laundryApp/vendor/laravel/framework/src/Illuminate/Pipeline/Pipeline.php(183): Illuminate\\Http\\Middleware\\TrustProxies->handle()
#55 /var/www/html/laundryApp/vendor/laravel/framework/src/Illuminate/Pipeline/Pipeline.php(119): Illuminate\\Pipeline\\Pipeline->Illuminate\\Pipeline\\{closure}()
#56 /var/www/html/laundryApp/vendor/laravel/framework/src/Illuminate/Foundation/Http/Kernel.php(175): Illuminate\\Pipeline\\Pipeline->then()
#57 /var/www/html/laundryApp/vendor/laravel/framework/src/Illuminate/Foundation/Http/Kernel.php(144): Illuminate\\Foundation\\Http\\Kernel->sendRequestThroughRouter()
#58 /var/www/html/laundryApp/public/index.php(51): Illuminate\\Foundation\\Http\\Kernel->handle()
#59 /var/www/html/laundryApp/vendor/laravel/framework/src/Illuminate/Foundation/resources/server.php(16): require_once('...')
#60 {main}
"} 
[2025-12-05 19:54:12] local.ERROR: SQLSTATE[42S02]: Base table or view not found: 1146 Table 'loundry_app.product_process_history' doesn't exist (Connection: mysql, SQL: select count(*) as aggregate from (select `h`.`product_id`, `h`.`status`, `h`.`stages`, `h`.`changed_at` from `product_process_history` as `h` inner join (SELECT product_id, MAX(changed_at) as latest_change 
                             FROM product_process_history 
                             GROUP BY product_id) latest on `h`.`product_id` = `latest`.`product_id` and `h`.`changed_at` = `latest`.`latest_change` inner join `rfid_tags` as `p` on `h`.`product_id` = `p`.`id` where `p`.`location_id` = 3) as t where `t`.`changed_at` between 2025-12-05 00:00:00 and 2025-12-05 23:59:59 and `t`.`status` = FAIL) {"userId":51,"exception":"[object] (Illuminate\\Database\\QueryException(code: 42S02): SQLSTATE[42S02]: Base table or view not found: 1146 Table 'loundry_app.product_process_history' doesn't exist (Connection: mysql, SQL: select count(*) as aggregate from (select `h`.`product_id`, `h`.`status`, `h`.`stages`, `h`.`changed_at` from `product_process_history` as `h` inner join (SELECT product_id, MAX(changed_at) as latest_change 
                             FROM product_process_history 
                             GROUP BY product_id) latest on `h`.`product_id` = `latest`.`product_id` and `h`.`changed_at` = `latest`.`latest_change` inner join `rfid_tags` as `p` on `h`.`product_id` = `p`.`id` where `p`.`location_id` = 3) as t where `t`.`changed_at` between 2025-12-05 00:00:00 and 2025-12-05 23:59:59 and `t`.`status` = FAIL) at /var/www/html/laundryApp/vendor/laravel/framework/src/Illuminate/Database/Connection.php:829)
[stacktrace]
#0 /var/www/html/laundryApp/vendor/laravel/framework/src/Illuminate/Database/Connection.php(783): Illuminate\\Database\\Connection->runQueryCallback()
#1 /var/www/html/laundryApp/vendor/laravel/framework/src/Illuminate/Database/Connection.php(414): Illuminate\\Database\\Connection->run()
#2 /var/www/html/laundryApp/vendor/laravel/framework/src/Illuminate/Database/Query/Builder.php(2913): Illuminate\\Database\\Connection->select()
#3 /var/www/html/laundryApp/vendor/laravel/framework/src/Illuminate/Database/Query/Builder.php(2902): Illuminate\\Database\\Query\\Builder->runSelect()
#4 /var/www/html/laundryApp/vendor/laravel/framework/src/Illuminate/Database/Query/Builder.php(3456): Illuminate\\Database\\Query\\Builder->Illuminate\\Database\\Query\\{closure}()
#5 /var/www/html/laundryApp/vendor/laravel/framework/src/Illuminate/Database/Query/Builder.php(2901): Illuminate\\Database\\Query\\Builder->onceWithColumns()
#6 /var/www/html/laundryApp/vendor/laravel/framework/src/Illuminate/Database/Query/Builder.php(3383): Illuminate\\Database\\Query\\Builder->get()
#7 /var/www/html/laundryApp/vendor/laravel/framework/src/Illuminate/Database/Query/Builder.php(3311): Illuminate\\Database\\Query\\Builder->aggregate()
#8 /var/www/html/laundryApp/app/Http/Controllers/Api/DashboardApiController.php(74): Illuminate\\Database\\Query\\Builder->count()
#9 /var/www/html/laundryApp/vendor/laravel/framework/src/Illuminate/Cache/Repository.php(396): App\\Http\\Controllers\\Api\\DashboardApiController->App\\Http\\Controllers\\Api\\{closure}()
#10 /var/www/html/laundryApp/vendor/laravel/framework/src/Illuminate/Cache/CacheManager.php(429): Illuminate\\Cache\\Repository->remember()
#11 /var/www/html/laundryApp/vendor/laravel/framework/src/Illuminate/Support/Facades/Facade.php(355): Illuminate\\Cache\\CacheManager->__call()
#12 /var/www/html/laundryApp/app/Http/Controllers/Api/DashboardApiController.php(42): Illuminate\\Support\\Facades\\Facade::__callStatic()
#13 /var/www/html/laundryApp/vendor/laravel/framework/src/Illuminate/Routing/Controller.php(54): App\\Http\\Controllers\\Api\\DashboardApiController->summary()
#14 /var/www/html/laundryApp/vendor/laravel/framework/src/Illuminate/Routing/ControllerDispatcher.php(43): Illuminate\\Routing\\Controller->callAction()
#15 /var/www/html/laundryApp/vendor/laravel/framework/src/Illuminate/Routing/Route.php(259): Illuminate\\Routing\\ControllerDispatcher->dispatch()
#16 /var/www/html/laundryApp/vendor/laravel/framework/src/Illuminate/Routing/Route.php(205): Illuminate\\Routing\\Route->runController()
#17 /var/www/html/laundryApp/vendor/laravel/framework/src/Illuminate/Routing/Router.php(806): Illuminate\\Routing\\Route->run()
#18 /var/www/html/laundryApp/vendor/laravel/framework/src/Illuminate/Pipeline/Pipeline.php(144): Illuminate\\Routing\\Router->Illuminate\\Routing\\{closure}()
#19 /var/www/html/laundryApp/vendor/laravel/framework/src/Illuminate/Routing/Middleware/SubstituteBindings.php(50): Illuminate\\Pipeline\\Pipeline->Illuminate\\Pipeline\\{closure}()
#20 /var/www/html/laundryApp/vendor/laravel/framework/src/Illuminate/Pipeline/Pipeline.php(183): Illuminate\\Routing\\Middleware\\SubstituteBindings->handle()
#21 /var/www/html/laundryApp/vendor/laravel/framework/src/Illuminate/Routing/Middleware/ThrottleRequests.php(159): Illuminate\\Pipeline\\Pipeline->Illuminate\\Pipeline\\{closure}()
#22 /var/www/html/laundryApp/vendor/laravel/framework/src/Illuminate/Routing/Middleware/ThrottleRequests.php(125): Illuminate\\Routing\\Middleware\\ThrottleRequests->handleRequest()
#23 /var/www/html/laundryApp/vendor/laravel/framework/src/Illuminate/Routing/Middleware/ThrottleRequests.php(87): Illuminate\\Routing\\Middleware\\ThrottleRequests->handleRequestUsingNamedLimiter()
#24 /var/www/html/laundryApp/vendor/laravel/framework/src/Illuminate/Pipeline/Pipeline.php(183): Illuminate\\Routing\\Middleware\\ThrottleRequests->handle()
#25 /var/www/html/laundryApp/vendor/laravel/framework/src/Illuminate/Auth/Middleware/Authenticate.php(57): Illuminate\\Pipeline\\Pipeline->Illuminate\\Pipeline\\{closure}()
#26 /var/www/html/laundryApp/vendor/laravel/framework/src/Illuminate/Pipeline/Pipeline.php(183): Illuminate\\Auth\\Middleware\\Authenticate->handle()
#27 /var/www/html/laundryApp/vendor/laravel/sanctum/src/Http/Middleware/EnsureFrontendRequestsAreStateful.php(25): Illuminate\\Pipeline\\Pipeline->Illuminate\\Pipeline\\{closure}()
#28 /var/www/html/laundryApp/vendor/laravel/framework/src/Illuminate/Pipeline/Pipeline.php(144): Laravel\\Sanctum\\Http\\Middleware\\EnsureFrontendRequestsAreStateful->Laravel\\Sanctum\\Http\\Middleware\\{closure}()
#29 /var/www/html/laundryApp/vendor/laravel/framework/src/Illuminate/Pipeline/Pipeline.php(119): Illuminate\\Pipeline\\Pipeline->Illuminate\\Pipeline\\{closure}()
#30 /var/www/html/laundryApp/vendor/laravel/sanctum/src/Http/Middleware/EnsureFrontendRequestsAreStateful.php(24): Illuminate\\Pipeline\\Pipeline->then()
#31 /var/www/html/laundryApp/vendor/laravel/framework/src/Illuminate/Pipeline/Pipeline.php(183): Laravel\\Sanctum\\Http\\Middleware\\EnsureFrontendRequestsAreStateful->handle()
#32 /var/www/html/laundryApp/vendor/laravel/framework/src/Illuminate/Pipeline/Pipeline.php(119): Illuminate\\Pipeline\\Pipeline->Illuminate\\Pipeline\\{closure}()
#33 /var/www/html/laundryApp/vendor/laravel/framework/src/Illuminate/Routing/Router.php(805): Illuminate\\Pipeline\\Pipeline->then()
#34 /var/www/html/laundryApp/vendor/laravel/framework/src/Illuminate/Routing/Router.php(784): Illuminate\\Routing\\Router->runRouteWithinStack()
#35 /var/www/html/laundryApp/vendor/laravel/framework/src/Illuminate/Routing/Router.php(748): Illuminate\\Routing\\Router->runRoute()
#36 /var/www/html/laundryApp/vendor/laravel/framework/src/Illuminate/Routing/Router.php(737): Illuminate\\Routing\\Router->dispatchToRoute()
#37 /var/www/html/laundryApp/vendor/laravel/framework/src/Illuminate/Foundation/Http/Kernel.php(200): Illuminate\\Routing\\Router->dispatch()
#38 /var/www/html/laundryApp/vendor/laravel/framework/src/Illuminate/Pipeline/Pipeline.php(144): Illuminate\\Foundation\\Http\\Kernel->Illuminate\\Foundation\\Http\\{closure}()
#39 /var/www/html/laundryApp/vendor/laravel/framework/src/Illuminate/Foundation/Http/Middleware/TransformsRequest.php(21): Illuminate\\Pipeline\\Pipeline->Illuminate\\Pipeline\\{closure}()
#40 /var/www/html/laundryApp/vendor/laravel/framework/src/Illuminate/Foundation/Http/Middleware/ConvertEmptyStringsToNull.php(31): Illuminate\\Foundation\\Http\\Middleware\\TransformsRequest->handle()
#41 /var/www/html/laundryApp/vendor/laravel/framework/src/Illuminate/Pipeline/Pipeline.php(183): Illuminate\\Foundation\\Http\\Middleware\\ConvertEmptyStringsToNull->handle()
#42 /var/www/html/laundryApp/vendor/laravel/framework/src/Illuminate/Foundation/Http/Middleware/TransformsRequest.php(21): Illuminate\\Pipeline\\Pipeline->Illuminate\\Pipeline\\{closure}()
#43 /var/www/html/laundryApp/vendor/laravel/framework/src/Illuminate/Foundation/Http/Middleware/TrimStrings.php(40): Illuminate\\Foundation\\Http\\Middleware\\TransformsRequest->handle()
#44 /var/www/html/laundryApp/vendor/laravel/framework/src/Illuminate/Pipeline/Pipeline.php(183): Illuminate\\Foundation\\Http\\Middleware\\TrimStrings->handle()
#45 /var/www/html/laundryApp/vendor/laravel/framework/src/Illuminate/Foundation/Http/Middleware/ValidatePostSize.php(27): Illuminate\\Pipeline\\Pipeline->Illuminate\\Pipeline\\{closure}()
#46 /var/www/html/laundryApp/vendor/laravel/framework/src/Illuminate/Pipeline/Pipeline.php(183): Illuminate\\Foundation\\Http\\Middleware\\ValidatePostSize->handle()
#47 /var/www/html/laundryApp/vendor/laravel/framework/src/Illuminate/Foundation/Http/Middleware/PreventRequestsDuringMaintenance.php(99): Illuminate\\Pipeline\\Pipeline->Illuminate\\Pipeline\\{closure}()
#48 /var/www/html/laundryApp/vendor/laravel/framework/src/Illuminate/Pipeline/Pipeline.php(183): Illuminate\\Foundation\\Http\\Middleware\\PreventRequestsDuringMaintenance->handle()
#49 /var/www/html/laundryApp/vendor/laravel/framework/src/Illuminate/Http/Middleware/HandleCors.php(62): Illuminate\\Pipeline\\Pipeline->Illuminate\\Pipeline\\{closure}()
#50 /var/www/html/laundryApp/vendor/laravel/framework/src/Illuminate/Pipeline/Pipeline.php(183): Illuminate\\Http\\Middleware\\HandleCors->handle()
#51 /var/www/html/laundryApp/vendor/laravel/framework/src/Illuminate/Http/Middleware/TrustProxies.php(39): Illuminate\\Pipeline\\Pipeline->Illuminate\\Pipeline\\{closure}()
#52 /var/www/html/laundryApp/vendor/laravel/framework/src/Illuminate/Pipeline/Pipeline.php(183): Illuminate\\Http\\Middleware\\TrustProxies->handle()
#53 /var/www/html/laundryApp/vendor/laravel/framework/src/Illuminate/Pipeline/Pipeline.php(119): Illuminate\\Pipeline\\Pipeline->Illuminate\\Pipeline\\{closure}()
#54 /var/www/html/laundryApp/vendor/laravel/framework/src/Illuminate/Foundation/Http/Kernel.php(175): Illuminate\\Pipeline\\Pipeline->then()
#55 /var/www/html/laundryApp/vendor/laravel/framework/src/Illuminate/Foundation/Http/Kernel.php(144): Illuminate\\Foundation\\Http\\Kernel->sendRequestThroughRouter()
#56 /var/www/html/laundryApp/public/index.php(51): Illuminate\\Foundation\\Http\\Kernel->handle()
#57 /var/www/html/laundryApp/vendor/laravel/framework/src/Illuminate/Foundation/resources/server.php(16): require_once('...')
#58 {main}

[previous exception] [object] (PDOException(code: 42S02): SQLSTATE[42S02]: Base table or view not found: 1146 Table 'loundry_app.product_process_history' doesn't exist at /var/www/html/laundryApp/vendor/laravel/framework/src/Illuminate/Database/Connection.php:423)
[stacktrace]
#0 /var/www/html/laundryApp/vendor/laravel/framework/src/Illuminate/Database/Connection.php(423): PDO->prepare()
#1 /var/www/html/laundryApp/vendor/laravel/framework/src/Illuminate/Database/Connection.php(816): Illuminate\\Database\\Connection->Illuminate\\Database\\{closure}()
#2 /var/www/html/laundryApp/vendor/laravel/framework/src/Illuminate/Database/Connection.php(783): Illuminate\\Database\\Connection->runQueryCallback()
#3 /var/www/html/laundryApp/vendor/laravel/framework/src/Illuminate/Database/Connection.php(414): Illuminate\\Database\\Connection->run()
#4 /var/www/html/laundryApp/vendor/laravel/framework/src/Illuminate/Database/Query/Builder.php(2913): Illuminate\\Database\\Connection->select()
#5 /var/www/html/laundryApp/vendor/laravel/framework/src/Illuminate/Database/Query/Builder.php(2902): Illuminate\\Database\\Query\\Builder->runSelect()
#6 /var/www/html/laundryApp/vendor/laravel/framework/src/Illuminate/Database/Query/Builder.php(3456): Illuminate\\Database\\Query\\Builder->Illuminate\\Database\\Query\\{closure}()
#7 /var/www/html/laundryApp/vendor/laravel/framework/src/Illuminate/Database/Query/Builder.php(2901): Illuminate\\Database\\Query\\Builder->onceWithColumns()
#8 /var/www/html/laundryApp/vendor/laravel/framework/src/Illuminate/Database/Query/Builder.php(3383): Illuminate\\Database\\Query\\Builder->get()
#9 /var/www/html/laundryApp/vendor/laravel/framework/src/Illuminate/Database/Query/Builder.php(3311): Illuminate\\Database\\Query\\Builder->aggregate()
#10 /var/www/html/laundryApp/app/Http/Controllers/Api/DashboardApiController.php(74): Illuminate\\Database\\Query\\Builder->count()
#11 /var/www/html/laundryApp/vendor/laravel/framework/src/Illuminate/Cache/Repository.php(396): App\\Http\\Controllers\\Api\\DashboardApiController->App\\Http\\Controllers\\Api\\{closure}()
#12 /var/www/html/laundryApp/vendor/laravel/framework/src/Illuminate/Cache/CacheManager.php(429): Illuminate\\Cache\\Repository->remember()
#13 /var/www/html/laundryApp/vendor/laravel/framework/src/Illuminate/Support/Facades/Facade.php(355): Illuminate\\Cache\\CacheManager->__call()
#14 /var/www/html/laundryApp/app/Http/Controllers/Api/DashboardApiController.php(42): Illuminate\\Support\\Facades\\Facade::__callStatic()
#15 /var/www/html/laundryApp/vendor/laravel/framework/src/Illuminate/Routing/Controller.php(54): App\\Http\\Controllers\\Api\\DashboardApiController->summary()
#16 /var/www/html/laundryApp/vendor/laravel/framework/src/Illuminate/Routing/ControllerDispatcher.php(43): Illuminate\\Routing\\Controller->callAction()
#17 /var/www/html/laundryApp/vendor/laravel/framework/src/Illuminate/Routing/Route.php(259): Illuminate\\Routing\\ControllerDispatcher->dispatch()
#18 /var/www/html/laundryApp/vendor/laravel/framework/src/Illuminate/Routing/Route.php(205): Illuminate\\Routing\\Route->runController()
#19 /var/www/html/laundryApp/vendor/laravel/framework/src/Illuminate/Routing/Router.php(806): Illuminate\\Routing\\Route->run()
#20 /var/www/html/laundryApp/vendor/laravel/framework/src/Illuminate/Pipeline/Pipeline.php(144): Illuminate\\Routing\\Router->Illuminate\\Routing\\{closure}()
#21 /var/www/html/laundryApp/vendor/laravel/framework/src/Illuminate/Routing/Middleware/SubstituteBindings.php(50): Illuminate\\Pipeline\\Pipeline->Illuminate\\Pipeline\\{closure}()
#22 /var/www/html/laundryApp/vendor/laravel/framework/src/Illuminate/Pipeline/Pipeline.php(183): Illuminate\\Routing\\Middleware\\SubstituteBindings->handle()
#23 /var/www/html/laundryApp/vendor/laravel/framework/src/Illuminate/Routing/Middleware/ThrottleRequests.php(159): Illuminate\\Pipeline\\Pipeline->Illuminate\\Pipeline\\{closure}()
#24 /var/www/html/laundryApp/vendor/laravel/framework/src/Illuminate/Routing/Middleware/ThrottleRequests.php(125): Illuminate\\Routing\\Middleware\\ThrottleRequests->handleRequest()
#25 /var/www/html/laundryApp/vendor/laravel/framework/src/Illuminate/Routing/Middleware/ThrottleRequests.php(87): Illuminate\\Routing\\Middleware\\ThrottleRequests->handleRequestUsingNamedLimiter()
#26 /var/www/html/laundryApp/vendor/laravel/framework/src/Illuminate/Pipeline/Pipeline.php(183): Illuminate\\Routing\\Middleware\\ThrottleRequests->handle()
#27 /var/www/html/laundryApp/vendor/laravel/framework/src/Illuminate/Auth/Middleware/Authenticate.php(57): Illuminate\\Pipeline\\Pipeline->Illuminate\\Pipeline\\{closure}()
#28 /var/www/html/laundryApp/vendor/laravel/framework/src/Illuminate/Pipeline/Pipeline.php(183): Illuminate\\Auth\\Middleware\\Authenticate->handle()
#29 /var/www/html/laundryApp/vendor/laravel/sanctum/src/Http/Middleware/EnsureFrontendRequestsAreStateful.php(25): Illuminate\\Pipeline\\Pipeline->Illuminate\\Pipeline\\{closure}()
#30 /var/www/html/laundryApp/vendor/laravel/framework/src/Illuminate/Pipeline/Pipeline.php(144): Laravel\\Sanctum\\Http\\Middleware\\EnsureFrontendRequestsAreStateful->Laravel\\Sanctum\\Http\\Middleware\\{closure}()
#31 /var/www/html/laundryApp/vendor/laravel/framework/src/Illuminate/Pipeline/Pipeline.php(119): Illuminate\\Pipeline\\Pipeline->Illuminate\\Pipeline\\{closure}()
#32 /var/www/html/laundryApp/vendor/laravel/sanctum/src/Http/Middleware/EnsureFrontendRequestsAreStateful.php(24): Illuminate\\Pipeline\\Pipeline->then()
#33 /var/www/html/laundryApp/vendor/laravel/framework/src/Illuminate/Pipeline/Pipeline.php(183): Laravel\\Sanctum\\Http\\Middleware\\EnsureFrontendRequestsAreStateful->handle()
#34 /var/www/html/laundryApp/vendor/laravel/framework/src/Illuminate/Pipeline/Pipeline.php(119): Illuminate\\Pipeline\\Pipeline->Illuminate\\Pipeline\\{closure}()
#35 /var/www/html/laundryApp/vendor/laravel/framework/src/Illuminate/Routing/Router.php(805): Illuminate\\Pipeline\\Pipeline->then()
#36 /var/www/html/laundryApp/vendor/laravel/framework/src/Illuminate/Routing/Router.php(784): Illuminate\\Routing\\Router->runRouteWithinStack()
#37 /var/www/html/laundryApp/vendor/laravel/framework/src/Illuminate/Routing/Router.php(748): Illuminate\\Routing\\Router->runRoute()
#38 /var/www/html/laundryApp/vendor/laravel/framework/src/Illuminate/Routing/Router.php(737): Illuminate\\Routing\\Router->dispatchToRoute()
#39 /var/www/html/laundryApp/vendor/laravel/framework/src/Illuminate/Foundation/Http/Kernel.php(200): Illuminate\\Routing\\Router->dispatch()
#40 /var/www/html/laundryApp/vendor/laravel/framework/src/Illuminate/Pipeline/Pipeline.php(144): Illuminate\\Foundation\\Http\\Kernel->Illuminate\\Foundation\\Http\\{closure}()
#41 /var/www/html/laundryApp/vendor/laravel/framework/src/Illuminate/Foundation/Http/Middleware/TransformsRequest.php(21): Illuminate\\Pipeline\\Pipeline->Illuminate\\Pipeline\\{closure}()
#42 /var/www/html/laundryApp/vendor/laravel/framework/src/Illuminate/Foundation/Http/Middleware/ConvertEmptyStringsToNull.php(31): Illuminate\\Foundation\\Http\\Middleware\\TransformsRequest->handle()
#43 /var/www/html/laundryApp/vendor/laravel/framework/src/Illuminate/Pipeline/Pipeline.php(183): Illuminate\\Foundation\\Http\\Middleware\\ConvertEmptyStringsToNull->handle()
#44 /var/www/html/laundryApp/vendor/laravel/framework/src/Illuminate/Foundation/Http/Middleware/TransformsRequest.php(21): Illuminate\\Pipeline\\Pipeline->Illuminate\\Pipeline\\{closure}()
#45 /var/www/html/laundryApp/vendor/laravel/framework/src/Illuminate/Foundation/Http/Middleware/TrimStrings.php(40): Illuminate\\Foundation\\Http\\Middleware\\TransformsRequest->handle()
#46 /var/www/html/laundryApp/vendor/laravel/framework/src/Illuminate/Pipeline/Pipeline.php(183): Illuminate\\Foundation\\Http\\Middleware\\TrimStrings->handle()
#47 /var/www/html/laundryApp/vendor/laravel/framework/src/Illuminate/Foundation/Http/Middleware/ValidatePostSize.php(27): Illuminate\\Pipeline\\Pipeline->Illuminate\\Pipeline\\{closure}()
#48 /var/www/html/laundryApp/vendor/laravel/framework/src/Illuminate/Pipeline/Pipeline.php(183): Illuminate\\Foundation\\Http\\Middleware\\ValidatePostSize->handle()
#49 /var/www/html/laundryApp/vendor/laravel/framework/src/Illuminate/Foundation/Http/Middleware/PreventRequestsDuringMaintenance.php(99): Illuminate\\Pipeline\\Pipeline->Illuminate\\Pipeline\\{closure}()
#50 /var/www/html/laundryApp/vendor/laravel/framework/src/Illuminate/Pipeline/Pipeline.php(183): Illuminate\\Foundation\\Http\\Middleware\\PreventRequestsDuringMaintenance->handle()
#51 /var/www/html/laundryApp/vendor/laravel/framework/src/Illuminate/Http/Middleware/HandleCors.php(62): Illuminate\\Pipeline\\Pipeline->Illuminate\\Pipeline\\{closure}()
#52 /var/www/html/laundryApp/vendor/laravel/framework/src/Illuminate/Pipeline/Pipeline.php(183): Illuminate\\Http\\Middleware\\HandleCors->handle()
#53 /var/www/html/laundryApp/vendor/laravel/framework/src/Illuminate/Http/Middleware/TrustProxies.php(39): Illuminate\\Pipeline\\Pipeline->Illuminate\\Pipeline\\{closure}()
#54 /var/www/html/laundryApp/vendor/laravel/framework/src/Illuminate/Pipeline/Pipeline.php(183): Illuminate\\Http\\Middleware\\TrustProxies->handle()
#55 /var/www/html/laundryApp/vendor/laravel/framework/src/Illuminate/Pipeline/Pipeline.php(119): Illuminate\\Pipeline\\Pipeline->Illuminate\\Pipeline\\{closure}()
#56 /var/www/html/laundryApp/vendor/laravel/framework/src/Illuminate/Foundation/Http/Kernel.php(175): Illuminate\\Pipeline\\Pipeline->then()
#57 /var/www/html/laundryApp/vendor/laravel/framework/src/Illuminate/Foundation/Http/Kernel.php(144): Illuminate\\Foundation\\Http\\Kernel->sendRequestThroughRouter()
#58 /var/www/html/laundryApp/public/index.php(51): Illuminate\\Foundation\\Http\\Kernel->handle()
#59 /var/www/html/laundryApp/vendor/laravel/framework/src/Illuminate/Foundation/resources/server.php(16): require_once('...')
#60 {main}
"} 
[2025-12-05 19:54:20] local.ERROR: SQLSTATE[42S02]: Base table or view not found: 1146 Table 'loundry_app.product_process_history' doesn't exist (Connection: mysql, SQL: select count(*) as aggregate from (select `h`.`product_id`, `h`.`status`, `h`.`stages`, `h`.`changed_at` from `product_process_history` as `h` inner join (SELECT product_id, MAX(changed_at) as latest_change 
                             FROM product_process_history 
                             GROUP BY product_id) latest on `h`.`product_id` = `latest`.`product_id` and `h`.`changed_at` = `latest`.`latest_change` inner join `rfid_tags` as `p` on `h`.`product_id` = `p`.`id` where `p`.`location_id` = 3) as t where `t`.`changed_at` between 2025-12-05 00:00:00 and 2025-12-05 23:59:59 and `t`.`status` = FAIL) {"userId":51,"exception":"[object] (Illuminate\\Database\\QueryException(code: 42S02): SQLSTATE[42S02]: Base table or view not found: 1146 Table 'loundry_app.product_process_history' doesn't exist (Connection: mysql, SQL: select count(*) as aggregate from (select `h`.`product_id`, `h`.`status`, `h`.`stages`, `h`.`changed_at` from `product_process_history` as `h` inner join (SELECT product_id, MAX(changed_at) as latest_change 
                             FROM product_process_history 
                             GROUP BY product_id) latest on `h`.`product_id` = `latest`.`product_id` and `h`.`changed_at` = `latest`.`latest_change` inner join `rfid_tags` as `p` on `h`.`product_id` = `p`.`id` where `p`.`location_id` = 3) as t where `t`.`changed_at` between 2025-12-05 00:00:00 and 2025-12-05 23:59:59 and `t`.`status` = FAIL) at /var/www/html/laundryApp/vendor/laravel/framework/src/Illuminate/Database/Connection.php:829)
[stacktrace]
#0 /var/www/html/laundryApp/vendor/laravel/framework/src/Illuminate/Database/Connection.php(783): Illuminate\\Database\\Connection->runQueryCallback()
#1 /var/www/html/laundryApp/vendor/laravel/framework/src/Illuminate/Database/Connection.php(414): Illuminate\\Database\\Connection->run()
#2 /var/www/html/laundryApp/vendor/laravel/framework/src/Illuminate/Database/Query/Builder.php(2913): Illuminate\\Database\\Connection->select()
#3 /var/www/html/laundryApp/vendor/laravel/framework/src/Illuminate/Database/Query/Builder.php(2902): Illuminate\\Database\\Query\\Builder->runSelect()
#4 /var/www/html/laundryApp/vendor/laravel/framework/src/Illuminate/Database/Query/Builder.php(3456): Illuminate\\Database\\Query\\Builder->Illuminate\\Database\\Query\\{closure}()
#5 /var/www/html/laundryApp/vendor/laravel/framework/src/Illuminate/Database/Query/Builder.php(2901): Illuminate\\Database\\Query\\Builder->onceWithColumns()
#6 /var/www/html/laundryApp/vendor/laravel/framework/src/Illuminate/Database/Query/Builder.php(3383): Illuminate\\Database\\Query\\Builder->get()
#7 /var/www/html/laundryApp/vendor/laravel/framework/src/Illuminate/Database/Query/Builder.php(3311): Illuminate\\Database\\Query\\Builder->aggregate()
#8 /var/www/html/laundryApp/app/Http/Controllers/Api/DashboardApiController.php(74): Illuminate\\Database\\Query\\Builder->count()
#9 /var/www/html/laundryApp/vendor/laravel/framework/src/Illuminate/Cache/Repository.php(396): App\\Http\\Controllers\\Api\\DashboardApiController->App\\Http\\Controllers\\Api\\{closure}()
#10 /var/www/html/laundryApp/vendor/laravel/framework/src/Illuminate/Cache/CacheManager.php(429): Illuminate\\Cache\\Repository->remember()
#11 /var/www/html/laundryApp/vendor/laravel/framework/src/Illuminate/Support/Facades/Facade.php(355): Illuminate\\Cache\\CacheManager->__call()
#12 /var/www/html/laundryApp/app/Http/Controllers/Api/DashboardApiController.php(42): Illuminate\\Support\\Facades\\Facade::__callStatic()
#13 /var/www/html/laundryApp/vendor/laravel/framework/src/Illuminate/Routing/Controller.php(54): App\\Http\\Controllers\\Api\\DashboardApiController->summary()
#14 /var/www/html/laundryApp/vendor/laravel/framework/src/Illuminate/Routing/ControllerDispatcher.php(43): Illuminate\\Routing\\Controller->callAction()
#15 /var/www/html/laundryApp/vendor/laravel/framework/src/Illuminate/Routing/Route.php(259): Illuminate\\Routing\\ControllerDispatcher->dispatch()
#16 /var/www/html/laundryApp/vendor/laravel/framework/src/Illuminate/Routing/Route.php(205): Illuminate\\Routing\\Route->runController()
#17 /var/www/html/laundryApp/vendor/laravel/framework/src/Illuminate/Routing/Router.php(806): Illuminate\\Routing\\Route->run()
#18 /var/www/html/laundryApp/vendor/laravel/framework/src/Illuminate/Pipeline/Pipeline.php(144): Illuminate\\Routing\\Router->Illuminate\\Routing\\{closure}()
#19 /var/www/html/laundryApp/vendor/laravel/framework/src/Illuminate/Routing/Middleware/SubstituteBindings.php(50): Illuminate\\Pipeline\\Pipeline->Illuminate\\Pipeline\\{closure}()
#20 /var/www/html/laundryApp/vendor/laravel/framework/src/Illuminate/Pipeline/Pipeline.php(183): Illuminate\\Routing\\Middleware\\SubstituteBindings->handle()
#21 /var/www/html/laundryApp/vendor/laravel/framework/src/Illuminate/Routing/Middleware/ThrottleRequests.php(159): Illuminate\\Pipeline\\Pipeline->Illuminate\\Pipeline\\{closure}()
#22 /var/www/html/laundryApp/vendor/laravel/framework/src/Illuminate/Routing/Middleware/ThrottleRequests.php(125): Illuminate\\Routing\\Middleware\\ThrottleRequests->handleRequest()
#23 /var/www/html/laundryApp/vendor/laravel/framework/src/Illuminate/Routing/Middleware/ThrottleRequests.php(87): Illuminate\\Routing\\Middleware\\ThrottleRequests->handleRequestUsingNamedLimiter()
#24 /var/www/html/laundryApp/vendor/laravel/framework/src/Illuminate/Pipeline/Pipeline.php(183): Illuminate\\Routing\\Middleware\\ThrottleRequests->handle()
#25 /var/www/html/laundryApp/vendor/laravel/framework/src/Illuminate/Auth/Middleware/Authenticate.php(57): Illuminate\\Pipeline\\Pipeline->Illuminate\\Pipeline\\{closure}()
#26 /var/www/html/laundryApp/vendor/laravel/framework/src/Illuminate/Pipeline/Pipeline.php(183): Illuminate\\Auth\\Middleware\\Authenticate->handle()
#27 /var/www/html/laundryApp/vendor/laravel/sanctum/src/Http/Middleware/EnsureFrontendRequestsAreStateful.php(25): Illuminate\\Pipeline\\Pipeline->Illuminate\\Pipeline\\{closure}()
#28 /var/www/html/laundryApp/vendor/laravel/framework/src/Illuminate/Pipeline/Pipeline.php(144): Laravel\\Sanctum\\Http\\Middleware\\EnsureFrontendRequestsAreStateful->Laravel\\Sanctum\\Http\\Middleware\\{closure}()
#29 /var/www/html/laundryApp/vendor/laravel/framework/src/Illuminate/Pipeline/Pipeline.php(119): Illuminate\\Pipeline\\Pipeline->Illuminate\\Pipeline\\{closure}()
#30 /var/www/html/laundryApp/vendor/laravel/sanctum/src/Http/Middleware/EnsureFrontendRequestsAreStateful.php(24): Illuminate\\Pipeline\\Pipeline->then()
#31 /var/www/html/laundryApp/vendor/laravel/framework/src/Illuminate/Pipeline/Pipeline.php(183): Laravel\\Sanctum\\Http\\Middleware\\EnsureFrontendRequestsAreStateful->handle()
#32 /var/www/html/laundryApp/vendor/laravel/framework/src/Illuminate/Pipeline/Pipeline.php(119): Illuminate\\Pipeline\\Pipeline->Illuminate\\Pipeline\\{closure}()
#33 /var/www/html/laundryApp/vendor/laravel/framework/src/Illuminate/Routing/Router.php(805): Illuminate\\Pipeline\\Pipeline->then()
#34 /var/www/html/laundryApp/vendor/laravel/framework/src/Illuminate/Routing/Router.php(784): Illuminate\\Routing\\Router->runRouteWithinStack()
#35 /var/www/html/laundryApp/vendor/laravel/framework/src/Illuminate/Routing/Router.php(748): Illuminate\\Routing\\Router->runRoute()
#36 /var/www/html/laundryApp/vendor/laravel/framework/src/Illuminate/Routing/Router.php(737): Illuminate\\Routing\\Router->dispatchToRoute()
#37 /var/www/html/laundryApp/vendor/laravel/framework/src/Illuminate/Foundation/Http/Kernel.php(200): Illuminate\\Routing\\Router->dispatch()
#38 /var/www/html/laundryApp/vendor/laravel/framework/src/Illuminate/Pipeline/Pipeline.php(144): Illuminate\\Foundation\\Http\\Kernel->Illuminate\\Foundation\\Http\\{closure}()
#39 /var/www/html/laundryApp/vendor/laravel/framework/src/Illuminate/Foundation/Http/Middleware/TransformsRequest.php(21): Illuminate\\Pipeline\\Pipeline->Illuminate\\Pipeline\\{closure}()
#40 /var/www/html/laundryApp/vendor/laravel/framework/src/Illuminate/Foundation/Http/Middleware/ConvertEmptyStringsToNull.php(31): Illuminate\\Foundation\\Http\\Middleware\\TransformsRequest->handle()
#41 /var/www/html/laundryApp/vendor/laravel/framework/src/Illuminate/Pipeline/Pipeline.php(183): Illuminate\\Foundation\\Http\\Middleware\\ConvertEmptyStringsToNull->handle()
#42 /var/www/html/laundryApp/vendor/laravel/framework/src/Illuminate/Foundation/Http/Middleware/TransformsRequest.php(21): Illuminate\\Pipeline\\Pipeline->Illuminate\\Pipeline\\{closure}()
#43 /var/www/html/laundryApp/vendor/laravel/framework/src/Illuminate/Foundation/Http/Middleware/TrimStrings.php(40): Illuminate\\Foundation\\Http\\Middleware\\TransformsRequest->handle()
#44 /var/www/html/laundryApp/vendor/laravel/framework/src/Illuminate/Pipeline/Pipeline.php(183): Illuminate\\Foundation\\Http\\Middleware\\TrimStrings->handle()
#45 /var/www/html/laundryApp/vendor/laravel/framework/src/Illuminate/Foundation/Http/Middleware/ValidatePostSize.php(27): Illuminate\\Pipeline\\Pipeline->Illuminate\\Pipeline\\{closure}()
#46 /var/www/html/laundryApp/vendor/laravel/framework/src/Illuminate/Pipeline/Pipeline.php(183): Illuminate\\Foundation\\Http\\Middleware\\ValidatePostSize->handle()
#47 /var/www/html/laundryApp/vendor/laravel/framework/src/Illuminate/Foundation/Http/Middleware/PreventRequestsDuringMaintenance.php(99): Illuminate\\Pipeline\\Pipeline->Illuminate\\Pipeline\\{closure}()
#48 /var/www/html/laundryApp/vendor/laravel/framework/src/Illuminate/Pipeline/Pipeline.php(183): Illuminate\\Foundation\\Http\\Middleware\\PreventRequestsDuringMaintenance->handle()
#49 /var/www/html/laundryApp/vendor/laravel/framework/src/Illuminate/Http/Middleware/HandleCors.php(62): Illuminate\\Pipeline\\Pipeline->Illuminate\\Pipeline\\{closure}()
#50 /var/www/html/laundryApp/vendor/laravel/framework/src/Illuminate/Pipeline/Pipeline.php(183): Illuminate\\Http\\Middleware\\HandleCors->handle()
#51 /var/www/html/laundryApp/vendor/laravel/framework/src/Illuminate/Http/Middleware/TrustProxies.php(39): Illuminate\\Pipeline\\Pipeline->Illuminate\\Pipeline\\{closure}()
#52 /var/www/html/laundryApp/vendor/laravel/framework/src/Illuminate/Pipeline/Pipeline.php(183): Illuminate\\Http\\Middleware\\TrustProxies->handle()
#53 /var/www/html/laundryApp/vendor/laravel/framework/src/Illuminate/Pipeline/Pipeline.php(119): Illuminate\\Pipeline\\Pipeline->Illuminate\\Pipeline\\{closure}()
#54 /var/www/html/laundryApp/vendor/laravel/framework/src/Illuminate/Foundation/Http/Kernel.php(175): Illuminate\\Pipeline\\Pipeline->then()
#55 /var/www/html/laundryApp/vendor/laravel/framework/src/Illuminate/Foundation/Http/Kernel.php(144): Illuminate\\Foundation\\Http\\Kernel->sendRequestThroughRouter()
#56 /var/www/html/laundryApp/public/index.php(51): Illuminate\\Foundation\\Http\\Kernel->handle()
#57 /var/www/html/laundryApp/vendor/laravel/framework/src/Illuminate/Foundation/resources/server.php(16): require_once('...')
#58 {main}

[previous exception] [object] (PDOException(code: 42S02): SQLSTATE[42S02]: Base table or view not found: 1146 Table 'loundry_app.product_process_history' doesn't exist at /var/www/html/laundryApp/vendor/laravel/framework/src/Illuminate/Database/Connection.php:423)
[stacktrace]
#0 /var/www/html/laundryApp/vendor/laravel/framework/src/Illuminate/Database/Connection.php(423): PDO->prepare()
#1 /var/www/html/laundryApp/vendor/laravel/framework/src/Illuminate/Database/Connection.php(816): Illuminate\\Database\\Connection->Illuminate\\Database\\{closure}()
#2 /var/www/html/laundryApp/vendor/laravel/framework/src/Illuminate/Database/Connection.php(783): Illuminate\\Database\\Connection->runQueryCallback()
#3 /var/www/html/laundryApp/vendor/laravel/framework/src/Illuminate/Database/Connection.php(414): Illuminate\\Database\\Connection->run()
#4 /var/www/html/laundryApp/vendor/laravel/framework/src/Illuminate/Database/Query/Builder.php(2913): Illuminate\\Database\\Connection->select()
#5 /var/www/html/laundryApp/vendor/laravel/framework/src/Illuminate/Database/Query/Builder.php(2902): Illuminate\\Database\\Query\\Builder->runSelect()
#6 /var/www/html/laundryApp/vendor/laravel/framework/src/Illuminate/Database/Query/Builder.php(3456): Illuminate\\Database\\Query\\Builder->Illuminate\\Database\\Query\\{closure}()
#7 /var/www/html/laundryApp/vendor/laravel/framework/src/Illuminate/Database/Query/Builder.php(2901): Illuminate\\Database\\Query\\Builder->onceWithColumns()
#8 /var/www/html/laundryApp/vendor/laravel/framework/src/Illuminate/Database/Query/Builder.php(3383): Illuminate\\Database\\Query\\Builder->get()
#9 /var/www/html/laundryApp/vendor/laravel/framework/src/Illuminate/Database/Query/Builder.php(3311): Illuminate\\Database\\Query\\Builder->aggregate()
#10 /var/www/html/laundryApp/app/Http/Controllers/Api/DashboardApiController.php(74): Illuminate\\Database\\Query\\Builder->count()
#11 /var/www/html/laundryApp/vendor/laravel/framework/src/Illuminate/Cache/Repository.php(396): App\\Http\\Controllers\\Api\\DashboardApiController->App\\Http\\Controllers\\Api\\{closure}()
#12 /var/www/html/laundryApp/vendor/laravel/framework/src/Illuminate/Cache/CacheManager.php(429): Illuminate\\Cache\\Repository->remember()
#13 /var/www/html/laundryApp/vendor/laravel/framework/src/Illuminate/Support/Facades/Facade.php(355): Illuminate\\Cache\\CacheManager->__call()
#14 /var/www/html/laundryApp/app/Http/Controllers/Api/DashboardApiController.php(42): Illuminate\\Support\\Facades\\Facade::__callStatic()
#15 /var/www/html/laundryApp/vendor/laravel/framework/src/Illuminate/Routing/Controller.php(54): App\\Http\\Controllers\\Api\\DashboardApiController->summary()
#16 /var/www/html/laundryApp/vendor/laravel/framework/src/Illuminate/Routing/ControllerDispatcher.php(43): Illuminate\\Routing\\Controller->callAction()
#17 /var/www/html/laundryApp/vendor/laravel/framework/src/Illuminate/Routing/Route.php(259): Illuminate\\Routing\\ControllerDispatcher->dispatch()
#18 /var/www/html/laundryApp/vendor/laravel/framework/src/Illuminate/Routing/Route.php(205): Illuminate\\Routing\\Route->runController()
#19 /var/www/html/laundryApp/vendor/laravel/framework/src/Illuminate/Routing/Router.php(806): Illuminate\\Routing\\Route->run()
#20 /var/www/html/laundryApp/vendor/laravel/framework/src/Illuminate/Pipeline/Pipeline.php(144): Illuminate\\Routing\\Router->Illuminate\\Routing\\{closure}()
#21 /var/www/html/laundryApp/vendor/laravel/framework/src/Illuminate/Routing/Middleware/SubstituteBindings.php(50): Illuminate\\Pipeline\\Pipeline->Illuminate\\Pipeline\\{closure}()
#22 /var/www/html/laundryApp/vendor/laravel/framework/src/Illuminate/Pipeline/Pipeline.php(183): Illuminate\\Routing\\Middleware\\SubstituteBindings->handle()
#23 /var/www/html/laundryApp/vendor/laravel/framework/src/Illuminate/Routing/Middleware/ThrottleRequests.php(159): Illuminate\\Pipeline\\Pipeline->Illuminate\\Pipeline\\{closure}()
#24 /var/www/html/laundryApp/vendor/laravel/framework/src/Illuminate/Routing/Middleware/ThrottleRequests.php(125): Illuminate\\Routing\\Middleware\\ThrottleRequests->handleRequest()
#25 /var/www/html/laundryApp/vendor/laravel/framework/src/Illuminate/Routing/Middleware/ThrottleRequests.php(87): Illuminate\\Routing\\Middleware\\ThrottleRequests->handleRequestUsingNamedLimiter()
#26 /var/www/html/laundryApp/vendor/laravel/framework/src/Illuminate/Pipeline/Pipeline.php(183): Illuminate\\Routing\\Middleware\\ThrottleRequests->handle()
#27 /var/www/html/laundryApp/vendor/laravel/framework/src/Illuminate/Auth/Middleware/Authenticate.php(57): Illuminate\\Pipeline\\Pipeline->Illuminate\\Pipeline\\{closure}()
#28 /var/www/html/laundryApp/vendor/laravel/framework/src/Illuminate/Pipeline/Pipeline.php(183): Illuminate\\Auth\\Middleware\\Authenticate->handle()
#29 /var/www/html/laundryApp/vendor/laravel/sanctum/src/Http/Middleware/EnsureFrontendRequestsAreStateful.php(25): Illuminate\\Pipeline\\Pipeline->Illuminate\\Pipeline\\{closure}()
#30 /var/www/html/laundryApp/vendor/laravel/framework/src/Illuminate/Pipeline/Pipeline.php(144): Laravel\\Sanctum\\Http\\Middleware\\EnsureFrontendRequestsAreStateful->Laravel\\Sanctum\\Http\\Middleware\\{closure}()
#31 /var/www/html/laundryApp/vendor/laravel/framework/src/Illuminate/Pipeline/Pipeline.php(119): Illuminate\\Pipeline\\Pipeline->Illuminate\\Pipeline\\{closure}()
#32 /var/www/html/laundryApp/vendor/laravel/sanctum/src/Http/Middleware/EnsureFrontendRequestsAreStateful.php(24): Illuminate\\Pipeline\\Pipeline->then()
#33 /var/www/html/laundryApp/vendor/laravel/framework/src/Illuminate/Pipeline/Pipeline.php(183): Laravel\\Sanctum\\Http\\Middleware\\EnsureFrontendRequestsAreStateful->handle()
#34 /var/www/html/laundryApp/vendor/laravel/framework/src/Illuminate/Pipeline/Pipeline.php(119): Illuminate\\Pipeline\\Pipeline->Illuminate\\Pipeline\\{closure}()
#35 /var/www/html/laundryApp/vendor/laravel/framework/src/Illuminate/Routing/Router.php(805): Illuminate\\Pipeline\\Pipeline->then()
#36 /var/www/html/laundryApp/vendor/laravel/framework/src/Illuminate/Routing/Router.php(784): Illuminate\\Routing\\Router->runRouteWithinStack()
#37 /var/www/html/laundryApp/vendor/laravel/framework/src/Illuminate/Routing/Router.php(748): Illuminate\\Routing\\Router->runRoute()
#38 /var/www/html/laundryApp/vendor/laravel/framework/src/Illuminate/Routing/Router.php(737): Illuminate\\Routing\\Router->dispatchToRoute()
#39 /var/www/html/laundryApp/vendor/laravel/framework/src/Illuminate/Foundation/Http/Kernel.php(200): Illuminate\\Routing\\Router->dispatch()
#40 /var/www/html/laundryApp/vendor/laravel/framework/src/Illuminate/Pipeline/Pipeline.php(144): Illuminate\\Foundation\\Http\\Kernel->Illuminate\\Foundation\\Http\\{closure}()
#41 /var/www/html/laundryApp/vendor/laravel/framework/src/Illuminate/Foundation/Http/Middleware/TransformsRequest.php(21): Illuminate\\Pipeline\\Pipeline->Illuminate\\Pipeline\\{closure}()
#42 /var/www/html/laundryApp/vendor/laravel/framework/src/Illuminate/Foundation/Http/Middleware/ConvertEmptyStringsToNull.php(31): Illuminate\\Foundation\\Http\\Middleware\\TransformsRequest->handle()
#43 /var/www/html/laundryApp/vendor/laravel/framework/src/Illuminate/Pipeline/Pipeline.php(183): Illuminate\\Foundation\\Http\\Middleware\\ConvertEmptyStringsToNull->handle()
#44 /var/www/html/laundryApp/vendor/laravel/framework/src/Illuminate/Foundation/Http/Middleware/TransformsRequest.php(21): Illuminate\\Pipeline\\Pipeline->Illuminate\\Pipeline\\{closure}()
#45 /var/www/html/laundryApp/vendor/laravel/framework/src/Illuminate/Foundation/Http/Middleware/TrimStrings.php(40): Illuminate\\Foundation\\Http\\Middleware\\TransformsRequest->handle()
#46 /var/www/html/laundryApp/vendor/laravel/framework/src/Illuminate/Pipeline/Pipeline.php(183): Illuminate\\Foundation\\Http\\Middleware\\TrimStrings->handle()
#47 /var/www/html/laundryApp/vendor/laravel/framework/src/Illuminate/Foundation/Http/Middleware/ValidatePostSize.php(27): Illuminate\\Pipeline\\Pipeline->Illuminate\\Pipeline\\{closure}()
#48 /var/www/html/laundryApp/vendor/laravel/framework/src/Illuminate/Pipeline/Pipeline.php(183): Illuminate\\Foundation\\Http\\Middleware\\ValidatePostSize->handle()
#49 /var/www/html/laundryApp/vendor/laravel/framework/src/Illuminate/Foundation/Http/Middleware/PreventRequestsDuringMaintenance.php(99): Illuminate\\Pipeline\\Pipeline->Illuminate\\Pipeline\\{closure}()
#50 /var/www/html/laundryApp/vendor/laravel/framework/src/Illuminate/Pipeline/Pipeline.php(183): Illuminate\\Foundation\\Http\\Middleware\\PreventRequestsDuringMaintenance->handle()
#51 /var/www/html/laundryApp/vendor/laravel/framework/src/Illuminate/Http/Middleware/HandleCors.php(62): Illuminate\\Pipeline\\Pipeline->Illuminate\\Pipeline\\{closure}()
#52 /var/www/html/laundryApp/vendor/laravel/framework/src/Illuminate/Pipeline/Pipeline.php(183): Illuminate\\Http\\Middleware\\HandleCors->handle()
#53 /var/www/html/laundryApp/vendor/laravel/framework/src/Illuminate/Http/Middleware/TrustProxies.php(39): Illuminate\\Pipeline\\Pipeline->Illuminate\\Pipeline\\{closure}()
#54 /var/www/html/laundryApp/vendor/laravel/framework/src/Illuminate/Pipeline/Pipeline.php(183): Illuminate\\Http\\Middleware\\TrustProxies->handle()
#55 /var/www/html/laundryApp/vendor/laravel/framework/src/Illuminate/Pipeline/Pipeline.php(119): Illuminate\\Pipeline\\Pipeline->Illuminate\\Pipeline\\{closure}()
#56 /var/www/html/laundryApp/vendor/laravel/framework/src/Illuminate/Foundation/Http/Kernel.php(175): Illuminate\\Pipeline\\Pipeline->then()
#57 /var/www/html/laundryApp/vendor/laravel/framework/src/Illuminate/Foundation/Http/Kernel.php(144): Illuminate\\Foundation\\Http\\Kernel->sendRequestThroughRouter()
#58 /var/www/html/laundryApp/public/index.php(51): Illuminate\\Foundation\\Http\\Kernel->handle()
#59 /var/www/html/laundryApp/vendor/laravel/framework/src/Illuminate/Foundation/resources/server.php(16): require_once('...')
#60 {main}
"} 
[2025-12-05 19:54:28] local.ERROR: SQLSTATE[42S02]: Base table or view not found: 1146 Table 'loundry_app.product_process_history' doesn't exist (Connection: mysql, SQL: select count(*) as aggregate from (select `h`.`product_id`, `h`.`status`, `h`.`stages`, `h`.`changed_at` from `product_process_history` as `h` inner join (SELECT product_id, MAX(changed_at) as latest_change 
                             FROM product_process_history 
                             GROUP BY product_id) latest on `h`.`product_id` = `latest`.`product_id` and `h`.`changed_at` = `latest`.`latest_change` inner join `rfid_tags` as `p` on `h`.`product_id` = `p`.`id` where `p`.`location_id` = 3) as t where `t`.`changed_at` between 2025-12-05 00:00:00 and 2025-12-05 23:59:59 and `t`.`status` = FAIL) {"userId":51,"exception":"[object] (Illuminate\\Database\\QueryException(code: 42S02): SQLSTATE[42S02]: Base table or view not found: 1146 Table 'loundry_app.product_process_history' doesn't exist (Connection: mysql, SQL: select count(*) as aggregate from (select `h`.`product_id`, `h`.`status`, `h`.`stages`, `h`.`changed_at` from `product_process_history` as `h` inner join (SELECT product_id, MAX(changed_at) as latest_change 
                             FROM product_process_history 
                             GROUP BY product_id) latest on `h`.`product_id` = `latest`.`product_id` and `h`.`changed_at` = `latest`.`latest_change` inner join `rfid_tags` as `p` on `h`.`product_id` = `p`.`id` where `p`.`location_id` = 3) as t where `t`.`changed_at` between 2025-12-05 00:00:00 and 2025-12-05 23:59:59 and `t`.`status` = FAIL) at /var/www/html/laundryApp/vendor/laravel/framework/src/Illuminate/Database/Connection.php:829)
[stacktrace]
#0 /var/www/html/laundryApp/vendor/laravel/framework/src/Illuminate/Database/Connection.php(783): Illuminate\\Database\\Connection->runQueryCallback()
#1 /var/www/html/laundryApp/vendor/laravel/framework/src/Illuminate/Database/Connection.php(414): Illuminate\\Database\\Connection->run()
#2 /var/www/html/laundryApp/vendor/laravel/framework/src/Illuminate/Database/Query/Builder.php(2913): Illuminate\\Database\\Connection->select()
#3 /var/www/html/laundryApp/vendor/laravel/framework/src/Illuminate/Database/Query/Builder.php(2902): Illuminate\\Database\\Query\\Builder->runSelect()
#4 /var/www/html/laundryApp/vendor/laravel/framework/src/Illuminate/Database/Query/Builder.php(3456): Illuminate\\Database\\Query\\Builder->Illuminate\\Database\\Query\\{closure}()
#5 /var/www/html/laundryApp/vendor/laravel/framework/src/Illuminate/Database/Query/Builder.php(2901): Illuminate\\Database\\Query\\Builder->onceWithColumns()
#6 /var/www/html/laundryApp/vendor/laravel/framework/src/Illuminate/Database/Query/Builder.php(3383): Illuminate\\Database\\Query\\Builder->get()
#7 /var/www/html/laundryApp/vendor/laravel/framework/src/Illuminate/Database/Query/Builder.php(3311): Illuminate\\Database\\Query\\Builder->aggregate()
#8 /var/www/html/laundryApp/app/Http/Controllers/Api/DashboardApiController.php(74): Illuminate\\Database\\Query\\Builder->count()
#9 /var/www/html/laundryApp/vendor/laravel/framework/src/Illuminate/Cache/Repository.php(396): App\\Http\\Controllers\\Api\\DashboardApiController->App\\Http\\Controllers\\Api\\{closure}()
#10 /var/www/html/laundryApp/vendor/laravel/framework/src/Illuminate/Cache/CacheManager.php(429): Illuminate\\Cache\\Repository->remember()
#11 /var/www/html/laundryApp/vendor/laravel/framework/src/Illuminate/Support/Facades/Facade.php(355): Illuminate\\Cache\\CacheManager->__call()
#12 /var/www/html/laundryApp/app/Http/Controllers/Api/DashboardApiController.php(42): Illuminate\\Support\\Facades\\Facade::__callStatic()
#13 /var/www/html/laundryApp/vendor/laravel/framework/src/Illuminate/Routing/Controller.php(54): App\\Http\\Controllers\\Api\\DashboardApiController->summary()
#14 /var/www/html/laundryApp/vendor/laravel/framework/src/Illuminate/Routing/ControllerDispatcher.php(43): Illuminate\\Routing\\Controller->callAction()
#15 /var/www/html/laundryApp/vendor/laravel/framework/src/Illuminate/Routing/Route.php(259): Illuminate\\Routing\\ControllerDispatcher->dispatch()
#16 /var/www/html/laundryApp/vendor/laravel/framework/src/Illuminate/Routing/Route.php(205): Illuminate\\Routing\\Route->runController()
#17 /var/www/html/laundryApp/vendor/laravel/framework/src/Illuminate/Routing/Router.php(806): Illuminate\\Routing\\Route->run()
#18 /var/www/html/laundryApp/vendor/laravel/framework/src/Illuminate/Pipeline/Pipeline.php(144): Illuminate\\Routing\\Router->Illuminate\\Routing\\{closure}()
#19 /var/www/html/laundryApp/vendor/laravel/framework/src/Illuminate/Routing/Middleware/SubstituteBindings.php(50): Illuminate\\Pipeline\\Pipeline->Illuminate\\Pipeline\\{closure}()
#20 /var/www/html/laundryApp/vendor/laravel/framework/src/Illuminate/Pipeline/Pipeline.php(183): Illuminate\\Routing\\Middleware\\SubstituteBindings->handle()
#21 /var/www/html/laundryApp/vendor/laravel/framework/src/Illuminate/Routing/Middleware/ThrottleRequests.php(159): Illuminate\\Pipeline\\Pipeline->Illuminate\\Pipeline\\{closure}()
#22 /var/www/html/laundryApp/vendor/laravel/framework/src/Illuminate/Routing/Middleware/ThrottleRequests.php(125): Illuminate\\Routing\\Middleware\\ThrottleRequests->handleRequest()
#23 /var/www/html/laundryApp/vendor/laravel/framework/src/Illuminate/Routing/Middleware/ThrottleRequests.php(87): Illuminate\\Routing\\Middleware\\ThrottleRequests->handleRequestUsingNamedLimiter()
#24 /var/www/html/laundryApp/vendor/laravel/framework/src/Illuminate/Pipeline/Pipeline.php(183): Illuminate\\Routing\\Middleware\\ThrottleRequests->handle()
#25 /var/www/html/laundryApp/vendor/laravel/framework/src/Illuminate/Auth/Middleware/Authenticate.php(57): Illuminate\\Pipeline\\Pipeline->Illuminate\\Pipeline\\{closure}()
#26 /var/www/html/laundryApp/vendor/laravel/framework/src/Illuminate/Pipeline/Pipeline.php(183): Illuminate\\Auth\\Middleware\\Authenticate->handle()
#27 /var/www/html/laundryApp/vendor/laravel/sanctum/src/Http/Middleware/EnsureFrontendRequestsAreStateful.php(25): Illuminate\\Pipeline\\Pipeline->Illuminate\\Pipeline\\{closure}()
#28 /var/www/html/laundryApp/vendor/laravel/framework/src/Illuminate/Pipeline/Pipeline.php(144): Laravel\\Sanctum\\Http\\Middleware\\EnsureFrontendRequestsAreStateful->Laravel\\Sanctum\\Http\\Middleware\\{closure}()
#29 /var/www/html/laundryApp/vendor/laravel/framework/src/Illuminate/Pipeline/Pipeline.php(119): Illuminate\\Pipeline\\Pipeline->Illuminate\\Pipeline\\{closure}()
#30 /var/www/html/laundryApp/vendor/laravel/sanctum/src/Http/Middleware/EnsureFrontendRequestsAreStateful.php(24): Illuminate\\Pipeline\\Pipeline->then()
#31 /var/www/html/laundryApp/vendor/laravel/framework/src/Illuminate/Pipeline/Pipeline.php(183): Laravel\\Sanctum\\Http\\Middleware\\EnsureFrontendRequestsAreStateful->handle()
#32 /var/www/html/laundryApp/vendor/laravel/framework/src/Illuminate/Pipeline/Pipeline.php(119): Illuminate\\Pipeline\\Pipeline->Illuminate\\Pipeline\\{closure}()
#33 /var/www/html/laundryApp/vendor/laravel/framework/src/Illuminate/Routing/Router.php(805): Illuminate\\Pipeline\\Pipeline->then()
#34 /var/www/html/laundryApp/vendor/laravel/framework/src/Illuminate/Routing/Router.php(784): Illuminate\\Routing\\Router->runRouteWithinStack()
#35 /var/www/html/laundryApp/vendor/laravel/framework/src/Illuminate/Routing/Router.php(748): Illuminate\\Routing\\Router->runRoute()
#36 /var/www/html/laundryApp/vendor/laravel/framework/src/Illuminate/Routing/Router.php(737): Illuminate\\Routing\\Router->dispatchToRoute()
#37 /var/www/html/laundryApp/vendor/laravel/framework/src/Illuminate/Foundation/Http/Kernel.php(200): Illuminate\\Routing\\Router->dispatch()
#38 /var/www/html/laundryApp/vendor/laravel/framework/src/Illuminate/Pipeline/Pipeline.php(144): Illuminate\\Foundation\\Http\\Kernel->Illuminate\\Foundation\\Http\\{closure}()
#39 /var/www/html/laundryApp/vendor/laravel/framework/src/Illuminate/Foundation/Http/Middleware/TransformsRequest.php(21): Illuminate\\Pipeline\\Pipeline->Illuminate\\Pipeline\\{closure}()
#40 /var/www/html/laundryApp/vendor/laravel/framework/src/Illuminate/Foundation/Http/Middleware/ConvertEmptyStringsToNull.php(31): Illuminate\\Foundation\\Http\\Middleware\\TransformsRequest->handle()
#41 /var/www/html/laundryApp/vendor/laravel/framework/src/Illuminate/Pipeline/Pipeline.php(183): Illuminate\\Foundation\\Http\\Middleware\\ConvertEmptyStringsToNull->handle()
#42 /var/www/html/laundryApp/vendor/laravel/framework/src/Illuminate/Foundation/Http/Middleware/TransformsRequest.php(21): Illuminate\\Pipeline\\Pipeline->Illuminate\\Pipeline\\{closure}()
#43 /var/www/html/laundryApp/vendor/laravel/framework/src/Illuminate/Foundation/Http/Middleware/TrimStrings.php(40): Illuminate\\Foundation\\Http\\Middleware\\TransformsRequest->handle()
#44 /var/www/html/laundryApp/vendor/laravel/framework/src/Illuminate/Pipeline/Pipeline.php(183): Illuminate\\Foundation\\Http\\Middleware\\TrimStrings->handle()
#45 /var/www/html/laundryApp/vendor/laravel/framework/src/Illuminate/Foundation/Http/Middleware/ValidatePostSize.php(27): Illuminate\\Pipeline\\Pipeline->Illuminate\\Pipeline\\{closure}()
#46 /var/www/html/laundryApp/vendor/laravel/framework/src/Illuminate/Pipeline/Pipeline.php(183): Illuminate\\Foundation\\Http\\Middleware\\ValidatePostSize->handle()
#47 /var/www/html/laundryApp/vendor/laravel/framework/src/Illuminate/Foundation/Http/Middleware/PreventRequestsDuringMaintenance.php(99): Illuminate\\Pipeline\\Pipeline->Illuminate\\Pipeline\\{closure}()
#48 /var/www/html/laundryApp/vendor/laravel/framework/src/Illuminate/Pipeline/Pipeline.php(183): Illuminate\\Foundation\\Http\\Middleware\\PreventRequestsDuringMaintenance->handle()
#49 /var/www/html/laundryApp/vendor/laravel/framework/src/Illuminate/Http/Middleware/HandleCors.php(62): Illuminate\\Pipeline\\Pipeline->Illuminate\\Pipeline\\{closure}()
#50 /var/www/html/laundryApp/vendor/laravel/framework/src/Illuminate/Pipeline/Pipeline.php(183): Illuminate\\Http\\Middleware\\HandleCors->handle()
#51 /var/www/html/laundryApp/vendor/laravel/framework/src/Illuminate/Http/Middleware/TrustProxies.php(39): Illuminate\\Pipeline\\Pipeline->Illuminate\\Pipeline\\{closure}()
#52 /var/www/html/laundryApp/vendor/laravel/framework/src/Illuminate/Pipeline/Pipeline.php(183): Illuminate\\Http\\Middleware\\TrustProxies->handle()
#53 /var/www/html/laundryApp/vendor/laravel/framework/src/Illuminate/Pipeline/Pipeline.php(119): Illuminate\\Pipeline\\Pipeline->Illuminate\\Pipeline\\{closure}()
#54 /var/www/html/laundryApp/vendor/laravel/framework/src/Illuminate/Foundation/Http/Kernel.php(175): Illuminate\\Pipeline\\Pipeline->then()
#55 /var/www/html/laundryApp/vendor/laravel/framework/src/Illuminate/Foundation/Http/Kernel.php(144): Illuminate\\Foundation\\Http\\Kernel->sendRequestThroughRouter()
#56 /var/www/html/laundryApp/public/index.php(51): Illuminate\\Foundation\\Http\\Kernel->handle()
#57 /var/www/html/laundryApp/vendor/laravel/framework/src/Illuminate/Foundation/resources/server.php(16): require_once('...')
#58 {main}

[previous exception] [object] (PDOException(code: 42S02): SQLSTATE[42S02]: Base table or view not found: 1146 Table 'loundry_app.product_process_history' doesn't exist at /var/www/html/laundryApp/vendor/laravel/framework/src/Illuminate/Database/Connection.php:423)
[stacktrace]
#0 /var/www/html/laundryApp/vendor/laravel/framework/src/Illuminate/Database/Connection.php(423): PDO->prepare()
#1 /var/www/html/laundryApp/vendor/laravel/framework/src/Illuminate/Database/Connection.php(816): Illuminate\\Database\\Connection->Illuminate\\Database\\{closure}()
#2 /var/www/html/laundryApp/vendor/laravel/framework/src/Illuminate/Database/Connection.php(783): Illuminate\\Database\\Connection->runQueryCallback()
#3 /var/www/html/laundryApp/vendor/laravel/framework/src/Illuminate/Database/Connection.php(414): Illuminate\\Database\\Connection->run()
#4 /var/www/html/laundryApp/vendor/laravel/framework/src/Illuminate/Database/Query/Builder.php(2913): Illuminate\\Database\\Connection->select()
#5 /var/www/html/laundryApp/vendor/laravel/framework/src/Illuminate/Database/Query/Builder.php(2902): Illuminate\\Database\\Query\\Builder->runSelect()
#6 /var/www/html/laundryApp/vendor/laravel/framework/src/Illuminate/Database/Query/Builder.php(3456): Illuminate\\Database\\Query\\Builder->Illuminate\\Database\\Query\\{closure}()
#7 /var/www/html/laundryApp/vendor/laravel/framework/src/Illuminate/Database/Query/Builder.php(2901): Illuminate\\Database\\Query\\Builder->onceWithColumns()
#8 /var/www/html/laundryApp/vendor/laravel/framework/src/Illuminate/Database/Query/Builder.php(3383): Illuminate\\Database\\Query\\Builder->get()
#9 /var/www/html/laundryApp/vendor/laravel/framework/src/Illuminate/Database/Query/Builder.php(3311): Illuminate\\Database\\Query\\Builder->aggregate()
#10 /var/www/html/laundryApp/app/Http/Controllers/Api/DashboardApiController.php(74): Illuminate\\Database\\Query\\Builder->count()
#11 /var/www/html/laundryApp/vendor/laravel/framework/src/Illuminate/Cache/Repository.php(396): App\\Http\\Controllers\\Api\\DashboardApiController->App\\Http\\Controllers\\Api\\{closure}()
#12 /var/www/html/laundryApp/vendor/laravel/framework/src/Illuminate/Cache/CacheManager.php(429): Illuminate\\Cache\\Repository->remember()
#13 /var/www/html/laundryApp/vendor/laravel/framework/src/Illuminate/Support/Facades/Facade.php(355): Illuminate\\Cache\\CacheManager->__call()
#14 /var/www/html/laundryApp/app/Http/Controllers/Api/DashboardApiController.php(42): Illuminate\\Support\\Facades\\Facade::__callStatic()
#15 /var/www/html/laundryApp/vendor/laravel/framework/src/Illuminate/Routing/Controller.php(54): App\\Http\\Controllers\\Api\\DashboardApiController->summary()
#16 /var/www/html/laundryApp/vendor/laravel/framework/src/Illuminate/Routing/ControllerDispatcher.php(43): Illuminate\\Routing\\Controller->callAction()
#17 /var/www/html/laundryApp/vendor/laravel/framework/src/Illuminate/Routing/Route.php(259): Illuminate\\Routing\\ControllerDispatcher->dispatch()
#18 /var/www/html/laundryApp/vendor/laravel/framework/src/Illuminate/Routing/Route.php(205): Illuminate\\Routing\\Route->runController()
#19 /var/www/html/laundryApp/vendor/laravel/framework/src/Illuminate/Routing/Router.php(806): Illuminate\\Routing\\Route->run()
#20 /var/www/html/laundryApp/vendor/laravel/framework/src/Illuminate/Pipeline/Pipeline.php(144): Illuminate\\Routing\\Router->Illuminate\\Routing\\{closure}()
#21 /var/www/html/laundryApp/vendor/laravel/framework/src/Illuminate/Routing/Middleware/SubstituteBindings.php(50): Illuminate\\Pipeline\\Pipeline->Illuminate\\Pipeline\\{closure}()
#22 /var/www/html/laundryApp/vendor/laravel/framework/src/Illuminate/Pipeline/Pipeline.php(183): Illuminate\\Routing\\Middleware\\SubstituteBindings->handle()
#23 /var/www/html/laundryApp/vendor/laravel/framework/src/Illuminate/Routing/Middleware/ThrottleRequests.php(159): Illuminate\\Pipeline\\Pipeline->Illuminate\\Pipeline\\{closure}()
#24 /var/www/html/laundryApp/vendor/laravel/framework/src/Illuminate/Routing/Middleware/ThrottleRequests.php(125): Illuminate\\Routing\\Middleware\\ThrottleRequests->handleRequest()
#25 /var/www/html/laundryApp/vendor/laravel/framework/src/Illuminate/Routing/Middleware/ThrottleRequests.php(87): Illuminate\\Routing\\Middleware\\ThrottleRequests->handleRequestUsingNamedLimiter()
#26 /var/www/html/laundryApp/vendor/laravel/framework/src/Illuminate/Pipeline/Pipeline.php(183): Illuminate\\Routing\\Middleware\\ThrottleRequests->handle()
#27 /var/www/html/laundryApp/vendor/laravel/framework/src/Illuminate/Auth/Middleware/Authenticate.php(57): Illuminate\\Pipeline\\Pipeline->Illuminate\\Pipeline\\{closure}()
#28 /var/www/html/laundryApp/vendor/laravel/framework/src/Illuminate/Pipeline/Pipeline.php(183): Illuminate\\Auth\\Middleware\\Authenticate->handle()
#29 /var/www/html/laundryApp/vendor/laravel/sanctum/src/Http/Middleware/EnsureFrontendRequestsAreStateful.php(25): Illuminate\\Pipeline\\Pipeline->Illuminate\\Pipeline\\{closure}()
#30 /var/www/html/laundryApp/vendor/laravel/framework/src/Illuminate/Pipeline/Pipeline.php(144): Laravel\\Sanctum\\Http\\Middleware\\EnsureFrontendRequestsAreStateful->Laravel\\Sanctum\\Http\\Middleware\\{closure}()
#31 /var/www/html/laundryApp/vendor/laravel/framework/src/Illuminate/Pipeline/Pipeline.php(119): Illuminate\\Pipeline\\Pipeline->Illuminate\\Pipeline\\{closure}()
#32 /var/www/html/laundryApp/vendor/laravel/sanctum/src/Http/Middleware/EnsureFrontendRequestsAreStateful.php(24): Illuminate\\Pipeline\\Pipeline->then()
#33 /var/www/html/laundryApp/vendor/laravel/framework/src/Illuminate/Pipeline/Pipeline.php(183): Laravel\\Sanctum\\Http\\Middleware\\EnsureFrontendRequestsAreStateful->handle()
#34 /var/www/html/laundryApp/vendor/laravel/framework/src/Illuminate/Pipeline/Pipeline.php(119): Illuminate\\Pipeline\\Pipeline->Illuminate\\Pipeline\\{closure}()
#35 /var/www/html/laundryApp/vendor/laravel/framework/src/Illuminate/Routing/Router.php(805): Illuminate\\Pipeline\\Pipeline->then()
#36 /var/www/html/laundryApp/vendor/laravel/framework/src/Illuminate/Routing/Router.php(784): Illuminate\\Routing\\Router->runRouteWithinStack()
#37 /var/www/html/laundryApp/vendor/laravel/framework/src/Illuminate/Routing/Router.php(748): Illuminate\\Routing\\Router->runRoute()
#38 /var/www/html/laundryApp/vendor/laravel/framework/src/Illuminate/Routing/Router.php(737): Illuminate\\Routing\\Router->dispatchToRoute()
#39 /var/www/html/laundryApp/vendor/laravel/framework/src/Illuminate/Foundation/Http/Kernel.php(200): Illuminate\\Routing\\Router->dispatch()
#40 /var/www/html/laundryApp/vendor/laravel/framework/src/Illuminate/Pipeline/Pipeline.php(144): Illuminate\\Foundation\\Http\\Kernel->Illuminate\\Foundation\\Http\\{closure}()
#41 /var/www/html/laundryApp/vendor/laravel/framework/src/Illuminate/Foundation/Http/Middleware/TransformsRequest.php(21): Illuminate\\Pipeline\\Pipeline->Illuminate\\Pipeline\\{closure}()
#42 /var/www/html/laundryApp/vendor/laravel/framework/src/Illuminate/Foundation/Http/Middleware/ConvertEmptyStringsToNull.php(31): Illuminate\\Foundation\\Http\\Middleware\\TransformsRequest->handle()
#43 /var/www/html/laundryApp/vendor/laravel/framework/src/Illuminate/Pipeline/Pipeline.php(183): Illuminate\\Foundation\\Http\\Middleware\\ConvertEmptyStringsToNull->handle()
#44 /var/www/html/laundryApp/vendor/laravel/framework/src/Illuminate/Foundation/Http/Middleware/TransformsRequest.php(21): Illuminate\\Pipeline\\Pipeline->Illuminate\\Pipeline\\{closure}()
#45 /var/www/html/laundryApp/vendor/laravel/framework/src/Illuminate/Foundation/Http/Middleware/TrimStrings.php(40): Illuminate\\Foundation\\Http\\Middleware\\TransformsRequest->handle()
#46 /var/www/html/laundryApp/vendor/laravel/framework/src/Illuminate/Pipeline/Pipeline.php(183): Illuminate\\Foundation\\Http\\Middleware\\TrimStrings->handle()
#47 /var/www/html/laundryApp/vendor/laravel/framework/src/Illuminate/Foundation/Http/Middleware/ValidatePostSize.php(27): Illuminate\\Pipeline\\Pipeline->Illuminate\\Pipeline\\{closure}()
#48 /var/www/html/laundryApp/vendor/laravel/framework/src/Illuminate/Pipeline/Pipeline.php(183): Illuminate\\Foundation\\Http\\Middleware\\ValidatePostSize->handle()
#49 /var/www/html/laundryApp/vendor/laravel/framework/src/Illuminate/Foundation/Http/Middleware/PreventRequestsDuringMaintenance.php(99): Illuminate\\Pipeline\\Pipeline->Illuminate\\Pipeline\\{closure}()
#50 /var/www/html/laundryApp/vendor/laravel/framework/src/Illuminate/Pipeline/Pipeline.php(183): Illuminate\\Foundation\\Http\\Middleware\\PreventRequestsDuringMaintenance->handle()
#51 /var/www/html/laundryApp/vendor/laravel/framework/src/Illuminate/Http/Middleware/HandleCors.php(62): Illuminate\\Pipeline\\Pipeline->Illuminate\\Pipeline\\{closure}()
#52 /var/www/html/laundryApp/vendor/laravel/framework/src/Illuminate/Pipeline/Pipeline.php(183): Illuminate\\Http\\Middleware\\HandleCors->handle()
#53 /var/www/html/laundryApp/vendor/laravel/framework/src/Illuminate/Http/Middleware/TrustProxies.php(39): Illuminate\\Pipeline\\Pipeline->Illuminate\\Pipeline\\{closure}()
#54 /var/www/html/laundryApp/vendor/laravel/framework/src/Illuminate/Pipeline/Pipeline.php(183): Illuminate\\Http\\Middleware\\TrustProxies->handle()
#55 /var/www/html/laundryApp/vendor/laravel/framework/src/Illuminate/Pipeline/Pipeline.php(119): Illuminate\\Pipeline\\Pipeline->Illuminate\\Pipeline\\{closure}()
#56 /var/www/html/laundryApp/vendor/laravel/framework/src/Illuminate/Foundation/Http/Kernel.php(175): Illuminate\\Pipeline\\Pipeline->then()
#57 /var/www/html/laundryApp/vendor/laravel/framework/src/Illuminate/Foundation/Http/Kernel.php(144): Illuminate\\Foundation\\Http\\Kernel->sendRequestThroughRouter()
#58 /var/www/html/laundryApp/public/index.php(51): Illuminate\\Foundation\\Http\\Kernel->handle()
#59 /var/www/html/laundryApp/vendor/laravel/framework/src/Illuminate/Foundation/resources/server.php(16): require_once('...')
#60 {main}
"} 
[2025-12-05 19:54:36] local.ERROR: SQLSTATE[42S02]: Base table or view not found: 1146 Table 'loundry_app.product_process_history' doesn't exist (Connection: mysql, SQL: select count(*) as aggregate from (select `h`.`product_id`, `h`.`status`, `h`.`stages`, `h`.`changed_at` from `product_process_history` as `h` inner join (SELECT product_id, MAX(changed_at) as latest_change 
                             FROM product_process_history 
                             GROUP BY product_id) latest on `h`.`product_id` = `latest`.`product_id` and `h`.`changed_at` = `latest`.`latest_change` inner join `rfid_tags` as `p` on `h`.`product_id` = `p`.`id` where `p`.`location_id` = 3) as t where `t`.`changed_at` between 2025-12-05 00:00:00 and 2025-12-05 23:59:59 and `t`.`status` = FAIL) {"userId":51,"exception":"[object] (Illuminate\\Database\\QueryException(code: 42S02): SQLSTATE[42S02]: Base table or view not found: 1146 Table 'loundry_app.product_process_history' doesn't exist (Connection: mysql, SQL: select count(*) as aggregate from (select `h`.`product_id`, `h`.`status`, `h`.`stages`, `h`.`changed_at` from `product_process_history` as `h` inner join (SELECT product_id, MAX(changed_at) as latest_change 
                             FROM product_process_history 
                             GROUP BY product_id) latest on `h`.`product_id` = `latest`.`product_id` and `h`.`changed_at` = `latest`.`latest_change` inner join `rfid_tags` as `p` on `h`.`product_id` = `p`.`id` where `p`.`location_id` = 3) as t where `t`.`changed_at` between 2025-12-05 00:00:00 and 2025-12-05 23:59:59 and `t`.`status` = FAIL) at /var/www/html/laundryApp/vendor/laravel/framework/src/Illuminate/Database/Connection.php:829)
[stacktrace]
#0 /var/www/html/laundryApp/vendor/laravel/framework/src/Illuminate/Database/Connection.php(783): Illuminate\\Database\\Connection->runQueryCallback()
#1 /var/www/html/laundryApp/vendor/laravel/framework/src/Illuminate/Database/Connection.php(414): Illuminate\\Database\\Connection->run()
#2 /var/www/html/laundryApp/vendor/laravel/framework/src/Illuminate/Database/Query/Builder.php(2913): Illuminate\\Database\\Connection->select()
#3 /var/www/html/laundryApp/vendor/laravel/framework/src/Illuminate/Database/Query/Builder.php(2902): Illuminate\\Database\\Query\\Builder->runSelect()
#4 /var/www/html/laundryApp/vendor/laravel/framework/src/Illuminate/Database/Query/Builder.php(3456): Illuminate\\Database\\Query\\Builder->Illuminate\\Database\\Query\\{closure}()
#5 /var/www/html/laundryApp/vendor/laravel/framework/src/Illuminate/Database/Query/Builder.php(2901): Illuminate\\Database\\Query\\Builder->onceWithColumns()
#6 /var/www/html/laundryApp/vendor/laravel/framework/src/Illuminate/Database/Query/Builder.php(3383): Illuminate\\Database\\Query\\Builder->get()
#7 /var/www/html/laundryApp/vendor/laravel/framework/src/Illuminate/Database/Query/Builder.php(3311): Illuminate\\Database\\Query\\Builder->aggregate()
#8 /var/www/html/laundryApp/app/Http/Controllers/Api/DashboardApiController.php(74): Illuminate\\Database\\Query\\Builder->count()
#9 /var/www/html/laundryApp/vendor/laravel/framework/src/Illuminate/Cache/Repository.php(396): App\\Http\\Controllers\\Api\\DashboardApiController->App\\Http\\Controllers\\Api\\{closure}()
#10 /var/www/html/laundryApp/vendor/laravel/framework/src/Illuminate/Cache/CacheManager.php(429): Illuminate\\Cache\\Repository->remember()
#11 /var/www/html/laundryApp/vendor/laravel/framework/src/Illuminate/Support/Facades/Facade.php(355): Illuminate\\Cache\\CacheManager->__call()
#12 /var/www/html/laundryApp/app/Http/Controllers/Api/DashboardApiController.php(42): Illuminate\\Support\\Facades\\Facade::__callStatic()
#13 /var/www/html/laundryApp/vendor/laravel/framework/src/Illuminate/Routing/Controller.php(54): App\\Http\\Controllers\\Api\\DashboardApiController->summary()
#14 /var/www/html/laundryApp/vendor/laravel/framework/src/Illuminate/Routing/ControllerDispatcher.php(43): Illuminate\\Routing\\Controller->callAction()
#15 /var/www/html/laundryApp/vendor/laravel/framework/src/Illuminate/Routing/Route.php(259): Illuminate\\Routing\\ControllerDispatcher->dispatch()
#16 /var/www/html/laundryApp/vendor/laravel/framework/src/Illuminate/Routing/Route.php(205): Illuminate\\Routing\\Route->runController()
#17 /var/www/html/laundryApp/vendor/laravel/framework/src/Illuminate/Routing/Router.php(806): Illuminate\\Routing\\Route->run()
#18 /var/www/html/laundryApp/vendor/laravel/framework/src/Illuminate/Pipeline/Pipeline.php(144): Illuminate\\Routing\\Router->Illuminate\\Routing\\{closure}()
#19 /var/www/html/laundryApp/vendor/laravel/framework/src/Illuminate/Routing/Middleware/SubstituteBindings.php(50): Illuminate\\Pipeline\\Pipeline->Illuminate\\Pipeline\\{closure}()
#20 /var/www/html/laundryApp/vendor/laravel/framework/src/Illuminate/Pipeline/Pipeline.php(183): Illuminate\\Routing\\Middleware\\SubstituteBindings->handle()
#21 /var/www/html/laundryApp/vendor/laravel/framework/src/Illuminate/Routing/Middleware/ThrottleRequests.php(159): Illuminate\\Pipeline\\Pipeline->Illuminate\\Pipeline\\{closure}()
#22 /var/www/html/laundryApp/vendor/laravel/framework/src/Illuminate/Routing/Middleware/ThrottleRequests.php(125): Illuminate\\Routing\\Middleware\\ThrottleRequests->handleRequest()
#23 /var/www/html/laundryApp/vendor/laravel/framework/src/Illuminate/Routing/Middleware/ThrottleRequests.php(87): Illuminate\\Routing\\Middleware\\ThrottleRequests->handleRequestUsingNamedLimiter()
#24 /var/www/html/laundryApp/vendor/laravel/framework/src/Illuminate/Pipeline/Pipeline.php(183): Illuminate\\Routing\\Middleware\\ThrottleRequests->handle()
#25 /var/www/html/laundryApp/vendor/laravel/framework/src/Illuminate/Auth/Middleware/Authenticate.php(57): Illuminate\\Pipeline\\Pipeline->Illuminate\\Pipeline\\{closure}()
#26 /var/www/html/laundryApp/vendor/laravel/framework/src/Illuminate/Pipeline/Pipeline.php(183): Illuminate\\Auth\\Middleware\\Authenticate->handle()
#27 /var/www/html/laundryApp/vendor/laravel/sanctum/src/Http/Middleware/EnsureFrontendRequestsAreStateful.php(25): Illuminate\\Pipeline\\Pipeline->Illuminate\\Pipeline\\{closure}()
#28 /var/www/html/laundryApp/vendor/laravel/framework/src/Illuminate/Pipeline/Pipeline.php(144): Laravel\\Sanctum\\Http\\Middleware\\EnsureFrontendRequestsAreStateful->Laravel\\Sanctum\\Http\\Middleware\\{closure}()
#29 /var/www/html/laundryApp/vendor/laravel/framework/src/Illuminate/Pipeline/Pipeline.php(119): Illuminate\\Pipeline\\Pipeline->Illuminate\\Pipeline\\{closure}()
#30 /var/www/html/laundryApp/vendor/laravel/sanctum/src/Http/Middleware/EnsureFrontendRequestsAreStateful.php(24): Illuminate\\Pipeline\\Pipeline->then()
#31 /var/www/html/laundryApp/vendor/laravel/framework/src/Illuminate/Pipeline/Pipeline.php(183): Laravel\\Sanctum\\Http\\Middleware\\EnsureFrontendRequestsAreStateful->handle()
#32 /var/www/html/laundryApp/vendor/laravel/framework/src/Illuminate/Pipeline/Pipeline.php(119): Illuminate\\Pipeline\\Pipeline->Illuminate\\Pipeline\\{closure}()
#33 /var/www/html/laundryApp/vendor/laravel/framework/src/Illuminate/Routing/Router.php(805): Illuminate\\Pipeline\\Pipeline->then()
#34 /var/www/html/laundryApp/vendor/laravel/framework/src/Illuminate/Routing/Router.php(784): Illuminate\\Routing\\Router->runRouteWithinStack()
#35 /var/www/html/laundryApp/vendor/laravel/framework/src/Illuminate/Routing/Router.php(748): Illuminate\\Routing\\Router->runRoute()
#36 /var/www/html/laundryApp/vendor/laravel/framework/src/Illuminate/Routing/Router.php(737): Illuminate\\Routing\\Router->dispatchToRoute()
#37 /var/www/html/laundryApp/vendor/laravel/framework/src/Illuminate/Foundation/Http/Kernel.php(200): Illuminate\\Routing\\Router->dispatch()
#38 /var/www/html/laundryApp/vendor/laravel/framework/src/Illuminate/Pipeline/Pipeline.php(144): Illuminate\\Foundation\\Http\\Kernel->Illuminate\\Foundation\\Http\\{closure}()
#39 /var/www/html/laundryApp/vendor/laravel/framework/src/Illuminate/Foundation/Http/Middleware/TransformsRequest.php(21): Illuminate\\Pipeline\\Pipeline->Illuminate\\Pipeline\\{closure}()
#40 /var/www/html/laundryApp/vendor/laravel/framework/src/Illuminate/Foundation/Http/Middleware/ConvertEmptyStringsToNull.php(31): Illuminate\\Foundation\\Http\\Middleware\\TransformsRequest->handle()
#41 /var/www/html/laundryApp/vendor/laravel/framework/src/Illuminate/Pipeline/Pipeline.php(183): Illuminate\\Foundation\\Http\\Middleware\\ConvertEmptyStringsToNull->handle()
#42 /var/www/html/laundryApp/vendor/laravel/framework/src/Illuminate/Foundation/Http/Middleware/TransformsRequest.php(21): Illuminate\\Pipeline\\Pipeline->Illuminate\\Pipeline\\{closure}()
#43 /var/www/html/laundryApp/vendor/laravel/framework/src/Illuminate/Foundation/Http/Middleware/TrimStrings.php(40): Illuminate\\Foundation\\Http\\Middleware\\TransformsRequest->handle()
#44 /var/www/html/laundryApp/vendor/laravel/framework/src/Illuminate/Pipeline/Pipeline.php(183): Illuminate\\Foundation\\Http\\Middleware\\TrimStrings->handle()
#45 /var/www/html/laundryApp/vendor/laravel/framework/src/Illuminate/Foundation/Http/Middleware/ValidatePostSize.php(27): Illuminate\\Pipeline\\Pipeline->Illuminate\\Pipeline\\{closure}()
#46 /var/www/html/laundryApp/vendor/laravel/framework/src/Illuminate/Pipeline/Pipeline.php(183): Illuminate\\Foundation\\Http\\Middleware\\ValidatePostSize->handle()
#47 /var/www/html/laundryApp/vendor/laravel/framework/src/Illuminate/Foundation/Http/Middleware/PreventRequestsDuringMaintenance.php(99): Illuminate\\Pipeline\\Pipeline->Illuminate\\Pipeline\\{closure}()
#48 /var/www/html/laundryApp/vendor/laravel/framework/src/Illuminate/Pipeline/Pipeline.php(183): Illuminate\\Foundation\\Http\\Middleware\\PreventRequestsDuringMaintenance->handle()
#49 /var/www/html/laundryApp/vendor/laravel/framework/src/Illuminate/Http/Middleware/HandleCors.php(62): Illuminate\\Pipeline\\Pipeline->Illuminate\\Pipeline\\{closure}()
#50 /var/www/html/laundryApp/vendor/laravel/framework/src/Illuminate/Pipeline/Pipeline.php(183): Illuminate\\Http\\Middleware\\HandleCors->handle()
#51 /var/www/html/laundryApp/vendor/laravel/framework/src/Illuminate/Http/Middleware/TrustProxies.php(39): Illuminate\\Pipeline\\Pipeline->Illuminate\\Pipeline\\{closure}()
#52 /var/www/html/laundryApp/vendor/laravel/framework/src/Illuminate/Pipeline/Pipeline.php(183): Illuminate\\Http\\Middleware\\TrustProxies->handle()
#53 /var/www/html/laundryApp/vendor/laravel/framework/src/Illuminate/Pipeline/Pipeline.php(119): Illuminate\\Pipeline\\Pipeline->Illuminate\\Pipeline\\{closure}()
#54 /var/www/html/laundryApp/vendor/laravel/framework/src/Illuminate/Foundation/Http/Kernel.php(175): Illuminate\\Pipeline\\Pipeline->then()
#55 /var/www/html/laundryApp/vendor/laravel/framework/src/Illuminate/Foundation/Http/Kernel.php(144): Illuminate\\Foundation\\Http\\Kernel->sendRequestThroughRouter()
#56 /var/www/html/laundryApp/public/index.php(51): Illuminate\\Foundation\\Http\\Kernel->handle()
#57 /var/www/html/laundryApp/vendor/laravel/framework/src/Illuminate/Foundation/resources/server.php(16): require_once('...')
#58 {main}

[previous exception] [object] (PDOException(code: 42S02): SQLSTATE[42S02]: Base table or view not found: 1146 Table 'loundry_app.product_process_history' doesn't exist at /var/www/html/laundryApp/vendor/laravel/framework/src/Illuminate/Database/Connection.php:423)
[stacktrace]
#0 /var/www/html/laundryApp/vendor/laravel/framework/src/Illuminate/Database/Connection.php(423): PDO->prepare()
#1 /var/www/html/laundryApp/vendor/laravel/framework/src/Illuminate/Database/Connection.php(816): Illuminate\\Database\\Connection->Illuminate\\Database\\{closure}()
#2 /var/www/html/laundryApp/vendor/laravel/framework/src/Illuminate/Database/Connection.php(783): Illuminate\\Database\\Connection->runQueryCallback()
#3 /var/www/html/laundryApp/vendor/laravel/framework/src/Illuminate/Database/Connection.php(414): Illuminate\\Database\\Connection->run()
#4 /var/www/html/laundryApp/vendor/laravel/framework/src/Illuminate/Database/Query/Builder.php(2913): Illuminate\\Database\\Connection->select()
#5 /var/www/html/laundryApp/vendor/laravel/framework/src/Illuminate/Database/Query/Builder.php(2902): Illuminate\\Database\\Query\\Builder->runSelect()
#6 /var/www/html/laundryApp/vendor/laravel/framework/src/Illuminate/Database/Query/Builder.php(3456): Illuminate\\Database\\Query\\Builder->Illuminate\\Database\\Query\\{closure}()
#7 /var/www/html/laundryApp/vendor/laravel/framework/src/Illuminate/Database/Query/Builder.php(2901): Illuminate\\Database\\Query\\Builder->onceWithColumns()
#8 /var/www/html/laundryApp/vendor/laravel/framework/src/Illuminate/Database/Query/Builder.php(3383): Illuminate\\Database\\Query\\Builder->get()
#9 /var/www/html/laundryApp/vendor/laravel/framework/src/Illuminate/Database/Query/Builder.php(3311): Illuminate\\Database\\Query\\Builder->aggregate()
#10 /var/www/html/laundryApp/app/Http/Controllers/Api/DashboardApiController.php(74): Illuminate\\Database\\Query\\Builder->count()
#11 /var/www/html/laundryApp/vendor/laravel/framework/src/Illuminate/Cache/Repository.php(396): App\\Http\\Controllers\\Api\\DashboardApiController->App\\Http\\Controllers\\Api\\{closure}()
#12 /var/www/html/laundryApp/vendor/laravel/framework/src/Illuminate/Cache/CacheManager.php(429): Illuminate\\Cache\\Repository->remember()
#13 /var/www/html/laundryApp/vendor/laravel/framework/src/Illuminate/Support/Facades/Facade.php(355): Illuminate\\Cache\\CacheManager->__call()
#14 /var/www/html/laundryApp/app/Http/Controllers/Api/DashboardApiController.php(42): Illuminate\\Support\\Facades\\Facade::__callStatic()
#15 /var/www/html/laundryApp/vendor/laravel/framework/src/Illuminate/Routing/Controller.php(54): App\\Http\\Controllers\\Api\\DashboardApiController->summary()
#16 /var/www/html/laundryApp/vendor/laravel/framework/src/Illuminate/Routing/ControllerDispatcher.php(43): Illuminate\\Routing\\Controller->callAction()
#17 /var/www/html/laundryApp/vendor/laravel/framework/src/Illuminate/Routing/Route.php(259): Illuminate\\Routing\\ControllerDispatcher->dispatch()
#18 /var/www/html/laundryApp/vendor/laravel/framework/src/Illuminate/Routing/Route.php(205): Illuminate\\Routing\\Route->runController()
#19 /var/www/html/laundryApp/vendor/laravel/framework/src/Illuminate/Routing/Router.php(806): Illuminate\\Routing\\Route->run()
#20 /var/www/html/laundryApp/vendor/laravel/framework/src/Illuminate/Pipeline/Pipeline.php(144): Illuminate\\Routing\\Router->Illuminate\\Routing\\{closure}()
#21 /var/www/html/laundryApp/vendor/laravel/framework/src/Illuminate/Routing/Middleware/SubstituteBindings.php(50): Illuminate\\Pipeline\\Pipeline->Illuminate\\Pipeline\\{closure}()
#22 /var/www/html/laundryApp/vendor/laravel/framework/src/Illuminate/Pipeline/Pipeline.php(183): Illuminate\\Routing\\Middleware\\SubstituteBindings->handle()
#23 /var/www/html/laundryApp/vendor/laravel/framework/src/Illuminate/Routing/Middleware/ThrottleRequests.php(159): Illuminate\\Pipeline\\Pipeline->Illuminate\\Pipeline\\{closure}()
#24 /var/www/html/laundryApp/vendor/laravel/framework/src/Illuminate/Routing/Middleware/ThrottleRequests.php(125): Illuminate\\Routing\\Middleware\\ThrottleRequests->handleRequest()
#25 /var/www/html/laundryApp/vendor/laravel/framework/src/Illuminate/Routing/Middleware/ThrottleRequests.php(87): Illuminate\\Routing\\Middleware\\ThrottleRequests->handleRequestUsingNamedLimiter()
#26 /var/www/html/laundryApp/vendor/laravel/framework/src/Illuminate/Pipeline/Pipeline.php(183): Illuminate\\Routing\\Middleware\\ThrottleRequests->handle()
#27 /var/www/html/laundryApp/vendor/laravel/framework/src/Illuminate/Auth/Middleware/Authenticate.php(57): Illuminate\\Pipeline\\Pipeline->Illuminate\\Pipeline\\{closure}()
#28 /var/www/html/laundryApp/vendor/laravel/framework/src/Illuminate/Pipeline/Pipeline.php(183): Illuminate\\Auth\\Middleware\\Authenticate->handle()
#29 /var/www/html/laundryApp/vendor/laravel/sanctum/src/Http/Middleware/EnsureFrontendRequestsAreStateful.php(25): Illuminate\\Pipeline\\Pipeline->Illuminate\\Pipeline\\{closure}()
#30 /var/www/html/laundryApp/vendor/laravel/framework/src/Illuminate/Pipeline/Pipeline.php(144): Laravel\\Sanctum\\Http\\Middleware\\EnsureFrontendRequestsAreStateful->Laravel\\Sanctum\\Http\\Middleware\\{closure}()
#31 /var/www/html/laundryApp/vendor/laravel/framework/src/Illuminate/Pipeline/Pipeline.php(119): Illuminate\\Pipeline\\Pipeline->Illuminate\\Pipeline\\{closure}()
#32 /var/www/html/laundryApp/vendor/laravel/sanctum/src/Http/Middleware/EnsureFrontendRequestsAreStateful.php(24): Illuminate\\Pipeline\\Pipeline->then()
#33 /var/www/html/laundryApp/vendor/laravel/framework/src/Illuminate/Pipeline/Pipeline.php(183): Laravel\\Sanctum\\Http\\Middleware\\EnsureFrontendRequestsAreStateful->handle()
#34 /var/www/html/laundryApp/vendor/laravel/framework/src/Illuminate/Pipeline/Pipeline.php(119): Illuminate\\Pipeline\\Pipeline->Illuminate\\Pipeline\\{closure}()
#35 /var/www/html/laundryApp/vendor/laravel/framework/src/Illuminate/Routing/Router.php(805): Illuminate\\Pipeline\\Pipeline->then()
#36 /var/www/html/laundryApp/vendor/laravel/framework/src/Illuminate/Routing/Router.php(784): Illuminate\\Routing\\Router->runRouteWithinStack()
#37 /var/www/html/laundryApp/vendor/laravel/framework/src/Illuminate/Routing/Router.php(748): Illuminate\\Routing\\Router->runRoute()
#38 /var/www/html/laundryApp/vendor/laravel/framework/src/Illuminate/Routing/Router.php(737): Illuminate\\Routing\\Router->dispatchToRoute()
#39 /var/www/html/laundryApp/vendor/laravel/framework/src/Illuminate/Foundation/Http/Kernel.php(200): Illuminate\\Routing\\Router->dispatch()
#40 /var/www/html/laundryApp/vendor/laravel/framework/src/Illuminate/Pipeline/Pipeline.php(144): Illuminate\\Foundation\\Http\\Kernel->Illuminate\\Foundation\\Http\\{closure}()
#41 /var/www/html/laundryApp/vendor/laravel/framework/src/Illuminate/Foundation/Http/Middleware/TransformsRequest.php(21): Illuminate\\Pipeline\\Pipeline->Illuminate\\Pipeline\\{closure}()
#42 /var/www/html/laundryApp/vendor/laravel/framework/src/Illuminate/Foundation/Http/Middleware/ConvertEmptyStringsToNull.php(31): Illuminate\\Foundation\\Http\\Middleware\\TransformsRequest->handle()
#43 /var/www/html/laundryApp/vendor/laravel/framework/src/Illuminate/Pipeline/Pipeline.php(183): Illuminate\\Foundation\\Http\\Middleware\\ConvertEmptyStringsToNull->handle()
#44 /var/www/html/laundryApp/vendor/laravel/framework/src/Illuminate/Foundation/Http/Middleware/TransformsRequest.php(21): Illuminate\\Pipeline\\Pipeline->Illuminate\\Pipeline\\{closure}()
#45 /var/www/html/laundryApp/vendor/laravel/framework/src/Illuminate/Foundation/Http/Middleware/TrimStrings.php(40): Illuminate\\Foundation\\Http\\Middleware\\TransformsRequest->handle()
#46 /var/www/html/laundryApp/vendor/laravel/framework/src/Illuminate/Pipeline/Pipeline.php(183): Illuminate\\Foundation\\Http\\Middleware\\TrimStrings->handle()
#47 /var/www/html/laundryApp/vendor/laravel/framework/src/Illuminate/Foundation/Http/Middleware/ValidatePostSize.php(27): Illuminate\\Pipeline\\Pipeline->Illuminate\\Pipeline\\{closure}()
#48 /var/www/html/laundryApp/vendor/laravel/framework/src/Illuminate/Pipeline/Pipeline.php(183): Illuminate\\Foundation\\Http\\Middleware\\ValidatePostSize->handle()
#49 /var/www/html/laundryApp/vendor/laravel/framework/src/Illuminate/Foundation/Http/Middleware/PreventRequestsDuringMaintenance.php(99): Illuminate\\Pipeline\\Pipeline->Illuminate\\Pipeline\\{closure}()
#50 /var/www/html/laundryApp/vendor/laravel/framework/src/Illuminate/Pipeline/Pipeline.php(183): Illuminate\\Foundation\\Http\\Middleware\\PreventRequestsDuringMaintenance->handle()
#51 /var/www/html/laundryApp/vendor/laravel/framework/src/Illuminate/Http/Middleware/HandleCors.php(62): Illuminate\\Pipeline\\Pipeline->Illuminate\\Pipeline\\{closure}()
#52 /var/www/html/laundryApp/vendor/laravel/framework/src/Illuminate/Pipeline/Pipeline.php(183): Illuminate\\Http\\Middleware\\HandleCors->handle()
#53 /var/www/html/laundryApp/vendor/laravel/framework/src/Illuminate/Http/Middleware/TrustProxies.php(39): Illuminate\\Pipeline\\Pipeline->Illuminate\\Pipeline\\{closure}()
#54 /var/www/html/laundryApp/vendor/laravel/framework/src/Illuminate/Pipeline/Pipeline.php(183): Illuminate\\Http\\Middleware\\TrustProxies->handle()
#55 /var/www/html/laundryApp/vendor/laravel/framework/src/Illuminate/Pipeline/Pipeline.php(119): Illuminate\\Pipeline\\Pipeline->Illuminate\\Pipeline\\{closure}()
#56 /var/www/html/laundryApp/vendor/laravel/framework/src/Illuminate/Foundation/Http/Kernel.php(175): Illuminate\\Pipeline\\Pipeline->then()
#57 /var/www/html/laundryApp/vendor/laravel/framework/src/Illuminate/Foundation/Http/Kernel.php(144): Illuminate\\Foundation\\Http\\Kernel->sendRequestThroughRouter()
#58 /var/www/html/laundryApp/public/index.php(51): Illuminate\\Foundation\\Http\\Kernel->handle()
#59 /var/www/html/laundryApp/vendor/laravel/framework/src/Illuminate/Foundation/resources/server.php(16): require_once('...')
#60 {main}
"} 
[2025-12-05 19:54:44] local.ERROR: SQLSTATE[42S02]: Base table or view not found: 1146 Table 'loundry_app.product_process_history' doesn't exist (Connection: mysql, SQL: select count(*) as aggregate from (select `h`.`product_id`, `h`.`status`, `h`.`stages`, `h`.`changed_at` from `product_process_history` as `h` inner join (SELECT product_id, MAX(changed_at) as latest_change 
                             FROM product_process_history 
                             GROUP BY product_id) latest on `h`.`product_id` = `latest`.`product_id` and `h`.`changed_at` = `latest`.`latest_change` inner join `rfid_tags` as `p` on `h`.`product_id` = `p`.`id` where `p`.`location_id` = 3) as t where `t`.`changed_at` between 2025-12-05 00:00:00 and 2025-12-05 23:59:59 and `t`.`status` = FAIL) {"userId":51,"exception":"[object] (Illuminate\\Database\\QueryException(code: 42S02): SQLSTATE[42S02]: Base table or view not found: 1146 Table 'loundry_app.product_process_history' doesn't exist (Connection: mysql, SQL: select count(*) as aggregate from (select `h`.`product_id`, `h`.`status`, `h`.`stages`, `h`.`changed_at` from `product_process_history` as `h` inner join (SELECT product_id, MAX(changed_at) as latest_change 
                             FROM product_process_history 
                             GROUP BY product_id) latest on `h`.`product_id` = `latest`.`product_id` and `h`.`changed_at` = `latest`.`latest_change` inner join `rfid_tags` as `p` on `h`.`product_id` = `p`.`id` where `p`.`location_id` = 3) as t where `t`.`changed_at` between 2025-12-05 00:00:00 and 2025-12-05 23:59:59 and `t`.`status` = FAIL) at /var/www/html/laundryApp/vendor/laravel/framework/src/Illuminate/Database/Connection.php:829)
[stacktrace]
#0 /var/www/html/laundryApp/vendor/laravel/framework/src/Illuminate/Database/Connection.php(783): Illuminate\\Database\\Connection->runQueryCallback()
#1 /var/www/html/laundryApp/vendor/laravel/framework/src/Illuminate/Database/Connection.php(414): Illuminate\\Database\\Connection->run()
#2 /var/www/html/laundryApp/vendor/laravel/framework/src/Illuminate/Database/Query/Builder.php(2913): Illuminate\\Database\\Connection->select()
#3 /var/www/html/laundryApp/vendor/laravel/framework/src/Illuminate/Database/Query/Builder.php(2902): Illuminate\\Database\\Query\\Builder->runSelect()
#4 /var/www/html/laundryApp/vendor/laravel/framework/src/Illuminate/Database/Query/Builder.php(3456): Illuminate\\Database\\Query\\Builder->Illuminate\\Database\\Query\\{closure}()
#5 /var/www/html/laundryApp/vendor/laravel/framework/src/Illuminate/Database/Query/Builder.php(2901): Illuminate\\Database\\Query\\Builder->onceWithColumns()
#6 /var/www/html/laundryApp/vendor/laravel/framework/src/Illuminate/Database/Query/Builder.php(3383): Illuminate\\Database\\Query\\Builder->get()
#7 /var/www/html/laundryApp/vendor/laravel/framework/src/Illuminate/Database/Query/Builder.php(3311): Illuminate\\Database\\Query\\Builder->aggregate()
#8 /var/www/html/laundryApp/app/Http/Controllers/Api/DashboardApiController.php(74): Illuminate\\Database\\Query\\Builder->count()
#9 /var/www/html/laundryApp/vendor/laravel/framework/src/Illuminate/Cache/Repository.php(396): App\\Http\\Controllers\\Api\\DashboardApiController->App\\Http\\Controllers\\Api\\{closure}()
#10 /var/www/html/laundryApp/vendor/laravel/framework/src/Illuminate/Cache/CacheManager.php(429): Illuminate\\Cache\\Repository->remember()
#11 /var/www/html/laundryApp/vendor/laravel/framework/src/Illuminate/Support/Facades/Facade.php(355): Illuminate\\Cache\\CacheManager->__call()
#12 /var/www/html/laundryApp/app/Http/Controllers/Api/DashboardApiController.php(42): Illuminate\\Support\\Facades\\Facade::__callStatic()
#13 /var/www/html/laundryApp/vendor/laravel/framework/src/Illuminate/Routing/Controller.php(54): App\\Http\\Controllers\\Api\\DashboardApiController->summary()
#14 /var/www/html/laundryApp/vendor/laravel/framework/src/Illuminate/Routing/ControllerDispatcher.php(43): Illuminate\\Routing\\Controller->callAction()
#15 /var/www/html/laundryApp/vendor/laravel/framework/src/Illuminate/Routing/Route.php(259): Illuminate\\Routing\\ControllerDispatcher->dispatch()
#16 /var/www/html/laundryApp/vendor/laravel/framework/src/Illuminate/Routing/Route.php(205): Illuminate\\Routing\\Route->runController()
#17 /var/www/html/laundryApp/vendor/laravel/framework/src/Illuminate/Routing/Router.php(806): Illuminate\\Routing\\Route->run()
#18 /var/www/html/laundryApp/vendor/laravel/framework/src/Illuminate/Pipeline/Pipeline.php(144): Illuminate\\Routing\\Router->Illuminate\\Routing\\{closure}()
#19 /var/www/html/laundryApp/vendor/laravel/framework/src/Illuminate/Routing/Middleware/SubstituteBindings.php(50): Illuminate\\Pipeline\\Pipeline->Illuminate\\Pipeline\\{closure}()
#20 /var/www/html/laundryApp/vendor/laravel/framework/src/Illuminate/Pipeline/Pipeline.php(183): Illuminate\\Routing\\Middleware\\SubstituteBindings->handle()
#21 /var/www/html/laundryApp/vendor/laravel/framework/src/Illuminate/Routing/Middleware/ThrottleRequests.php(159): Illuminate\\Pipeline\\Pipeline->Illuminate\\Pipeline\\{closure}()
#22 /var/www/html/laundryApp/vendor/laravel/framework/src/Illuminate/Routing/Middleware/ThrottleRequests.php(125): Illuminate\\Routing\\Middleware\\ThrottleRequests->handleRequest()
#23 /var/www/html/laundryApp/vendor/laravel/framework/src/Illuminate/Routing/Middleware/ThrottleRequests.php(87): Illuminate\\Routing\\Middleware\\ThrottleRequests->handleRequestUsingNamedLimiter()
#24 /var/www/html/laundryApp/vendor/laravel/framework/src/Illuminate/Pipeline/Pipeline.php(183): Illuminate\\Routing\\Middleware\\ThrottleRequests->handle()
#25 /var/www/html/laundryApp/vendor/laravel/framework/src/Illuminate/Auth/Middleware/Authenticate.php(57): Illuminate\\Pipeline\\Pipeline->Illuminate\\Pipeline\\{closure}()
#26 /var/www/html/laundryApp/vendor/laravel/framework/src/Illuminate/Pipeline/Pipeline.php(183): Illuminate\\Auth\\Middleware\\Authenticate->handle()
#27 /var/www/html/laundryApp/vendor/laravel/sanctum/src/Http/Middleware/EnsureFrontendRequestsAreStateful.php(25): Illuminate\\Pipeline\\Pipeline->Illuminate\\Pipeline\\{closure}()
#28 /var/www/html/laundryApp/vendor/laravel/framework/src/Illuminate/Pipeline/Pipeline.php(144): Laravel\\Sanctum\\Http\\Middleware\\EnsureFrontendRequestsAreStateful->Laravel\\Sanctum\\Http\\Middleware\\{closure}()
#29 /var/www/html/laundryApp/vendor/laravel/framework/src/Illuminate/Pipeline/Pipeline.php(119): Illuminate\\Pipeline\\Pipeline->Illuminate\\Pipeline\\{closure}()
#30 /var/www/html/laundryApp/vendor/laravel/sanctum/src/Http/Middleware/EnsureFrontendRequestsAreStateful.php(24): Illuminate\\Pipeline\\Pipeline->then()
#31 /var/www/html/laundryApp/vendor/laravel/framework/src/Illuminate/Pipeline/Pipeline.php(183): Laravel\\Sanctum\\Http\\Middleware\\EnsureFrontendRequestsAreStateful->handle()
#32 /var/www/html/laundryApp/vendor/laravel/framework/src/Illuminate/Pipeline/Pipeline.php(119): Illuminate\\Pipeline\\Pipeline->Illuminate\\Pipeline\\{closure}()
#33 /var/www/html/laundryApp/vendor/laravel/framework/src/Illuminate/Routing/Router.php(805): Illuminate\\Pipeline\\Pipeline->then()
#34 /var/www/html/laundryApp/vendor/laravel/framework/src/Illuminate/Routing/Router.php(784): Illuminate\\Routing\\Router->runRouteWithinStack()
#35 /var/www/html/laundryApp/vendor/laravel/framework/src/Illuminate/Routing/Router.php(748): Illuminate\\Routing\\Router->runRoute()
#36 /var/www/html/laundryApp/vendor/laravel/framework/src/Illuminate/Routing/Router.php(737): Illuminate\\Routing\\Router->dispatchToRoute()
#37 /var/www/html/laundryApp/vendor/laravel/framework/src/Illuminate/Foundation/Http/Kernel.php(200): Illuminate\\Routing\\Router->dispatch()
#38 /var/www/html/laundryApp/vendor/laravel/framework/src/Illuminate/Pipeline/Pipeline.php(144): Illuminate\\Foundation\\Http\\Kernel->Illuminate\\Foundation\\Http\\{closure}()
#39 /var/www/html/laundryApp/vendor/laravel/framework/src/Illuminate/Foundation/Http/Middleware/TransformsRequest.php(21): Illuminate\\Pipeline\\Pipeline->Illuminate\\Pipeline\\{closure}()
#40 /var/www/html/laundryApp/vendor/laravel/framework/src/Illuminate/Foundation/Http/Middleware/ConvertEmptyStringsToNull.php(31): Illuminate\\Foundation\\Http\\Middleware\\TransformsRequest->handle()
#41 /var/www/html/laundryApp/vendor/laravel/framework/src/Illuminate/Pipeline/Pipeline.php(183): Illuminate\\Foundation\\Http\\Middleware\\ConvertEmptyStringsToNull->handle()
#42 /var/www/html/laundryApp/vendor/laravel/framework/src/Illuminate/Foundation/Http/Middleware/TransformsRequest.php(21): Illuminate\\Pipeline\\Pipeline->Illuminate\\Pipeline\\{closure}()
#43 /var/www/html/laundryApp/vendor/laravel/framework/src/Illuminate/Foundation/Http/Middleware/TrimStrings.php(40): Illuminate\\Foundation\\Http\\Middleware\\TransformsRequest->handle()
#44 /var/www/html/laundryApp/vendor/laravel/framework/src/Illuminate/Pipeline/Pipeline.php(183): Illuminate\\Foundation\\Http\\Middleware\\TrimStrings->handle()
#45 /var/www/html/laundryApp/vendor/laravel/framework/src/Illuminate/Foundation/Http/Middleware/ValidatePostSize.php(27): Illuminate\\Pipeline\\Pipeline->Illuminate\\Pipeline\\{closure}()
#46 /var/www/html/laundryApp/vendor/laravel/framework/src/Illuminate/Pipeline/Pipeline.php(183): Illuminate\\Foundation\\Http\\Middleware\\ValidatePostSize->handle()
#47 /var/www/html/laundryApp/vendor/laravel/framework/src/Illuminate/Foundation/Http/Middleware/PreventRequestsDuringMaintenance.php(99): Illuminate\\Pipeline\\Pipeline->Illuminate\\Pipeline\\{closure}()
#48 /var/www/html/laundryApp/vendor/laravel/framework/src/Illuminate/Pipeline/Pipeline.php(183): Illuminate\\Foundation\\Http\\Middleware\\PreventRequestsDuringMaintenance->handle()
#49 /var/www/html/laundryApp/vendor/laravel/framework/src/Illuminate/Http/Middleware/HandleCors.php(62): Illuminate\\Pipeline\\Pipeline->Illuminate\\Pipeline\\{closure}()
#50 /var/www/html/laundryApp/vendor/laravel/framework/src/Illuminate/Pipeline/Pipeline.php(183): Illuminate\\Http\\Middleware\\HandleCors->handle()
#51 /var/www/html/laundryApp/vendor/laravel/framework/src/Illuminate/Http/Middleware/TrustProxies.php(39): Illuminate\\Pipeline\\Pipeline->Illuminate\\Pipeline\\{closure}()
#52 /var/www/html/laundryApp/vendor/laravel/framework/src/Illuminate/Pipeline/Pipeline.php(183): Illuminate\\Http\\Middleware\\TrustProxies->handle()
#53 /var/www/html/laundryApp/vendor/laravel/framework/src/Illuminate/Pipeline/Pipeline.php(119): Illuminate\\Pipeline\\Pipeline->Illuminate\\Pipeline\\{closure}()
#54 /var/www/html/laundryApp/vendor/laravel/framework/src/Illuminate/Foundation/Http/Kernel.php(175): Illuminate\\Pipeline\\Pipeline->then()
#55 /var/www/html/laundryApp/vendor/laravel/framework/src/Illuminate/Foundation/Http/Kernel.php(144): Illuminate\\Foundation\\Http\\Kernel->sendRequestThroughRouter()
#56 /var/www/html/laundryApp/public/index.php(51): Illuminate\\Foundation\\Http\\Kernel->handle()
#57 /var/www/html/laundryApp/vendor/laravel/framework/src/Illuminate/Foundation/resources/server.php(16): require_once('...')
#58 {main}

[previous exception] [object] (PDOException(code: 42S02): SQLSTATE[42S02]: Base table or view not found: 1146 Table 'loundry_app.product_process_history' doesn't exist at /var/www/html/laundryApp/vendor/laravel/framework/src/Illuminate/Database/Connection.php:423)
[stacktrace]
#0 /var/www/html/laundryApp/vendor/laravel/framework/src/Illuminate/Database/Connection.php(423): PDO->prepare()
#1 /var/www/html/laundryApp/vendor/laravel/framework/src/Illuminate/Database/Connection.php(816): Illuminate\\Database\\Connection->Illuminate\\Database\\{closure}()
#2 /var/www/html/laundryApp/vendor/laravel/framework/src/Illuminate/Database/Connection.php(783): Illuminate\\Database\\Connection->runQueryCallback()
#3 /var/www/html/laundryApp/vendor/laravel/framework/src/Illuminate/Database/Connection.php(414): Illuminate\\Database\\Connection->run()
#4 /var/www/html/laundryApp/vendor/laravel/framework/src/Illuminate/Database/Query/Builder.php(2913): Illuminate\\Database\\Connection->select()
#5 /var/www/html/laundryApp/vendor/laravel/framework/src/Illuminate/Database/Query/Builder.php(2902): Illuminate\\Database\\Query\\Builder->runSelect()
#6 /var/www/html/laundryApp/vendor/laravel/framework/src/Illuminate/Database/Query/Builder.php(3456): Illuminate\\Database\\Query\\Builder->Illuminate\\Database\\Query\\{closure}()
#7 /var/www/html/laundryApp/vendor/laravel/framework/src/Illuminate/Database/Query/Builder.php(2901): Illuminate\\Database\\Query\\Builder->onceWithColumns()
#8 /var/www/html/laundryApp/vendor/laravel/framework/src/Illuminate/Database/Query/Builder.php(3383): Illuminate\\Database\\Query\\Builder->get()
#9 /var/www/html/laundryApp/vendor/laravel/framework/src/Illuminate/Database/Query/Builder.php(3311): Illuminate\\Database\\Query\\Builder->aggregate()
#10 /var/www/html/laundryApp/app/Http/Controllers/Api/DashboardApiController.php(74): Illuminate\\Database\\Query\\Builder->count()
#11 /var/www/html/laundryApp/vendor/laravel/framework/src/Illuminate/Cache/Repository.php(396): App\\Http\\Controllers\\Api\\DashboardApiController->App\\Http\\Controllers\\Api\\{closure}()
#12 /var/www/html/laundryApp/vendor/laravel/framework/src/Illuminate/Cache/CacheManager.php(429): Illuminate\\Cache\\Repository->remember()
#13 /var/www/html/laundryApp/vendor/laravel/framework/src/Illuminate/Support/Facades/Facade.php(355): Illuminate\\Cache\\CacheManager->__call()
#14 /var/www/html/laundryApp/app/Http/Controllers/Api/DashboardApiController.php(42): Illuminate\\Support\\Facades\\Facade::__callStatic()
#15 /var/www/html/laundryApp/vendor/laravel/framework/src/Illuminate/Routing/Controller.php(54): App\\Http\\Controllers\\Api\\DashboardApiController->summary()
#16 /var/www/html/laundryApp/vendor/laravel/framework/src/Illuminate/Routing/ControllerDispatcher.php(43): Illuminate\\Routing\\Controller->callAction()
#17 /var/www/html/laundryApp/vendor/laravel/framework/src/Illuminate/Routing/Route.php(259): Illuminate\\Routing\\ControllerDispatcher->dispatch()
#18 /var/www/html/laundryApp/vendor/laravel/framework/src/Illuminate/Routing/Route.php(205): Illuminate\\Routing\\Route->runController()
#19 /var/www/html/laundryApp/vendor/laravel/framework/src/Illuminate/Routing/Router.php(806): Illuminate\\Routing\\Route->run()
#20 /var/www/html/laundryApp/vendor/laravel/framework/src/Illuminate/Pipeline/Pipeline.php(144): Illuminate\\Routing\\Router->Illuminate\\Routing\\{closure}()
#21 /var/www/html/laundryApp/vendor/laravel/framework/src/Illuminate/Routing/Middleware/SubstituteBindings.php(50): Illuminate\\Pipeline\\Pipeline->Illuminate\\Pipeline\\{closure}()
#22 /var/www/html/laundryApp/vendor/laravel/framework/src/Illuminate/Pipeline/Pipeline.php(183): Illuminate\\Routing\\Middleware\\SubstituteBindings->handle()
#23 /var/www/html/laundryApp/vendor/laravel/framework/src/Illuminate/Routing/Middleware/ThrottleRequests.php(159): Illuminate\\Pipeline\\Pipeline->Illuminate\\Pipeline\\{closure}()
#24 /var/www/html/laundryApp/vendor/laravel/framework/src/Illuminate/Routing/Middleware/ThrottleRequests.php(125): Illuminate\\Routing\\Middleware\\ThrottleRequests->handleRequest()
#25 /var/www/html/laundryApp/vendor/laravel/framework/src/Illuminate/Routing/Middleware/ThrottleRequests.php(87): Illuminate\\Routing\\Middleware\\ThrottleRequests->handleRequestUsingNamedLimiter()
#26 /var/www/html/laundryApp/vendor/laravel/framework/src/Illuminate/Pipeline/Pipeline.php(183): Illuminate\\Routing\\Middleware\\ThrottleRequests->handle()
#27 /var/www/html/laundryApp/vendor/laravel/framework/src/Illuminate/Auth/Middleware/Authenticate.php(57): Illuminate\\Pipeline\\Pipeline->Illuminate\\Pipeline\\{closure}()
#28 /var/www/html/laundryApp/vendor/laravel/framework/src/Illuminate/Pipeline/Pipeline.php(183): Illuminate\\Auth\\Middleware\\Authenticate->handle()
#29 /var/www/html/laundryApp/vendor/laravel/sanctum/src/Http/Middleware/EnsureFrontendRequestsAreStateful.php(25): Illuminate\\Pipeline\\Pipeline->Illuminate\\Pipeline\\{closure}()
#30 /var/www/html/laundryApp/vendor/laravel/framework/src/Illuminate/Pipeline/Pipeline.php(144): Laravel\\Sanctum\\Http\\Middleware\\EnsureFrontendRequestsAreStateful->Laravel\\Sanctum\\Http\\Middleware\\{closure}()
#31 /var/www/html/laundryApp/vendor/laravel/framework/src/Illuminate/Pipeline/Pipeline.php(119): Illuminate\\Pipeline\\Pipeline->Illuminate\\Pipeline\\{closure}()
#32 /var/www/html/laundryApp/vendor/laravel/sanctum/src/Http/Middleware/EnsureFrontendRequestsAreStateful.php(24): Illuminate\\Pipeline\\Pipeline->then()
#33 /var/www/html/laundryApp/vendor/laravel/framework/src/Illuminate/Pipeline/Pipeline.php(183): Laravel\\Sanctum\\Http\\Middleware\\EnsureFrontendRequestsAreStateful->handle()
#34 /var/www/html/laundryApp/vendor/laravel/framework/src/Illuminate/Pipeline/Pipeline.php(119): Illuminate\\Pipeline\\Pipeline->Illuminate\\Pipeline\\{closure}()
#35 /var/www/html/laundryApp/vendor/laravel/framework/src/Illuminate/Routing/Router.php(805): Illuminate\\Pipeline\\Pipeline->then()
#36 /var/www/html/laundryApp/vendor/laravel/framework/src/Illuminate/Routing/Router.php(784): Illuminate\\Routing\\Router->runRouteWithinStack()
#37 /var/www/html/laundryApp/vendor/laravel/framework/src/Illuminate/Routing/Router.php(748): Illuminate\\Routing\\Router->runRoute()
#38 /var/www/html/laundryApp/vendor/laravel/framework/src/Illuminate/Routing/Router.php(737): Illuminate\\Routing\\Router->dispatchToRoute()
#39 /var/www/html/laundryApp/vendor/laravel/framework/src/Illuminate/Foundation/Http/Kernel.php(200): Illuminate\\Routing\\Router->dispatch()
#40 /var/www/html/laundryApp/vendor/laravel/framework/src/Illuminate/Pipeline/Pipeline.php(144): Illuminate\\Foundation\\Http\\Kernel->Illuminate\\Foundation\\Http\\{closure}()
#41 /var/www/html/laundryApp/vendor/laravel/framework/src/Illuminate/Foundation/Http/Middleware/TransformsRequest.php(21): Illuminate\\Pipeline\\Pipeline->Illuminate\\Pipeline\\{closure}()
#42 /var/www/html/laundryApp/vendor/laravel/framework/src/Illuminate/Foundation/Http/Middleware/ConvertEmptyStringsToNull.php(31): Illuminate\\Foundation\\Http\\Middleware\\TransformsRequest->handle()
#43 /var/www/html/laundryApp/vendor/laravel/framework/src/Illuminate/Pipeline/Pipeline.php(183): Illuminate\\Foundation\\Http\\Middleware\\ConvertEmptyStringsToNull->handle()
#44 /var/www/html/laundryApp/vendor/laravel/framework/src/Illuminate/Foundation/Http/Middleware/TransformsRequest.php(21): Illuminate\\Pipeline\\Pipeline->Illuminate\\Pipeline\\{closure}()
#45 /var/www/html/laundryApp/vendor/laravel/framework/src/Illuminate/Foundation/Http/Middleware/TrimStrings.php(40): Illuminate\\Foundation\\Http\\Middleware\\TransformsRequest->handle()
#46 /var/www/html/laundryApp/vendor/laravel/framework/src/Illuminate/Pipeline/Pipeline.php(183): Illuminate\\Foundation\\Http\\Middleware\\TrimStrings->handle()
#47 /var/www/html/laundryApp/vendor/laravel/framework/src/Illuminate/Foundation/Http/Middleware/ValidatePostSize.php(27): Illuminate\\Pipeline\\Pipeline->Illuminate\\Pipeline\\{closure}()
#48 /var/www/html/laundryApp/vendor/laravel/framework/src/Illuminate/Pipeline/Pipeline.php(183): Illuminate\\Foundation\\Http\\Middleware\\ValidatePostSize->handle()
#49 /var/www/html/laundryApp/vendor/laravel/framework/src/Illuminate/Foundation/Http/Middleware/PreventRequestsDuringMaintenance.php(99): Illuminate\\Pipeline\\Pipeline->Illuminate\\Pipeline\\{closure}()
#50 /var/www/html/laundryApp/vendor/laravel/framework/src/Illuminate/Pipeline/Pipeline.php(183): Illuminate\\Foundation\\Http\\Middleware\\PreventRequestsDuringMaintenance->handle()
#51 /var/www/html/laundryApp/vendor/laravel/framework/src/Illuminate/Http/Middleware/HandleCors.php(62): Illuminate\\Pipeline\\Pipeline->Illuminate\\Pipeline\\{closure}()
#52 /var/www/html/laundryApp/vendor/laravel/framework/src/Illuminate/Pipeline/Pipeline.php(183): Illuminate\\Http\\Middleware\\HandleCors->handle()
#53 /var/www/html/laundryApp/vendor/laravel/framework/src/Illuminate/Http/Middleware/TrustProxies.php(39): Illuminate\\Pipeline\\Pipeline->Illuminate\\Pipeline\\{closure}()
#54 /var/www/html/laundryApp/vendor/laravel/framework/src/Illuminate/Pipeline/Pipeline.php(183): Illuminate\\Http\\Middleware\\TrustProxies->handle()
#55 /var/www/html/laundryApp/vendor/laravel/framework/src/Illuminate/Pipeline/Pipeline.php(119): Illuminate\\Pipeline\\Pipeline->Illuminate\\Pipeline\\{closure}()
#56 /var/www/html/laundryApp/vendor/laravel/framework/src/Illuminate/Foundation/Http/Kernel.php(175): Illuminate\\Pipeline\\Pipeline->then()
#57 /var/www/html/laundryApp/vendor/laravel/framework/src/Illuminate/Foundation/Http/Kernel.php(144): Illuminate\\Foundation\\Http\\Kernel->sendRequestThroughRouter()
#58 /var/www/html/laundryApp/public/index.php(51): Illuminate\\Foundation\\Http\\Kernel->handle()
#59 /var/www/html/laundryApp/vendor/laravel/framework/src/Illuminate/Foundation/resources/server.php(16): require_once('...')
#60 {main}
"} 
[2025-12-05 19:54:52] local.ERROR: SQLSTATE[42S02]: Base table or view not found: 1146 Table 'loundry_app.product_process_history' doesn't exist (Connection: mysql, SQL: select count(*) as aggregate from (select `h`.`product_id`, `h`.`status`, `h`.`stages`, `h`.`changed_at` from `product_process_history` as `h` inner join (SELECT product_id, MAX(changed_at) as latest_change 
                             FROM product_process_history 
                             GROUP BY product_id) latest on `h`.`product_id` = `latest`.`product_id` and `h`.`changed_at` = `latest`.`latest_change` inner join `rfid_tags` as `p` on `h`.`product_id` = `p`.`id` where `p`.`location_id` = 3) as t where `t`.`changed_at` between 2025-12-05 00:00:00 and 2025-12-05 23:59:59 and `t`.`status` = FAIL) {"userId":51,"exception":"[object] (Illuminate\\Database\\QueryException(code: 42S02): SQLSTATE[42S02]: Base table or view not found: 1146 Table 'loundry_app.product_process_history' doesn't exist (Connection: mysql, SQL: select count(*) as aggregate from (select `h`.`product_id`, `h`.`status`, `h`.`stages`, `h`.`changed_at` from `product_process_history` as `h` inner join (SELECT product_id, MAX(changed_at) as latest_change 
                             FROM product_process_history 
                             GROUP BY product_id) latest on `h`.`product_id` = `latest`.`product_id` and `h`.`changed_at` = `latest`.`latest_change` inner join `rfid_tags` as `p` on `h`.`product_id` = `p`.`id` where `p`.`location_id` = 3) as t where `t`.`changed_at` between 2025-12-05 00:00:00 and 2025-12-05 23:59:59 and `t`.`status` = FAIL) at /var/www/html/laundryApp/vendor/laravel/framework/src/Illuminate/Database/Connection.php:829)
[stacktrace]
#0 /var/www/html/laundryApp/vendor/laravel/framework/src/Illuminate/Database/Connection.php(783): Illuminate\\Database\\Connection->runQueryCallback()
#1 /var/www/html/laundryApp/vendor/laravel/framework/src/Illuminate/Database/Connection.php(414): Illuminate\\Database\\Connection->run()
#2 /var/www/html/laundryApp/vendor/laravel/framework/src/Illuminate/Database/Query/Builder.php(2913): Illuminate\\Database\\Connection->select()
#3 /var/www/html/laundryApp/vendor/laravel/framework/src/Illuminate/Database/Query/Builder.php(2902): Illuminate\\Database\\Query\\Builder->runSelect()
#4 /var/www/html/laundryApp/vendor/laravel/framework/src/Illuminate/Database/Query/Builder.php(3456): Illuminate\\Database\\Query\\Builder->Illuminate\\Database\\Query\\{closure}()
#5 /var/www/html/laundryApp/vendor/laravel/framework/src/Illuminate/Database/Query/Builder.php(2901): Illuminate\\Database\\Query\\Builder->onceWithColumns()
#6 /var/www/html/laundryApp/vendor/laravel/framework/src/Illuminate/Database/Query/Builder.php(3383): Illuminate\\Database\\Query\\Builder->get()
#7 /var/www/html/laundryApp/vendor/laravel/framework/src/Illuminate/Database/Query/Builder.php(3311): Illuminate\\Database\\Query\\Builder->aggregate()
#8 /var/www/html/laundryApp/app/Http/Controllers/Api/DashboardApiController.php(74): Illuminate\\Database\\Query\\Builder->count()
#9 /var/www/html/laundryApp/vendor/laravel/framework/src/Illuminate/Cache/Repository.php(396): App\\Http\\Controllers\\Api\\DashboardApiController->App\\Http\\Controllers\\Api\\{closure}()
#10 /var/www/html/laundryApp/vendor/laravel/framework/src/Illuminate/Cache/CacheManager.php(429): Illuminate\\Cache\\Repository->remember()
#11 /var/www/html/laundryApp/vendor/laravel/framework/src/Illuminate/Support/Facades/Facade.php(355): Illuminate\\Cache\\CacheManager->__call()
#12 /var/www/html/laundryApp/app/Http/Controllers/Api/DashboardApiController.php(42): Illuminate\\Support\\Facades\\Facade::__callStatic()
#13 /var/www/html/laundryApp/vendor/laravel/framework/src/Illuminate/Routing/Controller.php(54): App\\Http\\Controllers\\Api\\DashboardApiController->summary()
#14 /var/www/html/laundryApp/vendor/laravel/framework/src/Illuminate/Routing/ControllerDispatcher.php(43): Illuminate\\Routing\\Controller->callAction()
#15 /var/www/html/laundryApp/vendor/laravel/framework/src/Illuminate/Routing/Route.php(259): Illuminate\\Routing\\ControllerDispatcher->dispatch()
#16 /var/www/html/laundryApp/vendor/laravel/framework/src/Illuminate/Routing/Route.php(205): Illuminate\\Routing\\Route->runController()
#17 /var/www/html/laundryApp/vendor/laravel/framework/src/Illuminate/Routing/Router.php(806): Illuminate\\Routing\\Route->run()
#18 /var/www/html/laundryApp/vendor/laravel/framework/src/Illuminate/Pipeline/Pipeline.php(144): Illuminate\\Routing\\Router->Illuminate\\Routing\\{closure}()
#19 /var/www/html/laundryApp/vendor/laravel/framework/src/Illuminate/Routing/Middleware/SubstituteBindings.php(50): Illuminate\\Pipeline\\Pipeline->Illuminate\\Pipeline\\{closure}()
#20 /var/www/html/laundryApp/vendor/laravel/framework/src/Illuminate/Pipeline/Pipeline.php(183): Illuminate\\Routing\\Middleware\\SubstituteBindings->handle()
#21 /var/www/html/laundryApp/vendor/laravel/framework/src/Illuminate/Routing/Middleware/ThrottleRequests.php(159): Illuminate\\Pipeline\\Pipeline->Illuminate\\Pipeline\\{closure}()
#22 /var/www/html/laundryApp/vendor/laravel/framework/src/Illuminate/Routing/Middleware/ThrottleRequests.php(125): Illuminate\\Routing\\Middleware\\ThrottleRequests->handleRequest()
#23 /var/www/html/laundryApp/vendor/laravel/framework/src/Illuminate/Routing/Middleware/ThrottleRequests.php(87): Illuminate\\Routing\\Middleware\\ThrottleRequests->handleRequestUsingNamedLimiter()
#24 /var/www/html/laundryApp/vendor/laravel/framework/src/Illuminate/Pipeline/Pipeline.php(183): Illuminate\\Routing\\Middleware\\ThrottleRequests->handle()
#25 /var/www/html/laundryApp/vendor/laravel/framework/src/Illuminate/Auth/Middleware/Authenticate.php(57): Illuminate\\Pipeline\\Pipeline->Illuminate\\Pipeline\\{closure}()
#26 /var/www/html/laundryApp/vendor/laravel/framework/src/Illuminate/Pipeline/Pipeline.php(183): Illuminate\\Auth\\Middleware\\Authenticate->handle()
#27 /var/www/html/laundryApp/vendor/laravel/sanctum/src/Http/Middleware/EnsureFrontendRequestsAreStateful.php(25): Illuminate\\Pipeline\\Pipeline->Illuminate\\Pipeline\\{closure}()
#28 /var/www/html/laundryApp/vendor/laravel/framework/src/Illuminate/Pipeline/Pipeline.php(144): Laravel\\Sanctum\\Http\\Middleware\\EnsureFrontendRequestsAreStateful->Laravel\\Sanctum\\Http\\Middleware\\{closure}()
#29 /var/www/html/laundryApp/vendor/laravel/framework/src/Illuminate/Pipeline/Pipeline.php(119): Illuminate\\Pipeline\\Pipeline->Illuminate\\Pipeline\\{closure}()
#30 /var/www/html/laundryApp/vendor/laravel/sanctum/src/Http/Middleware/EnsureFrontendRequestsAreStateful.php(24): Illuminate\\Pipeline\\Pipeline->then()
#31 /var/www/html/laundryApp/vendor/laravel/framework/src/Illuminate/Pipeline/Pipeline.php(183): Laravel\\Sanctum\\Http\\Middleware\\EnsureFrontendRequestsAreStateful->handle()
#32 /var/www/html/laundryApp/vendor/laravel/framework/src/Illuminate/Pipeline/Pipeline.php(119): Illuminate\\Pipeline\\Pipeline->Illuminate\\Pipeline\\{closure}()
#33 /var/www/html/laundryApp/vendor/laravel/framework/src/Illuminate/Routing/Router.php(805): Illuminate\\Pipeline\\Pipeline->then()
#34 /var/www/html/laundryApp/vendor/laravel/framework/src/Illuminate/Routing/Router.php(784): Illuminate\\Routing\\Router->runRouteWithinStack()
#35 /var/www/html/laundryApp/vendor/laravel/framework/src/Illuminate/Routing/Router.php(748): Illuminate\\Routing\\Router->runRoute()
#36 /var/www/html/laundryApp/vendor/laravel/framework/src/Illuminate/Routing/Router.php(737): Illuminate\\Routing\\Router->dispatchToRoute()
#37 /var/www/html/laundryApp/vendor/laravel/framework/src/Illuminate/Foundation/Http/Kernel.php(200): Illuminate\\Routing\\Router->dispatch()
#38 /var/www/html/laundryApp/vendor/laravel/framework/src/Illuminate/Pipeline/Pipeline.php(144): Illuminate\\Foundation\\Http\\Kernel->Illuminate\\Foundation\\Http\\{closure}()
#39 /var/www/html/laundryApp/vendor/laravel/framework/src/Illuminate/Foundation/Http/Middleware/TransformsRequest.php(21): Illuminate\\Pipeline\\Pipeline->Illuminate\\Pipeline\\{closure}()
#40 /var/www/html/laundryApp/vendor/laravel/framework/src/Illuminate/Foundation/Http/Middleware/ConvertEmptyStringsToNull.php(31): Illuminate\\Foundation\\Http\\Middleware\\TransformsRequest->handle()
#41 /var/www/html/laundryApp/vendor/laravel/framework/src/Illuminate/Pipeline/Pipeline.php(183): Illuminate\\Foundation\\Http\\Middleware\\ConvertEmptyStringsToNull->handle()
#42 /var/www/html/laundryApp/vendor/laravel/framework/src/Illuminate/Foundation/Http/Middleware/TransformsRequest.php(21): Illuminate\\Pipeline\\Pipeline->Illuminate\\Pipeline\\{closure}()
#43 /var/www/html/laundryApp/vendor/laravel/framework/src/Illuminate/Foundation/Http/Middleware/TrimStrings.php(40): Illuminate\\Foundation\\Http\\Middleware\\TransformsRequest->handle()
#44 /var/www/html/laundryApp/vendor/laravel/framework/src/Illuminate/Pipeline/Pipeline.php(183): Illuminate\\Foundation\\Http\\Middleware\\TrimStrings->handle()
#45 /var/www/html/laundryApp/vendor/laravel/framework/src/Illuminate/Foundation/Http/Middleware/ValidatePostSize.php(27): Illuminate\\Pipeline\\Pipeline->Illuminate\\Pipeline\\{closure}()
#46 /var/www/html/laundryApp/vendor/laravel/framework/src/Illuminate/Pipeline/Pipeline.php(183): Illuminate\\Foundation\\Http\\Middleware\\ValidatePostSize->handle()
#47 /var/www/html/laundryApp/vendor/laravel/framework/src/Illuminate/Foundation/Http/Middleware/PreventRequestsDuringMaintenance.php(99): Illuminate\\Pipeline\\Pipeline->Illuminate\\Pipeline\\{closure}()
#48 /var/www/html/laundryApp/vendor/laravel/framework/src/Illuminate/Pipeline/Pipeline.php(183): Illuminate\\Foundation\\Http\\Middleware\\PreventRequestsDuringMaintenance->handle()
#49 /var/www/html/laundryApp/vendor/laravel/framework/src/Illuminate/Http/Middleware/HandleCors.php(62): Illuminate\\Pipeline\\Pipeline->Illuminate\\Pipeline\\{closure}()
#50 /var/www/html/laundryApp/vendor/laravel/framework/src/Illuminate/Pipeline/Pipeline.php(183): Illuminate\\Http\\Middleware\\HandleCors->handle()
#51 /var/www/html/laundryApp/vendor/laravel/framework/src/Illuminate/Http/Middleware/TrustProxies.php(39): Illuminate\\Pipeline\\Pipeline->Illuminate\\Pipeline\\{closure}()
#52 /var/www/html/laundryApp/vendor/laravel/framework/src/Illuminate/Pipeline/Pipeline.php(183): Illuminate\\Http\\Middleware\\TrustProxies->handle()
#53 /var/www/html/laundryApp/vendor/laravel/framework/src/Illuminate/Pipeline/Pipeline.php(119): Illuminate\\Pipeline\\Pipeline->Illuminate\\Pipeline\\{closure}()
#54 /var/www/html/laundryApp/vendor/laravel/framework/src/Illuminate/Foundation/Http/Kernel.php(175): Illuminate\\Pipeline\\Pipeline->then()
#55 /var/www/html/laundryApp/vendor/laravel/framework/src/Illuminate/Foundation/Http/Kernel.php(144): Illuminate\\Foundation\\Http\\Kernel->sendRequestThroughRouter()
#56 /var/www/html/laundryApp/public/index.php(51): Illuminate\\Foundation\\Http\\Kernel->handle()
#57 /var/www/html/laundryApp/vendor/laravel/framework/src/Illuminate/Foundation/resources/server.php(16): require_once('...')
#58 {main}

[previous exception] [object] (PDOException(code: 42S02): SQLSTATE[42S02]: Base table or view not found: 1146 Table 'loundry_app.product_process_history' doesn't exist at /var/www/html/laundryApp/vendor/laravel/framework/src/Illuminate/Database/Connection.php:423)
[stacktrace]
#0 /var/www/html/laundryApp/vendor/laravel/framework/src/Illuminate/Database/Connection.php(423): PDO->prepare()
#1 /var/www/html/laundryApp/vendor/laravel/framework/src/Illuminate/Database/Connection.php(816): Illuminate\\Database\\Connection->Illuminate\\Database\\{closure}()
#2 /var/www/html/laundryApp/vendor/laravel/framework/src/Illuminate/Database/Connection.php(783): Illuminate\\Database\\Connection->runQueryCallback()
#3 /var/www/html/laundryApp/vendor/laravel/framework/src/Illuminate/Database/Connection.php(414): Illuminate\\Database\\Connection->run()
#4 /var/www/html/laundryApp/vendor/laravel/framework/src/Illuminate/Database/Query/Builder.php(2913): Illuminate\\Database\\Connection->select()
#5 /var/www/html/laundryApp/vendor/laravel/framework/src/Illuminate/Database/Query/Builder.php(2902): Illuminate\\Database\\Query\\Builder->runSelect()
#6 /var/www/html/laundryApp/vendor/laravel/framework/src/Illuminate/Database/Query/Builder.php(3456): Illuminate\\Database\\Query\\Builder->Illuminate\\Database\\Query\\{closure}()
#7 /var/www/html/laundryApp/vendor/laravel/framework/src/Illuminate/Database/Query/Builder.php(2901): Illuminate\\Database\\Query\\Builder->onceWithColumns()
#8 /var/www/html/laundryApp/vendor/laravel/framework/src/Illuminate/Database/Query/Builder.php(3383): Illuminate\\Database\\Query\\Builder->get()
#9 /var/www/html/laundryApp/vendor/laravel/framework/src/Illuminate/Database/Query/Builder.php(3311): Illuminate\\Database\\Query\\Builder->aggregate()
#10 /var/www/html/laundryApp/app/Http/Controllers/Api/DashboardApiController.php(74): Illuminate\\Database\\Query\\Builder->count()
#11 /var/www/html/laundryApp/vendor/laravel/framework/src/Illuminate/Cache/Repository.php(396): App\\Http\\Controllers\\Api\\DashboardApiController->App\\Http\\Controllers\\Api\\{closure}()
#12 /var/www/html/laundryApp/vendor/laravel/framework/src/Illuminate/Cache/CacheManager.php(429): Illuminate\\Cache\\Repository->remember()
#13 /var/www/html/laundryApp/vendor/laravel/framework/src/Illuminate/Support/Facades/Facade.php(355): Illuminate\\Cache\\CacheManager->__call()
#14 /var/www/html/laundryApp/app/Http/Controllers/Api/DashboardApiController.php(42): Illuminate\\Support\\Facades\\Facade::__callStatic()
#15 /var/www/html/laundryApp/vendor/laravel/framework/src/Illuminate/Routing/Controller.php(54): App\\Http\\Controllers\\Api\\DashboardApiController->summary()
#16 /var/www/html/laundryApp/vendor/laravel/framework/src/Illuminate/Routing/ControllerDispatcher.php(43): Illuminate\\Routing\\Controller->callAction()
#17 /var/www/html/laundryApp/vendor/laravel/framework/src/Illuminate/Routing/Route.php(259): Illuminate\\Routing\\ControllerDispatcher->dispatch()
#18 /var/www/html/laundryApp/vendor/laravel/framework/src/Illuminate/Routing/Route.php(205): Illuminate\\Routing\\Route->runController()
#19 /var/www/html/laundryApp/vendor/laravel/framework/src/Illuminate/Routing/Router.php(806): Illuminate\\Routing\\Route->run()
#20 /var/www/html/laundryApp/vendor/laravel/framework/src/Illuminate/Pipeline/Pipeline.php(144): Illuminate\\Routing\\Router->Illuminate\\Routing\\{closure}()
#21 /var/www/html/laundryApp/vendor/laravel/framework/src/Illuminate/Routing/Middleware/SubstituteBindings.php(50): Illuminate\\Pipeline\\Pipeline->Illuminate\\Pipeline\\{closure}()
#22 /var/www/html/laundryApp/vendor/laravel/framework/src/Illuminate/Pipeline/Pipeline.php(183): Illuminate\\Routing\\Middleware\\SubstituteBindings->handle()
#23 /var/www/html/laundryApp/vendor/laravel/framework/src/Illuminate/Routing/Middleware/ThrottleRequests.php(159): Illuminate\\Pipeline\\Pipeline->Illuminate\\Pipeline\\{closure}()
#24 /var/www/html/laundryApp/vendor/laravel/framework/src/Illuminate/Routing/Middleware/ThrottleRequests.php(125): Illuminate\\Routing\\Middleware\\ThrottleRequests->handleRequest()
#25 /var/www/html/laundryApp/vendor/laravel/framework/src/Illuminate/Routing/Middleware/ThrottleRequests.php(87): Illuminate\\Routing\\Middleware\\ThrottleRequests->handleRequestUsingNamedLimiter()
#26 /var/www/html/laundryApp/vendor/laravel/framework/src/Illuminate/Pipeline/Pipeline.php(183): Illuminate\\Routing\\Middleware\\ThrottleRequests->handle()
#27 /var/www/html/laundryApp/vendor/laravel/framework/src/Illuminate/Auth/Middleware/Authenticate.php(57): Illuminate\\Pipeline\\Pipeline->Illuminate\\Pipeline\\{closure}()
#28 /var/www/html/laundryApp/vendor/laravel/framework/src/Illuminate/Pipeline/Pipeline.php(183): Illuminate\\Auth\\Middleware\\Authenticate->handle()
#29 /var/www/html/laundryApp/vendor/laravel/sanctum/src/Http/Middleware/EnsureFrontendRequestsAreStateful.php(25): Illuminate\\Pipeline\\Pipeline->Illuminate\\Pipeline\\{closure}()
#30 /var/www/html/laundryApp/vendor/laravel/framework/src/Illuminate/Pipeline/Pipeline.php(144): Laravel\\Sanctum\\Http\\Middleware\\EnsureFrontendRequestsAreStateful->Laravel\\Sanctum\\Http\\Middleware\\{closure}()
#31 /var/www/html/laundryApp/vendor/laravel/framework/src/Illuminate/Pipeline/Pipeline.php(119): Illuminate\\Pipeline\\Pipeline->Illuminate\\Pipeline\\{closure}()
#32 /var/www/html/laundryApp/vendor/laravel/sanctum/src/Http/Middleware/EnsureFrontendRequestsAreStateful.php(24): Illuminate\\Pipeline\\Pipeline->then()
#33 /var/www/html/laundryApp/vendor/laravel/framework/src/Illuminate/Pipeline/Pipeline.php(183): Laravel\\Sanctum\\Http\\Middleware\\EnsureFrontendRequestsAreStateful->handle()
#34 /var/www/html/laundryApp/vendor/laravel/framework/src/Illuminate/Pipeline/Pipeline.php(119): Illuminate\\Pipeline\\Pipeline->Illuminate\\Pipeline\\{closure}()
#35 /var/www/html/laundryApp/vendor/laravel/framework/src/Illuminate/Routing/Router.php(805): Illuminate\\Pipeline\\Pipeline->then()
#36 /var/www/html/laundryApp/vendor/laravel/framework/src/Illuminate/Routing/Router.php(784): Illuminate\\Routing\\Router->runRouteWithinStack()
#37 /var/www/html/laundryApp/vendor/laravel/framework/src/Illuminate/Routing/Router.php(748): Illuminate\\Routing\\Router->runRoute()
#38 /var/www/html/laundryApp/vendor/laravel/framework/src/Illuminate/Routing/Router.php(737): Illuminate\\Routing\\Router->dispatchToRoute()
#39 /var/www/html/laundryApp/vendor/laravel/framework/src/Illuminate/Foundation/Http/Kernel.php(200): Illuminate\\Routing\\Router->dispatch()
#40 /var/www/html/laundryApp/vendor/laravel/framework/src/Illuminate/Pipeline/Pipeline.php(144): Illuminate\\Foundation\\Http\\Kernel->Illuminate\\Foundation\\Http\\{closure}()
#41 /var/www/html/laundryApp/vendor/laravel/framework/src/Illuminate/Foundation/Http/Middleware/TransformsRequest.php(21): Illuminate\\Pipeline\\Pipeline->Illuminate\\Pipeline\\{closure}()
#42 /var/www/html/laundryApp/vendor/laravel/framework/src/Illuminate/Foundation/Http/Middleware/ConvertEmptyStringsToNull.php(31): Illuminate\\Foundation\\Http\\Middleware\\TransformsRequest->handle()
#43 /var/www/html/laundryApp/vendor/laravel/framework/src/Illuminate/Pipeline/Pipeline.php(183): Illuminate\\Foundation\\Http\\Middleware\\ConvertEmptyStringsToNull->handle()
#44 /var/www/html/laundryApp/vendor/laravel/framework/src/Illuminate/Foundation/Http/Middleware/TransformsRequest.php(21): Illuminate\\Pipeline\\Pipeline->Illuminate\\Pipeline\\{closure}()
#45 /var/www/html/laundryApp/vendor/laravel/framework/src/Illuminate/Foundation/Http/Middleware/TrimStrings.php(40): Illuminate\\Foundation\\Http\\Middleware\\TransformsRequest->handle()
#46 /var/www/html/laundryApp/vendor/laravel/framework/src/Illuminate/Pipeline/Pipeline.php(183): Illuminate\\Foundation\\Http\\Middleware\\TrimStrings->handle()
#47 /var/www/html/laundryApp/vendor/laravel/framework/src/Illuminate/Foundation/Http/Middleware/ValidatePostSize.php(27): Illuminate\\Pipeline\\Pipeline->Illuminate\\Pipeline\\{closure}()
#48 /var/www/html/laundryApp/vendor/laravel/framework/src/Illuminate/Pipeline/Pipeline.php(183): Illuminate\\Foundation\\Http\\Middleware\\ValidatePostSize->handle()
#49 /var/www/html/laundryApp/vendor/laravel/framework/src/Illuminate/Foundation/Http/Middleware/PreventRequestsDuringMaintenance.php(99): Illuminate\\Pipeline\\Pipeline->Illuminate\\Pipeline\\{closure}()
#50 /var/www/html/laundryApp/vendor/laravel/framework/src/Illuminate/Pipeline/Pipeline.php(183): Illuminate\\Foundation\\Http\\Middleware\\PreventRequestsDuringMaintenance->handle()
#51 /var/www/html/laundryApp/vendor/laravel/framework/src/Illuminate/Http/Middleware/HandleCors.php(62): Illuminate\\Pipeline\\Pipeline->Illuminate\\Pipeline\\{closure}()
#52 /var/www/html/laundryApp/vendor/laravel/framework/src/Illuminate/Pipeline/Pipeline.php(183): Illuminate\\Http\\Middleware\\HandleCors->handle()
#53 /var/www/html/laundryApp/vendor/laravel/framework/src/Illuminate/Http/Middleware/TrustProxies.php(39): Illuminate\\Pipeline\\Pipeline->Illuminate\\Pipeline\\{closure}()
#54 /var/www/html/laundryApp/vendor/laravel/framework/src/Illuminate/Pipeline/Pipeline.php(183): Illuminate\\Http\\Middleware\\TrustProxies->handle()
#55 /var/www/html/laundryApp/vendor/laravel/framework/src/Illuminate/Pipeline/Pipeline.php(119): Illuminate\\Pipeline\\Pipeline->Illuminate\\Pipeline\\{closure}()
#56 /var/www/html/laundryApp/vendor/laravel/framework/src/Illuminate/Foundation/Http/Kernel.php(175): Illuminate\\Pipeline\\Pipeline->then()
#57 /var/www/html/laundryApp/vendor/laravel/framework/src/Illuminate/Foundation/Http/Kernel.php(144): Illuminate\\Foundation\\Http\\Kernel->sendRequestThroughRouter()
#58 /var/www/html/laundryApp/public/index.php(51): Illuminate\\Foundation\\Http\\Kernel->handle()
#59 /var/www/html/laundryApp/vendor/laravel/framework/src/Illuminate/Foundation/resources/server.php(16): require_once('...')
#60 {main}
"} 
[2025-12-05 19:55:00] local.ERROR: SQLSTATE[42S02]: Base table or view not found: 1146 Table 'loundry_app.product_process_history' doesn't exist (Connection: mysql, SQL: select count(*) as aggregate from (select `h`.`product_id`, `h`.`status`, `h`.`stages`, `h`.`changed_at` from `product_process_history` as `h` inner join (SELECT product_id, MAX(changed_at) as latest_change 
                             FROM product_process_history 
                             GROUP BY product_id) latest on `h`.`product_id` = `latest`.`product_id` and `h`.`changed_at` = `latest`.`latest_change` inner join `rfid_tags` as `p` on `h`.`product_id` = `p`.`id` where `p`.`location_id` = 3) as t where `t`.`changed_at` between 2025-12-05 00:00:00 and 2025-12-05 23:59:59 and `t`.`status` = FAIL) {"userId":51,"exception":"[object] (Illuminate\\Database\\QueryException(code: 42S02): SQLSTATE[42S02]: Base table or view not found: 1146 Table 'loundry_app.product_process_history' doesn't exist (Connection: mysql, SQL: select count(*) as aggregate from (select `h`.`product_id`, `h`.`status`, `h`.`stages`, `h`.`changed_at` from `product_process_history` as `h` inner join (SELECT product_id, MAX(changed_at) as latest_change 
                             FROM product_process_history 
                             GROUP BY product_id) latest on `h`.`product_id` = `latest`.`product_id` and `h`.`changed_at` = `latest`.`latest_change` inner join `rfid_tags` as `p` on `h`.`product_id` = `p`.`id` where `p`.`location_id` = 3) as t where `t`.`changed_at` between 2025-12-05 00:00:00 and 2025-12-05 23:59:59 and `t`.`status` = FAIL) at /var/www/html/laundryApp/vendor/laravel/framework/src/Illuminate/Database/Connection.php:829)
[stacktrace]
#0 /var/www/html/laundryApp/vendor/laravel/framework/src/Illuminate/Database/Connection.php(783): Illuminate\\Database\\Connection->runQueryCallback()
#1 /var/www/html/laundryApp/vendor/laravel/framework/src/Illuminate/Database/Connection.php(414): Illuminate\\Database\\Connection->run()
#2 /var/www/html/laundryApp/vendor/laravel/framework/src/Illuminate/Database/Query/Builder.php(2913): Illuminate\\Database\\Connection->select()
#3 /var/www/html/laundryApp/vendor/laravel/framework/src/Illuminate/Database/Query/Builder.php(2902): Illuminate\\Database\\Query\\Builder->runSelect()
#4 /var/www/html/laundryApp/vendor/laravel/framework/src/Illuminate/Database/Query/Builder.php(3456): Illuminate\\Database\\Query\\Builder->Illuminate\\Database\\Query\\{closure}()
#5 /var/www/html/laundryApp/vendor/laravel/framework/src/Illuminate/Database/Query/Builder.php(2901): Illuminate\\Database\\Query\\Builder->onceWithColumns()
#6 /var/www/html/laundryApp/vendor/laravel/framework/src/Illuminate/Database/Query/Builder.php(3383): Illuminate\\Database\\Query\\Builder->get()
#7 /var/www/html/laundryApp/vendor/laravel/framework/src/Illuminate/Database/Query/Builder.php(3311): Illuminate\\Database\\Query\\Builder->aggregate()
#8 /var/www/html/laundryApp/app/Http/Controllers/Api/DashboardApiController.php(74): Illuminate\\Database\\Query\\Builder->count()
#9 /var/www/html/laundryApp/vendor/laravel/framework/src/Illuminate/Cache/Repository.php(396): App\\Http\\Controllers\\Api\\DashboardApiController->App\\Http\\Controllers\\Api\\{closure}()
#10 /var/www/html/laundryApp/vendor/laravel/framework/src/Illuminate/Cache/CacheManager.php(429): Illuminate\\Cache\\Repository->remember()
#11 /var/www/html/laundryApp/vendor/laravel/framework/src/Illuminate/Support/Facades/Facade.php(355): Illuminate\\Cache\\CacheManager->__call()
#12 /var/www/html/laundryApp/app/Http/Controllers/Api/DashboardApiController.php(42): Illuminate\\Support\\Facades\\Facade::__callStatic()
#13 /var/www/html/laundryApp/vendor/laravel/framework/src/Illuminate/Routing/Controller.php(54): App\\Http\\Controllers\\Api\\DashboardApiController->summary()
#14 /var/www/html/laundryApp/vendor/laravel/framework/src/Illuminate/Routing/ControllerDispatcher.php(43): Illuminate\\Routing\\Controller->callAction()
#15 /var/www/html/laundryApp/vendor/laravel/framework/src/Illuminate/Routing/Route.php(259): Illuminate\\Routing\\ControllerDispatcher->dispatch()
#16 /var/www/html/laundryApp/vendor/laravel/framework/src/Illuminate/Routing/Route.php(205): Illuminate\\Routing\\Route->runController()
#17 /var/www/html/laundryApp/vendor/laravel/framework/src/Illuminate/Routing/Router.php(806): Illuminate\\Routing\\Route->run()
#18 /var/www/html/laundryApp/vendor/laravel/framework/src/Illuminate/Pipeline/Pipeline.php(144): Illuminate\\Routing\\Router->Illuminate\\Routing\\{closure}()
#19 /var/www/html/laundryApp/vendor/laravel/framework/src/Illuminate/Routing/Middleware/SubstituteBindings.php(50): Illuminate\\Pipeline\\Pipeline->Illuminate\\Pipeline\\{closure}()
#20 /var/www/html/laundryApp/vendor/laravel/framework/src/Illuminate/Pipeline/Pipeline.php(183): Illuminate\\Routing\\Middleware\\SubstituteBindings->handle()
#21 /var/www/html/laundryApp/vendor/laravel/framework/src/Illuminate/Routing/Middleware/ThrottleRequests.php(159): Illuminate\\Pipeline\\Pipeline->Illuminate\\Pipeline\\{closure}()
#22 /var/www/html/laundryApp/vendor/laravel/framework/src/Illuminate/Routing/Middleware/ThrottleRequests.php(125): Illuminate\\Routing\\Middleware\\ThrottleRequests->handleRequest()
#23 /var/www/html/laundryApp/vendor/laravel/framework/src/Illuminate/Routing/Middleware/ThrottleRequests.php(87): Illuminate\\Routing\\Middleware\\ThrottleRequests->handleRequestUsingNamedLimiter()
#24 /var/www/html/laundryApp/vendor/laravel/framework/src/Illuminate/Pipeline/Pipeline.php(183): Illuminate\\Routing\\Middleware\\ThrottleRequests->handle()
#25 /var/www/html/laundryApp/vendor/laravel/framework/src/Illuminate/Auth/Middleware/Authenticate.php(57): Illuminate\\Pipeline\\Pipeline->Illuminate\\Pipeline\\{closure}()
#26 /var/www/html/laundryApp/vendor/laravel/framework/src/Illuminate/Pipeline/Pipeline.php(183): Illuminate\\Auth\\Middleware\\Authenticate->handle()
#27 /var/www/html/laundryApp/vendor/laravel/sanctum/src/Http/Middleware/EnsureFrontendRequestsAreStateful.php(25): Illuminate\\Pipeline\\Pipeline->Illuminate\\Pipeline\\{closure}()
#28 /var/www/html/laundryApp/vendor/laravel/framework/src/Illuminate/Pipeline/Pipeline.php(144): Laravel\\Sanctum\\Http\\Middleware\\EnsureFrontendRequestsAreStateful->Laravel\\Sanctum\\Http\\Middleware\\{closure}()
#29 /var/www/html/laundryApp/vendor/laravel/framework/src/Illuminate/Pipeline/Pipeline.php(119): Illuminate\\Pipeline\\Pipeline->Illuminate\\Pipeline\\{closure}()
#30 /var/www/html/laundryApp/vendor/laravel/sanctum/src/Http/Middleware/EnsureFrontendRequestsAreStateful.php(24): Illuminate\\Pipeline\\Pipeline->then()
#31 /var/www/html/laundryApp/vendor/laravel/framework/src/Illuminate/Pipeline/Pipeline.php(183): Laravel\\Sanctum\\Http\\Middleware\\EnsureFrontendRequestsAreStateful->handle()
#32 /var/www/html/laundryApp/vendor/laravel/framework/src/Illuminate/Pipeline/Pipeline.php(119): Illuminate\\Pipeline\\Pipeline->Illuminate\\Pipeline\\{closure}()
#33 /var/www/html/laundryApp/vendor/laravel/framework/src/Illuminate/Routing/Router.php(805): Illuminate\\Pipeline\\Pipeline->then()
#34 /var/www/html/laundryApp/vendor/laravel/framework/src/Illuminate/Routing/Router.php(784): Illuminate\\Routing\\Router->runRouteWithinStack()
#35 /var/www/html/laundryApp/vendor/laravel/framework/src/Illuminate/Routing/Router.php(748): Illuminate\\Routing\\Router->runRoute()
#36 /var/www/html/laundryApp/vendor/laravel/framework/src/Illuminate/Routing/Router.php(737): Illuminate\\Routing\\Router->dispatchToRoute()
#37 /var/www/html/laundryApp/vendor/laravel/framework/src/Illuminate/Foundation/Http/Kernel.php(200): Illuminate\\Routing\\Router->dispatch()
#38 /var/www/html/laundryApp/vendor/laravel/framework/src/Illuminate/Pipeline/Pipeline.php(144): Illuminate\\Foundation\\Http\\Kernel->Illuminate\\Foundation\\Http\\{closure}()
#39 /var/www/html/laundryApp/vendor/laravel/framework/src/Illuminate/Foundation/Http/Middleware/TransformsRequest.php(21): Illuminate\\Pipeline\\Pipeline->Illuminate\\Pipeline\\{closure}()
#40 /var/www/html/laundryApp/vendor/laravel/framework/src/Illuminate/Foundation/Http/Middleware/ConvertEmptyStringsToNull.php(31): Illuminate\\Foundation\\Http\\Middleware\\TransformsRequest->handle()
#41 /var/www/html/laundryApp/vendor/laravel/framework/src/Illuminate/Pipeline/Pipeline.php(183): Illuminate\\Foundation\\Http\\Middleware\\ConvertEmptyStringsToNull->handle()
#42 /var/www/html/laundryApp/vendor/laravel/framework/src/Illuminate/Foundation/Http/Middleware/TransformsRequest.php(21): Illuminate\\Pipeline\\Pipeline->Illuminate\\Pipeline\\{closure}()
#43 /var/www/html/laundryApp/vendor/laravel/framework/src/Illuminate/Foundation/Http/Middleware/TrimStrings.php(40): Illuminate\\Foundation\\Http\\Middleware\\TransformsRequest->handle()
#44 /var/www/html/laundryApp/vendor/laravel/framework/src/Illuminate/Pipeline/Pipeline.php(183): Illuminate\\Foundation\\Http\\Middleware\\TrimStrings->handle()
#45 /var/www/html/laundryApp/vendor/laravel/framework/src/Illuminate/Foundation/Http/Middleware/ValidatePostSize.php(27): Illuminate\\Pipeline\\Pipeline->Illuminate\\Pipeline\\{closure}()
#46 /var/www/html/laundryApp/vendor/laravel/framework/src/Illuminate/Pipeline/Pipeline.php(183): Illuminate\\Foundation\\Http\\Middleware\\ValidatePostSize->handle()
#47 /var/www/html/laundryApp/vendor/laravel/framework/src/Illuminate/Foundation/Http/Middleware/PreventRequestsDuringMaintenance.php(99): Illuminate\\Pipeline\\Pipeline->Illuminate\\Pipeline\\{closure}()
#48 /var/www/html/laundryApp/vendor/laravel/framework/src/Illuminate/Pipeline/Pipeline.php(183): Illuminate\\Foundation\\Http\\Middleware\\PreventRequestsDuringMaintenance->handle()
#49 /var/www/html/laundryApp/vendor/laravel/framework/src/Illuminate/Http/Middleware/HandleCors.php(62): Illuminate\\Pipeline\\Pipeline->Illuminate\\Pipeline\\{closure}()
#50 /var/www/html/laundryApp/vendor/laravel/framework/src/Illuminate/Pipeline/Pipeline.php(183): Illuminate\\Http\\Middleware\\HandleCors->handle()
#51 /var/www/html/laundryApp/vendor/laravel/framework/src/Illuminate/Http/Middleware/TrustProxies.php(39): Illuminate\\Pipeline\\Pipeline->Illuminate\\Pipeline\\{closure}()
#52 /var/www/html/laundryApp/vendor/laravel/framework/src/Illuminate/Pipeline/Pipeline.php(183): Illuminate\\Http\\Middleware\\TrustProxies->handle()
#53 /var/www/html/laundryApp/vendor/laravel/framework/src/Illuminate/Pipeline/Pipeline.php(119): Illuminate\\Pipeline\\Pipeline->Illuminate\\Pipeline\\{closure}()
#54 /var/www/html/laundryApp/vendor/laravel/framework/src/Illuminate/Foundation/Http/Kernel.php(175): Illuminate\\Pipeline\\Pipeline->then()
#55 /var/www/html/laundryApp/vendor/laravel/framework/src/Illuminate/Foundation/Http/Kernel.php(144): Illuminate\\Foundation\\Http\\Kernel->sendRequestThroughRouter()
#56 /var/www/html/laundryApp/public/index.php(51): Illuminate\\Foundation\\Http\\Kernel->handle()
#57 /var/www/html/laundryApp/vendor/laravel/framework/src/Illuminate/Foundation/resources/server.php(16): require_once('...')
#58 {main}

[previous exception] [object] (PDOException(code: 42S02): SQLSTATE[42S02]: Base table or view not found: 1146 Table 'loundry_app.product_process_history' doesn't exist at /var/www/html/laundryApp/vendor/laravel/framework/src/Illuminate/Database/Connection.php:423)
[stacktrace]
#0 /var/www/html/laundryApp/vendor/laravel/framework/src/Illuminate/Database/Connection.php(423): PDO->prepare()
#1 /var/www/html/laundryApp/vendor/laravel/framework/src/Illuminate/Database/Connection.php(816): Illuminate\\Database\\Connection->Illuminate\\Database\\{closure}()
#2 /var/www/html/laundryApp/vendor/laravel/framework/src/Illuminate/Database/Connection.php(783): Illuminate\\Database\\Connection->runQueryCallback()
#3 /var/www/html/laundryApp/vendor/laravel/framework/src/Illuminate/Database/Connection.php(414): Illuminate\\Database\\Connection->run()
#4 /var/www/html/laundryApp/vendor/laravel/framework/src/Illuminate/Database/Query/Builder.php(2913): Illuminate\\Database\\Connection->select()
#5 /var/www/html/laundryApp/vendor/laravel/framework/src/Illuminate/Database/Query/Builder.php(2902): Illuminate\\Database\\Query\\Builder->runSelect()
#6 /var/www/html/laundryApp/vendor/laravel/framework/src/Illuminate/Database/Query/Builder.php(3456): Illuminate\\Database\\Query\\Builder->Illuminate\\Database\\Query\\{closure}()
#7 /var/www/html/laundryApp/vendor/laravel/framework/src/Illuminate/Database/Query/Builder.php(2901): Illuminate\\Database\\Query\\Builder->onceWithColumns()
#8 /var/www/html/laundryApp/vendor/laravel/framework/src/Illuminate/Database/Query/Builder.php(3383): Illuminate\\Database\\Query\\Builder->get()
#9 /var/www/html/laundryApp/vendor/laravel/framework/src/Illuminate/Database/Query/Builder.php(3311): Illuminate\\Database\\Query\\Builder->aggregate()
#10 /var/www/html/laundryApp/app/Http/Controllers/Api/DashboardApiController.php(74): Illuminate\\Database\\Query\\Builder->count()
#11 /var/www/html/laundryApp/vendor/laravel/framework/src/Illuminate/Cache/Repository.php(396): App\\Http\\Controllers\\Api\\DashboardApiController->App\\Http\\Controllers\\Api\\{closure}()
#12 /var/www/html/laundryApp/vendor/laravel/framework/src/Illuminate/Cache/CacheManager.php(429): Illuminate\\Cache\\Repository->remember()
#13 /var/www/html/laundryApp/vendor/laravel/framework/src/Illuminate/Support/Facades/Facade.php(355): Illuminate\\Cache\\CacheManager->__call()
#14 /var/www/html/laundryApp/app/Http/Controllers/Api/DashboardApiController.php(42): Illuminate\\Support\\Facades\\Facade::__callStatic()
#15 /var/www/html/laundryApp/vendor/laravel/framework/src/Illuminate/Routing/Controller.php(54): App\\Http\\Controllers\\Api\\DashboardApiController->summary()
#16 /var/www/html/laundryApp/vendor/laravel/framework/src/Illuminate/Routing/ControllerDispatcher.php(43): Illuminate\\Routing\\Controller->callAction()
#17 /var/www/html/laundryApp/vendor/laravel/framework/src/Illuminate/Routing/Route.php(259): Illuminate\\Routing\\ControllerDispatcher->dispatch()
#18 /var/www/html/laundryApp/vendor/laravel/framework/src/Illuminate/Routing/Route.php(205): Illuminate\\Routing\\Route->runController()
#19 /var/www/html/laundryApp/vendor/laravel/framework/src/Illuminate/Routing/Router.php(806): Illuminate\\Routing\\Route->run()
#20 /var/www/html/laundryApp/vendor/laravel/framework/src/Illuminate/Pipeline/Pipeline.php(144): Illuminate\\Routing\\Router->Illuminate\\Routing\\{closure}()
#21 /var/www/html/laundryApp/vendor/laravel/framework/src/Illuminate/Routing/Middleware/SubstituteBindings.php(50): Illuminate\\Pipeline\\Pipeline->Illuminate\\Pipeline\\{closure}()
#22 /var/www/html/laundryApp/vendor/laravel/framework/src/Illuminate/Pipeline/Pipeline.php(183): Illuminate\\Routing\\Middleware\\SubstituteBindings->handle()
#23 /var/www/html/laundryApp/vendor/laravel/framework/src/Illuminate/Routing/Middleware/ThrottleRequests.php(159): Illuminate\\Pipeline\\Pipeline->Illuminate\\Pipeline\\{closure}()
#24 /var/www/html/laundryApp/vendor/laravel/framework/src/Illuminate/Routing/Middleware/ThrottleRequests.php(125): Illuminate\\Routing\\Middleware\\ThrottleRequests->handleRequest()
#25 /var/www/html/laundryApp/vendor/laravel/framework/src/Illuminate/Routing/Middleware/ThrottleRequests.php(87): Illuminate\\Routing\\Middleware\\ThrottleRequests->handleRequestUsingNamedLimiter()
#26 /var/www/html/laundryApp/vendor/laravel/framework/src/Illuminate/Pipeline/Pipeline.php(183): Illuminate\\Routing\\Middleware\\ThrottleRequests->handle()
#27 /var/www/html/laundryApp/vendor/laravel/framework/src/Illuminate/Auth/Middleware/Authenticate.php(57): Illuminate\\Pipeline\\Pipeline->Illuminate\\Pipeline\\{closure}()
#28 /var/www/html/laundryApp/vendor/laravel/framework/src/Illuminate/Pipeline/Pipeline.php(183): Illuminate\\Auth\\Middleware\\Authenticate->handle()
#29 /var/www/html/laundryApp/vendor/laravel/sanctum/src/Http/Middleware/EnsureFrontendRequestsAreStateful.php(25): Illuminate\\Pipeline\\Pipeline->Illuminate\\Pipeline\\{closure}()
#30 /var/www/html/laundryApp/vendor/laravel/framework/src/Illuminate/Pipeline/Pipeline.php(144): Laravel\\Sanctum\\Http\\Middleware\\EnsureFrontendRequestsAreStateful->Laravel\\Sanctum\\Http\\Middleware\\{closure}()
#31 /var/www/html/laundryApp/vendor/laravel/framework/src/Illuminate/Pipeline/Pipeline.php(119): Illuminate\\Pipeline\\Pipeline->Illuminate\\Pipeline\\{closure}()
#32 /var/www/html/laundryApp/vendor/laravel/sanctum/src/Http/Middleware/EnsureFrontendRequestsAreStateful.php(24): Illuminate\\Pipeline\\Pipeline->then()
#33 /var/www/html/laundryApp/vendor/laravel/framework/src/Illuminate/Pipeline/Pipeline.php(183): Laravel\\Sanctum\\Http\\Middleware\\EnsureFrontendRequestsAreStateful->handle()
#34 /var/www/html/laundryApp/vendor/laravel/framework/src/Illuminate/Pipeline/Pipeline.php(119): Illuminate\\Pipeline\\Pipeline->Illuminate\\Pipeline\\{closure}()
#35 /var/www/html/laundryApp/vendor/laravel/framework/src/Illuminate/Routing/Router.php(805): Illuminate\\Pipeline\\Pipeline->then()
#36 /var/www/html/laundryApp/vendor/laravel/framework/src/Illuminate/Routing/Router.php(784): Illuminate\\Routing\\Router->runRouteWithinStack()
#37 /var/www/html/laundryApp/vendor/laravel/framework/src/Illuminate/Routing/Router.php(748): Illuminate\\Routing\\Router->runRoute()
#38 /var/www/html/laundryApp/vendor/laravel/framework/src/Illuminate/Routing/Router.php(737): Illuminate\\Routing\\Router->dispatchToRoute()
#39 /var/www/html/laundryApp/vendor/laravel/framework/src/Illuminate/Foundation/Http/Kernel.php(200): Illuminate\\Routing\\Router->dispatch()
#40 /var/www/html/laundryApp/vendor/laravel/framework/src/Illuminate/Pipeline/Pipeline.php(144): Illuminate\\Foundation\\Http\\Kernel->Illuminate\\Foundation\\Http\\{closure}()
#41 /var/www/html/laundryApp/vendor/laravel/framework/src/Illuminate/Foundation/Http/Middleware/TransformsRequest.php(21): Illuminate\\Pipeline\\Pipeline->Illuminate\\Pipeline\\{closure}()
#42 /var/www/html/laundryApp/vendor/laravel/framework/src/Illuminate/Foundation/Http/Middleware/ConvertEmptyStringsToNull.php(31): Illuminate\\Foundation\\Http\\Middleware\\TransformsRequest->handle()
#43 /var/www/html/laundryApp/vendor/laravel/framework/src/Illuminate/Pipeline/Pipeline.php(183): Illuminate\\Foundation\\Http\\Middleware\\ConvertEmptyStringsToNull->handle()
#44 /var/www/html/laundryApp/vendor/laravel/framework/src/Illuminate/Foundation/Http/Middleware/TransformsRequest.php(21): Illuminate\\Pipeline\\Pipeline->Illuminate\\Pipeline\\{closure}()
#45 /var/www/html/laundryApp/vendor/laravel/framework/src/Illuminate/Foundation/Http/Middleware/TrimStrings.php(40): Illuminate\\Foundation\\Http\\Middleware\\TransformsRequest->handle()
#46 /var/www/html/laundryApp/vendor/laravel/framework/src/Illuminate/Pipeline/Pipeline.php(183): Illuminate\\Foundation\\Http\\Middleware\\TrimStrings->handle()
#47 /var/www/html/laundryApp/vendor/laravel/framework/src/Illuminate/Foundation/Http/Middleware/ValidatePostSize.php(27): Illuminate\\Pipeline\\Pipeline->Illuminate\\Pipeline\\{closure}()
#48 /var/www/html/laundryApp/vendor/laravel/framework/src/Illuminate/Pipeline/Pipeline.php(183): Illuminate\\Foundation\\Http\\Middleware\\ValidatePostSize->handle()
#49 /var/www/html/laundryApp/vendor/laravel/framework/src/Illuminate/Foundation/Http/Middleware/PreventRequestsDuringMaintenance.php(99): Illuminate\\Pipeline\\Pipeline->Illuminate\\Pipeline\\{closure}()
#50 /var/www/html/laundryApp/vendor/laravel/framework/src/Illuminate/Pipeline/Pipeline.php(183): Illuminate\\Foundation\\Http\\Middleware\\PreventRequestsDuringMaintenance->handle()
#51 /var/www/html/laundryApp/vendor/laravel/framework/src/Illuminate/Http/Middleware/HandleCors.php(62): Illuminate\\Pipeline\\Pipeline->Illuminate\\Pipeline\\{closure}()
#52 /var/www/html/laundryApp/vendor/laravel/framework/src/Illuminate/Pipeline/Pipeline.php(183): Illuminate\\Http\\Middleware\\HandleCors->handle()
#53 /var/www/html/laundryApp/vendor/laravel/framework/src/Illuminate/Http/Middleware/TrustProxies.php(39): Illuminate\\Pipeline\\Pipeline->Illuminate\\Pipeline\\{closure}()
#54 /var/www/html/laundryApp/vendor/laravel/framework/src/Illuminate/Pipeline/Pipeline.php(183): Illuminate\\Http\\Middleware\\TrustProxies->handle()
#55 /var/www/html/laundryApp/vendor/laravel/framework/src/Illuminate/Pipeline/Pipeline.php(119): Illuminate\\Pipeline\\Pipeline->Illuminate\\Pipeline\\{closure}()
#56 /var/www/html/laundryApp/vendor/laravel/framework/src/Illuminate/Foundation/Http/Kernel.php(175): Illuminate\\Pipeline\\Pipeline->then()
#57 /var/www/html/laundryApp/vendor/laravel/framework/src/Illuminate/Foundation/Http/Kernel.php(144): Illuminate\\Foundation\\Http\\Kernel->sendRequestThroughRouter()
#58 /var/www/html/laundryApp/public/index.php(51): Illuminate\\Foundation\\Http\\Kernel->handle()
#59 /var/www/html/laundryApp/vendor/laravel/framework/src/Illuminate/Foundation/resources/server.php(16): require_once('...')
#60 {main}
"} 
[2025-12-05 19:55:08] local.ERROR: SQLSTATE[42S02]: Base table or view not found: 1146 Table 'loundry_app.product_process_history' doesn't exist (Connection: mysql, SQL: select count(*) as aggregate from (select `h`.`product_id`, `h`.`status`, `h`.`stages`, `h`.`changed_at` from `product_process_history` as `h` inner join (SELECT product_id, MAX(changed_at) as latest_change 
                             FROM product_process_history 
                             GROUP BY product_id) latest on `h`.`product_id` = `latest`.`product_id` and `h`.`changed_at` = `latest`.`latest_change` inner join `rfid_tags` as `p` on `h`.`product_id` = `p`.`id` where `p`.`location_id` = 3) as t where `t`.`changed_at` between 2025-12-05 00:00:00 and 2025-12-05 23:59:59 and `t`.`status` = FAIL) {"userId":51,"exception":"[object] (Illuminate\\Database\\QueryException(code: 42S02): SQLSTATE[42S02]: Base table or view not found: 1146 Table 'loundry_app.product_process_history' doesn't exist (Connection: mysql, SQL: select count(*) as aggregate from (select `h`.`product_id`, `h`.`status`, `h`.`stages`, `h`.`changed_at` from `product_process_history` as `h` inner join (SELECT product_id, MAX(changed_at) as latest_change 
                             FROM product_process_history 
                             GROUP BY product_id) latest on `h`.`product_id` = `latest`.`product_id` and `h`.`changed_at` = `latest`.`latest_change` inner join `rfid_tags` as `p` on `h`.`product_id` = `p`.`id` where `p`.`location_id` = 3) as t where `t`.`changed_at` between 2025-12-05 00:00:00 and 2025-12-05 23:59:59 and `t`.`status` = FAIL) at /var/www/html/laundryApp/vendor/laravel/framework/src/Illuminate/Database/Connection.php:829)
[stacktrace]
#0 /var/www/html/laundryApp/vendor/laravel/framework/src/Illuminate/Database/Connection.php(783): Illuminate\\Database\\Connection->runQueryCallback()
#1 /var/www/html/laundryApp/vendor/laravel/framework/src/Illuminate/Database/Connection.php(414): Illuminate\\Database\\Connection->run()
#2 /var/www/html/laundryApp/vendor/laravel/framework/src/Illuminate/Database/Query/Builder.php(2913): Illuminate\\Database\\Connection->select()
#3 /var/www/html/laundryApp/vendor/laravel/framework/src/Illuminate/Database/Query/Builder.php(2902): Illuminate\\Database\\Query\\Builder->runSelect()
#4 /var/www/html/laundryApp/vendor/laravel/framework/src/Illuminate/Database/Query/Builder.php(3456): Illuminate\\Database\\Query\\Builder->Illuminate\\Database\\Query\\{closure}()
#5 /var/www/html/laundryApp/vendor/laravel/framework/src/Illuminate/Database/Query/Builder.php(2901): Illuminate\\Database\\Query\\Builder->onceWithColumns()
#6 /var/www/html/laundryApp/vendor/laravel/framework/src/Illuminate/Database/Query/Builder.php(3383): Illuminate\\Database\\Query\\Builder->get()
#7 /var/www/html/laundryApp/vendor/laravel/framework/src/Illuminate/Database/Query/Builder.php(3311): Illuminate\\Database\\Query\\Builder->aggregate()
#8 /var/www/html/laundryApp/app/Http/Controllers/Api/DashboardApiController.php(74): Illuminate\\Database\\Query\\Builder->count()
#9 /var/www/html/laundryApp/vendor/laravel/framework/src/Illuminate/Cache/Repository.php(396): App\\Http\\Controllers\\Api\\DashboardApiController->App\\Http\\Controllers\\Api\\{closure}()
#10 /var/www/html/laundryApp/vendor/laravel/framework/src/Illuminate/Cache/CacheManager.php(429): Illuminate\\Cache\\Repository->remember()
#11 /var/www/html/laundryApp/vendor/laravel/framework/src/Illuminate/Support/Facades/Facade.php(355): Illuminate\\Cache\\CacheManager->__call()
#12 /var/www/html/laundryApp/app/Http/Controllers/Api/DashboardApiController.php(42): Illuminate\\Support\\Facades\\Facade::__callStatic()
#13 /var/www/html/laundryApp/vendor/laravel/framework/src/Illuminate/Routing/Controller.php(54): App\\Http\\Controllers\\Api\\DashboardApiController->summary()
#14 /var/www/html/laundryApp/vendor/laravel/framework/src/Illuminate/Routing/ControllerDispatcher.php(43): Illuminate\\Routing\\Controller->callAction()
#15 /var/www/html/laundryApp/vendor/laravel/framework/src/Illuminate/Routing/Route.php(259): Illuminate\\Routing\\ControllerDispatcher->dispatch()
#16 /var/www/html/laundryApp/vendor/laravel/framework/src/Illuminate/Routing/Route.php(205): Illuminate\\Routing\\Route->runController()
#17 /var/www/html/laundryApp/vendor/laravel/framework/src/Illuminate/Routing/Router.php(806): Illuminate\\Routing\\Route->run()
#18 /var/www/html/laundryApp/vendor/laravel/framework/src/Illuminate/Pipeline/Pipeline.php(144): Illuminate\\Routing\\Router->Illuminate\\Routing\\{closure}()
#19 /var/www/html/laundryApp/vendor/laravel/framework/src/Illuminate/Routing/Middleware/SubstituteBindings.php(50): Illuminate\\Pipeline\\Pipeline->Illuminate\\Pipeline\\{closure}()
#20 /var/www/html/laundryApp/vendor/laravel/framework/src/Illuminate/Pipeline/Pipeline.php(183): Illuminate\\Routing\\Middleware\\SubstituteBindings->handle()
#21 /var/www/html/laundryApp/vendor/laravel/framework/src/Illuminate/Routing/Middleware/ThrottleRequests.php(159): Illuminate\\Pipeline\\Pipeline->Illuminate\\Pipeline\\{closure}()
#22 /var/www/html/laundryApp/vendor/laravel/framework/src/Illuminate/Routing/Middleware/ThrottleRequests.php(125): Illuminate\\Routing\\Middleware\\ThrottleRequests->handleRequest()
#23 /var/www/html/laundryApp/vendor/laravel/framework/src/Illuminate/Routing/Middleware/ThrottleRequests.php(87): Illuminate\\Routing\\Middleware\\ThrottleRequests->handleRequestUsingNamedLimiter()
#24 /var/www/html/laundryApp/vendor/laravel/framework/src/Illuminate/Pipeline/Pipeline.php(183): Illuminate\\Routing\\Middleware\\ThrottleRequests->handle()
#25 /var/www/html/laundryApp/vendor/laravel/framework/src/Illuminate/Auth/Middleware/Authenticate.php(57): Illuminate\\Pipeline\\Pipeline->Illuminate\\Pipeline\\{closure}()
#26 /var/www/html/laundryApp/vendor/laravel/framework/src/Illuminate/Pipeline/Pipeline.php(183): Illuminate\\Auth\\Middleware\\Authenticate->handle()
#27 /var/www/html/laundryApp/vendor/laravel/sanctum/src/Http/Middleware/EnsureFrontendRequestsAreStateful.php(25): Illuminate\\Pipeline\\Pipeline->Illuminate\\Pipeline\\{closure}()
#28 /var/www/html/laundryApp/vendor/laravel/framework/src/Illuminate/Pipeline/Pipeline.php(144): Laravel\\Sanctum\\Http\\Middleware\\EnsureFrontendRequestsAreStateful->Laravel\\Sanctum\\Http\\Middleware\\{closure}()
#29 /var/www/html/laundryApp/vendor/laravel/framework/src/Illuminate/Pipeline/Pipeline.php(119): Illuminate\\Pipeline\\Pipeline->Illuminate\\Pipeline\\{closure}()
#30 /var/www/html/laundryApp/vendor/laravel/sanctum/src/Http/Middleware/EnsureFrontendRequestsAreStateful.php(24): Illuminate\\Pipeline\\Pipeline->then()
#31 /var/www/html/laundryApp/vendor/laravel/framework/src/Illuminate/Pipeline/Pipeline.php(183): Laravel\\Sanctum\\Http\\Middleware\\EnsureFrontendRequestsAreStateful->handle()
#32 /var/www/html/laundryApp/vendor/laravel/framework/src/Illuminate/Pipeline/Pipeline.php(119): Illuminate\\Pipeline\\Pipeline->Illuminate\\Pipeline\\{closure}()
#33 /var/www/html/laundryApp/vendor/laravel/framework/src/Illuminate/Routing/Router.php(805): Illuminate\\Pipeline\\Pipeline->then()
#34 /var/www/html/laundryApp/vendor/laravel/framework/src/Illuminate/Routing/Router.php(784): Illuminate\\Routing\\Router->runRouteWithinStack()
#35 /var/www/html/laundryApp/vendor/laravel/framework/src/Illuminate/Routing/Router.php(748): Illuminate\\Routing\\Router->runRoute()
#36 /var/www/html/laundryApp/vendor/laravel/framework/src/Illuminate/Routing/Router.php(737): Illuminate\\Routing\\Router->dispatchToRoute()
#37 /var/www/html/laundryApp/vendor/laravel/framework/src/Illuminate/Foundation/Http/Kernel.php(200): Illuminate\\Routing\\Router->dispatch()
#38 /var/www/html/laundryApp/vendor/laravel/framework/src/Illuminate/Pipeline/Pipeline.php(144): Illuminate\\Foundation\\Http\\Kernel->Illuminate\\Foundation\\Http\\{closure}()
#39 /var/www/html/laundryApp/vendor/laravel/framework/src/Illuminate/Foundation/Http/Middleware/TransformsRequest.php(21): Illuminate\\Pipeline\\Pipeline->Illuminate\\Pipeline\\{closure}()
#40 /var/www/html/laundryApp/vendor/laravel/framework/src/Illuminate/Foundation/Http/Middleware/ConvertEmptyStringsToNull.php(31): Illuminate\\Foundation\\Http\\Middleware\\TransformsRequest->handle()
#41 /var/www/html/laundryApp/vendor/laravel/framework/src/Illuminate/Pipeline/Pipeline.php(183): Illuminate\\Foundation\\Http\\Middleware\\ConvertEmptyStringsToNull->handle()
#42 /var/www/html/laundryApp/vendor/laravel/framework/src/Illuminate/Foundation/Http/Middleware/TransformsRequest.php(21): Illuminate\\Pipeline\\Pipeline->Illuminate\\Pipeline\\{closure}()
#43 /var/www/html/laundryApp/vendor/laravel/framework/src/Illuminate/Foundation/Http/Middleware/TrimStrings.php(40): Illuminate\\Foundation\\Http\\Middleware\\TransformsRequest->handle()
#44 /var/www/html/laundryApp/vendor/laravel/framework/src/Illuminate/Pipeline/Pipeline.php(183): Illuminate\\Foundation\\Http\\Middleware\\TrimStrings->handle()
#45 /var/www/html/laundryApp/vendor/laravel/framework/src/Illuminate/Foundation/Http/Middleware/ValidatePostSize.php(27): Illuminate\\Pipeline\\Pipeline->Illuminate\\Pipeline\\{closure}()
#46 /var/www/html/laundryApp/vendor/laravel/framework/src/Illuminate/Pipeline/Pipeline.php(183): Illuminate\\Foundation\\Http\\Middleware\\ValidatePostSize->handle()
#47 /var/www/html/laundryApp/vendor/laravel/framework/src/Illuminate/Foundation/Http/Middleware/PreventRequestsDuringMaintenance.php(99): Illuminate\\Pipeline\\Pipeline->Illuminate\\Pipeline\\{closure}()
#48 /var/www/html/laundryApp/vendor/laravel/framework/src/Illuminate/Pipeline/Pipeline.php(183): Illuminate\\Foundation\\Http\\Middleware\\PreventRequestsDuringMaintenance->handle()
#49 /var/www/html/laundryApp/vendor/laravel/framework/src/Illuminate/Http/Middleware/HandleCors.php(62): Illuminate\\Pipeline\\Pipeline->Illuminate\\Pipeline\\{closure}()
#50 /var/www/html/laundryApp/vendor/laravel/framework/src/Illuminate/Pipeline/Pipeline.php(183): Illuminate\\Http\\Middleware\\HandleCors->handle()
#51 /var/www/html/laundryApp/vendor/laravel/framework/src/Illuminate/Http/Middleware/TrustProxies.php(39): Illuminate\\Pipeline\\Pipeline->Illuminate\\Pipeline\\{closure}()
#52 /var/www/html/laundryApp/vendor/laravel/framework/src/Illuminate/Pipeline/Pipeline.php(183): Illuminate\\Http\\Middleware\\TrustProxies->handle()
#53 /var/www/html/laundryApp/vendor/laravel/framework/src/Illuminate/Pipeline/Pipeline.php(119): Illuminate\\Pipeline\\Pipeline->Illuminate\\Pipeline\\{closure}()
#54 /var/www/html/laundryApp/vendor/laravel/framework/src/Illuminate/Foundation/Http/Kernel.php(175): Illuminate\\Pipeline\\Pipeline->then()
#55 /var/www/html/laundryApp/vendor/laravel/framework/src/Illuminate/Foundation/Http/Kernel.php(144): Illuminate\\Foundation\\Http\\Kernel->sendRequestThroughRouter()
#56 /var/www/html/laundryApp/public/index.php(51): Illuminate\\Foundation\\Http\\Kernel->handle()
#57 /var/www/html/laundryApp/vendor/laravel/framework/src/Illuminate/Foundation/resources/server.php(16): require_once('...')
#58 {main}

[previous exception] [object] (PDOException(code: 42S02): SQLSTATE[42S02]: Base table or view not found: 1146 Table 'loundry_app.product_process_history' doesn't exist at /var/www/html/laundryApp/vendor/laravel/framework/src/Illuminate/Database/Connection.php:423)
[stacktrace]
#0 /var/www/html/laundryApp/vendor/laravel/framework/src/Illuminate/Database/Connection.php(423): PDO->prepare()
#1 /var/www/html/laundryApp/vendor/laravel/framework/src/Illuminate/Database/Connection.php(816): Illuminate\\Database\\Connection->Illuminate\\Database\\{closure}()
#2 /var/www/html/laundryApp/vendor/laravel/framework/src/Illuminate/Database/Connection.php(783): Illuminate\\Database\\Connection->runQueryCallback()
#3 /var/www/html/laundryApp/vendor/laravel/framework/src/Illuminate/Database/Connection.php(414): Illuminate\\Database\\Connection->run()
#4 /var/www/html/laundryApp/vendor/laravel/framework/src/Illuminate/Database/Query/Builder.php(2913): Illuminate\\Database\\Connection->select()
#5 /var/www/html/laundryApp/vendor/laravel/framework/src/Illuminate/Database/Query/Builder.php(2902): Illuminate\\Database\\Query\\Builder->runSelect()
#6 /var/www/html/laundryApp/vendor/laravel/framework/src/Illuminate/Database/Query/Builder.php(3456): Illuminate\\Database\\Query\\Builder->Illuminate\\Database\\Query\\{closure}()
#7 /var/www/html/laundryApp/vendor/laravel/framework/src/Illuminate/Database/Query/Builder.php(2901): Illuminate\\Database\\Query\\Builder->onceWithColumns()
#8 /var/www/html/laundryApp/vendor/laravel/framework/src/Illuminate/Database/Query/Builder.php(3383): Illuminate\\Database\\Query\\Builder->get()
#9 /var/www/html/laundryApp/vendor/laravel/framework/src/Illuminate/Database/Query/Builder.php(3311): Illuminate\\Database\\Query\\Builder->aggregate()
#10 /var/www/html/laundryApp/app/Http/Controllers/Api/DashboardApiController.php(74): Illuminate\\Database\\Query\\Builder->count()
#11 /var/www/html/laundryApp/vendor/laravel/framework/src/Illuminate/Cache/Repository.php(396): App\\Http\\Controllers\\Api\\DashboardApiController->App\\Http\\Controllers\\Api\\{closure}()
#12 /var/www/html/laundryApp/vendor/laravel/framework/src/Illuminate/Cache/CacheManager.php(429): Illuminate\\Cache\\Repository->remember()
#13 /var/www/html/laundryApp/vendor/laravel/framework/src/Illuminate/Support/Facades/Facade.php(355): Illuminate\\Cache\\CacheManager->__call()
#14 /var/www/html/laundryApp/app/Http/Controllers/Api/DashboardApiController.php(42): Illuminate\\Support\\Facades\\Facade::__callStatic()
#15 /var/www/html/laundryApp/vendor/laravel/framework/src/Illuminate/Routing/Controller.php(54): App\\Http\\Controllers\\Api\\DashboardApiController->summary()
#16 /var/www/html/laundryApp/vendor/laravel/framework/src/Illuminate/Routing/ControllerDispatcher.php(43): Illuminate\\Routing\\Controller->callAction()
#17 /var/www/html/laundryApp/vendor/laravel/framework/src/Illuminate/Routing/Route.php(259): Illuminate\\Routing\\ControllerDispatcher->dispatch()
#18 /var/www/html/laundryApp/vendor/laravel/framework/src/Illuminate/Routing/Route.php(205): Illuminate\\Routing\\Route->runController()
#19 /var/www/html/laundryApp/vendor/laravel/framework/src/Illuminate/Routing/Router.php(806): Illuminate\\Routing\\Route->run()
#20 /var/www/html/laundryApp/vendor/laravel/framework/src/Illuminate/Pipeline/Pipeline.php(144): Illuminate\\Routing\\Router->Illuminate\\Routing\\{closure}()
#21 /var/www/html/laundryApp/vendor/laravel/framework/src/Illuminate/Routing/Middleware/SubstituteBindings.php(50): Illuminate\\Pipeline\\Pipeline->Illuminate\\Pipeline\\{closure}()
#22 /var/www/html/laundryApp/vendor/laravel/framework/src/Illuminate/Pipeline/Pipeline.php(183): Illuminate\\Routing\\Middleware\\SubstituteBindings->handle()
#23 /var/www/html/laundryApp/vendor/laravel/framework/src/Illuminate/Routing/Middleware/ThrottleRequests.php(159): Illuminate\\Pipeline\\Pipeline->Illuminate\\Pipeline\\{closure}()
#24 /var/www/html/laundryApp/vendor/laravel/framework/src/Illuminate/Routing/Middleware/ThrottleRequests.php(125): Illuminate\\Routing\\Middleware\\ThrottleRequests->handleRequest()
#25 /var/www/html/laundryApp/vendor/laravel/framework/src/Illuminate/Routing/Middleware/ThrottleRequests.php(87): Illuminate\\Routing\\Middleware\\ThrottleRequests->handleRequestUsingNamedLimiter()
#26 /var/www/html/laundryApp/vendor/laravel/framework/src/Illuminate/Pipeline/Pipeline.php(183): Illuminate\\Routing\\Middleware\\ThrottleRequests->handle()
#27 /var/www/html/laundryApp/vendor/laravel/framework/src/Illuminate/Auth/Middleware/Authenticate.php(57): Illuminate\\Pipeline\\Pipeline->Illuminate\\Pipeline\\{closure}()
#28 /var/www/html/laundryApp/vendor/laravel/framework/src/Illuminate/Pipeline/Pipeline.php(183): Illuminate\\Auth\\Middleware\\Authenticate->handle()
#29 /var/www/html/laundryApp/vendor/laravel/sanctum/src/Http/Middleware/EnsureFrontendRequestsAreStateful.php(25): Illuminate\\Pipeline\\Pipeline->Illuminate\\Pipeline\\{closure}()
#30 /var/www/html/laundryApp/vendor/laravel/framework/src/Illuminate/Pipeline/Pipeline.php(144): Laravel\\Sanctum\\Http\\Middleware\\EnsureFrontendRequestsAreStateful->Laravel\\Sanctum\\Http\\Middleware\\{closure}()
#31 /var/www/html/laundryApp/vendor/laravel/framework/src/Illuminate/Pipeline/Pipeline.php(119): Illuminate\\Pipeline\\Pipeline->Illuminate\\Pipeline\\{closure}()
#32 /var/www/html/laundryApp/vendor/laravel/sanctum/src/Http/Middleware/EnsureFrontendRequestsAreStateful.php(24): Illuminate\\Pipeline\\Pipeline->then()
#33 /var/www/html/laundryApp/vendor/laravel/framework/src/Illuminate/Pipeline/Pipeline.php(183): Laravel\\Sanctum\\Http\\Middleware\\EnsureFrontendRequestsAreStateful->handle()
#34 /var/www/html/laundryApp/vendor/laravel/framework/src/Illuminate/Pipeline/Pipeline.php(119): Illuminate\\Pipeline\\Pipeline->Illuminate\\Pipeline\\{closure}()
#35 /var/www/html/laundryApp/vendor/laravel/framework/src/Illuminate/Routing/Router.php(805): Illuminate\\Pipeline\\Pipeline->then()
#36 /var/www/html/laundryApp/vendor/laravel/framework/src/Illuminate/Routing/Router.php(784): Illuminate\\Routing\\Router->runRouteWithinStack()
#37 /var/www/html/laundryApp/vendor/laravel/framework/src/Illuminate/Routing/Router.php(748): Illuminate\\Routing\\Router->runRoute()
#38 /var/www/html/laundryApp/vendor/laravel/framework/src/Illuminate/Routing/Router.php(737): Illuminate\\Routing\\Router->dispatchToRoute()
#39 /var/www/html/laundryApp/vendor/laravel/framework/src/Illuminate/Foundation/Http/Kernel.php(200): Illuminate\\Routing\\Router->dispatch()
#40 /var/www/html/laundryApp/vendor/laravel/framework/src/Illuminate/Pipeline/Pipeline.php(144): Illuminate\\Foundation\\Http\\Kernel->Illuminate\\Foundation\\Http\\{closure}()
#41 /var/www/html/laundryApp/vendor/laravel/framework/src/Illuminate/Foundation/Http/Middleware/TransformsRequest.php(21): Illuminate\\Pipeline\\Pipeline->Illuminate\\Pipeline\\{closure}()
#42 /var/www/html/laundryApp/vendor/laravel/framework/src/Illuminate/Foundation/Http/Middleware/ConvertEmptyStringsToNull.php(31): Illuminate\\Foundation\\Http\\Middleware\\TransformsRequest->handle()
#43 /var/www/html/laundryApp/vendor/laravel/framework/src/Illuminate/Pipeline/Pipeline.php(183): Illuminate\\Foundation\\Http\\Middleware\\ConvertEmptyStringsToNull->handle()
#44 /var/www/html/laundryApp/vendor/laravel/framework/src/Illuminate/Foundation/Http/Middleware/TransformsRequest.php(21): Illuminate\\Pipeline\\Pipeline->Illuminate\\Pipeline\\{closure}()
#45 /var/www/html/laundryApp/vendor/laravel/framework/src/Illuminate/Foundation/Http/Middleware/TrimStrings.php(40): Illuminate\\Foundation\\Http\\Middleware\\TransformsRequest->handle()
#46 /var/www/html/laundryApp/vendor/laravel/framework/src/Illuminate/Pipeline/Pipeline.php(183): Illuminate\\Foundation\\Http\\Middleware\\TrimStrings->handle()
#47 /var/www/html/laundryApp/vendor/laravel/framework/src/Illuminate/Foundation/Http/Middleware/ValidatePostSize.php(27): Illuminate\\Pipeline\\Pipeline->Illuminate\\Pipeline\\{closure}()
#48 /var/www/html/laundryApp/vendor/laravel/framework/src/Illuminate/Pipeline/Pipeline.php(183): Illuminate\\Foundation\\Http\\Middleware\\ValidatePostSize->handle()
#49 /var/www/html/laundryApp/vendor/laravel/framework/src/Illuminate/Foundation/Http/Middleware/PreventRequestsDuringMaintenance.php(99): Illuminate\\Pipeline\\Pipeline->Illuminate\\Pipeline\\{closure}()
#50 /var/www/html/laundryApp/vendor/laravel/framework/src/Illuminate/Pipeline/Pipeline.php(183): Illuminate\\Foundation\\Http\\Middleware\\PreventRequestsDuringMaintenance->handle()
#51 /var/www/html/laundryApp/vendor/laravel/framework/src/Illuminate/Http/Middleware/HandleCors.php(62): Illuminate\\Pipeline\\Pipeline->Illuminate\\Pipeline\\{closure}()
#52 /var/www/html/laundryApp/vendor/laravel/framework/src/Illuminate/Pipeline/Pipeline.php(183): Illuminate\\Http\\Middleware\\HandleCors->handle()
#53 /var/www/html/laundryApp/vendor/laravel/framework/src/Illuminate/Http/Middleware/TrustProxies.php(39): Illuminate\\Pipeline\\Pipeline->Illuminate\\Pipeline\\{closure}()
#54 /var/www/html/laundryApp/vendor/laravel/framework/src/Illuminate/Pipeline/Pipeline.php(183): Illuminate\\Http\\Middleware\\TrustProxies->handle()
#55 /var/www/html/laundryApp/vendor/laravel/framework/src/Illuminate/Pipeline/Pipeline.php(119): Illuminate\\Pipeline\\Pipeline->Illuminate\\Pipeline\\{closure}()
#56 /var/www/html/laundryApp/vendor/laravel/framework/src/Illuminate/Foundation/Http/Kernel.php(175): Illuminate\\Pipeline\\Pipeline->then()
#57 /var/www/html/laundryApp/vendor/laravel/framework/src/Illuminate/Foundation/Http/Kernel.php(144): Illuminate\\Foundation\\Http\\Kernel->sendRequestThroughRouter()
#58 /var/www/html/laundryApp/public/index.php(51): Illuminate\\Foundation\\Http\\Kernel->handle()
#59 /var/www/html/laundryApp/vendor/laravel/framework/src/Illuminate/Foundation/resources/server.php(16): require_once('...')
#60 {main}
"} 
[2025-12-05 19:55:16] local.ERROR: SQLSTATE[42S02]: Base table or view not found: 1146 Table 'loundry_app.product_process_history' doesn't exist (Connection: mysql, SQL: select count(*) as aggregate from (select `h`.`product_id`, `h`.`status`, `h`.`stages`, `h`.`changed_at` from `product_process_history` as `h` inner join (SELECT product_id, MAX(changed_at) as latest_change 
                             FROM product_process_history 
                             GROUP BY product_id) latest on `h`.`product_id` = `latest`.`product_id` and `h`.`changed_at` = `latest`.`latest_change` inner join `rfid_tags` as `p` on `h`.`product_id` = `p`.`id` where `p`.`location_id` = 3) as t where `t`.`changed_at` between 2025-12-05 00:00:00 and 2025-12-05 23:59:59 and `t`.`status` = FAIL) {"userId":51,"exception":"[object] (Illuminate\\Database\\QueryException(code: 42S02): SQLSTATE[42S02]: Base table or view not found: 1146 Table 'loundry_app.product_process_history' doesn't exist (Connection: mysql, SQL: select count(*) as aggregate from (select `h`.`product_id`, `h`.`status`, `h`.`stages`, `h`.`changed_at` from `product_process_history` as `h` inner join (SELECT product_id, MAX(changed_at) as latest_change 
                             FROM product_process_history 
                             GROUP BY product_id) latest on `h`.`product_id` = `latest`.`product_id` and `h`.`changed_at` = `latest`.`latest_change` inner join `rfid_tags` as `p` on `h`.`product_id` = `p`.`id` where `p`.`location_id` = 3) as t where `t`.`changed_at` between 2025-12-05 00:00:00 and 2025-12-05 23:59:59 and `t`.`status` = FAIL) at /var/www/html/laundryApp/vendor/laravel/framework/src/Illuminate/Database/Connection.php:829)
[stacktrace]
#0 /var/www/html/laundryApp/vendor/laravel/framework/src/Illuminate/Database/Connection.php(783): Illuminate\\Database\\Connection->runQueryCallback()
#1 /var/www/html/laundryApp/vendor/laravel/framework/src/Illuminate/Database/Connection.php(414): Illuminate\\Database\\Connection->run()
#2 /var/www/html/laundryApp/vendor/laravel/framework/src/Illuminate/Database/Query/Builder.php(2913): Illuminate\\Database\\Connection->select()
#3 /var/www/html/laundryApp/vendor/laravel/framework/src/Illuminate/Database/Query/Builder.php(2902): Illuminate\\Database\\Query\\Builder->runSelect()
#4 /var/www/html/laundryApp/vendor/laravel/framework/src/Illuminate/Database/Query/Builder.php(3456): Illuminate\\Database\\Query\\Builder->Illuminate\\Database\\Query\\{closure}()
#5 /var/www/html/laundryApp/vendor/laravel/framework/src/Illuminate/Database/Query/Builder.php(2901): Illuminate\\Database\\Query\\Builder->onceWithColumns()
#6 /var/www/html/laundryApp/vendor/laravel/framework/src/Illuminate/Database/Query/Builder.php(3383): Illuminate\\Database\\Query\\Builder->get()
#7 /var/www/html/laundryApp/vendor/laravel/framework/src/Illuminate/Database/Query/Builder.php(3311): Illuminate\\Database\\Query\\Builder->aggregate()
#8 /var/www/html/laundryApp/app/Http/Controllers/Api/DashboardApiController.php(74): Illuminate\\Database\\Query\\Builder->count()
#9 /var/www/html/laundryApp/vendor/laravel/framework/src/Illuminate/Cache/Repository.php(396): App\\Http\\Controllers\\Api\\DashboardApiController->App\\Http\\Controllers\\Api\\{closure}()
#10 /var/www/html/laundryApp/vendor/laravel/framework/src/Illuminate/Cache/CacheManager.php(429): Illuminate\\Cache\\Repository->remember()
#11 /var/www/html/laundryApp/vendor/laravel/framework/src/Illuminate/Support/Facades/Facade.php(355): Illuminate\\Cache\\CacheManager->__call()
#12 /var/www/html/laundryApp/app/Http/Controllers/Api/DashboardApiController.php(42): Illuminate\\Support\\Facades\\Facade::__callStatic()
#13 /var/www/html/laundryApp/vendor/laravel/framework/src/Illuminate/Routing/Controller.php(54): App\\Http\\Controllers\\Api\\DashboardApiController->summary()
#14 /var/www/html/laundryApp/vendor/laravel/framework/src/Illuminate/Routing/ControllerDispatcher.php(43): Illuminate\\Routing\\Controller->callAction()
#15 /var/www/html/laundryApp/vendor/laravel/framework/src/Illuminate/Routing/Route.php(259): Illuminate\\Routing\\ControllerDispatcher->dispatch()
#16 /var/www/html/laundryApp/vendor/laravel/framework/src/Illuminate/Routing/Route.php(205): Illuminate\\Routing\\Route->runController()
#17 /var/www/html/laundryApp/vendor/laravel/framework/src/Illuminate/Routing/Router.php(806): Illuminate\\Routing\\Route->run()
#18 /var/www/html/laundryApp/vendor/laravel/framework/src/Illuminate/Pipeline/Pipeline.php(144): Illuminate\\Routing\\Router->Illuminate\\Routing\\{closure}()
#19 /var/www/html/laundryApp/vendor/laravel/framework/src/Illuminate/Routing/Middleware/SubstituteBindings.php(50): Illuminate\\Pipeline\\Pipeline->Illuminate\\Pipeline\\{closure}()
#20 /var/www/html/laundryApp/vendor/laravel/framework/src/Illuminate/Pipeline/Pipeline.php(183): Illuminate\\Routing\\Middleware\\SubstituteBindings->handle()
#21 /var/www/html/laundryApp/vendor/laravel/framework/src/Illuminate/Routing/Middleware/ThrottleRequests.php(159): Illuminate\\Pipeline\\Pipeline->Illuminate\\Pipeline\\{closure}()
#22 /var/www/html/laundryApp/vendor/laravel/framework/src/Illuminate/Routing/Middleware/ThrottleRequests.php(125): Illuminate\\Routing\\Middleware\\ThrottleRequests->handleRequest()
#23 /var/www/html/laundryApp/vendor/laravel/framework/src/Illuminate/Routing/Middleware/ThrottleRequests.php(87): Illuminate\\Routing\\Middleware\\ThrottleRequests->handleRequestUsingNamedLimiter()
#24 /var/www/html/laundryApp/vendor/laravel/framework/src/Illuminate/Pipeline/Pipeline.php(183): Illuminate\\Routing\\Middleware\\ThrottleRequests->handle()
#25 /var/www/html/laundryApp/vendor/laravel/framework/src/Illuminate/Auth/Middleware/Authenticate.php(57): Illuminate\\Pipeline\\Pipeline->Illuminate\\Pipeline\\{closure}()
#26 /var/www/html/laundryApp/vendor/laravel/framework/src/Illuminate/Pipeline/Pipeline.php(183): Illuminate\\Auth\\Middleware\\Authenticate->handle()
#27 /var/www/html/laundryApp/vendor/laravel/sanctum/src/Http/Middleware/EnsureFrontendRequestsAreStateful.php(25): Illuminate\\Pipeline\\Pipeline->Illuminate\\Pipeline\\{closure}()
#28 /var/www/html/laundryApp/vendor/laravel/framework/src/Illuminate/Pipeline/Pipeline.php(144): Laravel\\Sanctum\\Http\\Middleware\\EnsureFrontendRequestsAreStateful->Laravel\\Sanctum\\Http\\Middleware\\{closure}()
#29 /var/www/html/laundryApp/vendor/laravel/framework/src/Illuminate/Pipeline/Pipeline.php(119): Illuminate\\Pipeline\\Pipeline->Illuminate\\Pipeline\\{closure}()
#30 /var/www/html/laundryApp/vendor/laravel/sanctum/src/Http/Middleware/EnsureFrontendRequestsAreStateful.php(24): Illuminate\\Pipeline\\Pipeline->then()
#31 /var/www/html/laundryApp/vendor/laravel/framework/src/Illuminate/Pipeline/Pipeline.php(183): Laravel\\Sanctum\\Http\\Middleware\\EnsureFrontendRequestsAreStateful->handle()
#32 /var/www/html/laundryApp/vendor/laravel/framework/src/Illuminate/Pipeline/Pipeline.php(119): Illuminate\\Pipeline\\Pipeline->Illuminate\\Pipeline\\{closure}()
#33 /var/www/html/laundryApp/vendor/laravel/framework/src/Illuminate/Routing/Router.php(805): Illuminate\\Pipeline\\Pipeline->then()
#34 /var/www/html/laundryApp/vendor/laravel/framework/src/Illuminate/Routing/Router.php(784): Illuminate\\Routing\\Router->runRouteWithinStack()
#35 /var/www/html/laundryApp/vendor/laravel/framework/src/Illuminate/Routing/Router.php(748): Illuminate\\Routing\\Router->runRoute()
#36 /var/www/html/laundryApp/vendor/laravel/framework/src/Illuminate/Routing/Router.php(737): Illuminate\\Routing\\Router->dispatchToRoute()
#37 /var/www/html/laundryApp/vendor/laravel/framework/src/Illuminate/Foundation/Http/Kernel.php(200): Illuminate\\Routing\\Router->dispatch()
#38 /var/www/html/laundryApp/vendor/laravel/framework/src/Illuminate/Pipeline/Pipeline.php(144): Illuminate\\Foundation\\Http\\Kernel->Illuminate\\Foundation\\Http\\{closure}()
#39 /var/www/html/laundryApp/vendor/laravel/framework/src/Illuminate/Foundation/Http/Middleware/TransformsRequest.php(21): Illuminate\\Pipeline\\Pipeline->Illuminate\\Pipeline\\{closure}()
#40 /var/www/html/laundryApp/vendor/laravel/framework/src/Illuminate/Foundation/Http/Middleware/ConvertEmptyStringsToNull.php(31): Illuminate\\Foundation\\Http\\Middleware\\TransformsRequest->handle()
#41 /var/www/html/laundryApp/vendor/laravel/framework/src/Illuminate/Pipeline/Pipeline.php(183): Illuminate\\Foundation\\Http\\Middleware\\ConvertEmptyStringsToNull->handle()
#42 /var/www/html/laundryApp/vendor/laravel/framework/src/Illuminate/Foundation/Http/Middleware/TransformsRequest.php(21): Illuminate\\Pipeline\\Pipeline->Illuminate\\Pipeline\\{closure}()
#43 /var/www/html/laundryApp/vendor/laravel/framework/src/Illuminate/Foundation/Http/Middleware/TrimStrings.php(40): Illuminate\\Foundation\\Http\\Middleware\\TransformsRequest->handle()
#44 /var/www/html/laundryApp/vendor/laravel/framework/src/Illuminate/Pipeline/Pipeline.php(183): Illuminate\\Foundation\\Http\\Middleware\\TrimStrings->handle()
#45 /var/www/html/laundryApp/vendor/laravel/framework/src/Illuminate/Foundation/Http/Middleware/ValidatePostSize.php(27): Illuminate\\Pipeline\\Pipeline->Illuminate\\Pipeline\\{closure}()
#46 /var/www/html/laundryApp/vendor/laravel/framework/src/Illuminate/Pipeline/Pipeline.php(183): Illuminate\\Foundation\\Http\\Middleware\\ValidatePostSize->handle()
#47 /var/www/html/laundryApp/vendor/laravel/framework/src/Illuminate/Foundation/Http/Middleware/PreventRequestsDuringMaintenance.php(99): Illuminate\\Pipeline\\Pipeline->Illuminate\\Pipeline\\{closure}()
#48 /var/www/html/laundryApp/vendor/laravel/framework/src/Illuminate/Pipeline/Pipeline.php(183): Illuminate\\Foundation\\Http\\Middleware\\PreventRequestsDuringMaintenance->handle()
#49 /var/www/html/laundryApp/vendor/laravel/framework/src/Illuminate/Http/Middleware/HandleCors.php(62): Illuminate\\Pipeline\\Pipeline->Illuminate\\Pipeline\\{closure}()
#50 /var/www/html/laundryApp/vendor/laravel/framework/src/Illuminate/Pipeline/Pipeline.php(183): Illuminate\\Http\\Middleware\\HandleCors->handle()
#51 /var/www/html/laundryApp/vendor/laravel/framework/src/Illuminate/Http/Middleware/TrustProxies.php(39): Illuminate\\Pipeline\\Pipeline->Illuminate\\Pipeline\\{closure}()
#52 /var/www/html/laundryApp/vendor/laravel/framework/src/Illuminate/Pipeline/Pipeline.php(183): Illuminate\\Http\\Middleware\\TrustProxies->handle()
#53 /var/www/html/laundryApp/vendor/laravel/framework/src/Illuminate/Pipeline/Pipeline.php(119): Illuminate\\Pipeline\\Pipeline->Illuminate\\Pipeline\\{closure}()
#54 /var/www/html/laundryApp/vendor/laravel/framework/src/Illuminate/Foundation/Http/Kernel.php(175): Illuminate\\Pipeline\\Pipeline->then()
#55 /var/www/html/laundryApp/vendor/laravel/framework/src/Illuminate/Foundation/Http/Kernel.php(144): Illuminate\\Foundation\\Http\\Kernel->sendRequestThroughRouter()
#56 /var/www/html/laundryApp/public/index.php(51): Illuminate\\Foundation\\Http\\Kernel->handle()
#57 /var/www/html/laundryApp/vendor/laravel/framework/src/Illuminate/Foundation/resources/server.php(16): require_once('...')
#58 {main}

[previous exception] [object] (PDOException(code: 42S02): SQLSTATE[42S02]: Base table or view not found: 1146 Table 'loundry_app.product_process_history' doesn't exist at /var/www/html/laundryApp/vendor/laravel/framework/src/Illuminate/Database/Connection.php:423)
[stacktrace]
#0 /var/www/html/laundryApp/vendor/laravel/framework/src/Illuminate/Database/Connection.php(423): PDO->prepare()
#1 /var/www/html/laundryApp/vendor/laravel/framework/src/Illuminate/Database/Connection.php(816): Illuminate\\Database\\Connection->Illuminate\\Database\\{closure}()
#2 /var/www/html/laundryApp/vendor/laravel/framework/src/Illuminate/Database/Connection.php(783): Illuminate\\Database\\Connection->runQueryCallback()
#3 /var/www/html/laundryApp/vendor/laravel/framework/src/Illuminate/Database/Connection.php(414): Illuminate\\Database\\Connection->run()
#4 /var/www/html/laundryApp/vendor/laravel/framework/src/Illuminate/Database/Query/Builder.php(2913): Illuminate\\Database\\Connection->select()
#5 /var/www/html/laundryApp/vendor/laravel/framework/src/Illuminate/Database/Query/Builder.php(2902): Illuminate\\Database\\Query\\Builder->runSelect()
#6 /var/www/html/laundryApp/vendor/laravel/framework/src/Illuminate/Database/Query/Builder.php(3456): Illuminate\\Database\\Query\\Builder->Illuminate\\Database\\Query\\{closure}()
#7 /var/www/html/laundryApp/vendor/laravel/framework/src/Illuminate/Database/Query/Builder.php(2901): Illuminate\\Database\\Query\\Builder->onceWithColumns()
#8 /var/www/html/laundryApp/vendor/laravel/framework/src/Illuminate/Database/Query/Builder.php(3383): Illuminate\\Database\\Query\\Builder->get()
#9 /var/www/html/laundryApp/vendor/laravel/framework/src/Illuminate/Database/Query/Builder.php(3311): Illuminate\\Database\\Query\\Builder->aggregate()
#10 /var/www/html/laundryApp/app/Http/Controllers/Api/DashboardApiController.php(74): Illuminate\\Database\\Query\\Builder->count()
#11 /var/www/html/laundryApp/vendor/laravel/framework/src/Illuminate/Cache/Repository.php(396): App\\Http\\Controllers\\Api\\DashboardApiController->App\\Http\\Controllers\\Api\\{closure}()
#12 /var/www/html/laundryApp/vendor/laravel/framework/src/Illuminate/Cache/CacheManager.php(429): Illuminate\\Cache\\Repository->remember()
#13 /var/www/html/laundryApp/vendor/laravel/framework/src/Illuminate/Support/Facades/Facade.php(355): Illuminate\\Cache\\CacheManager->__call()
#14 /var/www/html/laundryApp/app/Http/Controllers/Api/DashboardApiController.php(42): Illuminate\\Support\\Facades\\Facade::__callStatic()
#15 /var/www/html/laundryApp/vendor/laravel/framework/src/Illuminate/Routing/Controller.php(54): App\\Http\\Controllers\\Api\\DashboardApiController->summary()
#16 /var/www/html/laundryApp/vendor/laravel/framework/src/Illuminate/Routing/ControllerDispatcher.php(43): Illuminate\\Routing\\Controller->callAction()
#17 /var/www/html/laundryApp/vendor/laravel/framework/src/Illuminate/Routing/Route.php(259): Illuminate\\Routing\\ControllerDispatcher->dispatch()
#18 /var/www/html/laundryApp/vendor/laravel/framework/src/Illuminate/Routing/Route.php(205): Illuminate\\Routing\\Route->runController()
#19 /var/www/html/laundryApp/vendor/laravel/framework/src/Illuminate/Routing/Router.php(806): Illuminate\\Routing\\Route->run()
#20 /var/www/html/laundryApp/vendor/laravel/framework/src/Illuminate/Pipeline/Pipeline.php(144): Illuminate\\Routing\\Router->Illuminate\\Routing\\{closure}()
#21 /var/www/html/laundryApp/vendor/laravel/framework/src/Illuminate/Routing/Middleware/SubstituteBindings.php(50): Illuminate\\Pipeline\\Pipeline->Illuminate\\Pipeline\\{closure}()
#22 /var/www/html/laundryApp/vendor/laravel/framework/src/Illuminate/Pipeline/Pipeline.php(183): Illuminate\\Routing\\Middleware\\SubstituteBindings->handle()
#23 /var/www/html/laundryApp/vendor/laravel/framework/src/Illuminate/Routing/Middleware/ThrottleRequests.php(159): Illuminate\\Pipeline\\Pipeline->Illuminate\\Pipeline\\{closure}()
#24 /var/www/html/laundryApp/vendor/laravel/framework/src/Illuminate/Routing/Middleware/ThrottleRequests.php(125): Illuminate\\Routing\\Middleware\\ThrottleRequests->handleRequest()
#25 /var/www/html/laundryApp/vendor/laravel/framework/src/Illuminate/Routing/Middleware/ThrottleRequests.php(87): Illuminate\\Routing\\Middleware\\ThrottleRequests->handleRequestUsingNamedLimiter()
#26 /var/www/html/laundryApp/vendor/laravel/framework/src/Illuminate/Pipeline/Pipeline.php(183): Illuminate\\Routing\\Middleware\\ThrottleRequests->handle()
#27 /var/www/html/laundryApp/vendor/laravel/framework/src/Illuminate/Auth/Middleware/Authenticate.php(57): Illuminate\\Pipeline\\Pipeline->Illuminate\\Pipeline\\{closure}()
#28 /var/www/html/laundryApp/vendor/laravel/framework/src/Illuminate/Pipeline/Pipeline.php(183): Illuminate\\Auth\\Middleware\\Authenticate->handle()
#29 /var/www/html/laundryApp/vendor/laravel/sanctum/src/Http/Middleware/EnsureFrontendRequestsAreStateful.php(25): Illuminate\\Pipeline\\Pipeline->Illuminate\\Pipeline\\{closure}()
#30 /var/www/html/laundryApp/vendor/laravel/framework/src/Illuminate/Pipeline/Pipeline.php(144): Laravel\\Sanctum\\Http\\Middleware\\EnsureFrontendRequestsAreStateful->Laravel\\Sanctum\\Http\\Middleware\\{closure}()
#31 /var/www/html/laundryApp/vendor/laravel/framework/src/Illuminate/Pipeline/Pipeline.php(119): Illuminate\\Pipeline\\Pipeline->Illuminate\\Pipeline\\{closure}()
#32 /var/www/html/laundryApp/vendor/laravel/sanctum/src/Http/Middleware/EnsureFrontendRequestsAreStateful.php(24): Illuminate\\Pipeline\\Pipeline->then()
#33 /var/www/html/laundryApp/vendor/laravel/framework/src/Illuminate/Pipeline/Pipeline.php(183): Laravel\\Sanctum\\Http\\Middleware\\EnsureFrontendRequestsAreStateful->handle()
#34 /var/www/html/laundryApp/vendor/laravel/framework/src/Illuminate/Pipeline/Pipeline.php(119): Illuminate\\Pipeline\\Pipeline->Illuminate\\Pipeline\\{closure}()
#35 /var/www/html/laundryApp/vendor/laravel/framework/src/Illuminate/Routing/Router.php(805): Illuminate\\Pipeline\\Pipeline->then()
#36 /var/www/html/laundryApp/vendor/laravel/framework/src/Illuminate/Routing/Router.php(784): Illuminate\\Routing\\Router->runRouteWithinStack()
#37 /var/www/html/laundryApp/vendor/laravel/framework/src/Illuminate/Routing/Router.php(748): Illuminate\\Routing\\Router->runRoute()
#38 /var/www/html/laundryApp/vendor/laravel/framework/src/Illuminate/Routing/Router.php(737): Illuminate\\Routing\\Router->dispatchToRoute()
#39 /var/www/html/laundryApp/vendor/laravel/framework/src/Illuminate/Foundation/Http/Kernel.php(200): Illuminate\\Routing\\Router->dispatch()
#40 /var/www/html/laundryApp/vendor/laravel/framework/src/Illuminate/Pipeline/Pipeline.php(144): Illuminate\\Foundation\\Http\\Kernel->Illuminate\\Foundation\\Http\\{closure}()
#41 /var/www/html/laundryApp/vendor/laravel/framework/src/Illuminate/Foundation/Http/Middleware/TransformsRequest.php(21): Illuminate\\Pipeline\\Pipeline->Illuminate\\Pipeline\\{closure}()
#42 /var/www/html/laundryApp/vendor/laravel/framework/src/Illuminate/Foundation/Http/Middleware/ConvertEmptyStringsToNull.php(31): Illuminate\\Foundation\\Http\\Middleware\\TransformsRequest->handle()
#43 /var/www/html/laundryApp/vendor/laravel/framework/src/Illuminate/Pipeline/Pipeline.php(183): Illuminate\\Foundation\\Http\\Middleware\\ConvertEmptyStringsToNull->handle()
#44 /var/www/html/laundryApp/vendor/laravel/framework/src/Illuminate/Foundation/Http/Middleware/TransformsRequest.php(21): Illuminate\\Pipeline\\Pipeline->Illuminate\\Pipeline\\{closure}()
#45 /var/www/html/laundryApp/vendor/laravel/framework/src/Illuminate/Foundation/Http/Middleware/TrimStrings.php(40): Illuminate\\Foundation\\Http\\Middleware\\TransformsRequest->handle()
#46 /var/www/html/laundryApp/vendor/laravel/framework/src/Illuminate/Pipeline/Pipeline.php(183): Illuminate\\Foundation\\Http\\Middleware\\TrimStrings->handle()
#47 /var/www/html/laundryApp/vendor/laravel/framework/src/Illuminate/Foundation/Http/Middleware/ValidatePostSize.php(27): Illuminate\\Pipeline\\Pipeline->Illuminate\\Pipeline\\{closure}()
#48 /var/www/html/laundryApp/vendor/laravel/framework/src/Illuminate/Pipeline/Pipeline.php(183): Illuminate\\Foundation\\Http\\Middleware\\ValidatePostSize->handle()
#49 /var/www/html/laundryApp/vendor/laravel/framework/src/Illuminate/Foundation/Http/Middleware/PreventRequestsDuringMaintenance.php(99): Illuminate\\Pipeline\\Pipeline->Illuminate\\Pipeline\\{closure}()
#50 /var/www/html/laundryApp/vendor/laravel/framework/src/Illuminate/Pipeline/Pipeline.php(183): Illuminate\\Foundation\\Http\\Middleware\\PreventRequestsDuringMaintenance->handle()
#51 /var/www/html/laundryApp/vendor/laravel/framework/src/Illuminate/Http/Middleware/HandleCors.php(62): Illuminate\\Pipeline\\Pipeline->Illuminate\\Pipeline\\{closure}()
#52 /var/www/html/laundryApp/vendor/laravel/framework/src/Illuminate/Pipeline/Pipeline.php(183): Illuminate\\Http\\Middleware\\HandleCors->handle()
#53 /var/www/html/laundryApp/vendor/laravel/framework/src/Illuminate/Http/Middleware/TrustProxies.php(39): Illuminate\\Pipeline\\Pipeline->Illuminate\\Pipeline\\{closure}()
#54 /var/www/html/laundryApp/vendor/laravel/framework/src/Illuminate/Pipeline/Pipeline.php(183): Illuminate\\Http\\Middleware\\TrustProxies->handle()
#55 /var/www/html/laundryApp/vendor/laravel/framework/src/Illuminate/Pipeline/Pipeline.php(119): Illuminate\\Pipeline\\Pipeline->Illuminate\\Pipeline\\{closure}()
#56 /var/www/html/laundryApp/vendor/laravel/framework/src/Illuminate/Foundation/Http/Kernel.php(175): Illuminate\\Pipeline\\Pipeline->then()
#57 /var/www/html/laundryApp/vendor/laravel/framework/src/Illuminate/Foundation/Http/Kernel.php(144): Illuminate\\Foundation\\Http\\Kernel->sendRequestThroughRouter()
#58 /var/www/html/laundryApp/public/index.php(51): Illuminate\\Foundation\\Http\\Kernel->handle()
#59 /var/www/html/laundryApp/vendor/laravel/framework/src/Illuminate/Foundation/resources/server.php(16): require_once('...')
#60 {main}
"} 
[2025-12-05 19:55:24] local.ERROR: SQLSTATE[42S02]: Base table or view not found: 1146 Table 'loundry_app.product_process_history' doesn't exist (Connection: mysql, SQL: select count(*) as aggregate from (select `h`.`product_id`, `h`.`status`, `h`.`stages`, `h`.`changed_at` from `product_process_history` as `h` inner join (SELECT product_id, MAX(changed_at) as latest_change 
                             FROM product_process_history 
                             GROUP BY product_id) latest on `h`.`product_id` = `latest`.`product_id` and `h`.`changed_at` = `latest`.`latest_change` inner join `rfid_tags` as `p` on `h`.`product_id` = `p`.`id` where `p`.`location_id` = 3) as t where `t`.`changed_at` between 2025-12-05 00:00:00 and 2025-12-05 23:59:59 and `t`.`status` = FAIL) {"userId":51,"exception":"[object] (Illuminate\\Database\\QueryException(code: 42S02): SQLSTATE[42S02]: Base table or view not found: 1146 Table 'loundry_app.product_process_history' doesn't exist (Connection: mysql, SQL: select count(*) as aggregate from (select `h`.`product_id`, `h`.`status`, `h`.`stages`, `h`.`changed_at` from `product_process_history` as `h` inner join (SELECT product_id, MAX(changed_at) as latest_change 
                             FROM product_process_history 
                             GROUP BY product_id) latest on `h`.`product_id` = `latest`.`product_id` and `h`.`changed_at` = `latest`.`latest_change` inner join `rfid_tags` as `p` on `h`.`product_id` = `p`.`id` where `p`.`location_id` = 3) as t where `t`.`changed_at` between 2025-12-05 00:00:00 and 2025-12-05 23:59:59 and `t`.`status` = FAIL) at /var/www/html/laundryApp/vendor/laravel/framework/src/Illuminate/Database/Connection.php:829)
[stacktrace]
#0 /var/www/html/laundryApp/vendor/laravel/framework/src/Illuminate/Database/Connection.php(783): Illuminate\\Database\\Connection->runQueryCallback()
#1 /var/www/html/laundryApp/vendor/laravel/framework/src/Illuminate/Database/Connection.php(414): Illuminate\\Database\\Connection->run()
#2 /var/www/html/laundryApp/vendor/laravel/framework/src/Illuminate/Database/Query/Builder.php(2913): Illuminate\\Database\\Connection->select()
#3 /var/www/html/laundryApp/vendor/laravel/framework/src/Illuminate/Database/Query/Builder.php(2902): Illuminate\\Database\\Query\\Builder->runSelect()
#4 /var/www/html/laundryApp/vendor/laravel/framework/src/Illuminate/Database/Query/Builder.php(3456): Illuminate\\Database\\Query\\Builder->Illuminate\\Database\\Query\\{closure}()
#5 /var/www/html/laundryApp/vendor/laravel/framework/src/Illuminate/Database/Query/Builder.php(2901): Illuminate\\Database\\Query\\Builder->onceWithColumns()
#6 /var/www/html/laundryApp/vendor/laravel/framework/src/Illuminate/Database/Query/Builder.php(3383): Illuminate\\Database\\Query\\Builder->get()
#7 /var/www/html/laundryApp/vendor/laravel/framework/src/Illuminate/Database/Query/Builder.php(3311): Illuminate\\Database\\Query\\Builder->aggregate()
#8 /var/www/html/laundryApp/app/Http/Controllers/Api/DashboardApiController.php(74): Illuminate\\Database\\Query\\Builder->count()
#9 /var/www/html/laundryApp/vendor/laravel/framework/src/Illuminate/Cache/Repository.php(396): App\\Http\\Controllers\\Api\\DashboardApiController->App\\Http\\Controllers\\Api\\{closure}()
#10 /var/www/html/laundryApp/vendor/laravel/framework/src/Illuminate/Cache/CacheManager.php(429): Illuminate\\Cache\\Repository->remember()
#11 /var/www/html/laundryApp/vendor/laravel/framework/src/Illuminate/Support/Facades/Facade.php(355): Illuminate\\Cache\\CacheManager->__call()
#12 /var/www/html/laundryApp/app/Http/Controllers/Api/DashboardApiController.php(42): Illuminate\\Support\\Facades\\Facade::__callStatic()
#13 /var/www/html/laundryApp/vendor/laravel/framework/src/Illuminate/Routing/Controller.php(54): App\\Http\\Controllers\\Api\\DashboardApiController->summary()
#14 /var/www/html/laundryApp/vendor/laravel/framework/src/Illuminate/Routing/ControllerDispatcher.php(43): Illuminate\\Routing\\Controller->callAction()
#15 /var/www/html/laundryApp/vendor/laravel/framework/src/Illuminate/Routing/Route.php(259): Illuminate\\Routing\\ControllerDispatcher->dispatch()
#16 /var/www/html/laundryApp/vendor/laravel/framework/src/Illuminate/Routing/Route.php(205): Illuminate\\Routing\\Route->runController()
#17 /var/www/html/laundryApp/vendor/laravel/framework/src/Illuminate/Routing/Router.php(806): Illuminate\\Routing\\Route->run()
#18 /var/www/html/laundryApp/vendor/laravel/framework/src/Illuminate/Pipeline/Pipeline.php(144): Illuminate\\Routing\\Router->Illuminate\\Routing\\{closure}()
#19 /var/www/html/laundryApp/vendor/laravel/framework/src/Illuminate/Routing/Middleware/SubstituteBindings.php(50): Illuminate\\Pipeline\\Pipeline->Illuminate\\Pipeline\\{closure}()
#20 /var/www/html/laundryApp/vendor/laravel/framework/src/Illuminate/Pipeline/Pipeline.php(183): Illuminate\\Routing\\Middleware\\SubstituteBindings->handle()
#21 /var/www/html/laundryApp/vendor/laravel/framework/src/Illuminate/Routing/Middleware/ThrottleRequests.php(159): Illuminate\\Pipeline\\Pipeline->Illuminate\\Pipeline\\{closure}()
#22 /var/www/html/laundryApp/vendor/laravel/framework/src/Illuminate/Routing/Middleware/ThrottleRequests.php(125): Illuminate\\Routing\\Middleware\\ThrottleRequests->handleRequest()
#23 /var/www/html/laundryApp/vendor/laravel/framework/src/Illuminate/Routing/Middleware/ThrottleRequests.php(87): Illuminate\\Routing\\Middleware\\ThrottleRequests->handleRequestUsingNamedLimiter()
#24 /var/www/html/laundryApp/vendor/laravel/framework/src/Illuminate/Pipeline/Pipeline.php(183): Illuminate\\Routing\\Middleware\\ThrottleRequests->handle()
#25 /var/www/html/laundryApp/vendor/laravel/framework/src/Illuminate/Auth/Middleware/Authenticate.php(57): Illuminate\\Pipeline\\Pipeline->Illuminate\\Pipeline\\{closure}()
#26 /var/www/html/laundryApp/vendor/laravel/framework/src/Illuminate/Pipeline/Pipeline.php(183): Illuminate\\Auth\\Middleware\\Authenticate->handle()
#27 /var/www/html/laundryApp/vendor/laravel/sanctum/src/Http/Middleware/EnsureFrontendRequestsAreStateful.php(25): Illuminate\\Pipeline\\Pipeline->Illuminate\\Pipeline\\{closure}()
#28 /var/www/html/laundryApp/vendor/laravel/framework/src/Illuminate/Pipeline/Pipeline.php(144): Laravel\\Sanctum\\Http\\Middleware\\EnsureFrontendRequestsAreStateful->Laravel\\Sanctum\\Http\\Middleware\\{closure}()
#29 /var/www/html/laundryApp/vendor/laravel/framework/src/Illuminate/Pipeline/Pipeline.php(119): Illuminate\\Pipeline\\Pipeline->Illuminate\\Pipeline\\{closure}()
#30 /var/www/html/laundryApp/vendor/laravel/sanctum/src/Http/Middleware/EnsureFrontendRequestsAreStateful.php(24): Illuminate\\Pipeline\\Pipeline->then()
#31 /var/www/html/laundryApp/vendor/laravel/framework/src/Illuminate/Pipeline/Pipeline.php(183): Laravel\\Sanctum\\Http\\Middleware\\EnsureFrontendRequestsAreStateful->handle()
#32 /var/www/html/laundryApp/vendor/laravel/framework/src/Illuminate/Pipeline/Pipeline.php(119): Illuminate\\Pipeline\\Pipeline->Illuminate\\Pipeline\\{closure}()
#33 /var/www/html/laundryApp/vendor/laravel/framework/src/Illuminate/Routing/Router.php(805): Illuminate\\Pipeline\\Pipeline->then()
#34 /var/www/html/laundryApp/vendor/laravel/framework/src/Illuminate/Routing/Router.php(784): Illuminate\\Routing\\Router->runRouteWithinStack()
#35 /var/www/html/laundryApp/vendor/laravel/framework/src/Illuminate/Routing/Router.php(748): Illuminate\\Routing\\Router->runRoute()
#36 /var/www/html/laundryApp/vendor/laravel/framework/src/Illuminate/Routing/Router.php(737): Illuminate\\Routing\\Router->dispatchToRoute()
#37 /var/www/html/laundryApp/vendor/laravel/framework/src/Illuminate/Foundation/Http/Kernel.php(200): Illuminate\\Routing\\Router->dispatch()
#38 /var/www/html/laundryApp/vendor/laravel/framework/src/Illuminate/Pipeline/Pipeline.php(144): Illuminate\\Foundation\\Http\\Kernel->Illuminate\\Foundation\\Http\\{closure}()
#39 /var/www/html/laundryApp/vendor/laravel/framework/src/Illuminate/Foundation/Http/Middleware/TransformsRequest.php(21): Illuminate\\Pipeline\\Pipeline->Illuminate\\Pipeline\\{closure}()
#40 /var/www/html/laundryApp/vendor/laravel/framework/src/Illuminate/Foundation/Http/Middleware/ConvertEmptyStringsToNull.php(31): Illuminate\\Foundation\\Http\\Middleware\\TransformsRequest->handle()
#41 /var/www/html/laundryApp/vendor/laravel/framework/src/Illuminate/Pipeline/Pipeline.php(183): Illuminate\\Foundation\\Http\\Middleware\\ConvertEmptyStringsToNull->handle()
#42 /var/www/html/laundryApp/vendor/laravel/framework/src/Illuminate/Foundation/Http/Middleware/TransformsRequest.php(21): Illuminate\\Pipeline\\Pipeline->Illuminate\\Pipeline\\{closure}()
#43 /var/www/html/laundryApp/vendor/laravel/framework/src/Illuminate/Foundation/Http/Middleware/TrimStrings.php(40): Illuminate\\Foundation\\Http\\Middleware\\TransformsRequest->handle()
#44 /var/www/html/laundryApp/vendor/laravel/framework/src/Illuminate/Pipeline/Pipeline.php(183): Illuminate\\Foundation\\Http\\Middleware\\TrimStrings->handle()
#45 /var/www/html/laundryApp/vendor/laravel/framework/src/Illuminate/Foundation/Http/Middleware/ValidatePostSize.php(27): Illuminate\\Pipeline\\Pipeline->Illuminate\\Pipeline\\{closure}()
#46 /var/www/html/laundryApp/vendor/laravel/framework/src/Illuminate/Pipeline/Pipeline.php(183): Illuminate\\Foundation\\Http\\Middleware\\ValidatePostSize->handle()
#47 /var/www/html/laundryApp/vendor/laravel/framework/src/Illuminate/Foundation/Http/Middleware/PreventRequestsDuringMaintenance.php(99): Illuminate\\Pipeline\\Pipeline->Illuminate\\Pipeline\\{closure}()
#48 /var/www/html/laundryApp/vendor/laravel/framework/src/Illuminate/Pipeline/Pipeline.php(183): Illuminate\\Foundation\\Http\\Middleware\\PreventRequestsDuringMaintenance->handle()
#49 /var/www/html/laundryApp/vendor/laravel/framework/src/Illuminate/Http/Middleware/HandleCors.php(62): Illuminate\\Pipeline\\Pipeline->Illuminate\\Pipeline\\{closure}()
#50 /var/www/html/laundryApp/vendor/laravel/framework/src/Illuminate/Pipeline/Pipeline.php(183): Illuminate\\Http\\Middleware\\HandleCors->handle()
#51 /var/www/html/laundryApp/vendor/laravel/framework/src/Illuminate/Http/Middleware/TrustProxies.php(39): Illuminate\\Pipeline\\Pipeline->Illuminate\\Pipeline\\{closure}()
#52 /var/www/html/laundryApp/vendor/laravel/framework/src/Illuminate/Pipeline/Pipeline.php(183): Illuminate\\Http\\Middleware\\TrustProxies->handle()
#53 /var/www/html/laundryApp/vendor/laravel/framework/src/Illuminate/Pipeline/Pipeline.php(119): Illuminate\\Pipeline\\Pipeline->Illuminate\\Pipeline\\{closure}()
#54 /var/www/html/laundryApp/vendor/laravel/framework/src/Illuminate/Foundation/Http/Kernel.php(175): Illuminate\\Pipeline\\Pipeline->then()
#55 /var/www/html/laundryApp/vendor/laravel/framework/src/Illuminate/Foundation/Http/Kernel.php(144): Illuminate\\Foundation\\Http\\Kernel->sendRequestThroughRouter()
#56 /var/www/html/laundryApp/public/index.php(51): Illuminate\\Foundation\\Http\\Kernel->handle()
#57 /var/www/html/laundryApp/vendor/laravel/framework/src/Illuminate/Foundation/resources/server.php(16): require_once('...')
#58 {main}

[previous exception] [object] (PDOException(code: 42S02): SQLSTATE[42S02]: Base table or view not found: 1146 Table 'loundry_app.product_process_history' doesn't exist at /var/www/html/laundryApp/vendor/laravel/framework/src/Illuminate/Database/Connection.php:423)
[stacktrace]
#0 /var/www/html/laundryApp/vendor/laravel/framework/src/Illuminate/Database/Connection.php(423): PDO->prepare()
#1 /var/www/html/laundryApp/vendor/laravel/framework/src/Illuminate/Database/Connection.php(816): Illuminate\\Database\\Connection->Illuminate\\Database\\{closure}()
#2 /var/www/html/laundryApp/vendor/laravel/framework/src/Illuminate/Database/Connection.php(783): Illuminate\\Database\\Connection->runQueryCallback()
#3 /var/www/html/laundryApp/vendor/laravel/framework/src/Illuminate/Database/Connection.php(414): Illuminate\\Database\\Connection->run()
#4 /var/www/html/laundryApp/vendor/laravel/framework/src/Illuminate/Database/Query/Builder.php(2913): Illuminate\\Database\\Connection->select()
#5 /var/www/html/laundryApp/vendor/laravel/framework/src/Illuminate/Database/Query/Builder.php(2902): Illuminate\\Database\\Query\\Builder->runSelect()
#6 /var/www/html/laundryApp/vendor/laravel/framework/src/Illuminate/Database/Query/Builder.php(3456): Illuminate\\Database\\Query\\Builder->Illuminate\\Database\\Query\\{closure}()
#7 /var/www/html/laundryApp/vendor/laravel/framework/src/Illuminate/Database/Query/Builder.php(2901): Illuminate\\Database\\Query\\Builder->onceWithColumns()
#8 /var/www/html/laundryApp/vendor/laravel/framework/src/Illuminate/Database/Query/Builder.php(3383): Illuminate\\Database\\Query\\Builder->get()
#9 /var/www/html/laundryApp/vendor/laravel/framework/src/Illuminate/Database/Query/Builder.php(3311): Illuminate\\Database\\Query\\Builder->aggregate()
#10 /var/www/html/laundryApp/app/Http/Controllers/Api/DashboardApiController.php(74): Illuminate\\Database\\Query\\Builder->count()
#11 /var/www/html/laundryApp/vendor/laravel/framework/src/Illuminate/Cache/Repository.php(396): App\\Http\\Controllers\\Api\\DashboardApiController->App\\Http\\Controllers\\Api\\{closure}()
#12 /var/www/html/laundryApp/vendor/laravel/framework/src/Illuminate/Cache/CacheManager.php(429): Illuminate\\Cache\\Repository->remember()
#13 /var/www/html/laundryApp/vendor/laravel/framework/src/Illuminate/Support/Facades/Facade.php(355): Illuminate\\Cache\\CacheManager->__call()
#14 /var/www/html/laundryApp/app/Http/Controllers/Api/DashboardApiController.php(42): Illuminate\\Support\\Facades\\Facade::__callStatic()
#15 /var/www/html/laundryApp/vendor/laravel/framework/src/Illuminate/Routing/Controller.php(54): App\\Http\\Controllers\\Api\\DashboardApiController->summary()
#16 /var/www/html/laundryApp/vendor/laravel/framework/src/Illuminate/Routing/ControllerDispatcher.php(43): Illuminate\\Routing\\Controller->callAction()
#17 /var/www/html/laundryApp/vendor/laravel/framework/src/Illuminate/Routing/Route.php(259): Illuminate\\Routing\\ControllerDispatcher->dispatch()
#18 /var/www/html/laundryApp/vendor/laravel/framework/src/Illuminate/Routing/Route.php(205): Illuminate\\Routing\\Route->runController()
#19 /var/www/html/laundryApp/vendor/laravel/framework/src/Illuminate/Routing/Router.php(806): Illuminate\\Routing\\Route->run()
#20 /var/www/html/laundryApp/vendor/laravel/framework/src/Illuminate/Pipeline/Pipeline.php(144): Illuminate\\Routing\\Router->Illuminate\\Routing\\{closure}()
#21 /var/www/html/laundryApp/vendor/laravel/framework/src/Illuminate/Routing/Middleware/SubstituteBindings.php(50): Illuminate\\Pipeline\\Pipeline->Illuminate\\Pipeline\\{closure}()
#22 /var/www/html/laundryApp/vendor/laravel/framework/src/Illuminate/Pipeline/Pipeline.php(183): Illuminate\\Routing\\Middleware\\SubstituteBindings->handle()
#23 /var/www/html/laundryApp/vendor/laravel/framework/src/Illuminate/Routing/Middleware/ThrottleRequests.php(159): Illuminate\\Pipeline\\Pipeline->Illuminate\\Pipeline\\{closure}()
#24 /var/www/html/laundryApp/vendor/laravel/framework/src/Illuminate/Routing/Middleware/ThrottleRequests.php(125): Illuminate\\Routing\\Middleware\\ThrottleRequests->handleRequest()
#25 /var/www/html/laundryApp/vendor/laravel/framework/src/Illuminate/Routing/Middleware/ThrottleRequests.php(87): Illuminate\\Routing\\Middleware\\ThrottleRequests->handleRequestUsingNamedLimiter()
#26 /var/www/html/laundryApp/vendor/laravel/framework/src/Illuminate/Pipeline/Pipeline.php(183): Illuminate\\Routing\\Middleware\\ThrottleRequests->handle()
#27 /var/www/html/laundryApp/vendor/laravel/framework/src/Illuminate/Auth/Middleware/Authenticate.php(57): Illuminate\\Pipeline\\Pipeline->Illuminate\\Pipeline\\{closure}()
#28 /var/www/html/laundryApp/vendor/laravel/framework/src/Illuminate/Pipeline/Pipeline.php(183): Illuminate\\Auth\\Middleware\\Authenticate->handle()
#29 /var/www/html/laundryApp/vendor/laravel/sanctum/src/Http/Middleware/EnsureFrontendRequestsAreStateful.php(25): Illuminate\\Pipeline\\Pipeline->Illuminate\\Pipeline\\{closure}()
#30 /var/www/html/laundryApp/vendor/laravel/framework/src/Illuminate/Pipeline/Pipeline.php(144): Laravel\\Sanctum\\Http\\Middleware\\EnsureFrontendRequestsAreStateful->Laravel\\Sanctum\\Http\\Middleware\\{closure}()
#31 /var/www/html/laundryApp/vendor/laravel/framework/src/Illuminate/Pipeline/Pipeline.php(119): Illuminate\\Pipeline\\Pipeline->Illuminate\\Pipeline\\{closure}()
#32 /var/www/html/laundryApp/vendor/laravel/sanctum/src/Http/Middleware/EnsureFrontendRequestsAreStateful.php(24): Illuminate\\Pipeline\\Pipeline->then()
#33 /var/www/html/laundryApp/vendor/laravel/framework/src/Illuminate/Pipeline/Pipeline.php(183): Laravel\\Sanctum\\Http\\Middleware\\EnsureFrontendRequestsAreStateful->handle()
#34 /var/www/html/laundryApp/vendor/laravel/framework/src/Illuminate/Pipeline/Pipeline.php(119): Illuminate\\Pipeline\\Pipeline->Illuminate\\Pipeline\\{closure}()
#35 /var/www/html/laundryApp/vendor/laravel/framework/src/Illuminate/Routing/Router.php(805): Illuminate\\Pipeline\\Pipeline->then()
#36 /var/www/html/laundryApp/vendor/laravel/framework/src/Illuminate/Routing/Router.php(784): Illuminate\\Routing\\Router->runRouteWithinStack()
#37 /var/www/html/laundryApp/vendor/laravel/framework/src/Illuminate/Routing/Router.php(748): Illuminate\\Routing\\Router->runRoute()
#38 /var/www/html/laundryApp/vendor/laravel/framework/src/Illuminate/Routing/Router.php(737): Illuminate\\Routing\\Router->dispatchToRoute()
#39 /var/www/html/laundryApp/vendor/laravel/framework/src/Illuminate/Foundation/Http/Kernel.php(200): Illuminate\\Routing\\Router->dispatch()
#40 /var/www/html/laundryApp/vendor/laravel/framework/src/Illuminate/Pipeline/Pipeline.php(144): Illuminate\\Foundation\\Http\\Kernel->Illuminate\\Foundation\\Http\\{closure}()
#41 /var/www/html/laundryApp/vendor/laravel/framework/src/Illuminate/Foundation/Http/Middleware/TransformsRequest.php(21): Illuminate\\Pipeline\\Pipeline->Illuminate\\Pipeline\\{closure}()
#42 /var/www/html/laundryApp/vendor/laravel/framework/src/Illuminate/Foundation/Http/Middleware/ConvertEmptyStringsToNull.php(31): Illuminate\\Foundation\\Http\\Middleware\\TransformsRequest->handle()
#43 /var/www/html/laundryApp/vendor/laravel/framework/src/Illuminate/Pipeline/Pipeline.php(183): Illuminate\\Foundation\\Http\\Middleware\\ConvertEmptyStringsToNull->handle()
#44 /var/www/html/laundryApp/vendor/laravel/framework/src/Illuminate/Foundation/Http/Middleware/TransformsRequest.php(21): Illuminate\\Pipeline\\Pipeline->Illuminate\\Pipeline\\{closure}()
#45 /var/www/html/laundryApp/vendor/laravel/framework/src/Illuminate/Foundation/Http/Middleware/TrimStrings.php(40): Illuminate\\Foundation\\Http\\Middleware\\TransformsRequest->handle()
#46 /var/www/html/laundryApp/vendor/laravel/framework/src/Illuminate/Pipeline/Pipeline.php(183): Illuminate\\Foundation\\Http\\Middleware\\TrimStrings->handle()
#47 /var/www/html/laundryApp/vendor/laravel/framework/src/Illuminate/Foundation/Http/Middleware/ValidatePostSize.php(27): Illuminate\\Pipeline\\Pipeline->Illuminate\\Pipeline\\{closure}()
#48 /var/www/html/laundryApp/vendor/laravel/framework/src/Illuminate/Pipeline/Pipeline.php(183): Illuminate\\Foundation\\Http\\Middleware\\ValidatePostSize->handle()
#49 /var/www/html/laundryApp/vendor/laravel/framework/src/Illuminate/Foundation/Http/Middleware/PreventRequestsDuringMaintenance.php(99): Illuminate\\Pipeline\\Pipeline->Illuminate\\Pipeline\\{closure}()
#50 /var/www/html/laundryApp/vendor/laravel/framework/src/Illuminate/Pipeline/Pipeline.php(183): Illuminate\\Foundation\\Http\\Middleware\\PreventRequestsDuringMaintenance->handle()
#51 /var/www/html/laundryApp/vendor/laravel/framework/src/Illuminate/Http/Middleware/HandleCors.php(62): Illuminate\\Pipeline\\Pipeline->Illuminate\\Pipeline\\{closure}()
#52 /var/www/html/laundryApp/vendor/laravel/framework/src/Illuminate/Pipeline/Pipeline.php(183): Illuminate\\Http\\Middleware\\HandleCors->handle()
#53 /var/www/html/laundryApp/vendor/laravel/framework/src/Illuminate/Http/Middleware/TrustProxies.php(39): Illuminate\\Pipeline\\Pipeline->Illuminate\\Pipeline\\{closure}()
#54 /var/www/html/laundryApp/vendor/laravel/framework/src/Illuminate/Pipeline/Pipeline.php(183): Illuminate\\Http\\Middleware\\TrustProxies->handle()
#55 /var/www/html/laundryApp/vendor/laravel/framework/src/Illuminate/Pipeline/Pipeline.php(119): Illuminate\\Pipeline\\Pipeline->Illuminate\\Pipeline\\{closure}()
#56 /var/www/html/laundryApp/vendor/laravel/framework/src/Illuminate/Foundation/Http/Kernel.php(175): Illuminate\\Pipeline\\Pipeline->then()
#57 /var/www/html/laundryApp/vendor/laravel/framework/src/Illuminate/Foundation/Http/Kernel.php(144): Illuminate\\Foundation\\Http\\Kernel->sendRequestThroughRouter()
#58 /var/www/html/laundryApp/public/index.php(51): Illuminate\\Foundation\\Http\\Kernel->handle()
#59 /var/www/html/laundryApp/vendor/laravel/framework/src/Illuminate/Foundation/resources/server.php(16): require_once('...')
#60 {main}
"} 
[2025-12-05 19:55:32] local.ERROR: SQLSTATE[42S02]: Base table or view not found: 1146 Table 'loundry_app.product_process_history' doesn't exist (Connection: mysql, SQL: select count(*) as aggregate from (select `h`.`product_id`, `h`.`status`, `h`.`stages`, `h`.`changed_at` from `product_process_history` as `h` inner join (SELECT product_id, MAX(changed_at) as latest_change 
                             FROM product_process_history 
                             GROUP BY product_id) latest on `h`.`product_id` = `latest`.`product_id` and `h`.`changed_at` = `latest`.`latest_change` inner join `rfid_tags` as `p` on `h`.`product_id` = `p`.`id` where `p`.`location_id` = 3) as t where `t`.`changed_at` between 2025-12-05 00:00:00 and 2025-12-05 23:59:59 and `t`.`status` = FAIL) {"userId":51,"exception":"[object] (Illuminate\\Database\\QueryException(code: 42S02): SQLSTATE[42S02]: Base table or view not found: 1146 Table 'loundry_app.product_process_history' doesn't exist (Connection: mysql, SQL: select count(*) as aggregate from (select `h`.`product_id`, `h`.`status`, `h`.`stages`, `h`.`changed_at` from `product_process_history` as `h` inner join (SELECT product_id, MAX(changed_at) as latest_change 
                             FROM product_process_history 
                             GROUP BY product_id) latest on `h`.`product_id` = `latest`.`product_id` and `h`.`changed_at` = `latest`.`latest_change` inner join `rfid_tags` as `p` on `h`.`product_id` = `p`.`id` where `p`.`location_id` = 3) as t where `t`.`changed_at` between 2025-12-05 00:00:00 and 2025-12-05 23:59:59 and `t`.`status` = FAIL) at /var/www/html/laundryApp/vendor/laravel/framework/src/Illuminate/Database/Connection.php:829)
[stacktrace]
#0 /var/www/html/laundryApp/vendor/laravel/framework/src/Illuminate/Database/Connection.php(783): Illuminate\\Database\\Connection->runQueryCallback()
#1 /var/www/html/laundryApp/vendor/laravel/framework/src/Illuminate/Database/Connection.php(414): Illuminate\\Database\\Connection->run()
#2 /var/www/html/laundryApp/vendor/laravel/framework/src/Illuminate/Database/Query/Builder.php(2913): Illuminate\\Database\\Connection->select()
#3 /var/www/html/laundryApp/vendor/laravel/framework/src/Illuminate/Database/Query/Builder.php(2902): Illuminate\\Database\\Query\\Builder->runSelect()
#4 /var/www/html/laundryApp/vendor/laravel/framework/src/Illuminate/Database/Query/Builder.php(3456): Illuminate\\Database\\Query\\Builder->Illuminate\\Database\\Query\\{closure}()
#5 /var/www/html/laundryApp/vendor/laravel/framework/src/Illuminate/Database/Query/Builder.php(2901): Illuminate\\Database\\Query\\Builder->onceWithColumns()
#6 /var/www/html/laundryApp/vendor/laravel/framework/src/Illuminate/Database/Query/Builder.php(3383): Illuminate\\Database\\Query\\Builder->get()
#7 /var/www/html/laundryApp/vendor/laravel/framework/src/Illuminate/Database/Query/Builder.php(3311): Illuminate\\Database\\Query\\Builder->aggregate()
#8 /var/www/html/laundryApp/app/Http/Controllers/Api/DashboardApiController.php(74): Illuminate\\Database\\Query\\Builder->count()
#9 /var/www/html/laundryApp/vendor/laravel/framework/src/Illuminate/Cache/Repository.php(396): App\\Http\\Controllers\\Api\\DashboardApiController->App\\Http\\Controllers\\Api\\{closure}()
#10 /var/www/html/laundryApp/vendor/laravel/framework/src/Illuminate/Cache/CacheManager.php(429): Illuminate\\Cache\\Repository->remember()
#11 /var/www/html/laundryApp/vendor/laravel/framework/src/Illuminate/Support/Facades/Facade.php(355): Illuminate\\Cache\\CacheManager->__call()
#12 /var/www/html/laundryApp/app/Http/Controllers/Api/DashboardApiController.php(42): Illuminate\\Support\\Facades\\Facade::__callStatic()
#13 /var/www/html/laundryApp/vendor/laravel/framework/src/Illuminate/Routing/Controller.php(54): App\\Http\\Controllers\\Api\\DashboardApiController->summary()
#14 /var/www/html/laundryApp/vendor/laravel/framework/src/Illuminate/Routing/ControllerDispatcher.php(43): Illuminate\\Routing\\Controller->callAction()
#15 /var/www/html/laundryApp/vendor/laravel/framework/src/Illuminate/Routing/Route.php(259): Illuminate\\Routing\\ControllerDispatcher->dispatch()
#16 /var/www/html/laundryApp/vendor/laravel/framework/src/Illuminate/Routing/Route.php(205): Illuminate\\Routing\\Route->runController()
#17 /var/www/html/laundryApp/vendor/laravel/framework/src/Illuminate/Routing/Router.php(806): Illuminate\\Routing\\Route->run()
#18 /var/www/html/laundryApp/vendor/laravel/framework/src/Illuminate/Pipeline/Pipeline.php(144): Illuminate\\Routing\\Router->Illuminate\\Routing\\{closure}()
#19 /var/www/html/laundryApp/vendor/laravel/framework/src/Illuminate/Routing/Middleware/SubstituteBindings.php(50): Illuminate\\Pipeline\\Pipeline->Illuminate\\Pipeline\\{closure}()
#20 /var/www/html/laundryApp/vendor/laravel/framework/src/Illuminate/Pipeline/Pipeline.php(183): Illuminate\\Routing\\Middleware\\SubstituteBindings->handle()
#21 /var/www/html/laundryApp/vendor/laravel/framework/src/Illuminate/Routing/Middleware/ThrottleRequests.php(159): Illuminate\\Pipeline\\Pipeline->Illuminate\\Pipeline\\{closure}()
#22 /var/www/html/laundryApp/vendor/laravel/framework/src/Illuminate/Routing/Middleware/ThrottleRequests.php(125): Illuminate\\Routing\\Middleware\\ThrottleRequests->handleRequest()
#23 /var/www/html/laundryApp/vendor/laravel/framework/src/Illuminate/Routing/Middleware/ThrottleRequests.php(87): Illuminate\\Routing\\Middleware\\ThrottleRequests->handleRequestUsingNamedLimiter()
#24 /var/www/html/laundryApp/vendor/laravel/framework/src/Illuminate/Pipeline/Pipeline.php(183): Illuminate\\Routing\\Middleware\\ThrottleRequests->handle()
#25 /var/www/html/laundryApp/vendor/laravel/framework/src/Illuminate/Auth/Middleware/Authenticate.php(57): Illuminate\\Pipeline\\Pipeline->Illuminate\\Pipeline\\{closure}()
#26 /var/www/html/laundryApp/vendor/laravel/framework/src/Illuminate/Pipeline/Pipeline.php(183): Illuminate\\Auth\\Middleware\\Authenticate->handle()
#27 /var/www/html/laundryApp/vendor/laravel/sanctum/src/Http/Middleware/EnsureFrontendRequestsAreStateful.php(25): Illuminate\\Pipeline\\Pipeline->Illuminate\\Pipeline\\{closure}()
#28 /var/www/html/laundryApp/vendor/laravel/framework/src/Illuminate/Pipeline/Pipeline.php(144): Laravel\\Sanctum\\Http\\Middleware\\EnsureFrontendRequestsAreStateful->Laravel\\Sanctum\\Http\\Middleware\\{closure}()
#29 /var/www/html/laundryApp/vendor/laravel/framework/src/Illuminate/Pipeline/Pipeline.php(119): Illuminate\\Pipeline\\Pipeline->Illuminate\\Pipeline\\{closure}()
#30 /var/www/html/laundryApp/vendor/laravel/sanctum/src/Http/Middleware/EnsureFrontendRequestsAreStateful.php(24): Illuminate\\Pipeline\\Pipeline->then()
#31 /var/www/html/laundryApp/vendor/laravel/framework/src/Illuminate/Pipeline/Pipeline.php(183): Laravel\\Sanctum\\Http\\Middleware\\EnsureFrontendRequestsAreStateful->handle()
#32 /var/www/html/laundryApp/vendor/laravel/framework/src/Illuminate/Pipeline/Pipeline.php(119): Illuminate\\Pipeline\\Pipeline->Illuminate\\Pipeline\\{closure}()
#33 /var/www/html/laundryApp/vendor/laravel/framework/src/Illuminate/Routing/Router.php(805): Illuminate\\Pipeline\\Pipeline->then()
#34 /var/www/html/laundryApp/vendor/laravel/framework/src/Illuminate/Routing/Router.php(784): Illuminate\\Routing\\Router->runRouteWithinStack()
#35 /var/www/html/laundryApp/vendor/laravel/framework/src/Illuminate/Routing/Router.php(748): Illuminate\\Routing\\Router->runRoute()
#36 /var/www/html/laundryApp/vendor/laravel/framework/src/Illuminate/Routing/Router.php(737): Illuminate\\Routing\\Router->dispatchToRoute()
#37 /var/www/html/laundryApp/vendor/laravel/framework/src/Illuminate/Foundation/Http/Kernel.php(200): Illuminate\\Routing\\Router->dispatch()
#38 /var/www/html/laundryApp/vendor/laravel/framework/src/Illuminate/Pipeline/Pipeline.php(144): Illuminate\\Foundation\\Http\\Kernel->Illuminate\\Foundation\\Http\\{closure}()
#39 /var/www/html/laundryApp/vendor/laravel/framework/src/Illuminate/Foundation/Http/Middleware/TransformsRequest.php(21): Illuminate\\Pipeline\\Pipeline->Illuminate\\Pipeline\\{closure}()
#40 /var/www/html/laundryApp/vendor/laravel/framework/src/Illuminate/Foundation/Http/Middleware/ConvertEmptyStringsToNull.php(31): Illuminate\\Foundation\\Http\\Middleware\\TransformsRequest->handle()
#41 /var/www/html/laundryApp/vendor/laravel/framework/src/Illuminate/Pipeline/Pipeline.php(183): Illuminate\\Foundation\\Http\\Middleware\\ConvertEmptyStringsToNull->handle()
#42 /var/www/html/laundryApp/vendor/laravel/framework/src/Illuminate/Foundation/Http/Middleware/TransformsRequest.php(21): Illuminate\\Pipeline\\Pipeline->Illuminate\\Pipeline\\{closure}()
#43 /var/www/html/laundryApp/vendor/laravel/framework/src/Illuminate/Foundation/Http/Middleware/TrimStrings.php(40): Illuminate\\Foundation\\Http\\Middleware\\TransformsRequest->handle()
#44 /var/www/html/laundryApp/vendor/laravel/framework/src/Illuminate/Pipeline/Pipeline.php(183): Illuminate\\Foundation\\Http\\Middleware\\TrimStrings->handle()
#45 /var/www/html/laundryApp/vendor/laravel/framework/src/Illuminate/Foundation/Http/Middleware/ValidatePostSize.php(27): Illuminate\\Pipeline\\Pipeline->Illuminate\\Pipeline\\{closure}()
#46 /var/www/html/laundryApp/vendor/laravel/framework/src/Illuminate/Pipeline/Pipeline.php(183): Illuminate\\Foundation\\Http\\Middleware\\ValidatePostSize->handle()
#47 /var/www/html/laundryApp/vendor/laravel/framework/src/Illuminate/Foundation/Http/Middleware/PreventRequestsDuringMaintenance.php(99): Illuminate\\Pipeline\\Pipeline->Illuminate\\Pipeline\\{closure}()
#48 /var/www/html/laundryApp/vendor/laravel/framework/src/Illuminate/Pipeline/Pipeline.php(183): Illuminate\\Foundation\\Http\\Middleware\\PreventRequestsDuringMaintenance->handle()
#49 /var/www/html/laundryApp/vendor/laravel/framework/src/Illuminate/Http/Middleware/HandleCors.php(62): Illuminate\\Pipeline\\Pipeline->Illuminate\\Pipeline\\{closure}()
#50 /var/www/html/laundryApp/vendor/laravel/framework/src/Illuminate/Pipeline/Pipeline.php(183): Illuminate\\Http\\Middleware\\HandleCors->handle()
#51 /var/www/html/laundryApp/vendor/laravel/framework/src/Illuminate/Http/Middleware/TrustProxies.php(39): Illuminate\\Pipeline\\Pipeline->Illuminate\\Pipeline\\{closure}()
#52 /var/www/html/laundryApp/vendor/laravel/framework/src/Illuminate/Pipeline/Pipeline.php(183): Illuminate\\Http\\Middleware\\TrustProxies->handle()
#53 /var/www/html/laundryApp/vendor/laravel/framework/src/Illuminate/Pipeline/Pipeline.php(119): Illuminate\\Pipeline\\Pipeline->Illuminate\\Pipeline\\{closure}()
#54 /var/www/html/laundryApp/vendor/laravel/framework/src/Illuminate/Foundation/Http/Kernel.php(175): Illuminate\\Pipeline\\Pipeline->then()
#55 /var/www/html/laundryApp/vendor/laravel/framework/src/Illuminate/Foundation/Http/Kernel.php(144): Illuminate\\Foundation\\Http\\Kernel->sendRequestThroughRouter()
#56 /var/www/html/laundryApp/public/index.php(51): Illuminate\\Foundation\\Http\\Kernel->handle()
#57 /var/www/html/laundryApp/vendor/laravel/framework/src/Illuminate/Foundation/resources/server.php(16): require_once('...')
#58 {main}

[previous exception] [object] (PDOException(code: 42S02): SQLSTATE[42S02]: Base table or view not found: 1146 Table 'loundry_app.product_process_history' doesn't exist at /var/www/html/laundryApp/vendor/laravel/framework/src/Illuminate/Database/Connection.php:423)
[stacktrace]
#0 /var/www/html/laundryApp/vendor/laravel/framework/src/Illuminate/Database/Connection.php(423): PDO->prepare()
#1 /var/www/html/laundryApp/vendor/laravel/framework/src/Illuminate/Database/Connection.php(816): Illuminate\\Database\\Connection->Illuminate\\Database\\{closure}()
#2 /var/www/html/laundryApp/vendor/laravel/framework/src/Illuminate/Database/Connection.php(783): Illuminate\\Database\\Connection->runQueryCallback()
#3 /var/www/html/laundryApp/vendor/laravel/framework/src/Illuminate/Database/Connection.php(414): Illuminate\\Database\\Connection->run()
#4 /var/www/html/laundryApp/vendor/laravel/framework/src/Illuminate/Database/Query/Builder.php(2913): Illuminate\\Database\\Connection->select()
#5 /var/www/html/laundryApp/vendor/laravel/framework/src/Illuminate/Database/Query/Builder.php(2902): Illuminate\\Database\\Query\\Builder->runSelect()
#6 /var/www/html/laundryApp/vendor/laravel/framework/src/Illuminate/Database/Query/Builder.php(3456): Illuminate\\Database\\Query\\Builder->Illuminate\\Database\\Query\\{closure}()
#7 /var/www/html/laundryApp/vendor/laravel/framework/src/Illuminate/Database/Query/Builder.php(2901): Illuminate\\Database\\Query\\Builder->onceWithColumns()
#8 /var/www/html/laundryApp/vendor/laravel/framework/src/Illuminate/Database/Query/Builder.php(3383): Illuminate\\Database\\Query\\Builder->get()
#9 /var/www/html/laundryApp/vendor/laravel/framework/src/Illuminate/Database/Query/Builder.php(3311): Illuminate\\Database\\Query\\Builder->aggregate()
#10 /var/www/html/laundryApp/app/Http/Controllers/Api/DashboardApiController.php(74): Illuminate\\Database\\Query\\Builder->count()
#11 /var/www/html/laundryApp/vendor/laravel/framework/src/Illuminate/Cache/Repository.php(396): App\\Http\\Controllers\\Api\\DashboardApiController->App\\Http\\Controllers\\Api\\{closure}()
#12 /var/www/html/laundryApp/vendor/laravel/framework/src/Illuminate/Cache/CacheManager.php(429): Illuminate\\Cache\\Repository->remember()
#13 /var/www/html/laundryApp/vendor/laravel/framework/src/Illuminate/Support/Facades/Facade.php(355): Illuminate\\Cache\\CacheManager->__call()
#14 /var/www/html/laundryApp/app/Http/Controllers/Api/DashboardApiController.php(42): Illuminate\\Support\\Facades\\Facade::__callStatic()
#15 /var/www/html/laundryApp/vendor/laravel/framework/src/Illuminate/Routing/Controller.php(54): App\\Http\\Controllers\\Api\\DashboardApiController->summary()
#16 /var/www/html/laundryApp/vendor/laravel/framework/src/Illuminate/Routing/ControllerDispatcher.php(43): Illuminate\\Routing\\Controller->callAction()
#17 /var/www/html/laundryApp/vendor/laravel/framework/src/Illuminate/Routing/Route.php(259): Illuminate\\Routing\\ControllerDispatcher->dispatch()
#18 /var/www/html/laundryApp/vendor/laravel/framework/src/Illuminate/Routing/Route.php(205): Illuminate\\Routing\\Route->runController()
#19 /var/www/html/laundryApp/vendor/laravel/framework/src/Illuminate/Routing/Router.php(806): Illuminate\\Routing\\Route->run()
#20 /var/www/html/laundryApp/vendor/laravel/framework/src/Illuminate/Pipeline/Pipeline.php(144): Illuminate\\Routing\\Router->Illuminate\\Routing\\{closure}()
#21 /var/www/html/laundryApp/vendor/laravel/framework/src/Illuminate/Routing/Middleware/SubstituteBindings.php(50): Illuminate\\Pipeline\\Pipeline->Illuminate\\Pipeline\\{closure}()
#22 /var/www/html/laundryApp/vendor/laravel/framework/src/Illuminate/Pipeline/Pipeline.php(183): Illuminate\\Routing\\Middleware\\SubstituteBindings->handle()
#23 /var/www/html/laundryApp/vendor/laravel/framework/src/Illuminate/Routing/Middleware/ThrottleRequests.php(159): Illuminate\\Pipeline\\Pipeline->Illuminate\\Pipeline\\{closure}()
#24 /var/www/html/laundryApp/vendor/laravel/framework/src/Illuminate/Routing/Middleware/ThrottleRequests.php(125): Illuminate\\Routing\\Middleware\\ThrottleRequests->handleRequest()
#25 /var/www/html/laundryApp/vendor/laravel/framework/src/Illuminate/Routing/Middleware/ThrottleRequests.php(87): Illuminate\\Routing\\Middleware\\ThrottleRequests->handleRequestUsingNamedLimiter()
#26 /var/www/html/laundryApp/vendor/laravel/framework/src/Illuminate/Pipeline/Pipeline.php(183): Illuminate\\Routing\\Middleware\\ThrottleRequests->handle()
#27 /var/www/html/laundryApp/vendor/laravel/framework/src/Illuminate/Auth/Middleware/Authenticate.php(57): Illuminate\\Pipeline\\Pipeline->Illuminate\\Pipeline\\{closure}()
#28 /var/www/html/laundryApp/vendor/laravel/framework/src/Illuminate/Pipeline/Pipeline.php(183): Illuminate\\Auth\\Middleware\\Authenticate->handle()
#29 /var/www/html/laundryApp/vendor/laravel/sanctum/src/Http/Middleware/EnsureFrontendRequestsAreStateful.php(25): Illuminate\\Pipeline\\Pipeline->Illuminate\\Pipeline\\{closure}()
#30 /var/www/html/laundryApp/vendor/laravel/framework/src/Illuminate/Pipeline/Pipeline.php(144): Laravel\\Sanctum\\Http\\Middleware\\EnsureFrontendRequestsAreStateful->Laravel\\Sanctum\\Http\\Middleware\\{closure}()
#31 /var/www/html/laundryApp/vendor/laravel/framework/src/Illuminate/Pipeline/Pipeline.php(119): Illuminate\\Pipeline\\Pipeline->Illuminate\\Pipeline\\{closure}()
#32 /var/www/html/laundryApp/vendor/laravel/sanctum/src/Http/Middleware/EnsureFrontendRequestsAreStateful.php(24): Illuminate\\Pipeline\\Pipeline->then()
#33 /var/www/html/laundryApp/vendor/laravel/framework/src/Illuminate/Pipeline/Pipeline.php(183): Laravel\\Sanctum\\Http\\Middleware\\EnsureFrontendRequestsAreStateful->handle()
#34 /var/www/html/laundryApp/vendor/laravel/framework/src/Illuminate/Pipeline/Pipeline.php(119): Illuminate\\Pipeline\\Pipeline->Illuminate\\Pipeline\\{closure}()
#35 /var/www/html/laundryApp/vendor/laravel/framework/src/Illuminate/Routing/Router.php(805): Illuminate\\Pipeline\\Pipeline->then()
#36 /var/www/html/laundryApp/vendor/laravel/framework/src/Illuminate/Routing/Router.php(784): Illuminate\\Routing\\Router->runRouteWithinStack()
#37 /var/www/html/laundryApp/vendor/laravel/framework/src/Illuminate/Routing/Router.php(748): Illuminate\\Routing\\Router->runRoute()
#38 /var/www/html/laundryApp/vendor/laravel/framework/src/Illuminate/Routing/Router.php(737): Illuminate\\Routing\\Router->dispatchToRoute()
#39 /var/www/html/laundryApp/vendor/laravel/framework/src/Illuminate/Foundation/Http/Kernel.php(200): Illuminate\\Routing\\Router->dispatch()
#40 /var/www/html/laundryApp/vendor/laravel/framework/src/Illuminate/Pipeline/Pipeline.php(144): Illuminate\\Foundation\\Http\\Kernel->Illuminate\\Foundation\\Http\\{closure}()
#41 /var/www/html/laundryApp/vendor/laravel/framework/src/Illuminate/Foundation/Http/Middleware/TransformsRequest.php(21): Illuminate\\Pipeline\\Pipeline->Illuminate\\Pipeline\\{closure}()
#42 /var/www/html/laundryApp/vendor/laravel/framework/src/Illuminate/Foundation/Http/Middleware/ConvertEmptyStringsToNull.php(31): Illuminate\\Foundation\\Http\\Middleware\\TransformsRequest->handle()
#43 /var/www/html/laundryApp/vendor/laravel/framework/src/Illuminate/Pipeline/Pipeline.php(183): Illuminate\\Foundation\\Http\\Middleware\\ConvertEmptyStringsToNull->handle()
#44 /var/www/html/laundryApp/vendor/laravel/framework/src/Illuminate/Foundation/Http/Middleware/TransformsRequest.php(21): Illuminate\\Pipeline\\Pipeline->Illuminate\\Pipeline\\{closure}()
#45 /var/www/html/laundryApp/vendor/laravel/framework/src/Illuminate/Foundation/Http/Middleware/TrimStrings.php(40): Illuminate\\Foundation\\Http\\Middleware\\TransformsRequest->handle()
#46 /var/www/html/laundryApp/vendor/laravel/framework/src/Illuminate/Pipeline/Pipeline.php(183): Illuminate\\Foundation\\Http\\Middleware\\TrimStrings->handle()
#47 /var/www/html/laundryApp/vendor/laravel/framework/src/Illuminate/Foundation/Http/Middleware/ValidatePostSize.php(27): Illuminate\\Pipeline\\Pipeline->Illuminate\\Pipeline\\{closure}()
#48 /var/www/html/laundryApp/vendor/laravel/framework/src/Illuminate/Pipeline/Pipeline.php(183): Illuminate\\Foundation\\Http\\Middleware\\ValidatePostSize->handle()
#49 /var/www/html/laundryApp/vendor/laravel/framework/src/Illuminate/Foundation/Http/Middleware/PreventRequestsDuringMaintenance.php(99): Illuminate\\Pipeline\\Pipeline->Illuminate\\Pipeline\\{closure}()
#50 /var/www/html/laundryApp/vendor/laravel/framework/src/Illuminate/Pipeline/Pipeline.php(183): Illuminate\\Foundation\\Http\\Middleware\\PreventRequestsDuringMaintenance->handle()
#51 /var/www/html/laundryApp/vendor/laravel/framework/src/Illuminate/Http/Middleware/HandleCors.php(62): Illuminate\\Pipeline\\Pipeline->Illuminate\\Pipeline\\{closure}()
#52 /var/www/html/laundryApp/vendor/laravel/framework/src/Illuminate/Pipeline/Pipeline.php(183): Illuminate\\Http\\Middleware\\HandleCors->handle()
#53 /var/www/html/laundryApp/vendor/laravel/framework/src/Illuminate/Http/Middleware/TrustProxies.php(39): Illuminate\\Pipeline\\Pipeline->Illuminate\\Pipeline\\{closure}()
#54 /var/www/html/laundryApp/vendor/laravel/framework/src/Illuminate/Pipeline/Pipeline.php(183): Illuminate\\Http\\Middleware\\TrustProxies->handle()
#55 /var/www/html/laundryApp/vendor/laravel/framework/src/Illuminate/Pipeline/Pipeline.php(119): Illuminate\\Pipeline\\Pipeline->Illuminate\\Pipeline\\{closure}()
#56 /var/www/html/laundryApp/vendor/laravel/framework/src/Illuminate/Foundation/Http/Kernel.php(175): Illuminate\\Pipeline\\Pipeline->then()
#57 /var/www/html/laundryApp/vendor/laravel/framework/src/Illuminate/Foundation/Http/Kernel.php(144): Illuminate\\Foundation\\Http\\Kernel->sendRequestThroughRouter()
#58 /var/www/html/laundryApp/public/index.php(51): Illuminate\\Foundation\\Http\\Kernel->handle()
#59 /var/www/html/laundryApp/vendor/laravel/framework/src/Illuminate/Foundation/resources/server.php(16): require_once('...')
#60 {main}
"} 
[2025-12-05 19:55:40] local.ERROR: SQLSTATE[42S02]: Base table or view not found: 1146 Table 'loundry_app.product_process_history' doesn't exist (Connection: mysql, SQL: select count(*) as aggregate from (select `h`.`product_id`, `h`.`status`, `h`.`stages`, `h`.`changed_at` from `product_process_history` as `h` inner join (SELECT product_id, MAX(changed_at) as latest_change 
                             FROM product_process_history 
                             GROUP BY product_id) latest on `h`.`product_id` = `latest`.`product_id` and `h`.`changed_at` = `latest`.`latest_change` inner join `rfid_tags` as `p` on `h`.`product_id` = `p`.`id` where `p`.`location_id` = 3) as t where `t`.`changed_at` between 2025-12-05 00:00:00 and 2025-12-05 23:59:59 and `t`.`status` = FAIL) {"userId":51,"exception":"[object] (Illuminate\\Database\\QueryException(code: 42S02): SQLSTATE[42S02]: Base table or view not found: 1146 Table 'loundry_app.product_process_history' doesn't exist (Connection: mysql, SQL: select count(*) as aggregate from (select `h`.`product_id`, `h`.`status`, `h`.`stages`, `h`.`changed_at` from `product_process_history` as `h` inner join (SELECT product_id, MAX(changed_at) as latest_change 
                             FROM product_process_history 
                             GROUP BY product_id) latest on `h`.`product_id` = `latest`.`product_id` and `h`.`changed_at` = `latest`.`latest_change` inner join `rfid_tags` as `p` on `h`.`product_id` = `p`.`id` where `p`.`location_id` = 3) as t where `t`.`changed_at` between 2025-12-05 00:00:00 and 2025-12-05 23:59:59 and `t`.`status` = FAIL) at /var/www/html/laundryApp/vendor/laravel/framework/src/Illuminate/Database/Connection.php:829)
[stacktrace]
#0 /var/www/html/laundryApp/vendor/laravel/framework/src/Illuminate/Database/Connection.php(783): Illuminate\\Database\\Connection->runQueryCallback()
#1 /var/www/html/laundryApp/vendor/laravel/framework/src/Illuminate/Database/Connection.php(414): Illuminate\\Database\\Connection->run()
#2 /var/www/html/laundryApp/vendor/laravel/framework/src/Illuminate/Database/Query/Builder.php(2913): Illuminate\\Database\\Connection->select()
#3 /var/www/html/laundryApp/vendor/laravel/framework/src/Illuminate/Database/Query/Builder.php(2902): Illuminate\\Database\\Query\\Builder->runSelect()
#4 /var/www/html/laundryApp/vendor/laravel/framework/src/Illuminate/Database/Query/Builder.php(3456): Illuminate\\Database\\Query\\Builder->Illuminate\\Database\\Query\\{closure}()
#5 /var/www/html/laundryApp/vendor/laravel/framework/src/Illuminate/Database/Query/Builder.php(2901): Illuminate\\Database\\Query\\Builder->onceWithColumns()
#6 /var/www/html/laundryApp/vendor/laravel/framework/src/Illuminate/Database/Query/Builder.php(3383): Illuminate\\Database\\Query\\Builder->get()
#7 /var/www/html/laundryApp/vendor/laravel/framework/src/Illuminate/Database/Query/Builder.php(3311): Illuminate\\Database\\Query\\Builder->aggregate()
#8 /var/www/html/laundryApp/app/Http/Controllers/Api/DashboardApiController.php(74): Illuminate\\Database\\Query\\Builder->count()
#9 /var/www/html/laundryApp/vendor/laravel/framework/src/Illuminate/Cache/Repository.php(396): App\\Http\\Controllers\\Api\\DashboardApiController->App\\Http\\Controllers\\Api\\{closure}()
#10 /var/www/html/laundryApp/vendor/laravel/framework/src/Illuminate/Cache/CacheManager.php(429): Illuminate\\Cache\\Repository->remember()
#11 /var/www/html/laundryApp/vendor/laravel/framework/src/Illuminate/Support/Facades/Facade.php(355): Illuminate\\Cache\\CacheManager->__call()
#12 /var/www/html/laundryApp/app/Http/Controllers/Api/DashboardApiController.php(42): Illuminate\\Support\\Facades\\Facade::__callStatic()
#13 /var/www/html/laundryApp/vendor/laravel/framework/src/Illuminate/Routing/Controller.php(54): App\\Http\\Controllers\\Api\\DashboardApiController->summary()
#14 /var/www/html/laundryApp/vendor/laravel/framework/src/Illuminate/Routing/ControllerDispatcher.php(43): Illuminate\\Routing\\Controller->callAction()
#15 /var/www/html/laundryApp/vendor/laravel/framework/src/Illuminate/Routing/Route.php(259): Illuminate\\Routing\\ControllerDispatcher->dispatch()
#16 /var/www/html/laundryApp/vendor/laravel/framework/src/Illuminate/Routing/Route.php(205): Illuminate\\Routing\\Route->runController()
#17 /var/www/html/laundryApp/vendor/laravel/framework/src/Illuminate/Routing/Router.php(806): Illuminate\\Routing\\Route->run()
#18 /var/www/html/laundryApp/vendor/laravel/framework/src/Illuminate/Pipeline/Pipeline.php(144): Illuminate\\Routing\\Router->Illuminate\\Routing\\{closure}()
#19 /var/www/html/laundryApp/vendor/laravel/framework/src/Illuminate/Routing/Middleware/SubstituteBindings.php(50): Illuminate\\Pipeline\\Pipeline->Illuminate\\Pipeline\\{closure}()
#20 /var/www/html/laundryApp/vendor/laravel/framework/src/Illuminate/Pipeline/Pipeline.php(183): Illuminate\\Routing\\Middleware\\SubstituteBindings->handle()
#21 /var/www/html/laundryApp/vendor/laravel/framework/src/Illuminate/Routing/Middleware/ThrottleRequests.php(159): Illuminate\\Pipeline\\Pipeline->Illuminate\\Pipeline\\{closure}()
#22 /var/www/html/laundryApp/vendor/laravel/framework/src/Illuminate/Routing/Middleware/ThrottleRequests.php(125): Illuminate\\Routing\\Middleware\\ThrottleRequests->handleRequest()
#23 /var/www/html/laundryApp/vendor/laravel/framework/src/Illuminate/Routing/Middleware/ThrottleRequests.php(87): Illuminate\\Routing\\Middleware\\ThrottleRequests->handleRequestUsingNamedLimiter()
#24 /var/www/html/laundryApp/vendor/laravel/framework/src/Illuminate/Pipeline/Pipeline.php(183): Illuminate\\Routing\\Middleware\\ThrottleRequests->handle()
#25 /var/www/html/laundryApp/vendor/laravel/framework/src/Illuminate/Auth/Middleware/Authenticate.php(57): Illuminate\\Pipeline\\Pipeline->Illuminate\\Pipeline\\{closure}()
#26 /var/www/html/laundryApp/vendor/laravel/framework/src/Illuminate/Pipeline/Pipeline.php(183): Illuminate\\Auth\\Middleware\\Authenticate->handle()
#27 /var/www/html/laundryApp/vendor/laravel/sanctum/src/Http/Middleware/EnsureFrontendRequestsAreStateful.php(25): Illuminate\\Pipeline\\Pipeline->Illuminate\\Pipeline\\{closure}()
#28 /var/www/html/laundryApp/vendor/laravel/framework/src/Illuminate/Pipeline/Pipeline.php(144): Laravel\\Sanctum\\Http\\Middleware\\EnsureFrontendRequestsAreStateful->Laravel\\Sanctum\\Http\\Middleware\\{closure}()
#29 /var/www/html/laundryApp/vendor/laravel/framework/src/Illuminate/Pipeline/Pipeline.php(119): Illuminate\\Pipeline\\Pipeline->Illuminate\\Pipeline\\{closure}()
#30 /var/www/html/laundryApp/vendor/laravel/sanctum/src/Http/Middleware/EnsureFrontendRequestsAreStateful.php(24): Illuminate\\Pipeline\\Pipeline->then()
#31 /var/www/html/laundryApp/vendor/laravel/framework/src/Illuminate/Pipeline/Pipeline.php(183): Laravel\\Sanctum\\Http\\Middleware\\EnsureFrontendRequestsAreStateful->handle()
#32 /var/www/html/laundryApp/vendor/laravel/framework/src/Illuminate/Pipeline/Pipeline.php(119): Illuminate\\Pipeline\\Pipeline->Illuminate\\Pipeline\\{closure}()
#33 /var/www/html/laundryApp/vendor/laravel/framework/src/Illuminate/Routing/Router.php(805): Illuminate\\Pipeline\\Pipeline->then()
#34 /var/www/html/laundryApp/vendor/laravel/framework/src/Illuminate/Routing/Router.php(784): Illuminate\\Routing\\Router->runRouteWithinStack()
#35 /var/www/html/laundryApp/vendor/laravel/framework/src/Illuminate/Routing/Router.php(748): Illuminate\\Routing\\Router->runRoute()
#36 /var/www/html/laundryApp/vendor/laravel/framework/src/Illuminate/Routing/Router.php(737): Illuminate\\Routing\\Router->dispatchToRoute()
#37 /var/www/html/laundryApp/vendor/laravel/framework/src/Illuminate/Foundation/Http/Kernel.php(200): Illuminate\\Routing\\Router->dispatch()
#38 /var/www/html/laundryApp/vendor/laravel/framework/src/Illuminate/Pipeline/Pipeline.php(144): Illuminate\\Foundation\\Http\\Kernel->Illuminate\\Foundation\\Http\\{closure}()
#39 /var/www/html/laundryApp/vendor/laravel/framework/src/Illuminate/Foundation/Http/Middleware/TransformsRequest.php(21): Illuminate\\Pipeline\\Pipeline->Illuminate\\Pipeline\\{closure}()
#40 /var/www/html/laundryApp/vendor/laravel/framework/src/Illuminate/Foundation/Http/Middleware/ConvertEmptyStringsToNull.php(31): Illuminate\\Foundation\\Http\\Middleware\\TransformsRequest->handle()
#41 /var/www/html/laundryApp/vendor/laravel/framework/src/Illuminate/Pipeline/Pipeline.php(183): Illuminate\\Foundation\\Http\\Middleware\\ConvertEmptyStringsToNull->handle()
#42 /var/www/html/laundryApp/vendor/laravel/framework/src/Illuminate/Foundation/Http/Middleware/TransformsRequest.php(21): Illuminate\\Pipeline\\Pipeline->Illuminate\\Pipeline\\{closure}()
#43 /var/www/html/laundryApp/vendor/laravel/framework/src/Illuminate/Foundation/Http/Middleware/TrimStrings.php(40): Illuminate\\Foundation\\Http\\Middleware\\TransformsRequest->handle()
#44 /var/www/html/laundryApp/vendor/laravel/framework/src/Illuminate/Pipeline/Pipeline.php(183): Illuminate\\Foundation\\Http\\Middleware\\TrimStrings->handle()
#45 /var/www/html/laundryApp/vendor/laravel/framework/src/Illuminate/Foundation/Http/Middleware/ValidatePostSize.php(27): Illuminate\\Pipeline\\Pipeline->Illuminate\\Pipeline\\{closure}()
#46 /var/www/html/laundryApp/vendor/laravel/framework/src/Illuminate/Pipeline/Pipeline.php(183): Illuminate\\Foundation\\Http\\Middleware\\ValidatePostSize->handle()
#47 /var/www/html/laundryApp/vendor/laravel/framework/src/Illuminate/Foundation/Http/Middleware/PreventRequestsDuringMaintenance.php(99): Illuminate\\Pipeline\\Pipeline->Illuminate\\Pipeline\\{closure}()
#48 /var/www/html/laundryApp/vendor/laravel/framework/src/Illuminate/Pipeline/Pipeline.php(183): Illuminate\\Foundation\\Http\\Middleware\\PreventRequestsDuringMaintenance->handle()
#49 /var/www/html/laundryApp/vendor/laravel/framework/src/Illuminate/Http/Middleware/HandleCors.php(62): Illuminate\\Pipeline\\Pipeline->Illuminate\\Pipeline\\{closure}()
#50 /var/www/html/laundryApp/vendor/laravel/framework/src/Illuminate/Pipeline/Pipeline.php(183): Illuminate\\Http\\Middleware\\HandleCors->handle()
#51 /var/www/html/laundryApp/vendor/laravel/framework/src/Illuminate/Http/Middleware/TrustProxies.php(39): Illuminate\\Pipeline\\Pipeline->Illuminate\\Pipeline\\{closure}()
#52 /var/www/html/laundryApp/vendor/laravel/framework/src/Illuminate/Pipeline/Pipeline.php(183): Illuminate\\Http\\Middleware\\TrustProxies->handle()
#53 /var/www/html/laundryApp/vendor/laravel/framework/src/Illuminate/Pipeline/Pipeline.php(119): Illuminate\\Pipeline\\Pipeline->Illuminate\\Pipeline\\{closure}()
#54 /var/www/html/laundryApp/vendor/laravel/framework/src/Illuminate/Foundation/Http/Kernel.php(175): Illuminate\\Pipeline\\Pipeline->then()
#55 /var/www/html/laundryApp/vendor/laravel/framework/src/Illuminate/Foundation/Http/Kernel.php(144): Illuminate\\Foundation\\Http\\Kernel->sendRequestThroughRouter()
#56 /var/www/html/laundryApp/public/index.php(51): Illuminate\\Foundation\\Http\\Kernel->handle()
#57 /var/www/html/laundryApp/vendor/laravel/framework/src/Illuminate/Foundation/resources/server.php(16): require_once('...')
#58 {main}

[previous exception] [object] (PDOException(code: 42S02): SQLSTATE[42S02]: Base table or view not found: 1146 Table 'loundry_app.product_process_history' doesn't exist at /var/www/html/laundryApp/vendor/laravel/framework/src/Illuminate/Database/Connection.php:423)
[stacktrace]
#0 /var/www/html/laundryApp/vendor/laravel/framework/src/Illuminate/Database/Connection.php(423): PDO->prepare()
#1 /var/www/html/laundryApp/vendor/laravel/framework/src/Illuminate/Database/Connection.php(816): Illuminate\\Database\\Connection->Illuminate\\Database\\{closure}()
#2 /var/www/html/laundryApp/vendor/laravel/framework/src/Illuminate/Database/Connection.php(783): Illuminate\\Database\\Connection->runQueryCallback()
#3 /var/www/html/laundryApp/vendor/laravel/framework/src/Illuminate/Database/Connection.php(414): Illuminate\\Database\\Connection->run()
#4 /var/www/html/laundryApp/vendor/laravel/framework/src/Illuminate/Database/Query/Builder.php(2913): Illuminate\\Database\\Connection->select()
#5 /var/www/html/laundryApp/vendor/laravel/framework/src/Illuminate/Database/Query/Builder.php(2902): Illuminate\\Database\\Query\\Builder->runSelect()
#6 /var/www/html/laundryApp/vendor/laravel/framework/src/Illuminate/Database/Query/Builder.php(3456): Illuminate\\Database\\Query\\Builder->Illuminate\\Database\\Query\\{closure}()
#7 /var/www/html/laundryApp/vendor/laravel/framework/src/Illuminate/Database/Query/Builder.php(2901): Illuminate\\Database\\Query\\Builder->onceWithColumns()
#8 /var/www/html/laundryApp/vendor/laravel/framework/src/Illuminate/Database/Query/Builder.php(3383): Illuminate\\Database\\Query\\Builder->get()
#9 /var/www/html/laundryApp/vendor/laravel/framework/src/Illuminate/Database/Query/Builder.php(3311): Illuminate\\Database\\Query\\Builder->aggregate()
#10 /var/www/html/laundryApp/app/Http/Controllers/Api/DashboardApiController.php(74): Illuminate\\Database\\Query\\Builder->count()
#11 /var/www/html/laundryApp/vendor/laravel/framework/src/Illuminate/Cache/Repository.php(396): App\\Http\\Controllers\\Api\\DashboardApiController->App\\Http\\Controllers\\Api\\{closure}()
#12 /var/www/html/laundryApp/vendor/laravel/framework/src/Illuminate/Cache/CacheManager.php(429): Illuminate\\Cache\\Repository->remember()
#13 /var/www/html/laundryApp/vendor/laravel/framework/src/Illuminate/Support/Facades/Facade.php(355): Illuminate\\Cache\\CacheManager->__call()
#14 /var/www/html/laundryApp/app/Http/Controllers/Api/DashboardApiController.php(42): Illuminate\\Support\\Facades\\Facade::__callStatic()
#15 /var/www/html/laundryApp/vendor/laravel/framework/src/Illuminate/Routing/Controller.php(54): App\\Http\\Controllers\\Api\\DashboardApiController->summary()
#16 /var/www/html/laundryApp/vendor/laravel/framework/src/Illuminate/Routing/ControllerDispatcher.php(43): Illuminate\\Routing\\Controller->callAction()
#17 /var/www/html/laundryApp/vendor/laravel/framework/src/Illuminate/Routing/Route.php(259): Illuminate\\Routing\\ControllerDispatcher->dispatch()
#18 /var/www/html/laundryApp/vendor/laravel/framework/src/Illuminate/Routing/Route.php(205): Illuminate\\Routing\\Route->runController()
#19 /var/www/html/laundryApp/vendor/laravel/framework/src/Illuminate/Routing/Router.php(806): Illuminate\\Routing\\Route->run()
#20 /var/www/html/laundryApp/vendor/laravel/framework/src/Illuminate/Pipeline/Pipeline.php(144): Illuminate\\Routing\\Router->Illuminate\\Routing\\{closure}()
#21 /var/www/html/laundryApp/vendor/laravel/framework/src/Illuminate/Routing/Middleware/SubstituteBindings.php(50): Illuminate\\Pipeline\\Pipeline->Illuminate\\Pipeline\\{closure}()
#22 /var/www/html/laundryApp/vendor/laravel/framework/src/Illuminate/Pipeline/Pipeline.php(183): Illuminate\\Routing\\Middleware\\SubstituteBindings->handle()
#23 /var/www/html/laundryApp/vendor/laravel/framework/src/Illuminate/Routing/Middleware/ThrottleRequests.php(159): Illuminate\\Pipeline\\Pipeline->Illuminate\\Pipeline\\{closure}()
#24 /var/www/html/laundryApp/vendor/laravel/framework/src/Illuminate/Routing/Middleware/ThrottleRequests.php(125): Illuminate\\Routing\\Middleware\\ThrottleRequests->handleRequest()
#25 /var/www/html/laundryApp/vendor/laravel/framework/src/Illuminate/Routing/Middleware/ThrottleRequests.php(87): Illuminate\\Routing\\Middleware\\ThrottleRequests->handleRequestUsingNamedLimiter()
#26 /var/www/html/laundryApp/vendor/laravel/framework/src/Illuminate/Pipeline/Pipeline.php(183): Illuminate\\Routing\\Middleware\\ThrottleRequests->handle()
#27 /var/www/html/laundryApp/vendor/laravel/framework/src/Illuminate/Auth/Middleware/Authenticate.php(57): Illuminate\\Pipeline\\Pipeline->Illuminate\\Pipeline\\{closure}()
#28 /var/www/html/laundryApp/vendor/laravel/framework/src/Illuminate/Pipeline/Pipeline.php(183): Illuminate\\Auth\\Middleware\\Authenticate->handle()
#29 /var/www/html/laundryApp/vendor/laravel/sanctum/src/Http/Middleware/EnsureFrontendRequestsAreStateful.php(25): Illuminate\\Pipeline\\Pipeline->Illuminate\\Pipeline\\{closure}()
#30 /var/www/html/laundryApp/vendor/laravel/framework/src/Illuminate/Pipeline/Pipeline.php(144): Laravel\\Sanctum\\Http\\Middleware\\EnsureFrontendRequestsAreStateful->Laravel\\Sanctum\\Http\\Middleware\\{closure}()
#31 /var/www/html/laundryApp/vendor/laravel/framework/src/Illuminate/Pipeline/Pipeline.php(119): Illuminate\\Pipeline\\Pipeline->Illuminate\\Pipeline\\{closure}()
#32 /var/www/html/laundryApp/vendor/laravel/sanctum/src/Http/Middleware/EnsureFrontendRequestsAreStateful.php(24): Illuminate\\Pipeline\\Pipeline->then()
#33 /var/www/html/laundryApp/vendor/laravel/framework/src/Illuminate/Pipeline/Pipeline.php(183): Laravel\\Sanctum\\Http\\Middleware\\EnsureFrontendRequestsAreStateful->handle()
#34 /var/www/html/laundryApp/vendor/laravel/framework/src/Illuminate/Pipeline/Pipeline.php(119): Illuminate\\Pipeline\\Pipeline->Illuminate\\Pipeline\\{closure}()
#35 /var/www/html/laundryApp/vendor/laravel/framework/src/Illuminate/Routing/Router.php(805): Illuminate\\Pipeline\\Pipeline->then()
#36 /var/www/html/laundryApp/vendor/laravel/framework/src/Illuminate/Routing/Router.php(784): Illuminate\\Routing\\Router->runRouteWithinStack()
#37 /var/www/html/laundryApp/vendor/laravel/framework/src/Illuminate/Routing/Router.php(748): Illuminate\\Routing\\Router->runRoute()
#38 /var/www/html/laundryApp/vendor/laravel/framework/src/Illuminate/Routing/Router.php(737): Illuminate\\Routing\\Router->dispatchToRoute()
#39 /var/www/html/laundryApp/vendor/laravel/framework/src/Illuminate/Foundation/Http/Kernel.php(200): Illuminate\\Routing\\Router->dispatch()
#40 /var/www/html/laundryApp/vendor/laravel/framework/src/Illuminate/Pipeline/Pipeline.php(144): Illuminate\\Foundation\\Http\\Kernel->Illuminate\\Foundation\\Http\\{closure}()
#41 /var/www/html/laundryApp/vendor/laravel/framework/src/Illuminate/Foundation/Http/Middleware/TransformsRequest.php(21): Illuminate\\Pipeline\\Pipeline->Illuminate\\Pipeline\\{closure}()
#42 /var/www/html/laundryApp/vendor/laravel/framework/src/Illuminate/Foundation/Http/Middleware/ConvertEmptyStringsToNull.php(31): Illuminate\\Foundation\\Http\\Middleware\\TransformsRequest->handle()
#43 /var/www/html/laundryApp/vendor/laravel/framework/src/Illuminate/Pipeline/Pipeline.php(183): Illuminate\\Foundation\\Http\\Middleware\\ConvertEmptyStringsToNull->handle()
#44 /var/www/html/laundryApp/vendor/laravel/framework/src/Illuminate/Foundation/Http/Middleware/TransformsRequest.php(21): Illuminate\\Pipeline\\Pipeline->Illuminate\\Pipeline\\{closure}()
#45 /var/www/html/laundryApp/vendor/laravel/framework/src/Illuminate/Foundation/Http/Middleware/TrimStrings.php(40): Illuminate\\Foundation\\Http\\Middleware\\TransformsRequest->handle()
#46 /var/www/html/laundryApp/vendor/laravel/framework/src/Illuminate/Pipeline/Pipeline.php(183): Illuminate\\Foundation\\Http\\Middleware\\TrimStrings->handle()
#47 /var/www/html/laundryApp/vendor/laravel/framework/src/Illuminate/Foundation/Http/Middleware/ValidatePostSize.php(27): Illuminate\\Pipeline\\Pipeline->Illuminate\\Pipeline\\{closure}()
#48 /var/www/html/laundryApp/vendor/laravel/framework/src/Illuminate/Pipeline/Pipeline.php(183): Illuminate\\Foundation\\Http\\Middleware\\ValidatePostSize->handle()
#49 /var/www/html/laundryApp/vendor/laravel/framework/src/Illuminate/Foundation/Http/Middleware/PreventRequestsDuringMaintenance.php(99): Illuminate\\Pipeline\\Pipeline->Illuminate\\Pipeline\\{closure}()
#50 /var/www/html/laundryApp/vendor/laravel/framework/src/Illuminate/Pipeline/Pipeline.php(183): Illuminate\\Foundation\\Http\\Middleware\\PreventRequestsDuringMaintenance->handle()
#51 /var/www/html/laundryApp/vendor/laravel/framework/src/Illuminate/Http/Middleware/HandleCors.php(62): Illuminate\\Pipeline\\Pipeline->Illuminate\\Pipeline\\{closure}()
#52 /var/www/html/laundryApp/vendor/laravel/framework/src/Illuminate/Pipeline/Pipeline.php(183): Illuminate\\Http\\Middleware\\HandleCors->handle()
#53 /var/www/html/laundryApp/vendor/laravel/framework/src/Illuminate/Http/Middleware/TrustProxies.php(39): Illuminate\\Pipeline\\Pipeline->Illuminate\\Pipeline\\{closure}()
#54 /var/www/html/laundryApp/vendor/laravel/framework/src/Illuminate/Pipeline/Pipeline.php(183): Illuminate\\Http\\Middleware\\TrustProxies->handle()
#55 /var/www/html/laundryApp/vendor/laravel/framework/src/Illuminate/Pipeline/Pipeline.php(119): Illuminate\\Pipeline\\Pipeline->Illuminate\\Pipeline\\{closure}()
#56 /var/www/html/laundryApp/vendor/laravel/framework/src/Illuminate/Foundation/Http/Kernel.php(175): Illuminate\\Pipeline\\Pipeline->then()
#57 /var/www/html/laundryApp/vendor/laravel/framework/src/Illuminate/Foundation/Http/Kernel.php(144): Illuminate\\Foundation\\Http\\Kernel->sendRequestThroughRouter()
#58 /var/www/html/laundryApp/public/index.php(51): Illuminate\\Foundation\\Http\\Kernel->handle()
#59 /var/www/html/laundryApp/vendor/laravel/framework/src/Illuminate/Foundation/resources/server.php(16): require_once('...')
#60 {main}
"} 
[2025-12-05 19:55:48] local.ERROR: SQLSTATE[42S02]: Base table or view not found: 1146 Table 'loundry_app.product_process_history' doesn't exist (Connection: mysql, SQL: select count(*) as aggregate from (select `h`.`product_id`, `h`.`status`, `h`.`stages`, `h`.`changed_at` from `product_process_history` as `h` inner join (SELECT product_id, MAX(changed_at) as latest_change 
                             FROM product_process_history 
                             GROUP BY product_id) latest on `h`.`product_id` = `latest`.`product_id` and `h`.`changed_at` = `latest`.`latest_change` inner join `rfid_tags` as `p` on `h`.`product_id` = `p`.`id` where `p`.`location_id` = 3) as t where `t`.`changed_at` between 2025-12-05 00:00:00 and 2025-12-05 23:59:59 and `t`.`status` = FAIL) {"userId":51,"exception":"[object] (Illuminate\\Database\\QueryException(code: 42S02): SQLSTATE[42S02]: Base table or view not found: 1146 Table 'loundry_app.product_process_history' doesn't exist (Connection: mysql, SQL: select count(*) as aggregate from (select `h`.`product_id`, `h`.`status`, `h`.`stages`, `h`.`changed_at` from `product_process_history` as `h` inner join (SELECT product_id, MAX(changed_at) as latest_change 
                             FROM product_process_history 
                             GROUP BY product_id) latest on `h`.`product_id` = `latest`.`product_id` and `h`.`changed_at` = `latest`.`latest_change` inner join `rfid_tags` as `p` on `h`.`product_id` = `p`.`id` where `p`.`location_id` = 3) as t where `t`.`changed_at` between 2025-12-05 00:00:00 and 2025-12-05 23:59:59 and `t`.`status` = FAIL) at /var/www/html/laundryApp/vendor/laravel/framework/src/Illuminate/Database/Connection.php:829)
[stacktrace]
#0 /var/www/html/laundryApp/vendor/laravel/framework/src/Illuminate/Database/Connection.php(783): Illuminate\\Database\\Connection->runQueryCallback()
#1 /var/www/html/laundryApp/vendor/laravel/framework/src/Illuminate/Database/Connection.php(414): Illuminate\\Database\\Connection->run()
#2 /var/www/html/laundryApp/vendor/laravel/framework/src/Illuminate/Database/Query/Builder.php(2913): Illuminate\\Database\\Connection->select()
#3 /var/www/html/laundryApp/vendor/laravel/framework/src/Illuminate/Database/Query/Builder.php(2902): Illuminate\\Database\\Query\\Builder->runSelect()
#4 /var/www/html/laundryApp/vendor/laravel/framework/src/Illuminate/Database/Query/Builder.php(3456): Illuminate\\Database\\Query\\Builder->Illuminate\\Database\\Query\\{closure}()
#5 /var/www/html/laundryApp/vendor/laravel/framework/src/Illuminate/Database/Query/Builder.php(2901): Illuminate\\Database\\Query\\Builder->onceWithColumns()
#6 /var/www/html/laundryApp/vendor/laravel/framework/src/Illuminate/Database/Query/Builder.php(3383): Illuminate\\Database\\Query\\Builder->get()
#7 /var/www/html/laundryApp/vendor/laravel/framework/src/Illuminate/Database/Query/Builder.php(3311): Illuminate\\Database\\Query\\Builder->aggregate()
#8 /var/www/html/laundryApp/app/Http/Controllers/Api/DashboardApiController.php(74): Illuminate\\Database\\Query\\Builder->count()
#9 /var/www/html/laundryApp/vendor/laravel/framework/src/Illuminate/Cache/Repository.php(396): App\\Http\\Controllers\\Api\\DashboardApiController->App\\Http\\Controllers\\Api\\{closure}()
#10 /var/www/html/laundryApp/vendor/laravel/framework/src/Illuminate/Cache/CacheManager.php(429): Illuminate\\Cache\\Repository->remember()
#11 /var/www/html/laundryApp/vendor/laravel/framework/src/Illuminate/Support/Facades/Facade.php(355): Illuminate\\Cache\\CacheManager->__call()
#12 /var/www/html/laundryApp/app/Http/Controllers/Api/DashboardApiController.php(42): Illuminate\\Support\\Facades\\Facade::__callStatic()
#13 /var/www/html/laundryApp/vendor/laravel/framework/src/Illuminate/Routing/Controller.php(54): App\\Http\\Controllers\\Api\\DashboardApiController->summary()
#14 /var/www/html/laundryApp/vendor/laravel/framework/src/Illuminate/Routing/ControllerDispatcher.php(43): Illuminate\\Routing\\Controller->callAction()
#15 /var/www/html/laundryApp/vendor/laravel/framework/src/Illuminate/Routing/Route.php(259): Illuminate\\Routing\\ControllerDispatcher->dispatch()
#16 /var/www/html/laundryApp/vendor/laravel/framework/src/Illuminate/Routing/Route.php(205): Illuminate\\Routing\\Route->runController()
#17 /var/www/html/laundryApp/vendor/laravel/framework/src/Illuminate/Routing/Router.php(806): Illuminate\\Routing\\Route->run()
#18 /var/www/html/laundryApp/vendor/laravel/framework/src/Illuminate/Pipeline/Pipeline.php(144): Illuminate\\Routing\\Router->Illuminate\\Routing\\{closure}()
#19 /var/www/html/laundryApp/vendor/laravel/framework/src/Illuminate/Routing/Middleware/SubstituteBindings.php(50): Illuminate\\Pipeline\\Pipeline->Illuminate\\Pipeline\\{closure}()
#20 /var/www/html/laundryApp/vendor/laravel/framework/src/Illuminate/Pipeline/Pipeline.php(183): Illuminate\\Routing\\Middleware\\SubstituteBindings->handle()
#21 /var/www/html/laundryApp/vendor/laravel/framework/src/Illuminate/Routing/Middleware/ThrottleRequests.php(159): Illuminate\\Pipeline\\Pipeline->Illuminate\\Pipeline\\{closure}()
#22 /var/www/html/laundryApp/vendor/laravel/framework/src/Illuminate/Routing/Middleware/ThrottleRequests.php(125): Illuminate\\Routing\\Middleware\\ThrottleRequests->handleRequest()
#23 /var/www/html/laundryApp/vendor/laravel/framework/src/Illuminate/Routing/Middleware/ThrottleRequests.php(87): Illuminate\\Routing\\Middleware\\ThrottleRequests->handleRequestUsingNamedLimiter()
#24 /var/www/html/laundryApp/vendor/laravel/framework/src/Illuminate/Pipeline/Pipeline.php(183): Illuminate\\Routing\\Middleware\\ThrottleRequests->handle()
#25 /var/www/html/laundryApp/vendor/laravel/framework/src/Illuminate/Auth/Middleware/Authenticate.php(57): Illuminate\\Pipeline\\Pipeline->Illuminate\\Pipeline\\{closure}()
#26 /var/www/html/laundryApp/vendor/laravel/framework/src/Illuminate/Pipeline/Pipeline.php(183): Illuminate\\Auth\\Middleware\\Authenticate->handle()
#27 /var/www/html/laundryApp/vendor/laravel/sanctum/src/Http/Middleware/EnsureFrontendRequestsAreStateful.php(25): Illuminate\\Pipeline\\Pipeline->Illuminate\\Pipeline\\{closure}()
#28 /var/www/html/laundryApp/vendor/laravel/framework/src/Illuminate/Pipeline/Pipeline.php(144): Laravel\\Sanctum\\Http\\Middleware\\EnsureFrontendRequestsAreStateful->Laravel\\Sanctum\\Http\\Middleware\\{closure}()
#29 /var/www/html/laundryApp/vendor/laravel/framework/src/Illuminate/Pipeline/Pipeline.php(119): Illuminate\\Pipeline\\Pipeline->Illuminate\\Pipeline\\{closure}()
#30 /var/www/html/laundryApp/vendor/laravel/sanctum/src/Http/Middleware/EnsureFrontendRequestsAreStateful.php(24): Illuminate\\Pipeline\\Pipeline->then()
#31 /var/www/html/laundryApp/vendor/laravel/framework/src/Illuminate/Pipeline/Pipeline.php(183): Laravel\\Sanctum\\Http\\Middleware\\EnsureFrontendRequestsAreStateful->handle()
#32 /var/www/html/laundryApp/vendor/laravel/framework/src/Illuminate/Pipeline/Pipeline.php(119): Illuminate\\Pipeline\\Pipeline->Illuminate\\Pipeline\\{closure}()
#33 /var/www/html/laundryApp/vendor/laravel/framework/src/Illuminate/Routing/Router.php(805): Illuminate\\Pipeline\\Pipeline->then()
#34 /var/www/html/laundryApp/vendor/laravel/framework/src/Illuminate/Routing/Router.php(784): Illuminate\\Routing\\Router->runRouteWithinStack()
#35 /var/www/html/laundryApp/vendor/laravel/framework/src/Illuminate/Routing/Router.php(748): Illuminate\\Routing\\Router->runRoute()
#36 /var/www/html/laundryApp/vendor/laravel/framework/src/Illuminate/Routing/Router.php(737): Illuminate\\Routing\\Router->dispatchToRoute()
#37 /var/www/html/laundryApp/vendor/laravel/framework/src/Illuminate/Foundation/Http/Kernel.php(200): Illuminate\\Routing\\Router->dispatch()
#38 /var/www/html/laundryApp/vendor/laravel/framework/src/Illuminate/Pipeline/Pipeline.php(144): Illuminate\\Foundation\\Http\\Kernel->Illuminate\\Foundation\\Http\\{closure}()
#39 /var/www/html/laundryApp/vendor/laravel/framework/src/Illuminate/Foundation/Http/Middleware/TransformsRequest.php(21): Illuminate\\Pipeline\\Pipeline->Illuminate\\Pipeline\\{closure}()
#40 /var/www/html/laundryApp/vendor/laravel/framework/src/Illuminate/Foundation/Http/Middleware/ConvertEmptyStringsToNull.php(31): Illuminate\\Foundation\\Http\\Middleware\\TransformsRequest->handle()
#41 /var/www/html/laundryApp/vendor/laravel/framework/src/Illuminate/Pipeline/Pipeline.php(183): Illuminate\\Foundation\\Http\\Middleware\\ConvertEmptyStringsToNull->handle()
#42 /var/www/html/laundryApp/vendor/laravel/framework/src/Illuminate/Foundation/Http/Middleware/TransformsRequest.php(21): Illuminate\\Pipeline\\Pipeline->Illuminate\\Pipeline\\{closure}()
#43 /var/www/html/laundryApp/vendor/laravel/framework/src/Illuminate/Foundation/Http/Middleware/TrimStrings.php(40): Illuminate\\Foundation\\Http\\Middleware\\TransformsRequest->handle()
#44 /var/www/html/laundryApp/vendor/laravel/framework/src/Illuminate/Pipeline/Pipeline.php(183): Illuminate\\Foundation\\Http\\Middleware\\TrimStrings->handle()
#45 /var/www/html/laundryApp/vendor/laravel/framework/src/Illuminate/Foundation/Http/Middleware/ValidatePostSize.php(27): Illuminate\\Pipeline\\Pipeline->Illuminate\\Pipeline\\{closure}()
#46 /var/www/html/laundryApp/vendor/laravel/framework/src/Illuminate/Pipeline/Pipeline.php(183): Illuminate\\Foundation\\Http\\Middleware\\ValidatePostSize->handle()
#47 /var/www/html/laundryApp/vendor/laravel/framework/src/Illuminate/Foundation/Http/Middleware/PreventRequestsDuringMaintenance.php(99): Illuminate\\Pipeline\\Pipeline->Illuminate\\Pipeline\\{closure}()
#48 /var/www/html/laundryApp/vendor/laravel/framework/src/Illuminate/Pipeline/Pipeline.php(183): Illuminate\\Foundation\\Http\\Middleware\\PreventRequestsDuringMaintenance->handle()
#49 /var/www/html/laundryApp/vendor/laravel/framework/src/Illuminate/Http/Middleware/HandleCors.php(62): Illuminate\\Pipeline\\Pipeline->Illuminate\\Pipeline\\{closure}()
#50 /var/www/html/laundryApp/vendor/laravel/framework/src/Illuminate/Pipeline/Pipeline.php(183): Illuminate\\Http\\Middleware\\HandleCors->handle()
#51 /var/www/html/laundryApp/vendor/laravel/framework/src/Illuminate/Http/Middleware/TrustProxies.php(39): Illuminate\\Pipeline\\Pipeline->Illuminate\\Pipeline\\{closure}()
#52 /var/www/html/laundryApp/vendor/laravel/framework/src/Illuminate/Pipeline/Pipeline.php(183): Illuminate\\Http\\Middleware\\TrustProxies->handle()
#53 /var/www/html/laundryApp/vendor/laravel/framework/src/Illuminate/Pipeline/Pipeline.php(119): Illuminate\\Pipeline\\Pipeline->Illuminate\\Pipeline\\{closure}()
#54 /var/www/html/laundryApp/vendor/laravel/framework/src/Illuminate/Foundation/Http/Kernel.php(175): Illuminate\\Pipeline\\Pipeline->then()
#55 /var/www/html/laundryApp/vendor/laravel/framework/src/Illuminate/Foundation/Http/Kernel.php(144): Illuminate\\Foundation\\Http\\Kernel->sendRequestThroughRouter()
#56 /var/www/html/laundryApp/public/index.php(51): Illuminate\\Foundation\\Http\\Kernel->handle()
#57 /var/www/html/laundryApp/vendor/laravel/framework/src/Illuminate/Foundation/resources/server.php(16): require_once('...')
#58 {main}

[previous exception] [object] (PDOException(code: 42S02): SQLSTATE[42S02]: Base table or view not found: 1146 Table 'loundry_app.product_process_history' doesn't exist at /var/www/html/laundryApp/vendor/laravel/framework/src/Illuminate/Database/Connection.php:423)
[stacktrace]
#0 /var/www/html/laundryApp/vendor/laravel/framework/src/Illuminate/Database/Connection.php(423): PDO->prepare()
#1 /var/www/html/laundryApp/vendor/laravel/framework/src/Illuminate/Database/Connection.php(816): Illuminate\\Database\\Connection->Illuminate\\Database\\{closure}()
#2 /var/www/html/laundryApp/vendor/laravel/framework/src/Illuminate/Database/Connection.php(783): Illuminate\\Database\\Connection->runQueryCallback()
#3 /var/www/html/laundryApp/vendor/laravel/framework/src/Illuminate/Database/Connection.php(414): Illuminate\\Database\\Connection->run()
#4 /var/www/html/laundryApp/vendor/laravel/framework/src/Illuminate/Database/Query/Builder.php(2913): Illuminate\\Database\\Connection->select()
#5 /var/www/html/laundryApp/vendor/laravel/framework/src/Illuminate/Database/Query/Builder.php(2902): Illuminate\\Database\\Query\\Builder->runSelect()
#6 /var/www/html/laundryApp/vendor/laravel/framework/src/Illuminate/Database/Query/Builder.php(3456): Illuminate\\Database\\Query\\Builder->Illuminate\\Database\\Query\\{closure}()
#7 /var/www/html/laundryApp/vendor/laravel/framework/src/Illuminate/Database/Query/Builder.php(2901): Illuminate\\Database\\Query\\Builder->onceWithColumns()
#8 /var/www/html/laundryApp/vendor/laravel/framework/src/Illuminate/Database/Query/Builder.php(3383): Illuminate\\Database\\Query\\Builder->get()
#9 /var/www/html/laundryApp/vendor/laravel/framework/src/Illuminate/Database/Query/Builder.php(3311): Illuminate\\Database\\Query\\Builder->aggregate()
#10 /var/www/html/laundryApp/app/Http/Controllers/Api/DashboardApiController.php(74): Illuminate\\Database\\Query\\Builder->count()
#11 /var/www/html/laundryApp/vendor/laravel/framework/src/Illuminate/Cache/Repository.php(396): App\\Http\\Controllers\\Api\\DashboardApiController->App\\Http\\Controllers\\Api\\{closure}()
#12 /var/www/html/laundryApp/vendor/laravel/framework/src/Illuminate/Cache/CacheManager.php(429): Illuminate\\Cache\\Repository->remember()
#13 /var/www/html/laundryApp/vendor/laravel/framework/src/Illuminate/Support/Facades/Facade.php(355): Illuminate\\Cache\\CacheManager->__call()
#14 /var/www/html/laundryApp/app/Http/Controllers/Api/DashboardApiController.php(42): Illuminate\\Support\\Facades\\Facade::__callStatic()
#15 /var/www/html/laundryApp/vendor/laravel/framework/src/Illuminate/Routing/Controller.php(54): App\\Http\\Controllers\\Api\\DashboardApiController->summary()
#16 /var/www/html/laundryApp/vendor/laravel/framework/src/Illuminate/Routing/ControllerDispatcher.php(43): Illuminate\\Routing\\Controller->callAction()
#17 /var/www/html/laundryApp/vendor/laravel/framework/src/Illuminate/Routing/Route.php(259): Illuminate\\Routing\\ControllerDispatcher->dispatch()
#18 /var/www/html/laundryApp/vendor/laravel/framework/src/Illuminate/Routing/Route.php(205): Illuminate\\Routing\\Route->runController()
#19 /var/www/html/laundryApp/vendor/laravel/framework/src/Illuminate/Routing/Router.php(806): Illuminate\\Routing\\Route->run()
#20 /var/www/html/laundryApp/vendor/laravel/framework/src/Illuminate/Pipeline/Pipeline.php(144): Illuminate\\Routing\\Router->Illuminate\\Routing\\{closure}()
#21 /var/www/html/laundryApp/vendor/laravel/framework/src/Illuminate/Routing/Middleware/SubstituteBindings.php(50): Illuminate\\Pipeline\\Pipeline->Illuminate\\Pipeline\\{closure}()
#22 /var/www/html/laundryApp/vendor/laravel/framework/src/Illuminate/Pipeline/Pipeline.php(183): Illuminate\\Routing\\Middleware\\SubstituteBindings->handle()
#23 /var/www/html/laundryApp/vendor/laravel/framework/src/Illuminate/Routing/Middleware/ThrottleRequests.php(159): Illuminate\\Pipeline\\Pipeline->Illuminate\\Pipeline\\{closure}()
#24 /var/www/html/laundryApp/vendor/laravel/framework/src/Illuminate/Routing/Middleware/ThrottleRequests.php(125): Illuminate\\Routing\\Middleware\\ThrottleRequests->handleRequest()
#25 /var/www/html/laundryApp/vendor/laravel/framework/src/Illuminate/Routing/Middleware/ThrottleRequests.php(87): Illuminate\\Routing\\Middleware\\ThrottleRequests->handleRequestUsingNamedLimiter()
#26 /var/www/html/laundryApp/vendor/laravel/framework/src/Illuminate/Pipeline/Pipeline.php(183): Illuminate\\Routing\\Middleware\\ThrottleRequests->handle()
#27 /var/www/html/laundryApp/vendor/laravel/framework/src/Illuminate/Auth/Middleware/Authenticate.php(57): Illuminate\\Pipeline\\Pipeline->Illuminate\\Pipeline\\{closure}()
#28 /var/www/html/laundryApp/vendor/laravel/framework/src/Illuminate/Pipeline/Pipeline.php(183): Illuminate\\Auth\\Middleware\\Authenticate->handle()
#29 /var/www/html/laundryApp/vendor/laravel/sanctum/src/Http/Middleware/EnsureFrontendRequestsAreStateful.php(25): Illuminate\\Pipeline\\Pipeline->Illuminate\\Pipeline\\{closure}()
#30 /var/www/html/laundryApp/vendor/laravel/framework/src/Illuminate/Pipeline/Pipeline.php(144): Laravel\\Sanctum\\Http\\Middleware\\EnsureFrontendRequestsAreStateful->Laravel\\Sanctum\\Http\\Middleware\\{closure}()
#31 /var/www/html/laundryApp/vendor/laravel/framework/src/Illuminate/Pipeline/Pipeline.php(119): Illuminate\\Pipeline\\Pipeline->Illuminate\\Pipeline\\{closure}()
#32 /var/www/html/laundryApp/vendor/laravel/sanctum/src/Http/Middleware/EnsureFrontendRequestsAreStateful.php(24): Illuminate\\Pipeline\\Pipeline->then()
#33 /var/www/html/laundryApp/vendor/laravel/framework/src/Illuminate/Pipeline/Pipeline.php(183): Laravel\\Sanctum\\Http\\Middleware\\EnsureFrontendRequestsAreStateful->handle()
#34 /var/www/html/laundryApp/vendor/laravel/framework/src/Illuminate/Pipeline/Pipeline.php(119): Illuminate\\Pipeline\\Pipeline->Illuminate\\Pipeline\\{closure}()
#35 /var/www/html/laundryApp/vendor/laravel/framework/src/Illuminate/Routing/Router.php(805): Illuminate\\Pipeline\\Pipeline->then()
#36 /var/www/html/laundryApp/vendor/laravel/framework/src/Illuminate/Routing/Router.php(784): Illuminate\\Routing\\Router->runRouteWithinStack()
#37 /var/www/html/laundryApp/vendor/laravel/framework/src/Illuminate/Routing/Router.php(748): Illuminate\\Routing\\Router->runRoute()
#38 /var/www/html/laundryApp/vendor/laravel/framework/src/Illuminate/Routing/Router.php(737): Illuminate\\Routing\\Router->dispatchToRoute()
#39 /var/www/html/laundryApp/vendor/laravel/framework/src/Illuminate/Foundation/Http/Kernel.php(200): Illuminate\\Routing\\Router->dispatch()
#40 /var/www/html/laundryApp/vendor/laravel/framework/src/Illuminate/Pipeline/Pipeline.php(144): Illuminate\\Foundation\\Http\\Kernel->Illuminate\\Foundation\\Http\\{closure}()
#41 /var/www/html/laundryApp/vendor/laravel/framework/src/Illuminate/Foundation/Http/Middleware/TransformsRequest.php(21): Illuminate\\Pipeline\\Pipeline->Illuminate\\Pipeline\\{closure}()
#42 /var/www/html/laundryApp/vendor/laravel/framework/src/Illuminate/Foundation/Http/Middleware/ConvertEmptyStringsToNull.php(31): Illuminate\\Foundation\\Http\\Middleware\\TransformsRequest->handle()
#43 /var/www/html/laundryApp/vendor/laravel/framework/src/Illuminate/Pipeline/Pipeline.php(183): Illuminate\\Foundation\\Http\\Middleware\\ConvertEmptyStringsToNull->handle()
#44 /var/www/html/laundryApp/vendor/laravel/framework/src/Illuminate/Foundation/Http/Middleware/TransformsRequest.php(21): Illuminate\\Pipeline\\Pipeline->Illuminate\\Pipeline\\{closure}()
#45 /var/www/html/laundryApp/vendor/laravel/framework/src/Illuminate/Foundation/Http/Middleware/TrimStrings.php(40): Illuminate\\Foundation\\Http\\Middleware\\TransformsRequest->handle()
#46 /var/www/html/laundryApp/vendor/laravel/framework/src/Illuminate/Pipeline/Pipeline.php(183): Illuminate\\Foundation\\Http\\Middleware\\TrimStrings->handle()
#47 /var/www/html/laundryApp/vendor/laravel/framework/src/Illuminate/Foundation/Http/Middleware/ValidatePostSize.php(27): Illuminate\\Pipeline\\Pipeline->Illuminate\\Pipeline\\{closure}()
#48 /var/www/html/laundryApp/vendor/laravel/framework/src/Illuminate/Pipeline/Pipeline.php(183): Illuminate\\Foundation\\Http\\Middleware\\ValidatePostSize->handle()
#49 /var/www/html/laundryApp/vendor/laravel/framework/src/Illuminate/Foundation/Http/Middleware/PreventRequestsDuringMaintenance.php(99): Illuminate\\Pipeline\\Pipeline->Illuminate\\Pipeline\\{closure}()
#50 /var/www/html/laundryApp/vendor/laravel/framework/src/Illuminate/Pipeline/Pipeline.php(183): Illuminate\\Foundation\\Http\\Middleware\\PreventRequestsDuringMaintenance->handle()
#51 /var/www/html/laundryApp/vendor/laravel/framework/src/Illuminate/Http/Middleware/HandleCors.php(62): Illuminate\\Pipeline\\Pipeline->Illuminate\\Pipeline\\{closure}()
#52 /var/www/html/laundryApp/vendor/laravel/framework/src/Illuminate/Pipeline/Pipeline.php(183): Illuminate\\Http\\Middleware\\HandleCors->handle()
#53 /var/www/html/laundryApp/vendor/laravel/framework/src/Illuminate/Http/Middleware/TrustProxies.php(39): Illuminate\\Pipeline\\Pipeline->Illuminate\\Pipeline\\{closure}()
#54 /var/www/html/laundryApp/vendor/laravel/framework/src/Illuminate/Pipeline/Pipeline.php(183): Illuminate\\Http\\Middleware\\TrustProxies->handle()
#55 /var/www/html/laundryApp/vendor/laravel/framework/src/Illuminate/Pipeline/Pipeline.php(119): Illuminate\\Pipeline\\Pipeline->Illuminate\\Pipeline\\{closure}()
#56 /var/www/html/laundryApp/vendor/laravel/framework/src/Illuminate/Foundation/Http/Kernel.php(175): Illuminate\\Pipeline\\Pipeline->then()
#57 /var/www/html/laundryApp/vendor/laravel/framework/src/Illuminate/Foundation/Http/Kernel.php(144): Illuminate\\Foundation\\Http\\Kernel->sendRequestThroughRouter()
#58 /var/www/html/laundryApp/public/index.php(51): Illuminate\\Foundation\\Http\\Kernel->handle()
#59 /var/www/html/laundryApp/vendor/laravel/framework/src/Illuminate/Foundation/resources/server.php(16): require_once('...')
#60 {main}
"} 
[2025-12-05 19:55:56] local.ERROR: SQLSTATE[42S02]: Base table or view not found: 1146 Table 'loundry_app.product_process_history' doesn't exist (Connection: mysql, SQL: select count(*) as aggregate from (select `h`.`product_id`, `h`.`status`, `h`.`stages`, `h`.`changed_at` from `product_process_history` as `h` inner join (SELECT product_id, MAX(changed_at) as latest_change 
                             FROM product_process_history 
                             GROUP BY product_id) latest on `h`.`product_id` = `latest`.`product_id` and `h`.`changed_at` = `latest`.`latest_change` inner join `rfid_tags` as `p` on `h`.`product_id` = `p`.`id` where `p`.`location_id` = 3) as t where `t`.`changed_at` between 2025-12-05 00:00:00 and 2025-12-05 23:59:59 and `t`.`status` = FAIL) {"userId":51,"exception":"[object] (Illuminate\\Database\\QueryException(code: 42S02): SQLSTATE[42S02]: Base table or view not found: 1146 Table 'loundry_app.product_process_history' doesn't exist (Connection: mysql, SQL: select count(*) as aggregate from (select `h`.`product_id`, `h`.`status`, `h`.`stages`, `h`.`changed_at` from `product_process_history` as `h` inner join (SELECT product_id, MAX(changed_at) as latest_change 
                             FROM product_process_history 
                             GROUP BY product_id) latest on `h`.`product_id` = `latest`.`product_id` and `h`.`changed_at` = `latest`.`latest_change` inner join `rfid_tags` as `p` on `h`.`product_id` = `p`.`id` where `p`.`location_id` = 3) as t where `t`.`changed_at` between 2025-12-05 00:00:00 and 2025-12-05 23:59:59 and `t`.`status` = FAIL) at /var/www/html/laundryApp/vendor/laravel/framework/src/Illuminate/Database/Connection.php:829)
[stacktrace]
#0 /var/www/html/laundryApp/vendor/laravel/framework/src/Illuminate/Database/Connection.php(783): Illuminate\\Database\\Connection->runQueryCallback()
#1 /var/www/html/laundryApp/vendor/laravel/framework/src/Illuminate/Database/Connection.php(414): Illuminate\\Database\\Connection->run()
#2 /var/www/html/laundryApp/vendor/laravel/framework/src/Illuminate/Database/Query/Builder.php(2913): Illuminate\\Database\\Connection->select()
#3 /var/www/html/laundryApp/vendor/laravel/framework/src/Illuminate/Database/Query/Builder.php(2902): Illuminate\\Database\\Query\\Builder->runSelect()
#4 /var/www/html/laundryApp/vendor/laravel/framework/src/Illuminate/Database/Query/Builder.php(3456): Illuminate\\Database\\Query\\Builder->Illuminate\\Database\\Query\\{closure}()
#5 /var/www/html/laundryApp/vendor/laravel/framework/src/Illuminate/Database/Query/Builder.php(2901): Illuminate\\Database\\Query\\Builder->onceWithColumns()
#6 /var/www/html/laundryApp/vendor/laravel/framework/src/Illuminate/Database/Query/Builder.php(3383): Illuminate\\Database\\Query\\Builder->get()
#7 /var/www/html/laundryApp/vendor/laravel/framework/src/Illuminate/Database/Query/Builder.php(3311): Illuminate\\Database\\Query\\Builder->aggregate()
#8 /var/www/html/laundryApp/app/Http/Controllers/Api/DashboardApiController.php(74): Illuminate\\Database\\Query\\Builder->count()
#9 /var/www/html/laundryApp/vendor/laravel/framework/src/Illuminate/Cache/Repository.php(396): App\\Http\\Controllers\\Api\\DashboardApiController->App\\Http\\Controllers\\Api\\{closure}()
#10 /var/www/html/laundryApp/vendor/laravel/framework/src/Illuminate/Cache/CacheManager.php(429): Illuminate\\Cache\\Repository->remember()
#11 /var/www/html/laundryApp/vendor/laravel/framework/src/Illuminate/Support/Facades/Facade.php(355): Illuminate\\Cache\\CacheManager->__call()
#12 /var/www/html/laundryApp/app/Http/Controllers/Api/DashboardApiController.php(42): Illuminate\\Support\\Facades\\Facade::__callStatic()
#13 /var/www/html/laundryApp/vendor/laravel/framework/src/Illuminate/Routing/Controller.php(54): App\\Http\\Controllers\\Api\\DashboardApiController->summary()
#14 /var/www/html/laundryApp/vendor/laravel/framework/src/Illuminate/Routing/ControllerDispatcher.php(43): Illuminate\\Routing\\Controller->callAction()
#15 /var/www/html/laundryApp/vendor/laravel/framework/src/Illuminate/Routing/Route.php(259): Illuminate\\Routing\\ControllerDispatcher->dispatch()
#16 /var/www/html/laundryApp/vendor/laravel/framework/src/Illuminate/Routing/Route.php(205): Illuminate\\Routing\\Route->runController()
#17 /var/www/html/laundryApp/vendor/laravel/framework/src/Illuminate/Routing/Router.php(806): Illuminate\\Routing\\Route->run()
#18 /var/www/html/laundryApp/vendor/laravel/framework/src/Illuminate/Pipeline/Pipeline.php(144): Illuminate\\Routing\\Router->Illuminate\\Routing\\{closure}()
#19 /var/www/html/laundryApp/vendor/laravel/framework/src/Illuminate/Routing/Middleware/SubstituteBindings.php(50): Illuminate\\Pipeline\\Pipeline->Illuminate\\Pipeline\\{closure}()
#20 /var/www/html/laundryApp/vendor/laravel/framework/src/Illuminate/Pipeline/Pipeline.php(183): Illuminate\\Routing\\Middleware\\SubstituteBindings->handle()
#21 /var/www/html/laundryApp/vendor/laravel/framework/src/Illuminate/Routing/Middleware/ThrottleRequests.php(159): Illuminate\\Pipeline\\Pipeline->Illuminate\\Pipeline\\{closure}()
#22 /var/www/html/laundryApp/vendor/laravel/framework/src/Illuminate/Routing/Middleware/ThrottleRequests.php(125): Illuminate\\Routing\\Middleware\\ThrottleRequests->handleRequest()
#23 /var/www/html/laundryApp/vendor/laravel/framework/src/Illuminate/Routing/Middleware/ThrottleRequests.php(87): Illuminate\\Routing\\Middleware\\ThrottleRequests->handleRequestUsingNamedLimiter()
#24 /var/www/html/laundryApp/vendor/laravel/framework/src/Illuminate/Pipeline/Pipeline.php(183): Illuminate\\Routing\\Middleware\\ThrottleRequests->handle()
#25 /var/www/html/laundryApp/vendor/laravel/framework/src/Illuminate/Auth/Middleware/Authenticate.php(57): Illuminate\\Pipeline\\Pipeline->Illuminate\\Pipeline\\{closure}()
#26 /var/www/html/laundryApp/vendor/laravel/framework/src/Illuminate/Pipeline/Pipeline.php(183): Illuminate\\Auth\\Middleware\\Authenticate->handle()
#27 /var/www/html/laundryApp/vendor/laravel/sanctum/src/Http/Middleware/EnsureFrontendRequestsAreStateful.php(25): Illuminate\\Pipeline\\Pipeline->Illuminate\\Pipeline\\{closure}()
#28 /var/www/html/laundryApp/vendor/laravel/framework/src/Illuminate/Pipeline/Pipeline.php(144): Laravel\\Sanctum\\Http\\Middleware\\EnsureFrontendRequestsAreStateful->Laravel\\Sanctum\\Http\\Middleware\\{closure}()
#29 /var/www/html/laundryApp/vendor/laravel/framework/src/Illuminate/Pipeline/Pipeline.php(119): Illuminate\\Pipeline\\Pipeline->Illuminate\\Pipeline\\{closure}()
#30 /var/www/html/laundryApp/vendor/laravel/sanctum/src/Http/Middleware/EnsureFrontendRequestsAreStateful.php(24): Illuminate\\Pipeline\\Pipeline->then()
#31 /var/www/html/laundryApp/vendor/laravel/framework/src/Illuminate/Pipeline/Pipeline.php(183): Laravel\\Sanctum\\Http\\Middleware\\EnsureFrontendRequestsAreStateful->handle()
#32 /var/www/html/laundryApp/vendor/laravel/framework/src/Illuminate/Pipeline/Pipeline.php(119): Illuminate\\Pipeline\\Pipeline->Illuminate\\Pipeline\\{closure}()
#33 /var/www/html/laundryApp/vendor/laravel/framework/src/Illuminate/Routing/Router.php(805): Illuminate\\Pipeline\\Pipeline->then()
#34 /var/www/html/laundryApp/vendor/laravel/framework/src/Illuminate/Routing/Router.php(784): Illuminate\\Routing\\Router->runRouteWithinStack()
#35 /var/www/html/laundryApp/vendor/laravel/framework/src/Illuminate/Routing/Router.php(748): Illuminate\\Routing\\Router->runRoute()
#36 /var/www/html/laundryApp/vendor/laravel/framework/src/Illuminate/Routing/Router.php(737): Illuminate\\Routing\\Router->dispatchToRoute()
#37 /var/www/html/laundryApp/vendor/laravel/framework/src/Illuminate/Foundation/Http/Kernel.php(200): Illuminate\\Routing\\Router->dispatch()
#38 /var/www/html/laundryApp/vendor/laravel/framework/src/Illuminate/Pipeline/Pipeline.php(144): Illuminate\\Foundation\\Http\\Kernel->Illuminate\\Foundation\\Http\\{closure}()
#39 /var/www/html/laundryApp/vendor/laravel/framework/src/Illuminate/Foundation/Http/Middleware/TransformsRequest.php(21): Illuminate\\Pipeline\\Pipeline->Illuminate\\Pipeline\\{closure}()
#40 /var/www/html/laundryApp/vendor/laravel/framework/src/Illuminate/Foundation/Http/Middleware/ConvertEmptyStringsToNull.php(31): Illuminate\\Foundation\\Http\\Middleware\\TransformsRequest->handle()
#41 /var/www/html/laundryApp/vendor/laravel/framework/src/Illuminate/Pipeline/Pipeline.php(183): Illuminate\\Foundation\\Http\\Middleware\\ConvertEmptyStringsToNull->handle()
#42 /var/www/html/laundryApp/vendor/laravel/framework/src/Illuminate/Foundation/Http/Middleware/TransformsRequest.php(21): Illuminate\\Pipeline\\Pipeline->Illuminate\\Pipeline\\{closure}()
#43 /var/www/html/laundryApp/vendor/laravel/framework/src/Illuminate/Foundation/Http/Middleware/TrimStrings.php(40): Illuminate\\Foundation\\Http\\Middleware\\TransformsRequest->handle()
#44 /var/www/html/laundryApp/vendor/laravel/framework/src/Illuminate/Pipeline/Pipeline.php(183): Illuminate\\Foundation\\Http\\Middleware\\TrimStrings->handle()
#45 /var/www/html/laundryApp/vendor/laravel/framework/src/Illuminate/Foundation/Http/Middleware/ValidatePostSize.php(27): Illuminate\\Pipeline\\Pipeline->Illuminate\\Pipeline\\{closure}()
#46 /var/www/html/laundryApp/vendor/laravel/framework/src/Illuminate/Pipeline/Pipeline.php(183): Illuminate\\Foundation\\Http\\Middleware\\ValidatePostSize->handle()
#47 /var/www/html/laundryApp/vendor/laravel/framework/src/Illuminate/Foundation/Http/Middleware/PreventRequestsDuringMaintenance.php(99): Illuminate\\Pipeline\\Pipeline->Illuminate\\Pipeline\\{closure}()
#48 /var/www/html/laundryApp/vendor/laravel/framework/src/Illuminate/Pipeline/Pipeline.php(183): Illuminate\\Foundation\\Http\\Middleware\\PreventRequestsDuringMaintenance->handle()
#49 /var/www/html/laundryApp/vendor/laravel/framework/src/Illuminate/Http/Middleware/HandleCors.php(62): Illuminate\\Pipeline\\Pipeline->Illuminate\\Pipeline\\{closure}()
#50 /var/www/html/laundryApp/vendor/laravel/framework/src/Illuminate/Pipeline/Pipeline.php(183): Illuminate\\Http\\Middleware\\HandleCors->handle()
#51 /var/www/html/laundryApp/vendor/laravel/framework/src/Illuminate/Http/Middleware/TrustProxies.php(39): Illuminate\\Pipeline\\Pipeline->Illuminate\\Pipeline\\{closure}()
#52 /var/www/html/laundryApp/vendor/laravel/framework/src/Illuminate/Pipeline/Pipeline.php(183): Illuminate\\Http\\Middleware\\TrustProxies->handle()
#53 /var/www/html/laundryApp/vendor/laravel/framework/src/Illuminate/Pipeline/Pipeline.php(119): Illuminate\\Pipeline\\Pipeline->Illuminate\\Pipeline\\{closure}()
#54 /var/www/html/laundryApp/vendor/laravel/framework/src/Illuminate/Foundation/Http/Kernel.php(175): Illuminate\\Pipeline\\Pipeline->then()
#55 /var/www/html/laundryApp/vendor/laravel/framework/src/Illuminate/Foundation/Http/Kernel.php(144): Illuminate\\Foundation\\Http\\Kernel->sendRequestThroughRouter()
#56 /var/www/html/laundryApp/public/index.php(51): Illuminate\\Foundation\\Http\\Kernel->handle()
#57 /var/www/html/laundryApp/vendor/laravel/framework/src/Illuminate/Foundation/resources/server.php(16): require_once('...')
#58 {main}

[previous exception] [object] (PDOException(code: 42S02): SQLSTATE[42S02]: Base table or view not found: 1146 Table 'loundry_app.product_process_history' doesn't exist at /var/www/html/laundryApp/vendor/laravel/framework/src/Illuminate/Database/Connection.php:423)
[stacktrace]
#0 /var/www/html/laundryApp/vendor/laravel/framework/src/Illuminate/Database/Connection.php(423): PDO->prepare()
#1 /var/www/html/laundryApp/vendor/laravel/framework/src/Illuminate/Database/Connection.php(816): Illuminate\\Database\\Connection->Illuminate\\Database\\{closure}()
#2 /var/www/html/laundryApp/vendor/laravel/framework/src/Illuminate/Database/Connection.php(783): Illuminate\\Database\\Connection->runQueryCallback()
#3 /var/www/html/laundryApp/vendor/laravel/framework/src/Illuminate/Database/Connection.php(414): Illuminate\\Database\\Connection->run()
#4 /var/www/html/laundryApp/vendor/laravel/framework/src/Illuminate/Database/Query/Builder.php(2913): Illuminate\\Database\\Connection->select()
#5 /var/www/html/laundryApp/vendor/laravel/framework/src/Illuminate/Database/Query/Builder.php(2902): Illuminate\\Database\\Query\\Builder->runSelect()
#6 /var/www/html/laundryApp/vendor/laravel/framework/src/Illuminate/Database/Query/Builder.php(3456): Illuminate\\Database\\Query\\Builder->Illuminate\\Database\\Query\\{closure}()
#7 /var/www/html/laundryApp/vendor/laravel/framework/src/Illuminate/Database/Query/Builder.php(2901): Illuminate\\Database\\Query\\Builder->onceWithColumns()
#8 /var/www/html/laundryApp/vendor/laravel/framework/src/Illuminate/Database/Query/Builder.php(3383): Illuminate\\Database\\Query\\Builder->get()
#9 /var/www/html/laundryApp/vendor/laravel/framework/src/Illuminate/Database/Query/Builder.php(3311): Illuminate\\Database\\Query\\Builder->aggregate()
#10 /var/www/html/laundryApp/app/Http/Controllers/Api/DashboardApiController.php(74): Illuminate\\Database\\Query\\Builder->count()
#11 /var/www/html/laundryApp/vendor/laravel/framework/src/Illuminate/Cache/Repository.php(396): App\\Http\\Controllers\\Api\\DashboardApiController->App\\Http\\Controllers\\Api\\{closure}()
#12 /var/www/html/laundryApp/vendor/laravel/framework/src/Illuminate/Cache/CacheManager.php(429): Illuminate\\Cache\\Repository->remember()
#13 /var/www/html/laundryApp/vendor/laravel/framework/src/Illuminate/Support/Facades/Facade.php(355): Illuminate\\Cache\\CacheManager->__call()
#14 /var/www/html/laundryApp/app/Http/Controllers/Api/DashboardApiController.php(42): Illuminate\\Support\\Facades\\Facade::__callStatic()
#15 /var/www/html/laundryApp/vendor/laravel/framework/src/Illuminate/Routing/Controller.php(54): App\\Http\\Controllers\\Api\\DashboardApiController->summary()
#16 /var/www/html/laundryApp/vendor/laravel/framework/src/Illuminate/Routing/ControllerDispatcher.php(43): Illuminate\\Routing\\Controller->callAction()
#17 /var/www/html/laundryApp/vendor/laravel/framework/src/Illuminate/Routing/Route.php(259): Illuminate\\Routing\\ControllerDispatcher->dispatch()
#18 /var/www/html/laundryApp/vendor/laravel/framework/src/Illuminate/Routing/Route.php(205): Illuminate\\Routing\\Route->runController()
#19 /var/www/html/laundryApp/vendor/laravel/framework/src/Illuminate/Routing/Router.php(806): Illuminate\\Routing\\Route->run()
#20 /var/www/html/laundryApp/vendor/laravel/framework/src/Illuminate/Pipeline/Pipeline.php(144): Illuminate\\Routing\\Router->Illuminate\\Routing\\{closure}()
#21 /var/www/html/laundryApp/vendor/laravel/framework/src/Illuminate/Routing/Middleware/SubstituteBindings.php(50): Illuminate\\Pipeline\\Pipeline->Illuminate\\Pipeline\\{closure}()
#22 /var/www/html/laundryApp/vendor/laravel/framework/src/Illuminate/Pipeline/Pipeline.php(183): Illuminate\\Routing\\Middleware\\SubstituteBindings->handle()
#23 /var/www/html/laundryApp/vendor/laravel/framework/src/Illuminate/Routing/Middleware/ThrottleRequests.php(159): Illuminate\\Pipeline\\Pipeline->Illuminate\\Pipeline\\{closure}()
#24 /var/www/html/laundryApp/vendor/laravel/framework/src/Illuminate/Routing/Middleware/ThrottleRequests.php(125): Illuminate\\Routing\\Middleware\\ThrottleRequests->handleRequest()
#25 /var/www/html/laundryApp/vendor/laravel/framework/src/Illuminate/Routing/Middleware/ThrottleRequests.php(87): Illuminate\\Routing\\Middleware\\ThrottleRequests->handleRequestUsingNamedLimiter()
#26 /var/www/html/laundryApp/vendor/laravel/framework/src/Illuminate/Pipeline/Pipeline.php(183): Illuminate\\Routing\\Middleware\\ThrottleRequests->handle()
#27 /var/www/html/laundryApp/vendor/laravel/framework/src/Illuminate/Auth/Middleware/Authenticate.php(57): Illuminate\\Pipeline\\Pipeline->Illuminate\\Pipeline\\{closure}()
#28 /var/www/html/laundryApp/vendor/laravel/framework/src/Illuminate/Pipeline/Pipeline.php(183): Illuminate\\Auth\\Middleware\\Authenticate->handle()
#29 /var/www/html/laundryApp/vendor/laravel/sanctum/src/Http/Middleware/EnsureFrontendRequestsAreStateful.php(25): Illuminate\\Pipeline\\Pipeline->Illuminate\\Pipeline\\{closure}()
#30 /var/www/html/laundryApp/vendor/laravel/framework/src/Illuminate/Pipeline/Pipeline.php(144): Laravel\\Sanctum\\Http\\Middleware\\EnsureFrontendRequestsAreStateful->Laravel\\Sanctum\\Http\\Middleware\\{closure}()
#31 /var/www/html/laundryApp/vendor/laravel/framework/src/Illuminate/Pipeline/Pipeline.php(119): Illuminate\\Pipeline\\Pipeline->Illuminate\\Pipeline\\{closure}()
#32 /var/www/html/laundryApp/vendor/laravel/sanctum/src/Http/Middleware/EnsureFrontendRequestsAreStateful.php(24): Illuminate\\Pipeline\\Pipeline->then()
#33 /var/www/html/laundryApp/vendor/laravel/framework/src/Illuminate/Pipeline/Pipeline.php(183): Laravel\\Sanctum\\Http\\Middleware\\EnsureFrontendRequestsAreStateful->handle()
#34 /var/www/html/laundryApp/vendor/laravel/framework/src/Illuminate/Pipeline/Pipeline.php(119): Illuminate\\Pipeline\\Pipeline->Illuminate\\Pipeline\\{closure}()
#35 /var/www/html/laundryApp/vendor/laravel/framework/src/Illuminate/Routing/Router.php(805): Illuminate\\Pipeline\\Pipeline->then()
#36 /var/www/html/laundryApp/vendor/laravel/framework/src/Illuminate/Routing/Router.php(784): Illuminate\\Routing\\Router->runRouteWithinStack()
#37 /var/www/html/laundryApp/vendor/laravel/framework/src/Illuminate/Routing/Router.php(748): Illuminate\\Routing\\Router->runRoute()
#38 /var/www/html/laundryApp/vendor/laravel/framework/src/Illuminate/Routing/Router.php(737): Illuminate\\Routing\\Router->dispatchToRoute()
#39 /var/www/html/laundryApp/vendor/laravel/framework/src/Illuminate/Foundation/Http/Kernel.php(200): Illuminate\\Routing\\Router->dispatch()
#40 /var/www/html/laundryApp/vendor/laravel/framework/src/Illuminate/Pipeline/Pipeline.php(144): Illuminate\\Foundation\\Http\\Kernel->Illuminate\\Foundation\\Http\\{closure}()
#41 /var/www/html/laundryApp/vendor/laravel/framework/src/Illuminate/Foundation/Http/Middleware/TransformsRequest.php(21): Illuminate\\Pipeline\\Pipeline->Illuminate\\Pipeline\\{closure}()
#42 /var/www/html/laundryApp/vendor/laravel/framework/src/Illuminate/Foundation/Http/Middleware/ConvertEmptyStringsToNull.php(31): Illuminate\\Foundation\\Http\\Middleware\\TransformsRequest->handle()
#43 /var/www/html/laundryApp/vendor/laravel/framework/src/Illuminate/Pipeline/Pipeline.php(183): Illuminate\\Foundation\\Http\\Middleware\\ConvertEmptyStringsToNull->handle()
#44 /var/www/html/laundryApp/vendor/laravel/framework/src/Illuminate/Foundation/Http/Middleware/TransformsRequest.php(21): Illuminate\\Pipeline\\Pipeline->Illuminate\\Pipeline\\{closure}()
#45 /var/www/html/laundryApp/vendor/laravel/framework/src/Illuminate/Foundation/Http/Middleware/TrimStrings.php(40): Illuminate\\Foundation\\Http\\Middleware\\TransformsRequest->handle()
#46 /var/www/html/laundryApp/vendor/laravel/framework/src/Illuminate/Pipeline/Pipeline.php(183): Illuminate\\Foundation\\Http\\Middleware\\TrimStrings->handle()
#47 /var/www/html/laundryApp/vendor/laravel/framework/src/Illuminate/Foundation/Http/Middleware/ValidatePostSize.php(27): Illuminate\\Pipeline\\Pipeline->Illuminate\\Pipeline\\{closure}()
#48 /var/www/html/laundryApp/vendor/laravel/framework/src/Illuminate/Pipeline/Pipeline.php(183): Illuminate\\Foundation\\Http\\Middleware\\ValidatePostSize->handle()
#49 /var/www/html/laundryApp/vendor/laravel/framework/src/Illuminate/Foundation/Http/Middleware/PreventRequestsDuringMaintenance.php(99): Illuminate\\Pipeline\\Pipeline->Illuminate\\Pipeline\\{closure}()
#50 /var/www/html/laundryApp/vendor/laravel/framework/src/Illuminate/Pipeline/Pipeline.php(183): Illuminate\\Foundation\\Http\\Middleware\\PreventRequestsDuringMaintenance->handle()
#51 /var/www/html/laundryApp/vendor/laravel/framework/src/Illuminate/Http/Middleware/HandleCors.php(62): Illuminate\\Pipeline\\Pipeline->Illuminate\\Pipeline\\{closure}()
#52 /var/www/html/laundryApp/vendor/laravel/framework/src/Illuminate/Pipeline/Pipeline.php(183): Illuminate\\Http\\Middleware\\HandleCors->handle()
#53 /var/www/html/laundryApp/vendor/laravel/framework/src/Illuminate/Http/Middleware/TrustProxies.php(39): Illuminate\\Pipeline\\Pipeline->Illuminate\\Pipeline\\{closure}()
#54 /var/www/html/laundryApp/vendor/laravel/framework/src/Illuminate/Pipeline/Pipeline.php(183): Illuminate\\Http\\Middleware\\TrustProxies->handle()
#55 /var/www/html/laundryApp/vendor/laravel/framework/src/Illuminate/Pipeline/Pipeline.php(119): Illuminate\\Pipeline\\Pipeline->Illuminate\\Pipeline\\{closure}()
#56 /var/www/html/laundryApp/vendor/laravel/framework/src/Illuminate/Foundation/Http/Kernel.php(175): Illuminate\\Pipeline\\Pipeline->then()
#57 /var/www/html/laundryApp/vendor/laravel/framework/src/Illuminate/Foundation/Http/Kernel.php(144): Illuminate\\Foundation\\Http\\Kernel->sendRequestThroughRouter()
#58 /var/www/html/laundryApp/public/index.php(51): Illuminate\\Foundation\\Http\\Kernel->handle()
#59 /var/www/html/laundryApp/vendor/laravel/framework/src/Illuminate/Foundation/resources/server.php(16): require_once('...')
#60 {main}
"} 
[2025-12-05 19:56:04] local.ERROR: SQLSTATE[42S02]: Base table or view not found: 1146 Table 'loundry_app.product_process_history' doesn't exist (Connection: mysql, SQL: select count(*) as aggregate from (select `h`.`product_id`, `h`.`status`, `h`.`stages`, `h`.`changed_at` from `product_process_history` as `h` inner join (SELECT product_id, MAX(changed_at) as latest_change 
                             FROM product_process_history 
                             GROUP BY product_id) latest on `h`.`product_id` = `latest`.`product_id` and `h`.`changed_at` = `latest`.`latest_change` inner join `rfid_tags` as `p` on `h`.`product_id` = `p`.`id` where `p`.`location_id` = 3) as t where `t`.`changed_at` between 2025-12-05 00:00:00 and 2025-12-05 23:59:59 and `t`.`status` = FAIL) {"userId":51,"exception":"[object] (Illuminate\\Database\\QueryException(code: 42S02): SQLSTATE[42S02]: Base table or view not found: 1146 Table 'loundry_app.product_process_history' doesn't exist (Connection: mysql, SQL: select count(*) as aggregate from (select `h`.`product_id`, `h`.`status`, `h`.`stages`, `h`.`changed_at` from `product_process_history` as `h` inner join (SELECT product_id, MAX(changed_at) as latest_change 
                             FROM product_process_history 
                             GROUP BY product_id) latest on `h`.`product_id` = `latest`.`product_id` and `h`.`changed_at` = `latest`.`latest_change` inner join `rfid_tags` as `p` on `h`.`product_id` = `p`.`id` where `p`.`location_id` = 3) as t where `t`.`changed_at` between 2025-12-05 00:00:00 and 2025-12-05 23:59:59 and `t`.`status` = FAIL) at /var/www/html/laundryApp/vendor/laravel/framework/src/Illuminate/Database/Connection.php:829)
[stacktrace]
#0 /var/www/html/laundryApp/vendor/laravel/framework/src/Illuminate/Database/Connection.php(783): Illuminate\\Database\\Connection->runQueryCallback()
#1 /var/www/html/laundryApp/vendor/laravel/framework/src/Illuminate/Database/Connection.php(414): Illuminate\\Database\\Connection->run()
#2 /var/www/html/laundryApp/vendor/laravel/framework/src/Illuminate/Database/Query/Builder.php(2913): Illuminate\\Database\\Connection->select()
#3 /var/www/html/laundryApp/vendor/laravel/framework/src/Illuminate/Database/Query/Builder.php(2902): Illuminate\\Database\\Query\\Builder->runSelect()
#4 /var/www/html/laundryApp/vendor/laravel/framework/src/Illuminate/Database/Query/Builder.php(3456): Illuminate\\Database\\Query\\Builder->Illuminate\\Database\\Query\\{closure}()
#5 /var/www/html/laundryApp/vendor/laravel/framework/src/Illuminate/Database/Query/Builder.php(2901): Illuminate\\Database\\Query\\Builder->onceWithColumns()
#6 /var/www/html/laundryApp/vendor/laravel/framework/src/Illuminate/Database/Query/Builder.php(3383): Illuminate\\Database\\Query\\Builder->get()
#7 /var/www/html/laundryApp/vendor/laravel/framework/src/Illuminate/Database/Query/Builder.php(3311): Illuminate\\Database\\Query\\Builder->aggregate()
#8 /var/www/html/laundryApp/app/Http/Controllers/Api/DashboardApiController.php(74): Illuminate\\Database\\Query\\Builder->count()
#9 /var/www/html/laundryApp/vendor/laravel/framework/src/Illuminate/Cache/Repository.php(396): App\\Http\\Controllers\\Api\\DashboardApiController->App\\Http\\Controllers\\Api\\{closure}()
#10 /var/www/html/laundryApp/vendor/laravel/framework/src/Illuminate/Cache/CacheManager.php(429): Illuminate\\Cache\\Repository->remember()
#11 /var/www/html/laundryApp/vendor/laravel/framework/src/Illuminate/Support/Facades/Facade.php(355): Illuminate\\Cache\\CacheManager->__call()
#12 /var/www/html/laundryApp/app/Http/Controllers/Api/DashboardApiController.php(42): Illuminate\\Support\\Facades\\Facade::__callStatic()
#13 /var/www/html/laundryApp/vendor/laravel/framework/src/Illuminate/Routing/Controller.php(54): App\\Http\\Controllers\\Api\\DashboardApiController->summary()
#14 /var/www/html/laundryApp/vendor/laravel/framework/src/Illuminate/Routing/ControllerDispatcher.php(43): Illuminate\\Routing\\Controller->callAction()
#15 /var/www/html/laundryApp/vendor/laravel/framework/src/Illuminate/Routing/Route.php(259): Illuminate\\Routing\\ControllerDispatcher->dispatch()
#16 /var/www/html/laundryApp/vendor/laravel/framework/src/Illuminate/Routing/Route.php(205): Illuminate\\Routing\\Route->runController()
#17 /var/www/html/laundryApp/vendor/laravel/framework/src/Illuminate/Routing/Router.php(806): Illuminate\\Routing\\Route->run()
#18 /var/www/html/laundryApp/vendor/laravel/framework/src/Illuminate/Pipeline/Pipeline.php(144): Illuminate\\Routing\\Router->Illuminate\\Routing\\{closure}()
#19 /var/www/html/laundryApp/vendor/laravel/framework/src/Illuminate/Routing/Middleware/SubstituteBindings.php(50): Illuminate\\Pipeline\\Pipeline->Illuminate\\Pipeline\\{closure}()
#20 /var/www/html/laundryApp/vendor/laravel/framework/src/Illuminate/Pipeline/Pipeline.php(183): Illuminate\\Routing\\Middleware\\SubstituteBindings->handle()
#21 /var/www/html/laundryApp/vendor/laravel/framework/src/Illuminate/Routing/Middleware/ThrottleRequests.php(159): Illuminate\\Pipeline\\Pipeline->Illuminate\\Pipeline\\{closure}()
#22 /var/www/html/laundryApp/vendor/laravel/framework/src/Illuminate/Routing/Middleware/ThrottleRequests.php(125): Illuminate\\Routing\\Middleware\\ThrottleRequests->handleRequest()
#23 /var/www/html/laundryApp/vendor/laravel/framework/src/Illuminate/Routing/Middleware/ThrottleRequests.php(87): Illuminate\\Routing\\Middleware\\ThrottleRequests->handleRequestUsingNamedLimiter()
#24 /var/www/html/laundryApp/vendor/laravel/framework/src/Illuminate/Pipeline/Pipeline.php(183): Illuminate\\Routing\\Middleware\\ThrottleRequests->handle()
#25 /var/www/html/laundryApp/vendor/laravel/framework/src/Illuminate/Auth/Middleware/Authenticate.php(57): Illuminate\\Pipeline\\Pipeline->Illuminate\\Pipeline\\{closure}()
#26 /var/www/html/laundryApp/vendor/laravel/framework/src/Illuminate/Pipeline/Pipeline.php(183): Illuminate\\Auth\\Middleware\\Authenticate->handle()
#27 /var/www/html/laundryApp/vendor/laravel/sanctum/src/Http/Middleware/EnsureFrontendRequestsAreStateful.php(25): Illuminate\\Pipeline\\Pipeline->Illuminate\\Pipeline\\{closure}()
#28 /var/www/html/laundryApp/vendor/laravel/framework/src/Illuminate/Pipeline/Pipeline.php(144): Laravel\\Sanctum\\Http\\Middleware\\EnsureFrontendRequestsAreStateful->Laravel\\Sanctum\\Http\\Middleware\\{closure}()
#29 /var/www/html/laundryApp/vendor/laravel/framework/src/Illuminate/Pipeline/Pipeline.php(119): Illuminate\\Pipeline\\Pipeline->Illuminate\\Pipeline\\{closure}()
#30 /var/www/html/laundryApp/vendor/laravel/sanctum/src/Http/Middleware/EnsureFrontendRequestsAreStateful.php(24): Illuminate\\Pipeline\\Pipeline->then()
#31 /var/www/html/laundryApp/vendor/laravel/framework/src/Illuminate/Pipeline/Pipeline.php(183): Laravel\\Sanctum\\Http\\Middleware\\EnsureFrontendRequestsAreStateful->handle()
#32 /var/www/html/laundryApp/vendor/laravel/framework/src/Illuminate/Pipeline/Pipeline.php(119): Illuminate\\Pipeline\\Pipeline->Illuminate\\Pipeline\\{closure}()
#33 /var/www/html/laundryApp/vendor/laravel/framework/src/Illuminate/Routing/Router.php(805): Illuminate\\Pipeline\\Pipeline->then()
#34 /var/www/html/laundryApp/vendor/laravel/framework/src/Illuminate/Routing/Router.php(784): Illuminate\\Routing\\Router->runRouteWithinStack()
#35 /var/www/html/laundryApp/vendor/laravel/framework/src/Illuminate/Routing/Router.php(748): Illuminate\\Routing\\Router->runRoute()
#36 /var/www/html/laundryApp/vendor/laravel/framework/src/Illuminate/Routing/Router.php(737): Illuminate\\Routing\\Router->dispatchToRoute()
#37 /var/www/html/laundryApp/vendor/laravel/framework/src/Illuminate/Foundation/Http/Kernel.php(200): Illuminate\\Routing\\Router->dispatch()
#38 /var/www/html/laundryApp/vendor/laravel/framework/src/Illuminate/Pipeline/Pipeline.php(144): Illuminate\\Foundation\\Http\\Kernel->Illuminate\\Foundation\\Http\\{closure}()
#39 /var/www/html/laundryApp/vendor/laravel/framework/src/Illuminate/Foundation/Http/Middleware/TransformsRequest.php(21): Illuminate\\Pipeline\\Pipeline->Illuminate\\Pipeline\\{closure}()
#40 /var/www/html/laundryApp/vendor/laravel/framework/src/Illuminate/Foundation/Http/Middleware/ConvertEmptyStringsToNull.php(31): Illuminate\\Foundation\\Http\\Middleware\\TransformsRequest->handle()
#41 /var/www/html/laundryApp/vendor/laravel/framework/src/Illuminate/Pipeline/Pipeline.php(183): Illuminate\\Foundation\\Http\\Middleware\\ConvertEmptyStringsToNull->handle()
#42 /var/www/html/laundryApp/vendor/laravel/framework/src/Illuminate/Foundation/Http/Middleware/TransformsRequest.php(21): Illuminate\\Pipeline\\Pipeline->Illuminate\\Pipeline\\{closure}()
#43 /var/www/html/laundryApp/vendor/laravel/framework/src/Illuminate/Foundation/Http/Middleware/TrimStrings.php(40): Illuminate\\Foundation\\Http\\Middleware\\TransformsRequest->handle()
#44 /var/www/html/laundryApp/vendor/laravel/framework/src/Illuminate/Pipeline/Pipeline.php(183): Illuminate\\Foundation\\Http\\Middleware\\TrimStrings->handle()
#45 /var/www/html/laundryApp/vendor/laravel/framework/src/Illuminate/Foundation/Http/Middleware/ValidatePostSize.php(27): Illuminate\\Pipeline\\Pipeline->Illuminate\\Pipeline\\{closure}()
#46 /var/www/html/laundryApp/vendor/laravel/framework/src/Illuminate/Pipeline/Pipeline.php(183): Illuminate\\Foundation\\Http\\Middleware\\ValidatePostSize->handle()
#47 /var/www/html/laundryApp/vendor/laravel/framework/src/Illuminate/Foundation/Http/Middleware/PreventRequestsDuringMaintenance.php(99): Illuminate\\Pipeline\\Pipeline->Illuminate\\Pipeline\\{closure}()
#48 /var/www/html/laundryApp/vendor/laravel/framework/src/Illuminate/Pipeline/Pipeline.php(183): Illuminate\\Foundation\\Http\\Middleware\\PreventRequestsDuringMaintenance->handle()
#49 /var/www/html/laundryApp/vendor/laravel/framework/src/Illuminate/Http/Middleware/HandleCors.php(62): Illuminate\\Pipeline\\Pipeline->Illuminate\\Pipeline\\{closure}()
#50 /var/www/html/laundryApp/vendor/laravel/framework/src/Illuminate/Pipeline/Pipeline.php(183): Illuminate\\Http\\Middleware\\HandleCors->handle()
#51 /var/www/html/laundryApp/vendor/laravel/framework/src/Illuminate/Http/Middleware/TrustProxies.php(39): Illuminate\\Pipeline\\Pipeline->Illuminate\\Pipeline\\{closure}()
#52 /var/www/html/laundryApp/vendor/laravel/framework/src/Illuminate/Pipeline/Pipeline.php(183): Illuminate\\Http\\Middleware\\TrustProxies->handle()
#53 /var/www/html/laundryApp/vendor/laravel/framework/src/Illuminate/Pipeline/Pipeline.php(119): Illuminate\\Pipeline\\Pipeline->Illuminate\\Pipeline\\{closure}()
#54 /var/www/html/laundryApp/vendor/laravel/framework/src/Illuminate/Foundation/Http/Kernel.php(175): Illuminate\\Pipeline\\Pipeline->then()
#55 /var/www/html/laundryApp/vendor/laravel/framework/src/Illuminate/Foundation/Http/Kernel.php(144): Illuminate\\Foundation\\Http\\Kernel->sendRequestThroughRouter()
#56 /var/www/html/laundryApp/public/index.php(51): Illuminate\\Foundation\\Http\\Kernel->handle()
#57 /var/www/html/laundryApp/vendor/laravel/framework/src/Illuminate/Foundation/resources/server.php(16): require_once('...')
#58 {main}

[previous exception] [object] (PDOException(code: 42S02): SQLSTATE[42S02]: Base table or view not found: 1146 Table 'loundry_app.product_process_history' doesn't exist at /var/www/html/laundryApp/vendor/laravel/framework/src/Illuminate/Database/Connection.php:423)
[stacktrace]
#0 /var/www/html/laundryApp/vendor/laravel/framework/src/Illuminate/Database/Connection.php(423): PDO->prepare()
#1 /var/www/html/laundryApp/vendor/laravel/framework/src/Illuminate/Database/Connection.php(816): Illuminate\\Database\\Connection->Illuminate\\Database\\{closure}()
#2 /var/www/html/laundryApp/vendor/laravel/framework/src/Illuminate/Database/Connection.php(783): Illuminate\\Database\\Connection->runQueryCallback()
#3 /var/www/html/laundryApp/vendor/laravel/framework/src/Illuminate/Database/Connection.php(414): Illuminate\\Database\\Connection->run()
#4 /var/www/html/laundryApp/vendor/laravel/framework/src/Illuminate/Database/Query/Builder.php(2913): Illuminate\\Database\\Connection->select()
#5 /var/www/html/laundryApp/vendor/laravel/framework/src/Illuminate/Database/Query/Builder.php(2902): Illuminate\\Database\\Query\\Builder->runSelect()
#6 /var/www/html/laundryApp/vendor/laravel/framework/src/Illuminate/Database/Query/Builder.php(3456): Illuminate\\Database\\Query\\Builder->Illuminate\\Database\\Query\\{closure}()
#7 /var/www/html/laundryApp/vendor/laravel/framework/src/Illuminate/Database/Query/Builder.php(2901): Illuminate\\Database\\Query\\Builder->onceWithColumns()
#8 /var/www/html/laundryApp/vendor/laravel/framework/src/Illuminate/Database/Query/Builder.php(3383): Illuminate\\Database\\Query\\Builder->get()
#9 /var/www/html/laundryApp/vendor/laravel/framework/src/Illuminate/Database/Query/Builder.php(3311): Illuminate\\Database\\Query\\Builder->aggregate()
#10 /var/www/html/laundryApp/app/Http/Controllers/Api/DashboardApiController.php(74): Illuminate\\Database\\Query\\Builder->count()
#11 /var/www/html/laundryApp/vendor/laravel/framework/src/Illuminate/Cache/Repository.php(396): App\\Http\\Controllers\\Api\\DashboardApiController->App\\Http\\Controllers\\Api\\{closure}()
#12 /var/www/html/laundryApp/vendor/laravel/framework/src/Illuminate/Cache/CacheManager.php(429): Illuminate\\Cache\\Repository->remember()
#13 /var/www/html/laundryApp/vendor/laravel/framework/src/Illuminate/Support/Facades/Facade.php(355): Illuminate\\Cache\\CacheManager->__call()
#14 /var/www/html/laundryApp/app/Http/Controllers/Api/DashboardApiController.php(42): Illuminate\\Support\\Facades\\Facade::__callStatic()
#15 /var/www/html/laundryApp/vendor/laravel/framework/src/Illuminate/Routing/Controller.php(54): App\\Http\\Controllers\\Api\\DashboardApiController->summary()
#16 /var/www/html/laundryApp/vendor/laravel/framework/src/Illuminate/Routing/ControllerDispatcher.php(43): Illuminate\\Routing\\Controller->callAction()
#17 /var/www/html/laundryApp/vendor/laravel/framework/src/Illuminate/Routing/Route.php(259): Illuminate\\Routing\\ControllerDispatcher->dispatch()
#18 /var/www/html/laundryApp/vendor/laravel/framework/src/Illuminate/Routing/Route.php(205): Illuminate\\Routing\\Route->runController()
#19 /var/www/html/laundryApp/vendor/laravel/framework/src/Illuminate/Routing/Router.php(806): Illuminate\\Routing\\Route->run()
#20 /var/www/html/laundryApp/vendor/laravel/framework/src/Illuminate/Pipeline/Pipeline.php(144): Illuminate\\Routing\\Router->Illuminate\\Routing\\{closure}()
#21 /var/www/html/laundryApp/vendor/laravel/framework/src/Illuminate/Routing/Middleware/SubstituteBindings.php(50): Illuminate\\Pipeline\\Pipeline->Illuminate\\Pipeline\\{closure}()
#22 /var/www/html/laundryApp/vendor/laravel/framework/src/Illuminate/Pipeline/Pipeline.php(183): Illuminate\\Routing\\Middleware\\SubstituteBindings->handle()
#23 /var/www/html/laundryApp/vendor/laravel/framework/src/Illuminate/Routing/Middleware/ThrottleRequests.php(159): Illuminate\\Pipeline\\Pipeline->Illuminate\\Pipeline\\{closure}()
#24 /var/www/html/laundryApp/vendor/laravel/framework/src/Illuminate/Routing/Middleware/ThrottleRequests.php(125): Illuminate\\Routing\\Middleware\\ThrottleRequests->handleRequest()
#25 /var/www/html/laundryApp/vendor/laravel/framework/src/Illuminate/Routing/Middleware/ThrottleRequests.php(87): Illuminate\\Routing\\Middleware\\ThrottleRequests->handleRequestUsingNamedLimiter()
#26 /var/www/html/laundryApp/vendor/laravel/framework/src/Illuminate/Pipeline/Pipeline.php(183): Illuminate\\Routing\\Middleware\\ThrottleRequests->handle()
#27 /var/www/html/laundryApp/vendor/laravel/framework/src/Illuminate/Auth/Middleware/Authenticate.php(57): Illuminate\\Pipeline\\Pipeline->Illuminate\\Pipeline\\{closure}()
#28 /var/www/html/laundryApp/vendor/laravel/framework/src/Illuminate/Pipeline/Pipeline.php(183): Illuminate\\Auth\\Middleware\\Authenticate->handle()
#29 /var/www/html/laundryApp/vendor/laravel/sanctum/src/Http/Middleware/EnsureFrontendRequestsAreStateful.php(25): Illuminate\\Pipeline\\Pipeline->Illuminate\\Pipeline\\{closure}()
#30 /var/www/html/laundryApp/vendor/laravel/framework/src/Illuminate/Pipeline/Pipeline.php(144): Laravel\\Sanctum\\Http\\Middleware\\EnsureFrontendRequestsAreStateful->Laravel\\Sanctum\\Http\\Middleware\\{closure}()
#31 /var/www/html/laundryApp/vendor/laravel/framework/src/Illuminate/Pipeline/Pipeline.php(119): Illuminate\\Pipeline\\Pipeline->Illuminate\\Pipeline\\{closure}()
#32 /var/www/html/laundryApp/vendor/laravel/sanctum/src/Http/Middleware/EnsureFrontendRequestsAreStateful.php(24): Illuminate\\Pipeline\\Pipeline->then()
#33 /var/www/html/laundryApp/vendor/laravel/framework/src/Illuminate/Pipeline/Pipeline.php(183): Laravel\\Sanctum\\Http\\Middleware\\EnsureFrontendRequestsAreStateful->handle()
#34 /var/www/html/laundryApp/vendor/laravel/framework/src/Illuminate/Pipeline/Pipeline.php(119): Illuminate\\Pipeline\\Pipeline->Illuminate\\Pipeline\\{closure}()
#35 /var/www/html/laundryApp/vendor/laravel/framework/src/Illuminate/Routing/Router.php(805): Illuminate\\Pipeline\\Pipeline->then()
#36 /var/www/html/laundryApp/vendor/laravel/framework/src/Illuminate/Routing/Router.php(784): Illuminate\\Routing\\Router->runRouteWithinStack()
#37 /var/www/html/laundryApp/vendor/laravel/framework/src/Illuminate/Routing/Router.php(748): Illuminate\\Routing\\Router->runRoute()
#38 /var/www/html/laundryApp/vendor/laravel/framework/src/Illuminate/Routing/Router.php(737): Illuminate\\Routing\\Router->dispatchToRoute()
#39 /var/www/html/laundryApp/vendor/laravel/framework/src/Illuminate/Foundation/Http/Kernel.php(200): Illuminate\\Routing\\Router->dispatch()
#40 /var/www/html/laundryApp/vendor/laravel/framework/src/Illuminate/Pipeline/Pipeline.php(144): Illuminate\\Foundation\\Http\\Kernel->Illuminate\\Foundation\\Http\\{closure}()
#41 /var/www/html/laundryApp/vendor/laravel/framework/src/Illuminate/Foundation/Http/Middleware/TransformsRequest.php(21): Illuminate\\Pipeline\\Pipeline->Illuminate\\Pipeline\\{closure}()
#42 /var/www/html/laundryApp/vendor/laravel/framework/src/Illuminate/Foundation/Http/Middleware/ConvertEmptyStringsToNull.php(31): Illuminate\\Foundation\\Http\\Middleware\\TransformsRequest->handle()
#43 /var/www/html/laundryApp/vendor/laravel/framework/src/Illuminate/Pipeline/Pipeline.php(183): Illuminate\\Foundation\\Http\\Middleware\\ConvertEmptyStringsToNull->handle()
#44 /var/www/html/laundryApp/vendor/laravel/framework/src/Illuminate/Foundation/Http/Middleware/TransformsRequest.php(21): Illuminate\\Pipeline\\Pipeline->Illuminate\\Pipeline\\{closure}()
#45 /var/www/html/laundryApp/vendor/laravel/framework/src/Illuminate/Foundation/Http/Middleware/TrimStrings.php(40): Illuminate\\Foundation\\Http\\Middleware\\TransformsRequest->handle()
#46 /var/www/html/laundryApp/vendor/laravel/framework/src/Illuminate/Pipeline/Pipeline.php(183): Illuminate\\Foundation\\Http\\Middleware\\TrimStrings->handle()
#47 /var/www/html/laundryApp/vendor/laravel/framework/src/Illuminate/Foundation/Http/Middleware/ValidatePostSize.php(27): Illuminate\\Pipeline\\Pipeline->Illuminate\\Pipeline\\{closure}()
#48 /var/www/html/laundryApp/vendor/laravel/framework/src/Illuminate/Pipeline/Pipeline.php(183): Illuminate\\Foundation\\Http\\Middleware\\ValidatePostSize->handle()
#49 /var/www/html/laundryApp/vendor/laravel/framework/src/Illuminate/Foundation/Http/Middleware/PreventRequestsDuringMaintenance.php(99): Illuminate\\Pipeline\\Pipeline->Illuminate\\Pipeline\\{closure}()
#50 /var/www/html/laundryApp/vendor/laravel/framework/src/Illuminate/Pipeline/Pipeline.php(183): Illuminate\\Foundation\\Http\\Middleware\\PreventRequestsDuringMaintenance->handle()
#51 /var/www/html/laundryApp/vendor/laravel/framework/src/Illuminate/Http/Middleware/HandleCors.php(62): Illuminate\\Pipeline\\Pipeline->Illuminate\\Pipeline\\{closure}()
#52 /var/www/html/laundryApp/vendor/laravel/framework/src/Illuminate/Pipeline/Pipeline.php(183): Illuminate\\Http\\Middleware\\HandleCors->handle()
#53 /var/www/html/laundryApp/vendor/laravel/framework/src/Illuminate/Http/Middleware/TrustProxies.php(39): Illuminate\\Pipeline\\Pipeline->Illuminate\\Pipeline\\{closure}()
#54 /var/www/html/laundryApp/vendor/laravel/framework/src/Illuminate/Pipeline/Pipeline.php(183): Illuminate\\Http\\Middleware\\TrustProxies->handle()
#55 /var/www/html/laundryApp/vendor/laravel/framework/src/Illuminate/Pipeline/Pipeline.php(119): Illuminate\\Pipeline\\Pipeline->Illuminate\\Pipeline\\{closure}()
#56 /var/www/html/laundryApp/vendor/laravel/framework/src/Illuminate/Foundation/Http/Kernel.php(175): Illuminate\\Pipeline\\Pipeline->then()
#57 /var/www/html/laundryApp/vendor/laravel/framework/src/Illuminate/Foundation/Http/Kernel.php(144): Illuminate\\Foundation\\Http\\Kernel->sendRequestThroughRouter()
#58 /var/www/html/laundryApp/public/index.php(51): Illuminate\\Foundation\\Http\\Kernel->handle()
#59 /var/www/html/laundryApp/vendor/laravel/framework/src/Illuminate/Foundation/resources/server.php(16): require_once('...')
#60 {main}
"} 
[2025-12-05 19:56:12] local.ERROR: SQLSTATE[42S02]: Base table or view not found: 1146 Table 'loundry_app.product_process_history' doesn't exist (Connection: mysql, SQL: select count(*) as aggregate from (select `h`.`product_id`, `h`.`status`, `h`.`stages`, `h`.`changed_at` from `product_process_history` as `h` inner join (SELECT product_id, MAX(changed_at) as latest_change 
                             FROM product_process_history 
                             GROUP BY product_id) latest on `h`.`product_id` = `latest`.`product_id` and `h`.`changed_at` = `latest`.`latest_change` inner join `rfid_tags` as `p` on `h`.`product_id` = `p`.`id` where `p`.`location_id` = 3) as t where `t`.`changed_at` between 2025-12-05 00:00:00 and 2025-12-05 23:59:59 and `t`.`status` = FAIL) {"userId":51,"exception":"[object] (Illuminate\\Database\\QueryException(code: 42S02): SQLSTATE[42S02]: Base table or view not found: 1146 Table 'loundry_app.product_process_history' doesn't exist (Connection: mysql, SQL: select count(*) as aggregate from (select `h`.`product_id`, `h`.`status`, `h`.`stages`, `h`.`changed_at` from `product_process_history` as `h` inner join (SELECT product_id, MAX(changed_at) as latest_change 
                             FROM product_process_history 
                             GROUP BY product_id) latest on `h`.`product_id` = `latest`.`product_id` and `h`.`changed_at` = `latest`.`latest_change` inner join `rfid_tags` as `p` on `h`.`product_id` = `p`.`id` where `p`.`location_id` = 3) as t where `t`.`changed_at` between 2025-12-05 00:00:00 and 2025-12-05 23:59:59 and `t`.`status` = FAIL) at /var/www/html/laundryApp/vendor/laravel/framework/src/Illuminate/Database/Connection.php:829)
[stacktrace]
#0 /var/www/html/laundryApp/vendor/laravel/framework/src/Illuminate/Database/Connection.php(783): Illuminate\\Database\\Connection->runQueryCallback()
#1 /var/www/html/laundryApp/vendor/laravel/framework/src/Illuminate/Database/Connection.php(414): Illuminate\\Database\\Connection->run()
#2 /var/www/html/laundryApp/vendor/laravel/framework/src/Illuminate/Database/Query/Builder.php(2913): Illuminate\\Database\\Connection->select()
#3 /var/www/html/laundryApp/vendor/laravel/framework/src/Illuminate/Database/Query/Builder.php(2902): Illuminate\\Database\\Query\\Builder->runSelect()
#4 /var/www/html/laundryApp/vendor/laravel/framework/src/Illuminate/Database/Query/Builder.php(3456): Illuminate\\Database\\Query\\Builder->Illuminate\\Database\\Query\\{closure}()
#5 /var/www/html/laundryApp/vendor/laravel/framework/src/Illuminate/Database/Query/Builder.php(2901): Illuminate\\Database\\Query\\Builder->onceWithColumns()
#6 /var/www/html/laundryApp/vendor/laravel/framework/src/Illuminate/Database/Query/Builder.php(3383): Illuminate\\Database\\Query\\Builder->get()
#7 /var/www/html/laundryApp/vendor/laravel/framework/src/Illuminate/Database/Query/Builder.php(3311): Illuminate\\Database\\Query\\Builder->aggregate()
#8 /var/www/html/laundryApp/app/Http/Controllers/Api/DashboardApiController.php(74): Illuminate\\Database\\Query\\Builder->count()
#9 /var/www/html/laundryApp/vendor/laravel/framework/src/Illuminate/Cache/Repository.php(396): App\\Http\\Controllers\\Api\\DashboardApiController->App\\Http\\Controllers\\Api\\{closure}()
#10 /var/www/html/laundryApp/vendor/laravel/framework/src/Illuminate/Cache/CacheManager.php(429): Illuminate\\Cache\\Repository->remember()
#11 /var/www/html/laundryApp/vendor/laravel/framework/src/Illuminate/Support/Facades/Facade.php(355): Illuminate\\Cache\\CacheManager->__call()
#12 /var/www/html/laundryApp/app/Http/Controllers/Api/DashboardApiController.php(42): Illuminate\\Support\\Facades\\Facade::__callStatic()
#13 /var/www/html/laundryApp/vendor/laravel/framework/src/Illuminate/Routing/Controller.php(54): App\\Http\\Controllers\\Api\\DashboardApiController->summary()
#14 /var/www/html/laundryApp/vendor/laravel/framework/src/Illuminate/Routing/ControllerDispatcher.php(43): Illuminate\\Routing\\Controller->callAction()
#15 /var/www/html/laundryApp/vendor/laravel/framework/src/Illuminate/Routing/Route.php(259): Illuminate\\Routing\\ControllerDispatcher->dispatch()
#16 /var/www/html/laundryApp/vendor/laravel/framework/src/Illuminate/Routing/Route.php(205): Illuminate\\Routing\\Route->runController()
#17 /var/www/html/laundryApp/vendor/laravel/framework/src/Illuminate/Routing/Router.php(806): Illuminate\\Routing\\Route->run()
#18 /var/www/html/laundryApp/vendor/laravel/framework/src/Illuminate/Pipeline/Pipeline.php(144): Illuminate\\Routing\\Router->Illuminate\\Routing\\{closure}()
#19 /var/www/html/laundryApp/vendor/laravel/framework/src/Illuminate/Routing/Middleware/SubstituteBindings.php(50): Illuminate\\Pipeline\\Pipeline->Illuminate\\Pipeline\\{closure}()
#20 /var/www/html/laundryApp/vendor/laravel/framework/src/Illuminate/Pipeline/Pipeline.php(183): Illuminate\\Routing\\Middleware\\SubstituteBindings->handle()
#21 /var/www/html/laundryApp/vendor/laravel/framework/src/Illuminate/Routing/Middleware/ThrottleRequests.php(159): Illuminate\\Pipeline\\Pipeline->Illuminate\\Pipeline\\{closure}()
#22 /var/www/html/laundryApp/vendor/laravel/framework/src/Illuminate/Routing/Middleware/ThrottleRequests.php(125): Illuminate\\Routing\\Middleware\\ThrottleRequests->handleRequest()
#23 /var/www/html/laundryApp/vendor/laravel/framework/src/Illuminate/Routing/Middleware/ThrottleRequests.php(87): Illuminate\\Routing\\Middleware\\ThrottleRequests->handleRequestUsingNamedLimiter()
#24 /var/www/html/laundryApp/vendor/laravel/framework/src/Illuminate/Pipeline/Pipeline.php(183): Illuminate\\Routing\\Middleware\\ThrottleRequests->handle()
#25 /var/www/html/laundryApp/vendor/laravel/framework/src/Illuminate/Auth/Middleware/Authenticate.php(57): Illuminate\\Pipeline\\Pipeline->Illuminate\\Pipeline\\{closure}()
#26 /var/www/html/laundryApp/vendor/laravel/framework/src/Illuminate/Pipeline/Pipeline.php(183): Illuminate\\Auth\\Middleware\\Authenticate->handle()
#27 /var/www/html/laundryApp/vendor/laravel/sanctum/src/Http/Middleware/EnsureFrontendRequestsAreStateful.php(25): Illuminate\\Pipeline\\Pipeline->Illuminate\\Pipeline\\{closure}()
#28 /var/www/html/laundryApp/vendor/laravel/framework/src/Illuminate/Pipeline/Pipeline.php(144): Laravel\\Sanctum\\Http\\Middleware\\EnsureFrontendRequestsAreStateful->Laravel\\Sanctum\\Http\\Middleware\\{closure}()
#29 /var/www/html/laundryApp/vendor/laravel/framework/src/Illuminate/Pipeline/Pipeline.php(119): Illuminate\\Pipeline\\Pipeline->Illuminate\\Pipeline\\{closure}()
#30 /var/www/html/laundryApp/vendor/laravel/sanctum/src/Http/Middleware/EnsureFrontendRequestsAreStateful.php(24): Illuminate\\Pipeline\\Pipeline->then()
#31 /var/www/html/laundryApp/vendor/laravel/framework/src/Illuminate/Pipeline/Pipeline.php(183): Laravel\\Sanctum\\Http\\Middleware\\EnsureFrontendRequestsAreStateful->handle()
#32 /var/www/html/laundryApp/vendor/laravel/framework/src/Illuminate/Pipeline/Pipeline.php(119): Illuminate\\Pipeline\\Pipeline->Illuminate\\Pipeline\\{closure}()
#33 /var/www/html/laundryApp/vendor/laravel/framework/src/Illuminate/Routing/Router.php(805): Illuminate\\Pipeline\\Pipeline->then()
#34 /var/www/html/laundryApp/vendor/laravel/framework/src/Illuminate/Routing/Router.php(784): Illuminate\\Routing\\Router->runRouteWithinStack()
#35 /var/www/html/laundryApp/vendor/laravel/framework/src/Illuminate/Routing/Router.php(748): Illuminate\\Routing\\Router->runRoute()
#36 /var/www/html/laundryApp/vendor/laravel/framework/src/Illuminate/Routing/Router.php(737): Illuminate\\Routing\\Router->dispatchToRoute()
#37 /var/www/html/laundryApp/vendor/laravel/framework/src/Illuminate/Foundation/Http/Kernel.php(200): Illuminate\\Routing\\Router->dispatch()
#38 /var/www/html/laundryApp/vendor/laravel/framework/src/Illuminate/Pipeline/Pipeline.php(144): Illuminate\\Foundation\\Http\\Kernel->Illuminate\\Foundation\\Http\\{closure}()
#39 /var/www/html/laundryApp/vendor/laravel/framework/src/Illuminate/Foundation/Http/Middleware/TransformsRequest.php(21): Illuminate\\Pipeline\\Pipeline->Illuminate\\Pipeline\\{closure}()
#40 /var/www/html/laundryApp/vendor/laravel/framework/src/Illuminate/Foundation/Http/Middleware/ConvertEmptyStringsToNull.php(31): Illuminate\\Foundation\\Http\\Middleware\\TransformsRequest->handle()
#41 /var/www/html/laundryApp/vendor/laravel/framework/src/Illuminate/Pipeline/Pipeline.php(183): Illuminate\\Foundation\\Http\\Middleware\\ConvertEmptyStringsToNull->handle()
#42 /var/www/html/laundryApp/vendor/laravel/framework/src/Illuminate/Foundation/Http/Middleware/TransformsRequest.php(21): Illuminate\\Pipeline\\Pipeline->Illuminate\\Pipeline\\{closure}()
#43 /var/www/html/laundryApp/vendor/laravel/framework/src/Illuminate/Foundation/Http/Middleware/TrimStrings.php(40): Illuminate\\Foundation\\Http\\Middleware\\TransformsRequest->handle()
#44 /var/www/html/laundryApp/vendor/laravel/framework/src/Illuminate/Pipeline/Pipeline.php(183): Illuminate\\Foundation\\Http\\Middleware\\TrimStrings->handle()
#45 /var/www/html/laundryApp/vendor/laravel/framework/src/Illuminate/Foundation/Http/Middleware/ValidatePostSize.php(27): Illuminate\\Pipeline\\Pipeline->Illuminate\\Pipeline\\{closure}()
#46 /var/www/html/laundryApp/vendor/laravel/framework/src/Illuminate/Pipeline/Pipeline.php(183): Illuminate\\Foundation\\Http\\Middleware\\ValidatePostSize->handle()
#47 /var/www/html/laundryApp/vendor/laravel/framework/src/Illuminate/Foundation/Http/Middleware/PreventRequestsDuringMaintenance.php(99): Illuminate\\Pipeline\\Pipeline->Illuminate\\Pipeline\\{closure}()
#48 /var/www/html/laundryApp/vendor/laravel/framework/src/Illuminate/Pipeline/Pipeline.php(183): Illuminate\\Foundation\\Http\\Middleware\\PreventRequestsDuringMaintenance->handle()
#49 /var/www/html/laundryApp/vendor/laravel/framework/src/Illuminate/Http/Middleware/HandleCors.php(62): Illuminate\\Pipeline\\Pipeline->Illuminate\\Pipeline\\{closure}()
#50 /var/www/html/laundryApp/vendor/laravel/framework/src/Illuminate/Pipeline/Pipeline.php(183): Illuminate\\Http\\Middleware\\HandleCors->handle()
#51 /var/www/html/laundryApp/vendor/laravel/framework/src/Illuminate/Http/Middleware/TrustProxies.php(39): Illuminate\\Pipeline\\Pipeline->Illuminate\\Pipeline\\{closure}()
#52 /var/www/html/laundryApp/vendor/laravel/framework/src/Illuminate/Pipeline/Pipeline.php(183): Illuminate\\Http\\Middleware\\TrustProxies->handle()
#53 /var/www/html/laundryApp/vendor/laravel/framework/src/Illuminate/Pipeline/Pipeline.php(119): Illuminate\\Pipeline\\Pipeline->Illuminate\\Pipeline\\{closure}()
#54 /var/www/html/laundryApp/vendor/laravel/framework/src/Illuminate/Foundation/Http/Kernel.php(175): Illuminate\\Pipeline\\Pipeline->then()
#55 /var/www/html/laundryApp/vendor/laravel/framework/src/Illuminate/Foundation/Http/Kernel.php(144): Illuminate\\Foundation\\Http\\Kernel->sendRequestThroughRouter()
#56 /var/www/html/laundryApp/public/index.php(51): Illuminate\\Foundation\\Http\\Kernel->handle()
#57 /var/www/html/laundryApp/vendor/laravel/framework/src/Illuminate/Foundation/resources/server.php(16): require_once('...')
#58 {main}

[previous exception] [object] (PDOException(code: 42S02): SQLSTATE[42S02]: Base table or view not found: 1146 Table 'loundry_app.product_process_history' doesn't exist at /var/www/html/laundryApp/vendor/laravel/framework/src/Illuminate/Database/Connection.php:423)
[stacktrace]
#0 /var/www/html/laundryApp/vendor/laravel/framework/src/Illuminate/Database/Connection.php(423): PDO->prepare()
#1 /var/www/html/laundryApp/vendor/laravel/framework/src/Illuminate/Database/Connection.php(816): Illuminate\\Database\\Connection->Illuminate\\Database\\{closure}()
#2 /var/www/html/laundryApp/vendor/laravel/framework/src/Illuminate/Database/Connection.php(783): Illuminate\\Database\\Connection->runQueryCallback()
#3 /var/www/html/laundryApp/vendor/laravel/framework/src/Illuminate/Database/Connection.php(414): Illuminate\\Database\\Connection->run()
#4 /var/www/html/laundryApp/vendor/laravel/framework/src/Illuminate/Database/Query/Builder.php(2913): Illuminate\\Database\\Connection->select()
#5 /var/www/html/laundryApp/vendor/laravel/framework/src/Illuminate/Database/Query/Builder.php(2902): Illuminate\\Database\\Query\\Builder->runSelect()
#6 /var/www/html/laundryApp/vendor/laravel/framework/src/Illuminate/Database/Query/Builder.php(3456): Illuminate\\Database\\Query\\Builder->Illuminate\\Database\\Query\\{closure}()
#7 /var/www/html/laundryApp/vendor/laravel/framework/src/Illuminate/Database/Query/Builder.php(2901): Illuminate\\Database\\Query\\Builder->onceWithColumns()
#8 /var/www/html/laundryApp/vendor/laravel/framework/src/Illuminate/Database/Query/Builder.php(3383): Illuminate\\Database\\Query\\Builder->get()
#9 /var/www/html/laundryApp/vendor/laravel/framework/src/Illuminate/Database/Query/Builder.php(3311): Illuminate\\Database\\Query\\Builder->aggregate()
#10 /var/www/html/laundryApp/app/Http/Controllers/Api/DashboardApiController.php(74): Illuminate\\Database\\Query\\Builder->count()
#11 /var/www/html/laundryApp/vendor/laravel/framework/src/Illuminate/Cache/Repository.php(396): App\\Http\\Controllers\\Api\\DashboardApiController->App\\Http\\Controllers\\Api\\{closure}()
#12 /var/www/html/laundryApp/vendor/laravel/framework/src/Illuminate/Cache/CacheManager.php(429): Illuminate\\Cache\\Repository->remember()
#13 /var/www/html/laundryApp/vendor/laravel/framework/src/Illuminate/Support/Facades/Facade.php(355): Illuminate\\Cache\\CacheManager->__call()
#14 /var/www/html/laundryApp/app/Http/Controllers/Api/DashboardApiController.php(42): Illuminate\\Support\\Facades\\Facade::__callStatic()
#15 /var/www/html/laundryApp/vendor/laravel/framework/src/Illuminate/Routing/Controller.php(54): App\\Http\\Controllers\\Api\\DashboardApiController->summary()
#16 /var/www/html/laundryApp/vendor/laravel/framework/src/Illuminate/Routing/ControllerDispatcher.php(43): Illuminate\\Routing\\Controller->callAction()
#17 /var/www/html/laundryApp/vendor/laravel/framework/src/Illuminate/Routing/Route.php(259): Illuminate\\Routing\\ControllerDispatcher->dispatch()
#18 /var/www/html/laundryApp/vendor/laravel/framework/src/Illuminate/Routing/Route.php(205): Illuminate\\Routing\\Route->runController()
#19 /var/www/html/laundryApp/vendor/laravel/framework/src/Illuminate/Routing/Router.php(806): Illuminate\\Routing\\Route->run()
#20 /var/www/html/laundryApp/vendor/laravel/framework/src/Illuminate/Pipeline/Pipeline.php(144): Illuminate\\Routing\\Router->Illuminate\\Routing\\{closure}()
#21 /var/www/html/laundryApp/vendor/laravel/framework/src/Illuminate/Routing/Middleware/SubstituteBindings.php(50): Illuminate\\Pipeline\\Pipeline->Illuminate\\Pipeline\\{closure}()
#22 /var/www/html/laundryApp/vendor/laravel/framework/src/Illuminate/Pipeline/Pipeline.php(183): Illuminate\\Routing\\Middleware\\SubstituteBindings->handle()
#23 /var/www/html/laundryApp/vendor/laravel/framework/src/Illuminate/Routing/Middleware/ThrottleRequests.php(159): Illuminate\\Pipeline\\Pipeline->Illuminate\\Pipeline\\{closure}()
#24 /var/www/html/laundryApp/vendor/laravel/framework/src/Illuminate/Routing/Middleware/ThrottleRequests.php(125): Illuminate\\Routing\\Middleware\\ThrottleRequests->handleRequest()
#25 /var/www/html/laundryApp/vendor/laravel/framework/src/Illuminate/Routing/Middleware/ThrottleRequests.php(87): Illuminate\\Routing\\Middleware\\ThrottleRequests->handleRequestUsingNamedLimiter()
#26 /var/www/html/laundryApp/vendor/laravel/framework/src/Illuminate/Pipeline/Pipeline.php(183): Illuminate\\Routing\\Middleware\\ThrottleRequests->handle()
#27 /var/www/html/laundryApp/vendor/laravel/framework/src/Illuminate/Auth/Middleware/Authenticate.php(57): Illuminate\\Pipeline\\Pipeline->Illuminate\\Pipeline\\{closure}()
#28 /var/www/html/laundryApp/vendor/laravel/framework/src/Illuminate/Pipeline/Pipeline.php(183): Illuminate\\Auth\\Middleware\\Authenticate->handle()
#29 /var/www/html/laundryApp/vendor/laravel/sanctum/src/Http/Middleware/EnsureFrontendRequestsAreStateful.php(25): Illuminate\\Pipeline\\Pipeline->Illuminate\\Pipeline\\{closure}()
#30 /var/www/html/laundryApp/vendor/laravel/framework/src/Illuminate/Pipeline/Pipeline.php(144): Laravel\\Sanctum\\Http\\Middleware\\EnsureFrontendRequestsAreStateful->Laravel\\Sanctum\\Http\\Middleware\\{closure}()
#31 /var/www/html/laundryApp/vendor/laravel/framework/src/Illuminate/Pipeline/Pipeline.php(119): Illuminate\\Pipeline\\Pipeline->Illuminate\\Pipeline\\{closure}()
#32 /var/www/html/laundryApp/vendor/laravel/sanctum/src/Http/Middleware/EnsureFrontendRequestsAreStateful.php(24): Illuminate\\Pipeline\\Pipeline->then()
#33 /var/www/html/laundryApp/vendor/laravel/framework/src/Illuminate/Pipeline/Pipeline.php(183): Laravel\\Sanctum\\Http\\Middleware\\EnsureFrontendRequestsAreStateful->handle()
#34 /var/www/html/laundryApp/vendor/laravel/framework/src/Illuminate/Pipeline/Pipeline.php(119): Illuminate\\Pipeline\\Pipeline->Illuminate\\Pipeline\\{closure}()
#35 /var/www/html/laundryApp/vendor/laravel/framework/src/Illuminate/Routing/Router.php(805): Illuminate\\Pipeline\\Pipeline->then()
#36 /var/www/html/laundryApp/vendor/laravel/framework/src/Illuminate/Routing/Router.php(784): Illuminate\\Routing\\Router->runRouteWithinStack()
#37 /var/www/html/laundryApp/vendor/laravel/framework/src/Illuminate/Routing/Router.php(748): Illuminate\\Routing\\Router->runRoute()
#38 /var/www/html/laundryApp/vendor/laravel/framework/src/Illuminate/Routing/Router.php(737): Illuminate\\Routing\\Router->dispatchToRoute()
#39 /var/www/html/laundryApp/vendor/laravel/framework/src/Illuminate/Foundation/Http/Kernel.php(200): Illuminate\\Routing\\Router->dispatch()
#40 /var/www/html/laundryApp/vendor/laravel/framework/src/Illuminate/Pipeline/Pipeline.php(144): Illuminate\\Foundation\\Http\\Kernel->Illuminate\\Foundation\\Http\\{closure}()
#41 /var/www/html/laundryApp/vendor/laravel/framework/src/Illuminate/Foundation/Http/Middleware/TransformsRequest.php(21): Illuminate\\Pipeline\\Pipeline->Illuminate\\Pipeline\\{closure}()
#42 /var/www/html/laundryApp/vendor/laravel/framework/src/Illuminate/Foundation/Http/Middleware/ConvertEmptyStringsToNull.php(31): Illuminate\\Foundation\\Http\\Middleware\\TransformsRequest->handle()
#43 /var/www/html/laundryApp/vendor/laravel/framework/src/Illuminate/Pipeline/Pipeline.php(183): Illuminate\\Foundation\\Http\\Middleware\\ConvertEmptyStringsToNull->handle()
#44 /var/www/html/laundryApp/vendor/laravel/framework/src/Illuminate/Foundation/Http/Middleware/TransformsRequest.php(21): Illuminate\\Pipeline\\Pipeline->Illuminate\\Pipeline\\{closure}()
#45 /var/www/html/laundryApp/vendor/laravel/framework/src/Illuminate/Foundation/Http/Middleware/TrimStrings.php(40): Illuminate\\Foundation\\Http\\Middleware\\TransformsRequest->handle()
#46 /var/www/html/laundryApp/vendor/laravel/framework/src/Illuminate/Pipeline/Pipeline.php(183): Illuminate\\Foundation\\Http\\Middleware\\TrimStrings->handle()
#47 /var/www/html/laundryApp/vendor/laravel/framework/src/Illuminate/Foundation/Http/Middleware/ValidatePostSize.php(27): Illuminate\\Pipeline\\Pipeline->Illuminate\\Pipeline\\{closure}()
#48 /var/www/html/laundryApp/vendor/laravel/framework/src/Illuminate/Pipeline/Pipeline.php(183): Illuminate\\Foundation\\Http\\Middleware\\ValidatePostSize->handle()
#49 /var/www/html/laundryApp/vendor/laravel/framework/src/Illuminate/Foundation/Http/Middleware/PreventRequestsDuringMaintenance.php(99): Illuminate\\Pipeline\\Pipeline->Illuminate\\Pipeline\\{closure}()
#50 /var/www/html/laundryApp/vendor/laravel/framework/src/Illuminate/Pipeline/Pipeline.php(183): Illuminate\\Foundation\\Http\\Middleware\\PreventRequestsDuringMaintenance->handle()
#51 /var/www/html/laundryApp/vendor/laravel/framework/src/Illuminate/Http/Middleware/HandleCors.php(62): Illuminate\\Pipeline\\Pipeline->Illuminate\\Pipeline\\{closure}()
#52 /var/www/html/laundryApp/vendor/laravel/framework/src/Illuminate/Pipeline/Pipeline.php(183): Illuminate\\Http\\Middleware\\HandleCors->handle()
#53 /var/www/html/laundryApp/vendor/laravel/framework/src/Illuminate/Http/Middleware/TrustProxies.php(39): Illuminate\\Pipeline\\Pipeline->Illuminate\\Pipeline\\{closure}()
#54 /var/www/html/laundryApp/vendor/laravel/framework/src/Illuminate/Pipeline/Pipeline.php(183): Illuminate\\Http\\Middleware\\TrustProxies->handle()
#55 /var/www/html/laundryApp/vendor/laravel/framework/src/Illuminate/Pipeline/Pipeline.php(119): Illuminate\\Pipeline\\Pipeline->Illuminate\\Pipeline\\{closure}()
#56 /var/www/html/laundryApp/vendor/laravel/framework/src/Illuminate/Foundation/Http/Kernel.php(175): Illuminate\\Pipeline\\Pipeline->then()
#57 /var/www/html/laundryApp/vendor/laravel/framework/src/Illuminate/Foundation/Http/Kernel.php(144): Illuminate\\Foundation\\Http\\Kernel->sendRequestThroughRouter()
#58 /var/www/html/laundryApp/public/index.php(51): Illuminate\\Foundation\\Http\\Kernel->handle()
#59 /var/www/html/laundryApp/vendor/laravel/framework/src/Illuminate/Foundation/resources/server.php(16): require_once('...')
#60 {main}
"} 
[2025-12-05 19:56:20] local.ERROR: SQLSTATE[42S02]: Base table or view not found: 1146 Table 'loundry_app.product_process_history' doesn't exist (Connection: mysql, SQL: select count(*) as aggregate from (select `h`.`product_id`, `h`.`status`, `h`.`stages`, `h`.`changed_at` from `product_process_history` as `h` inner join (SELECT product_id, MAX(changed_at) as latest_change 
                             FROM product_process_history 
                             GROUP BY product_id) latest on `h`.`product_id` = `latest`.`product_id` and `h`.`changed_at` = `latest`.`latest_change` inner join `rfid_tags` as `p` on `h`.`product_id` = `p`.`id` where `p`.`location_id` = 3) as t where `t`.`changed_at` between 2025-12-05 00:00:00 and 2025-12-05 23:59:59 and `t`.`status` = FAIL) {"userId":51,"exception":"[object] (Illuminate\\Database\\QueryException(code: 42S02): SQLSTATE[42S02]: Base table or view not found: 1146 Table 'loundry_app.product_process_history' doesn't exist (Connection: mysql, SQL: select count(*) as aggregate from (select `h`.`product_id`, `h`.`status`, `h`.`stages`, `h`.`changed_at` from `product_process_history` as `h` inner join (SELECT product_id, MAX(changed_at) as latest_change 
                             FROM product_process_history 
                             GROUP BY product_id) latest on `h`.`product_id` = `latest`.`product_id` and `h`.`changed_at` = `latest`.`latest_change` inner join `rfid_tags` as `p` on `h`.`product_id` = `p`.`id` where `p`.`location_id` = 3) as t where `t`.`changed_at` between 2025-12-05 00:00:00 and 2025-12-05 23:59:59 and `t`.`status` = FAIL) at /var/www/html/laundryApp/vendor/laravel/framework/src/Illuminate/Database/Connection.php:829)
[stacktrace]
#0 /var/www/html/laundryApp/vendor/laravel/framework/src/Illuminate/Database/Connection.php(783): Illuminate\\Database\\Connection->runQueryCallback()
#1 /var/www/html/laundryApp/vendor/laravel/framework/src/Illuminate/Database/Connection.php(414): Illuminate\\Database\\Connection->run()
#2 /var/www/html/laundryApp/vendor/laravel/framework/src/Illuminate/Database/Query/Builder.php(2913): Illuminate\\Database\\Connection->select()
#3 /var/www/html/laundryApp/vendor/laravel/framework/src/Illuminate/Database/Query/Builder.php(2902): Illuminate\\Database\\Query\\Builder->runSelect()
#4 /var/www/html/laundryApp/vendor/laravel/framework/src/Illuminate/Database/Query/Builder.php(3456): Illuminate\\Database\\Query\\Builder->Illuminate\\Database\\Query\\{closure}()
#5 /var/www/html/laundryApp/vendor/laravel/framework/src/Illuminate/Database/Query/Builder.php(2901): Illuminate\\Database\\Query\\Builder->onceWithColumns()
#6 /var/www/html/laundryApp/vendor/laravel/framework/src/Illuminate/Database/Query/Builder.php(3383): Illuminate\\Database\\Query\\Builder->get()
#7 /var/www/html/laundryApp/vendor/laravel/framework/src/Illuminate/Database/Query/Builder.php(3311): Illuminate\\Database\\Query\\Builder->aggregate()
#8 /var/www/html/laundryApp/app/Http/Controllers/Api/DashboardApiController.php(74): Illuminate\\Database\\Query\\Builder->count()
#9 /var/www/html/laundryApp/vendor/laravel/framework/src/Illuminate/Cache/Repository.php(396): App\\Http\\Controllers\\Api\\DashboardApiController->App\\Http\\Controllers\\Api\\{closure}()
#10 /var/www/html/laundryApp/vendor/laravel/framework/src/Illuminate/Cache/CacheManager.php(429): Illuminate\\Cache\\Repository->remember()
#11 /var/www/html/laundryApp/vendor/laravel/framework/src/Illuminate/Support/Facades/Facade.php(355): Illuminate\\Cache\\CacheManager->__call()
#12 /var/www/html/laundryApp/app/Http/Controllers/Api/DashboardApiController.php(42): Illuminate\\Support\\Facades\\Facade::__callStatic()
#13 /var/www/html/laundryApp/vendor/laravel/framework/src/Illuminate/Routing/Controller.php(54): App\\Http\\Controllers\\Api\\DashboardApiController->summary()
#14 /var/www/html/laundryApp/vendor/laravel/framework/src/Illuminate/Routing/ControllerDispatcher.php(43): Illuminate\\Routing\\Controller->callAction()
#15 /var/www/html/laundryApp/vendor/laravel/framework/src/Illuminate/Routing/Route.php(259): Illuminate\\Routing\\ControllerDispatcher->dispatch()
#16 /var/www/html/laundryApp/vendor/laravel/framework/src/Illuminate/Routing/Route.php(205): Illuminate\\Routing\\Route->runController()
#17 /var/www/html/laundryApp/vendor/laravel/framework/src/Illuminate/Routing/Router.php(806): Illuminate\\Routing\\Route->run()
#18 /var/www/html/laundryApp/vendor/laravel/framework/src/Illuminate/Pipeline/Pipeline.php(144): Illuminate\\Routing\\Router->Illuminate\\Routing\\{closure}()
#19 /var/www/html/laundryApp/vendor/laravel/framework/src/Illuminate/Routing/Middleware/SubstituteBindings.php(50): Illuminate\\Pipeline\\Pipeline->Illuminate\\Pipeline\\{closure}()
#20 /var/www/html/laundryApp/vendor/laravel/framework/src/Illuminate/Pipeline/Pipeline.php(183): Illuminate\\Routing\\Middleware\\SubstituteBindings->handle()
#21 /var/www/html/laundryApp/vendor/laravel/framework/src/Illuminate/Routing/Middleware/ThrottleRequests.php(159): Illuminate\\Pipeline\\Pipeline->Illuminate\\Pipeline\\{closure}()
#22 /var/www/html/laundryApp/vendor/laravel/framework/src/Illuminate/Routing/Middleware/ThrottleRequests.php(125): Illuminate\\Routing\\Middleware\\ThrottleRequests->handleRequest()
#23 /var/www/html/laundryApp/vendor/laravel/framework/src/Illuminate/Routing/Middleware/ThrottleRequests.php(87): Illuminate\\Routing\\Middleware\\ThrottleRequests->handleRequestUsingNamedLimiter()
#24 /var/www/html/laundryApp/vendor/laravel/framework/src/Illuminate/Pipeline/Pipeline.php(183): Illuminate\\Routing\\Middleware\\ThrottleRequests->handle()
#25 /var/www/html/laundryApp/vendor/laravel/framework/src/Illuminate/Auth/Middleware/Authenticate.php(57): Illuminate\\Pipeline\\Pipeline->Illuminate\\Pipeline\\{closure}()
#26 /var/www/html/laundryApp/vendor/laravel/framework/src/Illuminate/Pipeline/Pipeline.php(183): Illuminate\\Auth\\Middleware\\Authenticate->handle()
#27 /var/www/html/laundryApp/vendor/laravel/sanctum/src/Http/Middleware/EnsureFrontendRequestsAreStateful.php(25): Illuminate\\Pipeline\\Pipeline->Illuminate\\Pipeline\\{closure}()
#28 /var/www/html/laundryApp/vendor/laravel/framework/src/Illuminate/Pipeline/Pipeline.php(144): Laravel\\Sanctum\\Http\\Middleware\\EnsureFrontendRequestsAreStateful->Laravel\\Sanctum\\Http\\Middleware\\{closure}()
#29 /var/www/html/laundryApp/vendor/laravel/framework/src/Illuminate/Pipeline/Pipeline.php(119): Illuminate\\Pipeline\\Pipeline->Illuminate\\Pipeline\\{closure}()
#30 /var/www/html/laundryApp/vendor/laravel/sanctum/src/Http/Middleware/EnsureFrontendRequestsAreStateful.php(24): Illuminate\\Pipeline\\Pipeline->then()
#31 /var/www/html/laundryApp/vendor/laravel/framework/src/Illuminate/Pipeline/Pipeline.php(183): Laravel\\Sanctum\\Http\\Middleware\\EnsureFrontendRequestsAreStateful->handle()
#32 /var/www/html/laundryApp/vendor/laravel/framework/src/Illuminate/Pipeline/Pipeline.php(119): Illuminate\\Pipeline\\Pipeline->Illuminate\\Pipeline\\{closure}()
#33 /var/www/html/laundryApp/vendor/laravel/framework/src/Illuminate/Routing/Router.php(805): Illuminate\\Pipeline\\Pipeline->then()
#34 /var/www/html/laundryApp/vendor/laravel/framework/src/Illuminate/Routing/Router.php(784): Illuminate\\Routing\\Router->runRouteWithinStack()
#35 /var/www/html/laundryApp/vendor/laravel/framework/src/Illuminate/Routing/Router.php(748): Illuminate\\Routing\\Router->runRoute()
#36 /var/www/html/laundryApp/vendor/laravel/framework/src/Illuminate/Routing/Router.php(737): Illuminate\\Routing\\Router->dispatchToRoute()
#37 /var/www/html/laundryApp/vendor/laravel/framework/src/Illuminate/Foundation/Http/Kernel.php(200): Illuminate\\Routing\\Router->dispatch()
#38 /var/www/html/laundryApp/vendor/laravel/framework/src/Illuminate/Pipeline/Pipeline.php(144): Illuminate\\Foundation\\Http\\Kernel->Illuminate\\Foundation\\Http\\{closure}()
#39 /var/www/html/laundryApp/vendor/laravel/framework/src/Illuminate/Foundation/Http/Middleware/TransformsRequest.php(21): Illuminate\\Pipeline\\Pipeline->Illuminate\\Pipeline\\{closure}()
#40 /var/www/html/laundryApp/vendor/laravel/framework/src/Illuminate/Foundation/Http/Middleware/ConvertEmptyStringsToNull.php(31): Illuminate\\Foundation\\Http\\Middleware\\TransformsRequest->handle()
#41 /var/www/html/laundryApp/vendor/laravel/framework/src/Illuminate/Pipeline/Pipeline.php(183): Illuminate\\Foundation\\Http\\Middleware\\ConvertEmptyStringsToNull->handle()
#42 /var/www/html/laundryApp/vendor/laravel/framework/src/Illuminate/Foundation/Http/Middleware/TransformsRequest.php(21): Illuminate\\Pipeline\\Pipeline->Illuminate\\Pipeline\\{closure}()
#43 /var/www/html/laundryApp/vendor/laravel/framework/src/Illuminate/Foundation/Http/Middleware/TrimStrings.php(40): Illuminate\\Foundation\\Http\\Middleware\\TransformsRequest->handle()
#44 /var/www/html/laundryApp/vendor/laravel/framework/src/Illuminate/Pipeline/Pipeline.php(183): Illuminate\\Foundation\\Http\\Middleware\\TrimStrings->handle()
#45 /var/www/html/laundryApp/vendor/laravel/framework/src/Illuminate/Foundation/Http/Middleware/ValidatePostSize.php(27): Illuminate\\Pipeline\\Pipeline->Illuminate\\Pipeline\\{closure}()
#46 /var/www/html/laundryApp/vendor/laravel/framework/src/Illuminate/Pipeline/Pipeline.php(183): Illuminate\\Foundation\\Http\\Middleware\\ValidatePostSize->handle()
#47 /var/www/html/laundryApp/vendor/laravel/framework/src/Illuminate/Foundation/Http/Middleware/PreventRequestsDuringMaintenance.php(99): Illuminate\\Pipeline\\Pipeline->Illuminate\\Pipeline\\{closure}()
#48 /var/www/html/laundryApp/vendor/laravel/framework/src/Illuminate/Pipeline/Pipeline.php(183): Illuminate\\Foundation\\Http\\Middleware\\PreventRequestsDuringMaintenance->handle()
#49 /var/www/html/laundryApp/vendor/laravel/framework/src/Illuminate/Http/Middleware/HandleCors.php(62): Illuminate\\Pipeline\\Pipeline->Illuminate\\Pipeline\\{closure}()
#50 /var/www/html/laundryApp/vendor/laravel/framework/src/Illuminate/Pipeline/Pipeline.php(183): Illuminate\\Http\\Middleware\\HandleCors->handle()
#51 /var/www/html/laundryApp/vendor/laravel/framework/src/Illuminate/Http/Middleware/TrustProxies.php(39): Illuminate\\Pipeline\\Pipeline->Illuminate\\Pipeline\\{closure}()
#52 /var/www/html/laundryApp/vendor/laravel/framework/src/Illuminate/Pipeline/Pipeline.php(183): Illuminate\\Http\\Middleware\\TrustProxies->handle()
#53 /var/www/html/laundryApp/vendor/laravel/framework/src/Illuminate/Pipeline/Pipeline.php(119): Illuminate\\Pipeline\\Pipeline->Illuminate\\Pipeline\\{closure}()
#54 /var/www/html/laundryApp/vendor/laravel/framework/src/Illuminate/Foundation/Http/Kernel.php(175): Illuminate\\Pipeline\\Pipeline->then()
#55 /var/www/html/laundryApp/vendor/laravel/framework/src/Illuminate/Foundation/Http/Kernel.php(144): Illuminate\\Foundation\\Http\\Kernel->sendRequestThroughRouter()
#56 /var/www/html/laundryApp/public/index.php(51): Illuminate\\Foundation\\Http\\Kernel->handle()
#57 /var/www/html/laundryApp/vendor/laravel/framework/src/Illuminate/Foundation/resources/server.php(16): require_once('...')
#58 {main}

[previous exception] [object] (PDOException(code: 42S02): SQLSTATE[42S02]: Base table or view not found: 1146 Table 'loundry_app.product_process_history' doesn't exist at /var/www/html/laundryApp/vendor/laravel/framework/src/Illuminate/Database/Connection.php:423)
[stacktrace]
#0 /var/www/html/laundryApp/vendor/laravel/framework/src/Illuminate/Database/Connection.php(423): PDO->prepare()
#1 /var/www/html/laundryApp/vendor/laravel/framework/src/Illuminate/Database/Connection.php(816): Illuminate\\Database\\Connection->Illuminate\\Database\\{closure}()
#2 /var/www/html/laundryApp/vendor/laravel/framework/src/Illuminate/Database/Connection.php(783): Illuminate\\Database\\Connection->runQueryCallback()
#3 /var/www/html/laundryApp/vendor/laravel/framework/src/Illuminate/Database/Connection.php(414): Illuminate\\Database\\Connection->run()
#4 /var/www/html/laundryApp/vendor/laravel/framework/src/Illuminate/Database/Query/Builder.php(2913): Illuminate\\Database\\Connection->select()
#5 /var/www/html/laundryApp/vendor/laravel/framework/src/Illuminate/Database/Query/Builder.php(2902): Illuminate\\Database\\Query\\Builder->runSelect()
#6 /var/www/html/laundryApp/vendor/laravel/framework/src/Illuminate/Database/Query/Builder.php(3456): Illuminate\\Database\\Query\\Builder->Illuminate\\Database\\Query\\{closure}()
#7 /var/www/html/laundryApp/vendor/laravel/framework/src/Illuminate/Database/Query/Builder.php(2901): Illuminate\\Database\\Query\\Builder->onceWithColumns()
#8 /var/www/html/laundryApp/vendor/laravel/framework/src/Illuminate/Database/Query/Builder.php(3383): Illuminate\\Database\\Query\\Builder->get()
#9 /var/www/html/laundryApp/vendor/laravel/framework/src/Illuminate/Database/Query/Builder.php(3311): Illuminate\\Database\\Query\\Builder->aggregate()
#10 /var/www/html/laundryApp/app/Http/Controllers/Api/DashboardApiController.php(74): Illuminate\\Database\\Query\\Builder->count()
#11 /var/www/html/laundryApp/vendor/laravel/framework/src/Illuminate/Cache/Repository.php(396): App\\Http\\Controllers\\Api\\DashboardApiController->App\\Http\\Controllers\\Api\\{closure}()
#12 /var/www/html/laundryApp/vendor/laravel/framework/src/Illuminate/Cache/CacheManager.php(429): Illuminate\\Cache\\Repository->remember()
#13 /var/www/html/laundryApp/vendor/laravel/framework/src/Illuminate/Support/Facades/Facade.php(355): Illuminate\\Cache\\CacheManager->__call()
#14 /var/www/html/laundryApp/app/Http/Controllers/Api/DashboardApiController.php(42): Illuminate\\Support\\Facades\\Facade::__callStatic()
#15 /var/www/html/laundryApp/vendor/laravel/framework/src/Illuminate/Routing/Controller.php(54): App\\Http\\Controllers\\Api\\DashboardApiController->summary()
#16 /var/www/html/laundryApp/vendor/laravel/framework/src/Illuminate/Routing/ControllerDispatcher.php(43): Illuminate\\Routing\\Controller->callAction()
#17 /var/www/html/laundryApp/vendor/laravel/framework/src/Illuminate/Routing/Route.php(259): Illuminate\\Routing\\ControllerDispatcher->dispatch()
#18 /var/www/html/laundryApp/vendor/laravel/framework/src/Illuminate/Routing/Route.php(205): Illuminate\\Routing\\Route->runController()
#19 /var/www/html/laundryApp/vendor/laravel/framework/src/Illuminate/Routing/Router.php(806): Illuminate\\Routing\\Route->run()
#20 /var/www/html/laundryApp/vendor/laravel/framework/src/Illuminate/Pipeline/Pipeline.php(144): Illuminate\\Routing\\Router->Illuminate\\Routing\\{closure}()
#21 /var/www/html/laundryApp/vendor/laravel/framework/src/Illuminate/Routing/Middleware/SubstituteBindings.php(50): Illuminate\\Pipeline\\Pipeline->Illuminate\\Pipeline\\{closure}()
#22 /var/www/html/laundryApp/vendor/laravel/framework/src/Illuminate/Pipeline/Pipeline.php(183): Illuminate\\Routing\\Middleware\\SubstituteBindings->handle()
#23 /var/www/html/laundryApp/vendor/laravel/framework/src/Illuminate/Routing/Middleware/ThrottleRequests.php(159): Illuminate\\Pipeline\\Pipeline->Illuminate\\Pipeline\\{closure}()
#24 /var/www/html/laundryApp/vendor/laravel/framework/src/Illuminate/Routing/Middleware/ThrottleRequests.php(125): Illuminate\\Routing\\Middleware\\ThrottleRequests->handleRequest()
#25 /var/www/html/laundryApp/vendor/laravel/framework/src/Illuminate/Routing/Middleware/ThrottleRequests.php(87): Illuminate\\Routing\\Middleware\\ThrottleRequests->handleRequestUsingNamedLimiter()
#26 /var/www/html/laundryApp/vendor/laravel/framework/src/Illuminate/Pipeline/Pipeline.php(183): Illuminate\\Routing\\Middleware\\ThrottleRequests->handle()
#27 /var/www/html/laundryApp/vendor/laravel/framework/src/Illuminate/Auth/Middleware/Authenticate.php(57): Illuminate\\Pipeline\\Pipeline->Illuminate\\Pipeline\\{closure}()
#28 /var/www/html/laundryApp/vendor/laravel/framework/src/Illuminate/Pipeline/Pipeline.php(183): Illuminate\\Auth\\Middleware\\Authenticate->handle()
#29 /var/www/html/laundryApp/vendor/laravel/sanctum/src/Http/Middleware/EnsureFrontendRequestsAreStateful.php(25): Illuminate\\Pipeline\\Pipeline->Illuminate\\Pipeline\\{closure}()
#30 /var/www/html/laundryApp/vendor/laravel/framework/src/Illuminate/Pipeline/Pipeline.php(144): Laravel\\Sanctum\\Http\\Middleware\\EnsureFrontendRequestsAreStateful->Laravel\\Sanctum\\Http\\Middleware\\{closure}()
#31 /var/www/html/laundryApp/vendor/laravel/framework/src/Illuminate/Pipeline/Pipeline.php(119): Illuminate\\Pipeline\\Pipeline->Illuminate\\Pipeline\\{closure}()
#32 /var/www/html/laundryApp/vendor/laravel/sanctum/src/Http/Middleware/EnsureFrontendRequestsAreStateful.php(24): Illuminate\\Pipeline\\Pipeline->then()
#33 /var/www/html/laundryApp/vendor/laravel/framework/src/Illuminate/Pipeline/Pipeline.php(183): Laravel\\Sanctum\\Http\\Middleware\\EnsureFrontendRequestsAreStateful->handle()
#34 /var/www/html/laundryApp/vendor/laravel/framework/src/Illuminate/Pipeline/Pipeline.php(119): Illuminate\\Pipeline\\Pipeline->Illuminate\\Pipeline\\{closure}()
#35 /var/www/html/laundryApp/vendor/laravel/framework/src/Illuminate/Routing/Router.php(805): Illuminate\\Pipeline\\Pipeline->then()
#36 /var/www/html/laundryApp/vendor/laravel/framework/src/Illuminate/Routing/Router.php(784): Illuminate\\Routing\\Router->runRouteWithinStack()
#37 /var/www/html/laundryApp/vendor/laravel/framework/src/Illuminate/Routing/Router.php(748): Illuminate\\Routing\\Router->runRoute()
#38 /var/www/html/laundryApp/vendor/laravel/framework/src/Illuminate/Routing/Router.php(737): Illuminate\\Routing\\Router->dispatchToRoute()
#39 /var/www/html/laundryApp/vendor/laravel/framework/src/Illuminate/Foundation/Http/Kernel.php(200): Illuminate\\Routing\\Router->dispatch()
#40 /var/www/html/laundryApp/vendor/laravel/framework/src/Illuminate/Pipeline/Pipeline.php(144): Illuminate\\Foundation\\Http\\Kernel->Illuminate\\Foundation\\Http\\{closure}()
#41 /var/www/html/laundryApp/vendor/laravel/framework/src/Illuminate/Foundation/Http/Middleware/TransformsRequest.php(21): Illuminate\\Pipeline\\Pipeline->Illuminate\\Pipeline\\{closure}()
#42 /var/www/html/laundryApp/vendor/laravel/framework/src/Illuminate/Foundation/Http/Middleware/ConvertEmptyStringsToNull.php(31): Illuminate\\Foundation\\Http\\Middleware\\TransformsRequest->handle()
#43 /var/www/html/laundryApp/vendor/laravel/framework/src/Illuminate/Pipeline/Pipeline.php(183): Illuminate\\Foundation\\Http\\Middleware\\ConvertEmptyStringsToNull->handle()
#44 /var/www/html/laundryApp/vendor/laravel/framework/src/Illuminate/Foundation/Http/Middleware/TransformsRequest.php(21): Illuminate\\Pipeline\\Pipeline->Illuminate\\Pipeline\\{closure}()
#45 /var/www/html/laundryApp/vendor/laravel/framework/src/Illuminate/Foundation/Http/Middleware/TrimStrings.php(40): Illuminate\\Foundation\\Http\\Middleware\\TransformsRequest->handle()
#46 /var/www/html/laundryApp/vendor/laravel/framework/src/Illuminate/Pipeline/Pipeline.php(183): Illuminate\\Foundation\\Http\\Middleware\\TrimStrings->handle()
#47 /var/www/html/laundryApp/vendor/laravel/framework/src/Illuminate/Foundation/Http/Middleware/ValidatePostSize.php(27): Illuminate\\Pipeline\\Pipeline->Illuminate\\Pipeline\\{closure}()
#48 /var/www/html/laundryApp/vendor/laravel/framework/src/Illuminate/Pipeline/Pipeline.php(183): Illuminate\\Foundation\\Http\\Middleware\\ValidatePostSize->handle()
#49 /var/www/html/laundryApp/vendor/laravel/framework/src/Illuminate/Foundation/Http/Middleware/PreventRequestsDuringMaintenance.php(99): Illuminate\\Pipeline\\Pipeline->Illuminate\\Pipeline\\{closure}()
#50 /var/www/html/laundryApp/vendor/laravel/framework/src/Illuminate/Pipeline/Pipeline.php(183): Illuminate\\Foundation\\Http\\Middleware\\PreventRequestsDuringMaintenance->handle()
#51 /var/www/html/laundryApp/vendor/laravel/framework/src/Illuminate/Http/Middleware/HandleCors.php(62): Illuminate\\Pipeline\\Pipeline->Illuminate\\Pipeline\\{closure}()
#52 /var/www/html/laundryApp/vendor/laravel/framework/src/Illuminate/Pipeline/Pipeline.php(183): Illuminate\\Http\\Middleware\\HandleCors->handle()
#53 /var/www/html/laundryApp/vendor/laravel/framework/src/Illuminate/Http/Middleware/TrustProxies.php(39): Illuminate\\Pipeline\\Pipeline->Illuminate\\Pipeline\\{closure}()
#54 /var/www/html/laundryApp/vendor/laravel/framework/src/Illuminate/Pipeline/Pipeline.php(183): Illuminate\\Http\\Middleware\\TrustProxies->handle()
#55 /var/www/html/laundryApp/vendor/laravel/framework/src/Illuminate/Pipeline/Pipeline.php(119): Illuminate\\Pipeline\\Pipeline->Illuminate\\Pipeline\\{closure}()
#56 /var/www/html/laundryApp/vendor/laravel/framework/src/Illuminate/Foundation/Http/Kernel.php(175): Illuminate\\Pipeline\\Pipeline->then()
#57 /var/www/html/laundryApp/vendor/laravel/framework/src/Illuminate/Foundation/Http/Kernel.php(144): Illuminate\\Foundation\\Http\\Kernel->sendRequestThroughRouter()
#58 /var/www/html/laundryApp/public/index.php(51): Illuminate\\Foundation\\Http\\Kernel->handle()
#59 /var/www/html/laundryApp/vendor/laravel/framework/src/Illuminate/Foundation/resources/server.php(16): require_once('...')
#60 {main}
"} 
[2025-12-05 19:56:28] local.ERROR: SQLSTATE[42S02]: Base table or view not found: 1146 Table 'loundry_app.product_process_history' doesn't exist (Connection: mysql, SQL: select count(*) as aggregate from (select `h`.`product_id`, `h`.`status`, `h`.`stages`, `h`.`changed_at` from `product_process_history` as `h` inner join (SELECT product_id, MAX(changed_at) as latest_change 
                             FROM product_process_history 
                             GROUP BY product_id) latest on `h`.`product_id` = `latest`.`product_id` and `h`.`changed_at` = `latest`.`latest_change` inner join `rfid_tags` as `p` on `h`.`product_id` = `p`.`id` where `p`.`location_id` = 3) as t where `t`.`changed_at` between 2025-12-05 00:00:00 and 2025-12-05 23:59:59 and `t`.`status` = FAIL) {"userId":51,"exception":"[object] (Illuminate\\Database\\QueryException(code: 42S02): SQLSTATE[42S02]: Base table or view not found: 1146 Table 'loundry_app.product_process_history' doesn't exist (Connection: mysql, SQL: select count(*) as aggregate from (select `h`.`product_id`, `h`.`status`, `h`.`stages`, `h`.`changed_at` from `product_process_history` as `h` inner join (SELECT product_id, MAX(changed_at) as latest_change 
                             FROM product_process_history 
                             GROUP BY product_id) latest on `h`.`product_id` = `latest`.`product_id` and `h`.`changed_at` = `latest`.`latest_change` inner join `rfid_tags` as `p` on `h`.`product_id` = `p`.`id` where `p`.`location_id` = 3) as t where `t`.`changed_at` between 2025-12-05 00:00:00 and 2025-12-05 23:59:59 and `t`.`status` = FAIL) at /var/www/html/laundryApp/vendor/laravel/framework/src/Illuminate/Database/Connection.php:829)
[stacktrace]
#0 /var/www/html/laundryApp/vendor/laravel/framework/src/Illuminate/Database/Connection.php(783): Illuminate\\Database\\Connection->runQueryCallback()
#1 /var/www/html/laundryApp/vendor/laravel/framework/src/Illuminate/Database/Connection.php(414): Illuminate\\Database\\Connection->run()
#2 /var/www/html/laundryApp/vendor/laravel/framework/src/Illuminate/Database/Query/Builder.php(2913): Illuminate\\Database\\Connection->select()
#3 /var/www/html/laundryApp/vendor/laravel/framework/src/Illuminate/Database/Query/Builder.php(2902): Illuminate\\Database\\Query\\Builder->runSelect()
#4 /var/www/html/laundryApp/vendor/laravel/framework/src/Illuminate/Database/Query/Builder.php(3456): Illuminate\\Database\\Query\\Builder->Illuminate\\Database\\Query\\{closure}()
#5 /var/www/html/laundryApp/vendor/laravel/framework/src/Illuminate/Database/Query/Builder.php(2901): Illuminate\\Database\\Query\\Builder->onceWithColumns()
#6 /var/www/html/laundryApp/vendor/laravel/framework/src/Illuminate/Database/Query/Builder.php(3383): Illuminate\\Database\\Query\\Builder->get()
#7 /var/www/html/laundryApp/vendor/laravel/framework/src/Illuminate/Database/Query/Builder.php(3311): Illuminate\\Database\\Query\\Builder->aggregate()
#8 /var/www/html/laundryApp/app/Http/Controllers/Api/DashboardApiController.php(74): Illuminate\\Database\\Query\\Builder->count()
#9 /var/www/html/laundryApp/vendor/laravel/framework/src/Illuminate/Cache/Repository.php(396): App\\Http\\Controllers\\Api\\DashboardApiController->App\\Http\\Controllers\\Api\\{closure}()
#10 /var/www/html/laundryApp/vendor/laravel/framework/src/Illuminate/Cache/CacheManager.php(429): Illuminate\\Cache\\Repository->remember()
#11 /var/www/html/laundryApp/vendor/laravel/framework/src/Illuminate/Support/Facades/Facade.php(355): Illuminate\\Cache\\CacheManager->__call()
#12 /var/www/html/laundryApp/app/Http/Controllers/Api/DashboardApiController.php(42): Illuminate\\Support\\Facades\\Facade::__callStatic()
#13 /var/www/html/laundryApp/vendor/laravel/framework/src/Illuminate/Routing/Controller.php(54): App\\Http\\Controllers\\Api\\DashboardApiController->summary()
#14 /var/www/html/laundryApp/vendor/laravel/framework/src/Illuminate/Routing/ControllerDispatcher.php(43): Illuminate\\Routing\\Controller->callAction()
#15 /var/www/html/laundryApp/vendor/laravel/framework/src/Illuminate/Routing/Route.php(259): Illuminate\\Routing\\ControllerDispatcher->dispatch()
#16 /var/www/html/laundryApp/vendor/laravel/framework/src/Illuminate/Routing/Route.php(205): Illuminate\\Routing\\Route->runController()
#17 /var/www/html/laundryApp/vendor/laravel/framework/src/Illuminate/Routing/Router.php(806): Illuminate\\Routing\\Route->run()
#18 /var/www/html/laundryApp/vendor/laravel/framework/src/Illuminate/Pipeline/Pipeline.php(144): Illuminate\\Routing\\Router->Illuminate\\Routing\\{closure}()
#19 /var/www/html/laundryApp/vendor/laravel/framework/src/Illuminate/Routing/Middleware/SubstituteBindings.php(50): Illuminate\\Pipeline\\Pipeline->Illuminate\\Pipeline\\{closure}()
#20 /var/www/html/laundryApp/vendor/laravel/framework/src/Illuminate/Pipeline/Pipeline.php(183): Illuminate\\Routing\\Middleware\\SubstituteBindings->handle()
#21 /var/www/html/laundryApp/vendor/laravel/framework/src/Illuminate/Routing/Middleware/ThrottleRequests.php(159): Illuminate\\Pipeline\\Pipeline->Illuminate\\Pipeline\\{closure}()
#22 /var/www/html/laundryApp/vendor/laravel/framework/src/Illuminate/Routing/Middleware/ThrottleRequests.php(125): Illuminate\\Routing\\Middleware\\ThrottleRequests->handleRequest()
#23 /var/www/html/laundryApp/vendor/laravel/framework/src/Illuminate/Routing/Middleware/ThrottleRequests.php(87): Illuminate\\Routing\\Middleware\\ThrottleRequests->handleRequestUsingNamedLimiter()
#24 /var/www/html/laundryApp/vendor/laravel/framework/src/Illuminate/Pipeline/Pipeline.php(183): Illuminate\\Routing\\Middleware\\ThrottleRequests->handle()
#25 /var/www/html/laundryApp/vendor/laravel/framework/src/Illuminate/Auth/Middleware/Authenticate.php(57): Illuminate\\Pipeline\\Pipeline->Illuminate\\Pipeline\\{closure}()
#26 /var/www/html/laundryApp/vendor/laravel/framework/src/Illuminate/Pipeline/Pipeline.php(183): Illuminate\\Auth\\Middleware\\Authenticate->handle()
#27 /var/www/html/laundryApp/vendor/laravel/sanctum/src/Http/Middleware/EnsureFrontendRequestsAreStateful.php(25): Illuminate\\Pipeline\\Pipeline->Illuminate\\Pipeline\\{closure}()
#28 /var/www/html/laundryApp/vendor/laravel/framework/src/Illuminate/Pipeline/Pipeline.php(144): Laravel\\Sanctum\\Http\\Middleware\\EnsureFrontendRequestsAreStateful->Laravel\\Sanctum\\Http\\Middleware\\{closure}()
#29 /var/www/html/laundryApp/vendor/laravel/framework/src/Illuminate/Pipeline/Pipeline.php(119): Illuminate\\Pipeline\\Pipeline->Illuminate\\Pipeline\\{closure}()
#30 /var/www/html/laundryApp/vendor/laravel/sanctum/src/Http/Middleware/EnsureFrontendRequestsAreStateful.php(24): Illuminate\\Pipeline\\Pipeline->then()
#31 /var/www/html/laundryApp/vendor/laravel/framework/src/Illuminate/Pipeline/Pipeline.php(183): Laravel\\Sanctum\\Http\\Middleware\\EnsureFrontendRequestsAreStateful->handle()
#32 /var/www/html/laundryApp/vendor/laravel/framework/src/Illuminate/Pipeline/Pipeline.php(119): Illuminate\\Pipeline\\Pipeline->Illuminate\\Pipeline\\{closure}()
#33 /var/www/html/laundryApp/vendor/laravel/framework/src/Illuminate/Routing/Router.php(805): Illuminate\\Pipeline\\Pipeline->then()
#34 /var/www/html/laundryApp/vendor/laravel/framework/src/Illuminate/Routing/Router.php(784): Illuminate\\Routing\\Router->runRouteWithinStack()
#35 /var/www/html/laundryApp/vendor/laravel/framework/src/Illuminate/Routing/Router.php(748): Illuminate\\Routing\\Router->runRoute()
#36 /var/www/html/laundryApp/vendor/laravel/framework/src/Illuminate/Routing/Router.php(737): Illuminate\\Routing\\Router->dispatchToRoute()
#37 /var/www/html/laundryApp/vendor/laravel/framework/src/Illuminate/Foundation/Http/Kernel.php(200): Illuminate\\Routing\\Router->dispatch()
#38 /var/www/html/laundryApp/vendor/laravel/framework/src/Illuminate/Pipeline/Pipeline.php(144): Illuminate\\Foundation\\Http\\Kernel->Illuminate\\Foundation\\Http\\{closure}()
#39 /var/www/html/laundryApp/vendor/laravel/framework/src/Illuminate/Foundation/Http/Middleware/TransformsRequest.php(21): Illuminate\\Pipeline\\Pipeline->Illuminate\\Pipeline\\{closure}()
#40 /var/www/html/laundryApp/vendor/laravel/framework/src/Illuminate/Foundation/Http/Middleware/ConvertEmptyStringsToNull.php(31): Illuminate\\Foundation\\Http\\Middleware\\TransformsRequest->handle()
#41 /var/www/html/laundryApp/vendor/laravel/framework/src/Illuminate/Pipeline/Pipeline.php(183): Illuminate\\Foundation\\Http\\Middleware\\ConvertEmptyStringsToNull->handle()
#42 /var/www/html/laundryApp/vendor/laravel/framework/src/Illuminate/Foundation/Http/Middleware/TransformsRequest.php(21): Illuminate\\Pipeline\\Pipeline->Illuminate\\Pipeline\\{closure}()
#43 /var/www/html/laundryApp/vendor/laravel/framework/src/Illuminate/Foundation/Http/Middleware/TrimStrings.php(40): Illuminate\\Foundation\\Http\\Middleware\\TransformsRequest->handle()
#44 /var/www/html/laundryApp/vendor/laravel/framework/src/Illuminate/Pipeline/Pipeline.php(183): Illuminate\\Foundation\\Http\\Middleware\\TrimStrings->handle()
#45 /var/www/html/laundryApp/vendor/laravel/framework/src/Illuminate/Foundation/Http/Middleware/ValidatePostSize.php(27): Illuminate\\Pipeline\\Pipeline->Illuminate\\Pipeline\\{closure}()
#46 /var/www/html/laundryApp/vendor/laravel/framework/src/Illuminate/Pipeline/Pipeline.php(183): Illuminate\\Foundation\\Http\\Middleware\\ValidatePostSize->handle()
#47 /var/www/html/laundryApp/vendor/laravel/framework/src/Illuminate/Foundation/Http/Middleware/PreventRequestsDuringMaintenance.php(99): Illuminate\\Pipeline\\Pipeline->Illuminate\\Pipeline\\{closure}()
#48 /var/www/html/laundryApp/vendor/laravel/framework/src/Illuminate/Pipeline/Pipeline.php(183): Illuminate\\Foundation\\Http\\Middleware\\PreventRequestsDuringMaintenance->handle()
#49 /var/www/html/laundryApp/vendor/laravel/framework/src/Illuminate/Http/Middleware/HandleCors.php(62): Illuminate\\Pipeline\\Pipeline->Illuminate\\Pipeline\\{closure}()
#50 /var/www/html/laundryApp/vendor/laravel/framework/src/Illuminate/Pipeline/Pipeline.php(183): Illuminate\\Http\\Middleware\\HandleCors->handle()
#51 /var/www/html/laundryApp/vendor/laravel/framework/src/Illuminate/Http/Middleware/TrustProxies.php(39): Illuminate\\Pipeline\\Pipeline->Illuminate\\Pipeline\\{closure}()
#52 /var/www/html/laundryApp/vendor/laravel/framework/src/Illuminate/Pipeline/Pipeline.php(183): Illuminate\\Http\\Middleware\\TrustProxies->handle()
#53 /var/www/html/laundryApp/vendor/laravel/framework/src/Illuminate/Pipeline/Pipeline.php(119): Illuminate\\Pipeline\\Pipeline->Illuminate\\Pipeline\\{closure}()
#54 /var/www/html/laundryApp/vendor/laravel/framework/src/Illuminate/Foundation/Http/Kernel.php(175): Illuminate\\Pipeline\\Pipeline->then()
#55 /var/www/html/laundryApp/vendor/laravel/framework/src/Illuminate/Foundation/Http/Kernel.php(144): Illuminate\\Foundation\\Http\\Kernel->sendRequestThroughRouter()
#56 /var/www/html/laundryApp/public/index.php(51): Illuminate\\Foundation\\Http\\Kernel->handle()
#57 /var/www/html/laundryApp/vendor/laravel/framework/src/Illuminate/Foundation/resources/server.php(16): require_once('...')
#58 {main}

[previous exception] [object] (PDOException(code: 42S02): SQLSTATE[42S02]: Base table or view not found: 1146 Table 'loundry_app.product_process_history' doesn't exist at /var/www/html/laundryApp/vendor/laravel/framework/src/Illuminate/Database/Connection.php:423)
[stacktrace]
#0 /var/www/html/laundryApp/vendor/laravel/framework/src/Illuminate/Database/Connection.php(423): PDO->prepare()
#1 /var/www/html/laundryApp/vendor/laravel/framework/src/Illuminate/Database/Connection.php(816): Illuminate\\Database\\Connection->Illuminate\\Database\\{closure}()
#2 /var/www/html/laundryApp/vendor/laravel/framework/src/Illuminate/Database/Connection.php(783): Illuminate\\Database\\Connection->runQueryCallback()
#3 /var/www/html/laundryApp/vendor/laravel/framework/src/Illuminate/Database/Connection.php(414): Illuminate\\Database\\Connection->run()
#4 /var/www/html/laundryApp/vendor/laravel/framework/src/Illuminate/Database/Query/Builder.php(2913): Illuminate\\Database\\Connection->select()
#5 /var/www/html/laundryApp/vendor/laravel/framework/src/Illuminate/Database/Query/Builder.php(2902): Illuminate\\Database\\Query\\Builder->runSelect()
#6 /var/www/html/laundryApp/vendor/laravel/framework/src/Illuminate/Database/Query/Builder.php(3456): Illuminate\\Database\\Query\\Builder->Illuminate\\Database\\Query\\{closure}()
#7 /var/www/html/laundryApp/vendor/laravel/framework/src/Illuminate/Database/Query/Builder.php(2901): Illuminate\\Database\\Query\\Builder->onceWithColumns()
#8 /var/www/html/laundryApp/vendor/laravel/framework/src/Illuminate/Database/Query/Builder.php(3383): Illuminate\\Database\\Query\\Builder->get()
#9 /var/www/html/laundryApp/vendor/laravel/framework/src/Illuminate/Database/Query/Builder.php(3311): Illuminate\\Database\\Query\\Builder->aggregate()
#10 /var/www/html/laundryApp/app/Http/Controllers/Api/DashboardApiController.php(74): Illuminate\\Database\\Query\\Builder->count()
#11 /var/www/html/laundryApp/vendor/laravel/framework/src/Illuminate/Cache/Repository.php(396): App\\Http\\Controllers\\Api\\DashboardApiController->App\\Http\\Controllers\\Api\\{closure}()
#12 /var/www/html/laundryApp/vendor/laravel/framework/src/Illuminate/Cache/CacheManager.php(429): Illuminate\\Cache\\Repository->remember()
#13 /var/www/html/laundryApp/vendor/laravel/framework/src/Illuminate/Support/Facades/Facade.php(355): Illuminate\\Cache\\CacheManager->__call()
#14 /var/www/html/laundryApp/app/Http/Controllers/Api/DashboardApiController.php(42): Illuminate\\Support\\Facades\\Facade::__callStatic()
#15 /var/www/html/laundryApp/vendor/laravel/framework/src/Illuminate/Routing/Controller.php(54): App\\Http\\Controllers\\Api\\DashboardApiController->summary()
#16 /var/www/html/laundryApp/vendor/laravel/framework/src/Illuminate/Routing/ControllerDispatcher.php(43): Illuminate\\Routing\\Controller->callAction()
#17 /var/www/html/laundryApp/vendor/laravel/framework/src/Illuminate/Routing/Route.php(259): Illuminate\\Routing\\ControllerDispatcher->dispatch()
#18 /var/www/html/laundryApp/vendor/laravel/framework/src/Illuminate/Routing/Route.php(205): Illuminate\\Routing\\Route->runController()
#19 /var/www/html/laundryApp/vendor/laravel/framework/src/Illuminate/Routing/Router.php(806): Illuminate\\Routing\\Route->run()
#20 /var/www/html/laundryApp/vendor/laravel/framework/src/Illuminate/Pipeline/Pipeline.php(144): Illuminate\\Routing\\Router->Illuminate\\Routing\\{closure}()
#21 /var/www/html/laundryApp/vendor/laravel/framework/src/Illuminate/Routing/Middleware/SubstituteBindings.php(50): Illuminate\\Pipeline\\Pipeline->Illuminate\\Pipeline\\{closure}()
#22 /var/www/html/laundryApp/vendor/laravel/framework/src/Illuminate/Pipeline/Pipeline.php(183): Illuminate\\Routing\\Middleware\\SubstituteBindings->handle()
#23 /var/www/html/laundryApp/vendor/laravel/framework/src/Illuminate/Routing/Middleware/ThrottleRequests.php(159): Illuminate\\Pipeline\\Pipeline->Illuminate\\Pipeline\\{closure}()
#24 /var/www/html/laundryApp/vendor/laravel/framework/src/Illuminate/Routing/Middleware/ThrottleRequests.php(125): Illuminate\\Routing\\Middleware\\ThrottleRequests->handleRequest()
#25 /var/www/html/laundryApp/vendor/laravel/framework/src/Illuminate/Routing/Middleware/ThrottleRequests.php(87): Illuminate\\Routing\\Middleware\\ThrottleRequests->handleRequestUsingNamedLimiter()
#26 /var/www/html/laundryApp/vendor/laravel/framework/src/Illuminate/Pipeline/Pipeline.php(183): Illuminate\\Routing\\Middleware\\ThrottleRequests->handle()
#27 /var/www/html/laundryApp/vendor/laravel/framework/src/Illuminate/Auth/Middleware/Authenticate.php(57): Illuminate\\Pipeline\\Pipeline->Illuminate\\Pipeline\\{closure}()
#28 /var/www/html/laundryApp/vendor/laravel/framework/src/Illuminate/Pipeline/Pipeline.php(183): Illuminate\\Auth\\Middleware\\Authenticate->handle()
#29 /var/www/html/laundryApp/vendor/laravel/sanctum/src/Http/Middleware/EnsureFrontendRequestsAreStateful.php(25): Illuminate\\Pipeline\\Pipeline->Illuminate\\Pipeline\\{closure}()
#30 /var/www/html/laundryApp/vendor/laravel/framework/src/Illuminate/Pipeline/Pipeline.php(144): Laravel\\Sanctum\\Http\\Middleware\\EnsureFrontendRequestsAreStateful->Laravel\\Sanctum\\Http\\Middleware\\{closure}()
#31 /var/www/html/laundryApp/vendor/laravel/framework/src/Illuminate/Pipeline/Pipeline.php(119): Illuminate\\Pipeline\\Pipeline->Illuminate\\Pipeline\\{closure}()
#32 /var/www/html/laundryApp/vendor/laravel/sanctum/src/Http/Middleware/EnsureFrontendRequestsAreStateful.php(24): Illuminate\\Pipeline\\Pipeline->then()
#33 /var/www/html/laundryApp/vendor/laravel/framework/src/Illuminate/Pipeline/Pipeline.php(183): Laravel\\Sanctum\\Http\\Middleware\\EnsureFrontendRequestsAreStateful->handle()
#34 /var/www/html/laundryApp/vendor/laravel/framework/src/Illuminate/Pipeline/Pipeline.php(119): Illuminate\\Pipeline\\Pipeline->Illuminate\\Pipeline\\{closure}()
#35 /var/www/html/laundryApp/vendor/laravel/framework/src/Illuminate/Routing/Router.php(805): Illuminate\\Pipeline\\Pipeline->then()
#36 /var/www/html/laundryApp/vendor/laravel/framework/src/Illuminate/Routing/Router.php(784): Illuminate\\Routing\\Router->runRouteWithinStack()
#37 /var/www/html/laundryApp/vendor/laravel/framework/src/Illuminate/Routing/Router.php(748): Illuminate\\Routing\\Router->runRoute()
#38 /var/www/html/laundryApp/vendor/laravel/framework/src/Illuminate/Routing/Router.php(737): Illuminate\\Routing\\Router->dispatchToRoute()
#39 /var/www/html/laundryApp/vendor/laravel/framework/src/Illuminate/Foundation/Http/Kernel.php(200): Illuminate\\Routing\\Router->dispatch()
#40 /var/www/html/laundryApp/vendor/laravel/framework/src/Illuminate/Pipeline/Pipeline.php(144): Illuminate\\Foundation\\Http\\Kernel->Illuminate\\Foundation\\Http\\{closure}()
#41 /var/www/html/laundryApp/vendor/laravel/framework/src/Illuminate/Foundation/Http/Middleware/TransformsRequest.php(21): Illuminate\\Pipeline\\Pipeline->Illuminate\\Pipeline\\{closure}()
#42 /var/www/html/laundryApp/vendor/laravel/framework/src/Illuminate/Foundation/Http/Middleware/ConvertEmptyStringsToNull.php(31): Illuminate\\Foundation\\Http\\Middleware\\TransformsRequest->handle()
#43 /var/www/html/laundryApp/vendor/laravel/framework/src/Illuminate/Pipeline/Pipeline.php(183): Illuminate\\Foundation\\Http\\Middleware\\ConvertEmptyStringsToNull->handle()
#44 /var/www/html/laundryApp/vendor/laravel/framework/src/Illuminate/Foundation/Http/Middleware/TransformsRequest.php(21): Illuminate\\Pipeline\\Pipeline->Illuminate\\Pipeline\\{closure}()
#45 /var/www/html/laundryApp/vendor/laravel/framework/src/Illuminate/Foundation/Http/Middleware/TrimStrings.php(40): Illuminate\\Foundation\\Http\\Middleware\\TransformsRequest->handle()
#46 /var/www/html/laundryApp/vendor/laravel/framework/src/Illuminate/Pipeline/Pipeline.php(183): Illuminate\\Foundation\\Http\\Middleware\\TrimStrings->handle()
#47 /var/www/html/laundryApp/vendor/laravel/framework/src/Illuminate/Foundation/Http/Middleware/ValidatePostSize.php(27): Illuminate\\Pipeline\\Pipeline->Illuminate\\Pipeline\\{closure}()
#48 /var/www/html/laundryApp/vendor/laravel/framework/src/Illuminate/Pipeline/Pipeline.php(183): Illuminate\\Foundation\\Http\\Middleware\\ValidatePostSize->handle()
#49 /var/www/html/laundryApp/vendor/laravel/framework/src/Illuminate/Foundation/Http/Middleware/PreventRequestsDuringMaintenance.php(99): Illuminate\\Pipeline\\Pipeline->Illuminate\\Pipeline\\{closure}()
#50 /var/www/html/laundryApp/vendor/laravel/framework/src/Illuminate/Pipeline/Pipeline.php(183): Illuminate\\Foundation\\Http\\Middleware\\PreventRequestsDuringMaintenance->handle()
#51 /var/www/html/laundryApp/vendor/laravel/framework/src/Illuminate/Http/Middleware/HandleCors.php(62): Illuminate\\Pipeline\\Pipeline->Illuminate\\Pipeline\\{closure}()
#52 /var/www/html/laundryApp/vendor/laravel/framework/src/Illuminate/Pipeline/Pipeline.php(183): Illuminate\\Http\\Middleware\\HandleCors->handle()
#53 /var/www/html/laundryApp/vendor/laravel/framework/src/Illuminate/Http/Middleware/TrustProxies.php(39): Illuminate\\Pipeline\\Pipeline->Illuminate\\Pipeline\\{closure}()
#54 /var/www/html/laundryApp/vendor/laravel/framework/src/Illuminate/Pipeline/Pipeline.php(183): Illuminate\\Http\\Middleware\\TrustProxies->handle()
#55 /var/www/html/laundryApp/vendor/laravel/framework/src/Illuminate/Pipeline/Pipeline.php(119): Illuminate\\Pipeline\\Pipeline->Illuminate\\Pipeline\\{closure}()
#56 /var/www/html/laundryApp/vendor/laravel/framework/src/Illuminate/Foundation/Http/Kernel.php(175): Illuminate\\Pipeline\\Pipeline->then()
#57 /var/www/html/laundryApp/vendor/laravel/framework/src/Illuminate/Foundation/Http/Kernel.php(144): Illuminate\\Foundation\\Http\\Kernel->sendRequestThroughRouter()
#58 /var/www/html/laundryApp/public/index.php(51): Illuminate\\Foundation\\Http\\Kernel->handle()
#59 /var/www/html/laundryApp/vendor/laravel/framework/src/Illuminate/Foundation/resources/server.php(16): require_once('...')
#60 {main}
"} 
[2025-12-05 19:56:36] local.ERROR: SQLSTATE[42S02]: Base table or view not found: 1146 Table 'loundry_app.product_process_history' doesn't exist (Connection: mysql, SQL: select count(*) as aggregate from (select `h`.`product_id`, `h`.`status`, `h`.`stages`, `h`.`changed_at` from `product_process_history` as `h` inner join (SELECT product_id, MAX(changed_at) as latest_change 
                             FROM product_process_history 
                             GROUP BY product_id) latest on `h`.`product_id` = `latest`.`product_id` and `h`.`changed_at` = `latest`.`latest_change` inner join `rfid_tags` as `p` on `h`.`product_id` = `p`.`id` where `p`.`location_id` = 3) as t where `t`.`changed_at` between 2025-12-05 00:00:00 and 2025-12-05 23:59:59 and `t`.`status` = FAIL) {"userId":51,"exception":"[object] (Illuminate\\Database\\QueryException(code: 42S02): SQLSTATE[42S02]: Base table or view not found: 1146 Table 'loundry_app.product_process_history' doesn't exist (Connection: mysql, SQL: select count(*) as aggregate from (select `h`.`product_id`, `h`.`status`, `h`.`stages`, `h`.`changed_at` from `product_process_history` as `h` inner join (SELECT product_id, MAX(changed_at) as latest_change 
                             FROM product_process_history 
                             GROUP BY product_id) latest on `h`.`product_id` = `latest`.`product_id` and `h`.`changed_at` = `latest`.`latest_change` inner join `rfid_tags` as `p` on `h`.`product_id` = `p`.`id` where `p`.`location_id` = 3) as t where `t`.`changed_at` between 2025-12-05 00:00:00 and 2025-12-05 23:59:59 and `t`.`status` = FAIL) at /var/www/html/laundryApp/vendor/laravel/framework/src/Illuminate/Database/Connection.php:829)
[stacktrace]
#0 /var/www/html/laundryApp/vendor/laravel/framework/src/Illuminate/Database/Connection.php(783): Illuminate\\Database\\Connection->runQueryCallback()
#1 /var/www/html/laundryApp/vendor/laravel/framework/src/Illuminate/Database/Connection.php(414): Illuminate\\Database\\Connection->run()
#2 /var/www/html/laundryApp/vendor/laravel/framework/src/Illuminate/Database/Query/Builder.php(2913): Illuminate\\Database\\Connection->select()
#3 /var/www/html/laundryApp/vendor/laravel/framework/src/Illuminate/Database/Query/Builder.php(2902): Illuminate\\Database\\Query\\Builder->runSelect()
#4 /var/www/html/laundryApp/vendor/laravel/framework/src/Illuminate/Database/Query/Builder.php(3456): Illuminate\\Database\\Query\\Builder->Illuminate\\Database\\Query\\{closure}()
#5 /var/www/html/laundryApp/vendor/laravel/framework/src/Illuminate/Database/Query/Builder.php(2901): Illuminate\\Database\\Query\\Builder->onceWithColumns()
#6 /var/www/html/laundryApp/vendor/laravel/framework/src/Illuminate/Database/Query/Builder.php(3383): Illuminate\\Database\\Query\\Builder->get()
#7 /var/www/html/laundryApp/vendor/laravel/framework/src/Illuminate/Database/Query/Builder.php(3311): Illuminate\\Database\\Query\\Builder->aggregate()
#8 /var/www/html/laundryApp/app/Http/Controllers/Api/DashboardApiController.php(74): Illuminate\\Database\\Query\\Builder->count()
#9 /var/www/html/laundryApp/vendor/laravel/framework/src/Illuminate/Cache/Repository.php(396): App\\Http\\Controllers\\Api\\DashboardApiController->App\\Http\\Controllers\\Api\\{closure}()
#10 /var/www/html/laundryApp/vendor/laravel/framework/src/Illuminate/Cache/CacheManager.php(429): Illuminate\\Cache\\Repository->remember()
#11 /var/www/html/laundryApp/vendor/laravel/framework/src/Illuminate/Support/Facades/Facade.php(355): Illuminate\\Cache\\CacheManager->__call()
#12 /var/www/html/laundryApp/app/Http/Controllers/Api/DashboardApiController.php(42): Illuminate\\Support\\Facades\\Facade::__callStatic()
#13 /var/www/html/laundryApp/vendor/laravel/framework/src/Illuminate/Routing/Controller.php(54): App\\Http\\Controllers\\Api\\DashboardApiController->summary()
#14 /var/www/html/laundryApp/vendor/laravel/framework/src/Illuminate/Routing/ControllerDispatcher.php(43): Illuminate\\Routing\\Controller->callAction()
#15 /var/www/html/laundryApp/vendor/laravel/framework/src/Illuminate/Routing/Route.php(259): Illuminate\\Routing\\ControllerDispatcher->dispatch()
#16 /var/www/html/laundryApp/vendor/laravel/framework/src/Illuminate/Routing/Route.php(205): Illuminate\\Routing\\Route->runController()
#17 /var/www/html/laundryApp/vendor/laravel/framework/src/Illuminate/Routing/Router.php(806): Illuminate\\Routing\\Route->run()
#18 /var/www/html/laundryApp/vendor/laravel/framework/src/Illuminate/Pipeline/Pipeline.php(144): Illuminate\\Routing\\Router->Illuminate\\Routing\\{closure}()
#19 /var/www/html/laundryApp/vendor/laravel/framework/src/Illuminate/Routing/Middleware/SubstituteBindings.php(50): Illuminate\\Pipeline\\Pipeline->Illuminate\\Pipeline\\{closure}()
#20 /var/www/html/laundryApp/vendor/laravel/framework/src/Illuminate/Pipeline/Pipeline.php(183): Illuminate\\Routing\\Middleware\\SubstituteBindings->handle()
#21 /var/www/html/laundryApp/vendor/laravel/framework/src/Illuminate/Routing/Middleware/ThrottleRequests.php(159): Illuminate\\Pipeline\\Pipeline->Illuminate\\Pipeline\\{closure}()
#22 /var/www/html/laundryApp/vendor/laravel/framework/src/Illuminate/Routing/Middleware/ThrottleRequests.php(125): Illuminate\\Routing\\Middleware\\ThrottleRequests->handleRequest()
#23 /var/www/html/laundryApp/vendor/laravel/framework/src/Illuminate/Routing/Middleware/ThrottleRequests.php(87): Illuminate\\Routing\\Middleware\\ThrottleRequests->handleRequestUsingNamedLimiter()
#24 /var/www/html/laundryApp/vendor/laravel/framework/src/Illuminate/Pipeline/Pipeline.php(183): Illuminate\\Routing\\Middleware\\ThrottleRequests->handle()
#25 /var/www/html/laundryApp/vendor/laravel/framework/src/Illuminate/Auth/Middleware/Authenticate.php(57): Illuminate\\Pipeline\\Pipeline->Illuminate\\Pipeline\\{closure}()
#26 /var/www/html/laundryApp/vendor/laravel/framework/src/Illuminate/Pipeline/Pipeline.php(183): Illuminate\\Auth\\Middleware\\Authenticate->handle()
#27 /var/www/html/laundryApp/vendor/laravel/sanctum/src/Http/Middleware/EnsureFrontendRequestsAreStateful.php(25): Illuminate\\Pipeline\\Pipeline->Illuminate\\Pipeline\\{closure}()
#28 /var/www/html/laundryApp/vendor/laravel/framework/src/Illuminate/Pipeline/Pipeline.php(144): Laravel\\Sanctum\\Http\\Middleware\\EnsureFrontendRequestsAreStateful->Laravel\\Sanctum\\Http\\Middleware\\{closure}()
#29 /var/www/html/laundryApp/vendor/laravel/framework/src/Illuminate/Pipeline/Pipeline.php(119): Illuminate\\Pipeline\\Pipeline->Illuminate\\Pipeline\\{closure}()
#30 /var/www/html/laundryApp/vendor/laravel/sanctum/src/Http/Middleware/EnsureFrontendRequestsAreStateful.php(24): Illuminate\\Pipeline\\Pipeline->then()
#31 /var/www/html/laundryApp/vendor/laravel/framework/src/Illuminate/Pipeline/Pipeline.php(183): Laravel\\Sanctum\\Http\\Middleware\\EnsureFrontendRequestsAreStateful->handle()
#32 /var/www/html/laundryApp/vendor/laravel/framework/src/Illuminate/Pipeline/Pipeline.php(119): Illuminate\\Pipeline\\Pipeline->Illuminate\\Pipeline\\{closure}()
#33 /var/www/html/laundryApp/vendor/laravel/framework/src/Illuminate/Routing/Router.php(805): Illuminate\\Pipeline\\Pipeline->then()
#34 /var/www/html/laundryApp/vendor/laravel/framework/src/Illuminate/Routing/Router.php(784): Illuminate\\Routing\\Router->runRouteWithinStack()
#35 /var/www/html/laundryApp/vendor/laravel/framework/src/Illuminate/Routing/Router.php(748): Illuminate\\Routing\\Router->runRoute()
#36 /var/www/html/laundryApp/vendor/laravel/framework/src/Illuminate/Routing/Router.php(737): Illuminate\\Routing\\Router->dispatchToRoute()
#37 /var/www/html/laundryApp/vendor/laravel/framework/src/Illuminate/Foundation/Http/Kernel.php(200): Illuminate\\Routing\\Router->dispatch()
#38 /var/www/html/laundryApp/vendor/laravel/framework/src/Illuminate/Pipeline/Pipeline.php(144): Illuminate\\Foundation\\Http\\Kernel->Illuminate\\Foundation\\Http\\{closure}()
#39 /var/www/html/laundryApp/vendor/laravel/framework/src/Illuminate/Foundation/Http/Middleware/TransformsRequest.php(21): Illuminate\\Pipeline\\Pipeline->Illuminate\\Pipeline\\{closure}()
#40 /var/www/html/laundryApp/vendor/laravel/framework/src/Illuminate/Foundation/Http/Middleware/ConvertEmptyStringsToNull.php(31): Illuminate\\Foundation\\Http\\Middleware\\TransformsRequest->handle()
#41 /var/www/html/laundryApp/vendor/laravel/framework/src/Illuminate/Pipeline/Pipeline.php(183): Illuminate\\Foundation\\Http\\Middleware\\ConvertEmptyStringsToNull->handle()
#42 /var/www/html/laundryApp/vendor/laravel/framework/src/Illuminate/Foundation/Http/Middleware/TransformsRequest.php(21): Illuminate\\Pipeline\\Pipeline->Illuminate\\Pipeline\\{closure}()
#43 /var/www/html/laundryApp/vendor/laravel/framework/src/Illuminate/Foundation/Http/Middleware/TrimStrings.php(40): Illuminate\\Foundation\\Http\\Middleware\\TransformsRequest->handle()
#44 /var/www/html/laundryApp/vendor/laravel/framework/src/Illuminate/Pipeline/Pipeline.php(183): Illuminate\\Foundation\\Http\\Middleware\\TrimStrings->handle()
#45 /var/www/html/laundryApp/vendor/laravel/framework/src/Illuminate/Foundation/Http/Middleware/ValidatePostSize.php(27): Illuminate\\Pipeline\\Pipeline->Illuminate\\Pipeline\\{closure}()
#46 /var/www/html/laundryApp/vendor/laravel/framework/src/Illuminate/Pipeline/Pipeline.php(183): Illuminate\\Foundation\\Http\\Middleware\\ValidatePostSize->handle()
#47 /var/www/html/laundryApp/vendor/laravel/framework/src/Illuminate/Foundation/Http/Middleware/PreventRequestsDuringMaintenance.php(99): Illuminate\\Pipeline\\Pipeline->Illuminate\\Pipeline\\{closure}()
#48 /var/www/html/laundryApp/vendor/laravel/framework/src/Illuminate/Pipeline/Pipeline.php(183): Illuminate\\Foundation\\Http\\Middleware\\PreventRequestsDuringMaintenance->handle()
#49 /var/www/html/laundryApp/vendor/laravel/framework/src/Illuminate/Http/Middleware/HandleCors.php(62): Illuminate\\Pipeline\\Pipeline->Illuminate\\Pipeline\\{closure}()
#50 /var/www/html/laundryApp/vendor/laravel/framework/src/Illuminate/Pipeline/Pipeline.php(183): Illuminate\\Http\\Middleware\\HandleCors->handle()
#51 /var/www/html/laundryApp/vendor/laravel/framework/src/Illuminate/Http/Middleware/TrustProxies.php(39): Illuminate\\Pipeline\\Pipeline->Illuminate\\Pipeline\\{closure}()
#52 /var/www/html/laundryApp/vendor/laravel/framework/src/Illuminate/Pipeline/Pipeline.php(183): Illuminate\\Http\\Middleware\\TrustProxies->handle()
#53 /var/www/html/laundryApp/vendor/laravel/framework/src/Illuminate/Pipeline/Pipeline.php(119): Illuminate\\Pipeline\\Pipeline->Illuminate\\Pipeline\\{closure}()
#54 /var/www/html/laundryApp/vendor/laravel/framework/src/Illuminate/Foundation/Http/Kernel.php(175): Illuminate\\Pipeline\\Pipeline->then()
#55 /var/www/html/laundryApp/vendor/laravel/framework/src/Illuminate/Foundation/Http/Kernel.php(144): Illuminate\\Foundation\\Http\\Kernel->sendRequestThroughRouter()
#56 /var/www/html/laundryApp/public/index.php(51): Illuminate\\Foundation\\Http\\Kernel->handle()
#57 /var/www/html/laundryApp/vendor/laravel/framework/src/Illuminate/Foundation/resources/server.php(16): require_once('...')
#58 {main}

[previous exception] [object] (PDOException(code: 42S02): SQLSTATE[42S02]: Base table or view not found: 1146 Table 'loundry_app.product_process_history' doesn't exist at /var/www/html/laundryApp/vendor/laravel/framework/src/Illuminate/Database/Connection.php:423)
[stacktrace]
#0 /var/www/html/laundryApp/vendor/laravel/framework/src/Illuminate/Database/Connection.php(423): PDO->prepare()
#1 /var/www/html/laundryApp/vendor/laravel/framework/src/Illuminate/Database/Connection.php(816): Illuminate\\Database\\Connection->Illuminate\\Database\\{closure}()
#2 /var/www/html/laundryApp/vendor/laravel/framework/src/Illuminate/Database/Connection.php(783): Illuminate\\Database\\Connection->runQueryCallback()
#3 /var/www/html/laundryApp/vendor/laravel/framework/src/Illuminate/Database/Connection.php(414): Illuminate\\Database\\Connection->run()
#4 /var/www/html/laundryApp/vendor/laravel/framework/src/Illuminate/Database/Query/Builder.php(2913): Illuminate\\Database\\Connection->select()
#5 /var/www/html/laundryApp/vendor/laravel/framework/src/Illuminate/Database/Query/Builder.php(2902): Illuminate\\Database\\Query\\Builder->runSelect()
#6 /var/www/html/laundryApp/vendor/laravel/framework/src/Illuminate/Database/Query/Builder.php(3456): Illuminate\\Database\\Query\\Builder->Illuminate\\Database\\Query\\{closure}()
#7 /var/www/html/laundryApp/vendor/laravel/framework/src/Illuminate/Database/Query/Builder.php(2901): Illuminate\\Database\\Query\\Builder->onceWithColumns()
#8 /var/www/html/laundryApp/vendor/laravel/framework/src/Illuminate/Database/Query/Builder.php(3383): Illuminate\\Database\\Query\\Builder->get()
#9 /var/www/html/laundryApp/vendor/laravel/framework/src/Illuminate/Database/Query/Builder.php(3311): Illuminate\\Database\\Query\\Builder->aggregate()
#10 /var/www/html/laundryApp/app/Http/Controllers/Api/DashboardApiController.php(74): Illuminate\\Database\\Query\\Builder->count()
#11 /var/www/html/laundryApp/vendor/laravel/framework/src/Illuminate/Cache/Repository.php(396): App\\Http\\Controllers\\Api\\DashboardApiController->App\\Http\\Controllers\\Api\\{closure}()
#12 /var/www/html/laundryApp/vendor/laravel/framework/src/Illuminate/Cache/CacheManager.php(429): Illuminate\\Cache\\Repository->remember()
#13 /var/www/html/laundryApp/vendor/laravel/framework/src/Illuminate/Support/Facades/Facade.php(355): Illuminate\\Cache\\CacheManager->__call()
#14 /var/www/html/laundryApp/app/Http/Controllers/Api/DashboardApiController.php(42): Illuminate\\Support\\Facades\\Facade::__callStatic()
#15 /var/www/html/laundryApp/vendor/laravel/framework/src/Illuminate/Routing/Controller.php(54): App\\Http\\Controllers\\Api\\DashboardApiController->summary()
#16 /var/www/html/laundryApp/vendor/laravel/framework/src/Illuminate/Routing/ControllerDispatcher.php(43): Illuminate\\Routing\\Controller->callAction()
#17 /var/www/html/laundryApp/vendor/laravel/framework/src/Illuminate/Routing/Route.php(259): Illuminate\\Routing\\ControllerDispatcher->dispatch()
#18 /var/www/html/laundryApp/vendor/laravel/framework/src/Illuminate/Routing/Route.php(205): Illuminate\\Routing\\Route->runController()
#19 /var/www/html/laundryApp/vendor/laravel/framework/src/Illuminate/Routing/Router.php(806): Illuminate\\Routing\\Route->run()
#20 /var/www/html/laundryApp/vendor/laravel/framework/src/Illuminate/Pipeline/Pipeline.php(144): Illuminate\\Routing\\Router->Illuminate\\Routing\\{closure}()
#21 /var/www/html/laundryApp/vendor/laravel/framework/src/Illuminate/Routing/Middleware/SubstituteBindings.php(50): Illuminate\\Pipeline\\Pipeline->Illuminate\\Pipeline\\{closure}()
#22 /var/www/html/laundryApp/vendor/laravel/framework/src/Illuminate/Pipeline/Pipeline.php(183): Illuminate\\Routing\\Middleware\\SubstituteBindings->handle()
#23 /var/www/html/laundryApp/vendor/laravel/framework/src/Illuminate/Routing/Middleware/ThrottleRequests.php(159): Illuminate\\Pipeline\\Pipeline->Illuminate\\Pipeline\\{closure}()
#24 /var/www/html/laundryApp/vendor/laravel/framework/src/Illuminate/Routing/Middleware/ThrottleRequests.php(125): Illuminate\\Routing\\Middleware\\ThrottleRequests->handleRequest()
#25 /var/www/html/laundryApp/vendor/laravel/framework/src/Illuminate/Routing/Middleware/ThrottleRequests.php(87): Illuminate\\Routing\\Middleware\\ThrottleRequests->handleRequestUsingNamedLimiter()
#26 /var/www/html/laundryApp/vendor/laravel/framework/src/Illuminate/Pipeline/Pipeline.php(183): Illuminate\\Routing\\Middleware\\ThrottleRequests->handle()
#27 /var/www/html/laundryApp/vendor/laravel/framework/src/Illuminate/Auth/Middleware/Authenticate.php(57): Illuminate\\Pipeline\\Pipeline->Illuminate\\Pipeline\\{closure}()
#28 /var/www/html/laundryApp/vendor/laravel/framework/src/Illuminate/Pipeline/Pipeline.php(183): Illuminate\\Auth\\Middleware\\Authenticate->handle()
#29 /var/www/html/laundryApp/vendor/laravel/sanctum/src/Http/Middleware/EnsureFrontendRequestsAreStateful.php(25): Illuminate\\Pipeline\\Pipeline->Illuminate\\Pipeline\\{closure}()
#30 /var/www/html/laundryApp/vendor/laravel/framework/src/Illuminate/Pipeline/Pipeline.php(144): Laravel\\Sanctum\\Http\\Middleware\\EnsureFrontendRequestsAreStateful->Laravel\\Sanctum\\Http\\Middleware\\{closure}()
#31 /var/www/html/laundryApp/vendor/laravel/framework/src/Illuminate/Pipeline/Pipeline.php(119): Illuminate\\Pipeline\\Pipeline->Illuminate\\Pipeline\\{closure}()
#32 /var/www/html/laundryApp/vendor/laravel/sanctum/src/Http/Middleware/EnsureFrontendRequestsAreStateful.php(24): Illuminate\\Pipeline\\Pipeline->then()
#33 /var/www/html/laundryApp/vendor/laravel/framework/src/Illuminate/Pipeline/Pipeline.php(183): Laravel\\Sanctum\\Http\\Middleware\\EnsureFrontendRequestsAreStateful->handle()
#34 /var/www/html/laundryApp/vendor/laravel/framework/src/Illuminate/Pipeline/Pipeline.php(119): Illuminate\\Pipeline\\Pipeline->Illuminate\\Pipeline\\{closure}()
#35 /var/www/html/laundryApp/vendor/laravel/framework/src/Illuminate/Routing/Router.php(805): Illuminate\\Pipeline\\Pipeline->then()
#36 /var/www/html/laundryApp/vendor/laravel/framework/src/Illuminate/Routing/Router.php(784): Illuminate\\Routing\\Router->runRouteWithinStack()
#37 /var/www/html/laundryApp/vendor/laravel/framework/src/Illuminate/Routing/Router.php(748): Illuminate\\Routing\\Router->runRoute()
#38 /var/www/html/laundryApp/vendor/laravel/framework/src/Illuminate/Routing/Router.php(737): Illuminate\\Routing\\Router->dispatchToRoute()
#39 /var/www/html/laundryApp/vendor/laravel/framework/src/Illuminate/Foundation/Http/Kernel.php(200): Illuminate\\Routing\\Router->dispatch()
#40 /var/www/html/laundryApp/vendor/laravel/framework/src/Illuminate/Pipeline/Pipeline.php(144): Illuminate\\Foundation\\Http\\Kernel->Illuminate\\Foundation\\Http\\{closure}()
#41 /var/www/html/laundryApp/vendor/laravel/framework/src/Illuminate/Foundation/Http/Middleware/TransformsRequest.php(21): Illuminate\\Pipeline\\Pipeline->Illuminate\\Pipeline\\{closure}()
#42 /var/www/html/laundryApp/vendor/laravel/framework/src/Illuminate/Foundation/Http/Middleware/ConvertEmptyStringsToNull.php(31): Illuminate\\Foundation\\Http\\Middleware\\TransformsRequest->handle()
#43 /var/www/html/laundryApp/vendor/laravel/framework/src/Illuminate/Pipeline/Pipeline.php(183): Illuminate\\Foundation\\Http\\Middleware\\ConvertEmptyStringsToNull->handle()
#44 /var/www/html/laundryApp/vendor/laravel/framework/src/Illuminate/Foundation/Http/Middleware/TransformsRequest.php(21): Illuminate\\Pipeline\\Pipeline->Illuminate\\Pipeline\\{closure}()
#45 /var/www/html/laundryApp/vendor/laravel/framework/src/Illuminate/Foundation/Http/Middleware/TrimStrings.php(40): Illuminate\\Foundation\\Http\\Middleware\\TransformsRequest->handle()
#46 /var/www/html/laundryApp/vendor/laravel/framework/src/Illuminate/Pipeline/Pipeline.php(183): Illuminate\\Foundation\\Http\\Middleware\\TrimStrings->handle()
#47 /var/www/html/laundryApp/vendor/laravel/framework/src/Illuminate/Foundation/Http/Middleware/ValidatePostSize.php(27): Illuminate\\Pipeline\\Pipeline->Illuminate\\Pipeline\\{closure}()
#48 /var/www/html/laundryApp/vendor/laravel/framework/src/Illuminate/Pipeline/Pipeline.php(183): Illuminate\\Foundation\\Http\\Middleware\\ValidatePostSize->handle()
#49 /var/www/html/laundryApp/vendor/laravel/framework/src/Illuminate/Foundation/Http/Middleware/PreventRequestsDuringMaintenance.php(99): Illuminate\\Pipeline\\Pipeline->Illuminate\\Pipeline\\{closure}()
#50 /var/www/html/laundryApp/vendor/laravel/framework/src/Illuminate/Pipeline/Pipeline.php(183): Illuminate\\Foundation\\Http\\Middleware\\PreventRequestsDuringMaintenance->handle()
#51 /var/www/html/laundryApp/vendor/laravel/framework/src/Illuminate/Http/Middleware/HandleCors.php(62): Illuminate\\Pipeline\\Pipeline->Illuminate\\Pipeline\\{closure}()
#52 /var/www/html/laundryApp/vendor/laravel/framework/src/Illuminate/Pipeline/Pipeline.php(183): Illuminate\\Http\\Middleware\\HandleCors->handle()
#53 /var/www/html/laundryApp/vendor/laravel/framework/src/Illuminate/Http/Middleware/TrustProxies.php(39): Illuminate\\Pipeline\\Pipeline->Illuminate\\Pipeline\\{closure}()
#54 /var/www/html/laundryApp/vendor/laravel/framework/src/Illuminate/Pipeline/Pipeline.php(183): Illuminate\\Http\\Middleware\\TrustProxies->handle()
#55 /var/www/html/laundryApp/vendor/laravel/framework/src/Illuminate/Pipeline/Pipeline.php(119): Illuminate\\Pipeline\\Pipeline->Illuminate\\Pipeline\\{closure}()
#56 /var/www/html/laundryApp/vendor/laravel/framework/src/Illuminate/Foundation/Http/Kernel.php(175): Illuminate\\Pipeline\\Pipeline->then()
#57 /var/www/html/laundryApp/vendor/laravel/framework/src/Illuminate/Foundation/Http/Kernel.php(144): Illuminate\\Foundation\\Http\\Kernel->sendRequestThroughRouter()
#58 /var/www/html/laundryApp/public/index.php(51): Illuminate\\Foundation\\Http\\Kernel->handle()
#59 /var/www/html/laundryApp/vendor/laravel/framework/src/Illuminate/Foundation/resources/server.php(16): require_once('...')
#60 {main}
"} 
[2025-12-05 19:56:44] local.ERROR: SQLSTATE[42S02]: Base table or view not found: 1146 Table 'loundry_app.product_process_history' doesn't exist (Connection: mysql, SQL: select count(*) as aggregate from (select `h`.`product_id`, `h`.`status`, `h`.`stages`, `h`.`changed_at` from `product_process_history` as `h` inner join (SELECT product_id, MAX(changed_at) as latest_change 
                             FROM product_process_history 
                             GROUP BY product_id) latest on `h`.`product_id` = `latest`.`product_id` and `h`.`changed_at` = `latest`.`latest_change` inner join `rfid_tags` as `p` on `h`.`product_id` = `p`.`id` where `p`.`location_id` = 3) as t where `t`.`changed_at` between 2025-12-05 00:00:00 and 2025-12-05 23:59:59 and `t`.`status` = FAIL) {"userId":51,"exception":"[object] (Illuminate\\Database\\QueryException(code: 42S02): SQLSTATE[42S02]: Base table or view not found: 1146 Table 'loundry_app.product_process_history' doesn't exist (Connection: mysql, SQL: select count(*) as aggregate from (select `h`.`product_id`, `h`.`status`, `h`.`stages`, `h`.`changed_at` from `product_process_history` as `h` inner join (SELECT product_id, MAX(changed_at) as latest_change 
                             FROM product_process_history 
                             GROUP BY product_id) latest on `h`.`product_id` = `latest`.`product_id` and `h`.`changed_at` = `latest`.`latest_change` inner join `rfid_tags` as `p` on `h`.`product_id` = `p`.`id` where `p`.`location_id` = 3) as t where `t`.`changed_at` between 2025-12-05 00:00:00 and 2025-12-05 23:59:59 and `t`.`status` = FAIL) at /var/www/html/laundryApp/vendor/laravel/framework/src/Illuminate/Database/Connection.php:829)
[stacktrace]
#0 /var/www/html/laundryApp/vendor/laravel/framework/src/Illuminate/Database/Connection.php(783): Illuminate\\Database\\Connection->runQueryCallback()
#1 /var/www/html/laundryApp/vendor/laravel/framework/src/Illuminate/Database/Connection.php(414): Illuminate\\Database\\Connection->run()
#2 /var/www/html/laundryApp/vendor/laravel/framework/src/Illuminate/Database/Query/Builder.php(2913): Illuminate\\Database\\Connection->select()
#3 /var/www/html/laundryApp/vendor/laravel/framework/src/Illuminate/Database/Query/Builder.php(2902): Illuminate\\Database\\Query\\Builder->runSelect()
#4 /var/www/html/laundryApp/vendor/laravel/framework/src/Illuminate/Database/Query/Builder.php(3456): Illuminate\\Database\\Query\\Builder->Illuminate\\Database\\Query\\{closure}()
#5 /var/www/html/laundryApp/vendor/laravel/framework/src/Illuminate/Database/Query/Builder.php(2901): Illuminate\\Database\\Query\\Builder->onceWithColumns()
#6 /var/www/html/laundryApp/vendor/laravel/framework/src/Illuminate/Database/Query/Builder.php(3383): Illuminate\\Database\\Query\\Builder->get()
#7 /var/www/html/laundryApp/vendor/laravel/framework/src/Illuminate/Database/Query/Builder.php(3311): Illuminate\\Database\\Query\\Builder->aggregate()
#8 /var/www/html/laundryApp/app/Http/Controllers/Api/DashboardApiController.php(74): Illuminate\\Database\\Query\\Builder->count()
#9 /var/www/html/laundryApp/vendor/laravel/framework/src/Illuminate/Cache/Repository.php(396): App\\Http\\Controllers\\Api\\DashboardApiController->App\\Http\\Controllers\\Api\\{closure}()
#10 /var/www/html/laundryApp/vendor/laravel/framework/src/Illuminate/Cache/CacheManager.php(429): Illuminate\\Cache\\Repository->remember()
#11 /var/www/html/laundryApp/vendor/laravel/framework/src/Illuminate/Support/Facades/Facade.php(355): Illuminate\\Cache\\CacheManager->__call()
#12 /var/www/html/laundryApp/app/Http/Controllers/Api/DashboardApiController.php(42): Illuminate\\Support\\Facades\\Facade::__callStatic()
#13 /var/www/html/laundryApp/vendor/laravel/framework/src/Illuminate/Routing/Controller.php(54): App\\Http\\Controllers\\Api\\DashboardApiController->summary()
#14 /var/www/html/laundryApp/vendor/laravel/framework/src/Illuminate/Routing/ControllerDispatcher.php(43): Illuminate\\Routing\\Controller->callAction()
#15 /var/www/html/laundryApp/vendor/laravel/framework/src/Illuminate/Routing/Route.php(259): Illuminate\\Routing\\ControllerDispatcher->dispatch()
#16 /var/www/html/laundryApp/vendor/laravel/framework/src/Illuminate/Routing/Route.php(205): Illuminate\\Routing\\Route->runController()
#17 /var/www/html/laundryApp/vendor/laravel/framework/src/Illuminate/Routing/Router.php(806): Illuminate\\Routing\\Route->run()
#18 /var/www/html/laundryApp/vendor/laravel/framework/src/Illuminate/Pipeline/Pipeline.php(144): Illuminate\\Routing\\Router->Illuminate\\Routing\\{closure}()
#19 /var/www/html/laundryApp/vendor/laravel/framework/src/Illuminate/Routing/Middleware/SubstituteBindings.php(50): Illuminate\\Pipeline\\Pipeline->Illuminate\\Pipeline\\{closure}()
#20 /var/www/html/laundryApp/vendor/laravel/framework/src/Illuminate/Pipeline/Pipeline.php(183): Illuminate\\Routing\\Middleware\\SubstituteBindings->handle()
#21 /var/www/html/laundryApp/vendor/laravel/framework/src/Illuminate/Routing/Middleware/ThrottleRequests.php(159): Illuminate\\Pipeline\\Pipeline->Illuminate\\Pipeline\\{closure}()
#22 /var/www/html/laundryApp/vendor/laravel/framework/src/Illuminate/Routing/Middleware/ThrottleRequests.php(125): Illuminate\\Routing\\Middleware\\ThrottleRequests->handleRequest()
#23 /var/www/html/laundryApp/vendor/laravel/framework/src/Illuminate/Routing/Middleware/ThrottleRequests.php(87): Illuminate\\Routing\\Middleware\\ThrottleRequests->handleRequestUsingNamedLimiter()
#24 /var/www/html/laundryApp/vendor/laravel/framework/src/Illuminate/Pipeline/Pipeline.php(183): Illuminate\\Routing\\Middleware\\ThrottleRequests->handle()
#25 /var/www/html/laundryApp/vendor/laravel/framework/src/Illuminate/Auth/Middleware/Authenticate.php(57): Illuminate\\Pipeline\\Pipeline->Illuminate\\Pipeline\\{closure}()
#26 /var/www/html/laundryApp/vendor/laravel/framework/src/Illuminate/Pipeline/Pipeline.php(183): Illuminate\\Auth\\Middleware\\Authenticate->handle()
#27 /var/www/html/laundryApp/vendor/laravel/sanctum/src/Http/Middleware/EnsureFrontendRequestsAreStateful.php(25): Illuminate\\Pipeline\\Pipeline->Illuminate\\Pipeline\\{closure}()
#28 /var/www/html/laundryApp/vendor/laravel/framework/src/Illuminate/Pipeline/Pipeline.php(144): Laravel\\Sanctum\\Http\\Middleware\\EnsureFrontendRequestsAreStateful->Laravel\\Sanctum\\Http\\Middleware\\{closure}()
#29 /var/www/html/laundryApp/vendor/laravel/framework/src/Illuminate/Pipeline/Pipeline.php(119): Illuminate\\Pipeline\\Pipeline->Illuminate\\Pipeline\\{closure}()
#30 /var/www/html/laundryApp/vendor/laravel/sanctum/src/Http/Middleware/EnsureFrontendRequestsAreStateful.php(24): Illuminate\\Pipeline\\Pipeline->then()
#31 /var/www/html/laundryApp/vendor/laravel/framework/src/Illuminate/Pipeline/Pipeline.php(183): Laravel\\Sanctum\\Http\\Middleware\\EnsureFrontendRequestsAreStateful->handle()
#32 /var/www/html/laundryApp/vendor/laravel/framework/src/Illuminate/Pipeline/Pipeline.php(119): Illuminate\\Pipeline\\Pipeline->Illuminate\\Pipeline\\{closure}()
#33 /var/www/html/laundryApp/vendor/laravel/framework/src/Illuminate/Routing/Router.php(805): Illuminate\\Pipeline\\Pipeline->then()
#34 /var/www/html/laundryApp/vendor/laravel/framework/src/Illuminate/Routing/Router.php(784): Illuminate\\Routing\\Router->runRouteWithinStack()
#35 /var/www/html/laundryApp/vendor/laravel/framework/src/Illuminate/Routing/Router.php(748): Illuminate\\Routing\\Router->runRoute()
#36 /var/www/html/laundryApp/vendor/laravel/framework/src/Illuminate/Routing/Router.php(737): Illuminate\\Routing\\Router->dispatchToRoute()
#37 /var/www/html/laundryApp/vendor/laravel/framework/src/Illuminate/Foundation/Http/Kernel.php(200): Illuminate\\Routing\\Router->dispatch()
#38 /var/www/html/laundryApp/vendor/laravel/framework/src/Illuminate/Pipeline/Pipeline.php(144): Illuminate\\Foundation\\Http\\Kernel->Illuminate\\Foundation\\Http\\{closure}()
#39 /var/www/html/laundryApp/vendor/laravel/framework/src/Illuminate/Foundation/Http/Middleware/TransformsRequest.php(21): Illuminate\\Pipeline\\Pipeline->Illuminate\\Pipeline\\{closure}()
#40 /var/www/html/laundryApp/vendor/laravel/framework/src/Illuminate/Foundation/Http/Middleware/ConvertEmptyStringsToNull.php(31): Illuminate\\Foundation\\Http\\Middleware\\TransformsRequest->handle()
#41 /var/www/html/laundryApp/vendor/laravel/framework/src/Illuminate/Pipeline/Pipeline.php(183): Illuminate\\Foundation\\Http\\Middleware\\ConvertEmptyStringsToNull->handle()
#42 /var/www/html/laundryApp/vendor/laravel/framework/src/Illuminate/Foundation/Http/Middleware/TransformsRequest.php(21): Illuminate\\Pipeline\\Pipeline->Illuminate\\Pipeline\\{closure}()
#43 /var/www/html/laundryApp/vendor/laravel/framework/src/Illuminate/Foundation/Http/Middleware/TrimStrings.php(40): Illuminate\\Foundation\\Http\\Middleware\\TransformsRequest->handle()
#44 /var/www/html/laundryApp/vendor/laravel/framework/src/Illuminate/Pipeline/Pipeline.php(183): Illuminate\\Foundation\\Http\\Middleware\\TrimStrings->handle()
#45 /var/www/html/laundryApp/vendor/laravel/framework/src/Illuminate/Foundation/Http/Middleware/ValidatePostSize.php(27): Illuminate\\Pipeline\\Pipeline->Illuminate\\Pipeline\\{closure}()
#46 /var/www/html/laundryApp/vendor/laravel/framework/src/Illuminate/Pipeline/Pipeline.php(183): Illuminate\\Foundation\\Http\\Middleware\\ValidatePostSize->handle()
#47 /var/www/html/laundryApp/vendor/laravel/framework/src/Illuminate/Foundation/Http/Middleware/PreventRequestsDuringMaintenance.php(99): Illuminate\\Pipeline\\Pipeline->Illuminate\\Pipeline\\{closure}()
#48 /var/www/html/laundryApp/vendor/laravel/framework/src/Illuminate/Pipeline/Pipeline.php(183): Illuminate\\Foundation\\Http\\Middleware\\PreventRequestsDuringMaintenance->handle()
#49 /var/www/html/laundryApp/vendor/laravel/framework/src/Illuminate/Http/Middleware/HandleCors.php(62): Illuminate\\Pipeline\\Pipeline->Illuminate\\Pipeline\\{closure}()
#50 /var/www/html/laundryApp/vendor/laravel/framework/src/Illuminate/Pipeline/Pipeline.php(183): Illuminate\\Http\\Middleware\\HandleCors->handle()
#51 /var/www/html/laundryApp/vendor/laravel/framework/src/Illuminate/Http/Middleware/TrustProxies.php(39): Illuminate\\Pipeline\\Pipeline->Illuminate\\Pipeline\\{closure}()
#52 /var/www/html/laundryApp/vendor/laravel/framework/src/Illuminate/Pipeline/Pipeline.php(183): Illuminate\\Http\\Middleware\\TrustProxies->handle()
#53 /var/www/html/laundryApp/vendor/laravel/framework/src/Illuminate/Pipeline/Pipeline.php(119): Illuminate\\Pipeline\\Pipeline->Illuminate\\Pipeline\\{closure}()
#54 /var/www/html/laundryApp/vendor/laravel/framework/src/Illuminate/Foundation/Http/Kernel.php(175): Illuminate\\Pipeline\\Pipeline->then()
#55 /var/www/html/laundryApp/vendor/laravel/framework/src/Illuminate/Foundation/Http/Kernel.php(144): Illuminate\\Foundation\\Http\\Kernel->sendRequestThroughRouter()
#56 /var/www/html/laundryApp/public/index.php(51): Illuminate\\Foundation\\Http\\Kernel->handle()
#57 /var/www/html/laundryApp/vendor/laravel/framework/src/Illuminate/Foundation/resources/server.php(16): require_once('...')
#58 {main}

[previous exception] [object] (PDOException(code: 42S02): SQLSTATE[42S02]: Base table or view not found: 1146 Table 'loundry_app.product_process_history' doesn't exist at /var/www/html/laundryApp/vendor/laravel/framework/src/Illuminate/Database/Connection.php:423)
[stacktrace]
#0 /var/www/html/laundryApp/vendor/laravel/framework/src/Illuminate/Database/Connection.php(423): PDO->prepare()
#1 /var/www/html/laundryApp/vendor/laravel/framework/src/Illuminate/Database/Connection.php(816): Illuminate\\Database\\Connection->Illuminate\\Database\\{closure}()
#2 /var/www/html/laundryApp/vendor/laravel/framework/src/Illuminate/Database/Connection.php(783): Illuminate\\Database\\Connection->runQueryCallback()
#3 /var/www/html/laundryApp/vendor/laravel/framework/src/Illuminate/Database/Connection.php(414): Illuminate\\Database\\Connection->run()
#4 /var/www/html/laundryApp/vendor/laravel/framework/src/Illuminate/Database/Query/Builder.php(2913): Illuminate\\Database\\Connection->select()
#5 /var/www/html/laundryApp/vendor/laravel/framework/src/Illuminate/Database/Query/Builder.php(2902): Illuminate\\Database\\Query\\Builder->runSelect()
#6 /var/www/html/laundryApp/vendor/laravel/framework/src/Illuminate/Database/Query/Builder.php(3456): Illuminate\\Database\\Query\\Builder->Illuminate\\Database\\Query\\{closure}()
#7 /var/www/html/laundryApp/vendor/laravel/framework/src/Illuminate/Database/Query/Builder.php(2901): Illuminate\\Database\\Query\\Builder->onceWithColumns()
#8 /var/www/html/laundryApp/vendor/laravel/framework/src/Illuminate/Database/Query/Builder.php(3383): Illuminate\\Database\\Query\\Builder->get()
#9 /var/www/html/laundryApp/vendor/laravel/framework/src/Illuminate/Database/Query/Builder.php(3311): Illuminate\\Database\\Query\\Builder->aggregate()
#10 /var/www/html/laundryApp/app/Http/Controllers/Api/DashboardApiController.php(74): Illuminate\\Database\\Query\\Builder->count()
#11 /var/www/html/laundryApp/vendor/laravel/framework/src/Illuminate/Cache/Repository.php(396): App\\Http\\Controllers\\Api\\DashboardApiController->App\\Http\\Controllers\\Api\\{closure}()
#12 /var/www/html/laundryApp/vendor/laravel/framework/src/Illuminate/Cache/CacheManager.php(429): Illuminate\\Cache\\Repository->remember()
#13 /var/www/html/laundryApp/vendor/laravel/framework/src/Illuminate/Support/Facades/Facade.php(355): Illuminate\\Cache\\CacheManager->__call()
#14 /var/www/html/laundryApp/app/Http/Controllers/Api/DashboardApiController.php(42): Illuminate\\Support\\Facades\\Facade::__callStatic()
#15 /var/www/html/laundryApp/vendor/laravel/framework/src/Illuminate/Routing/Controller.php(54): App\\Http\\Controllers\\Api\\DashboardApiController->summary()
#16 /var/www/html/laundryApp/vendor/laravel/framework/src/Illuminate/Routing/ControllerDispatcher.php(43): Illuminate\\Routing\\Controller->callAction()
#17 /var/www/html/laundryApp/vendor/laravel/framework/src/Illuminate/Routing/Route.php(259): Illuminate\\Routing\\ControllerDispatcher->dispatch()
#18 /var/www/html/laundryApp/vendor/laravel/framework/src/Illuminate/Routing/Route.php(205): Illuminate\\Routing\\Route->runController()
#19 /var/www/html/laundryApp/vendor/laravel/framework/src/Illuminate/Routing/Router.php(806): Illuminate\\Routing\\Route->run()
#20 /var/www/html/laundryApp/vendor/laravel/framework/src/Illuminate/Pipeline/Pipeline.php(144): Illuminate\\Routing\\Router->Illuminate\\Routing\\{closure}()
#21 /var/www/html/laundryApp/vendor/laravel/framework/src/Illuminate/Routing/Middleware/SubstituteBindings.php(50): Illuminate\\Pipeline\\Pipeline->Illuminate\\Pipeline\\{closure}()
#22 /var/www/html/laundryApp/vendor/laravel/framework/src/Illuminate/Pipeline/Pipeline.php(183): Illuminate\\Routing\\Middleware\\SubstituteBindings->handle()
#23 /var/www/html/laundryApp/vendor/laravel/framework/src/Illuminate/Routing/Middleware/ThrottleRequests.php(159): Illuminate\\Pipeline\\Pipeline->Illuminate\\Pipeline\\{closure}()
#24 /var/www/html/laundryApp/vendor/laravel/framework/src/Illuminate/Routing/Middleware/ThrottleRequests.php(125): Illuminate\\Routing\\Middleware\\ThrottleRequests->handleRequest()
#25 /var/www/html/laundryApp/vendor/laravel/framework/src/Illuminate/Routing/Middleware/ThrottleRequests.php(87): Illuminate\\Routing\\Middleware\\ThrottleRequests->handleRequestUsingNamedLimiter()
#26 /var/www/html/laundryApp/vendor/laravel/framework/src/Illuminate/Pipeline/Pipeline.php(183): Illuminate\\Routing\\Middleware\\ThrottleRequests->handle()
#27 /var/www/html/laundryApp/vendor/laravel/framework/src/Illuminate/Auth/Middleware/Authenticate.php(57): Illuminate\\Pipeline\\Pipeline->Illuminate\\Pipeline\\{closure}()
#28 /var/www/html/laundryApp/vendor/laravel/framework/src/Illuminate/Pipeline/Pipeline.php(183): Illuminate\\Auth\\Middleware\\Authenticate->handle()
#29 /var/www/html/laundryApp/vendor/laravel/sanctum/src/Http/Middleware/EnsureFrontendRequestsAreStateful.php(25): Illuminate\\Pipeline\\Pipeline->Illuminate\\Pipeline\\{closure}()
#30 /var/www/html/laundryApp/vendor/laravel/framework/src/Illuminate/Pipeline/Pipeline.php(144): Laravel\\Sanctum\\Http\\Middleware\\EnsureFrontendRequestsAreStateful->Laravel\\Sanctum\\Http\\Middleware\\{closure}()
#31 /var/www/html/laundryApp/vendor/laravel/framework/src/Illuminate/Pipeline/Pipeline.php(119): Illuminate\\Pipeline\\Pipeline->Illuminate\\Pipeline\\{closure}()
#32 /var/www/html/laundryApp/vendor/laravel/sanctum/src/Http/Middleware/EnsureFrontendRequestsAreStateful.php(24): Illuminate\\Pipeline\\Pipeline->then()
#33 /var/www/html/laundryApp/vendor/laravel/framework/src/Illuminate/Pipeline/Pipeline.php(183): Laravel\\Sanctum\\Http\\Middleware\\EnsureFrontendRequestsAreStateful->handle()
#34 /var/www/html/laundryApp/vendor/laravel/framework/src/Illuminate/Pipeline/Pipeline.php(119): Illuminate\\Pipeline\\Pipeline->Illuminate\\Pipeline\\{closure}()
#35 /var/www/html/laundryApp/vendor/laravel/framework/src/Illuminate/Routing/Router.php(805): Illuminate\\Pipeline\\Pipeline->then()
#36 /var/www/html/laundryApp/vendor/laravel/framework/src/Illuminate/Routing/Router.php(784): Illuminate\\Routing\\Router->runRouteWithinStack()
#37 /var/www/html/laundryApp/vendor/laravel/framework/src/Illuminate/Routing/Router.php(748): Illuminate\\Routing\\Router->runRoute()
#38 /var/www/html/laundryApp/vendor/laravel/framework/src/Illuminate/Routing/Router.php(737): Illuminate\\Routing\\Router->dispatchToRoute()
#39 /var/www/html/laundryApp/vendor/laravel/framework/src/Illuminate/Foundation/Http/Kernel.php(200): Illuminate\\Routing\\Router->dispatch()
#40 /var/www/html/laundryApp/vendor/laravel/framework/src/Illuminate/Pipeline/Pipeline.php(144): Illuminate\\Foundation\\Http\\Kernel->Illuminate\\Foundation\\Http\\{closure}()
#41 /var/www/html/laundryApp/vendor/laravel/framework/src/Illuminate/Foundation/Http/Middleware/TransformsRequest.php(21): Illuminate\\Pipeline\\Pipeline->Illuminate\\Pipeline\\{closure}()
#42 /var/www/html/laundryApp/vendor/laravel/framework/src/Illuminate/Foundation/Http/Middleware/ConvertEmptyStringsToNull.php(31): Illuminate\\Foundation\\Http\\Middleware\\TransformsRequest->handle()
#43 /var/www/html/laundryApp/vendor/laravel/framework/src/Illuminate/Pipeline/Pipeline.php(183): Illuminate\\Foundation\\Http\\Middleware\\ConvertEmptyStringsToNull->handle()
#44 /var/www/html/laundryApp/vendor/laravel/framework/src/Illuminate/Foundation/Http/Middleware/TransformsRequest.php(21): Illuminate\\Pipeline\\Pipeline->Illuminate\\Pipeline\\{closure}()
#45 /var/www/html/laundryApp/vendor/laravel/framework/src/Illuminate/Foundation/Http/Middleware/TrimStrings.php(40): Illuminate\\Foundation\\Http\\Middleware\\TransformsRequest->handle()
#46 /var/www/html/laundryApp/vendor/laravel/framework/src/Illuminate/Pipeline/Pipeline.php(183): Illuminate\\Foundation\\Http\\Middleware\\TrimStrings->handle()
#47 /var/www/html/laundryApp/vendor/laravel/framework/src/Illuminate/Foundation/Http/Middleware/ValidatePostSize.php(27): Illuminate\\Pipeline\\Pipeline->Illuminate\\Pipeline\\{closure}()
#48 /var/www/html/laundryApp/vendor/laravel/framework/src/Illuminate/Pipeline/Pipeline.php(183): Illuminate\\Foundation\\Http\\Middleware\\ValidatePostSize->handle()
#49 /var/www/html/laundryApp/vendor/laravel/framework/src/Illuminate/Foundation/Http/Middleware/PreventRequestsDuringMaintenance.php(99): Illuminate\\Pipeline\\Pipeline->Illuminate\\Pipeline\\{closure}()
#50 /var/www/html/laundryApp/vendor/laravel/framework/src/Illuminate/Pipeline/Pipeline.php(183): Illuminate\\Foundation\\Http\\Middleware\\PreventRequestsDuringMaintenance->handle()
#51 /var/www/html/laundryApp/vendor/laravel/framework/src/Illuminate/Http/Middleware/HandleCors.php(62): Illuminate\\Pipeline\\Pipeline->Illuminate\\Pipeline\\{closure}()
#52 /var/www/html/laundryApp/vendor/laravel/framework/src/Illuminate/Pipeline/Pipeline.php(183): Illuminate\\Http\\Middleware\\HandleCors->handle()
#53 /var/www/html/laundryApp/vendor/laravel/framework/src/Illuminate/Http/Middleware/TrustProxies.php(39): Illuminate\\Pipeline\\Pipeline->Illuminate\\Pipeline\\{closure}()
#54 /var/www/html/laundryApp/vendor/laravel/framework/src/Illuminate/Pipeline/Pipeline.php(183): Illuminate\\Http\\Middleware\\TrustProxies->handle()
#55 /var/www/html/laundryApp/vendor/laravel/framework/src/Illuminate/Pipeline/Pipeline.php(119): Illuminate\\Pipeline\\Pipeline->Illuminate\\Pipeline\\{closure}()
#56 /var/www/html/laundryApp/vendor/laravel/framework/src/Illuminate/Foundation/Http/Kernel.php(175): Illuminate\\Pipeline\\Pipeline->then()
#57 /var/www/html/laundryApp/vendor/laravel/framework/src/Illuminate/Foundation/Http/Kernel.php(144): Illuminate\\Foundation\\Http\\Kernel->sendRequestThroughRouter()
#58 /var/www/html/laundryApp/public/index.php(51): Illuminate\\Foundation\\Http\\Kernel->handle()
#59 /var/www/html/laundryApp/vendor/laravel/framework/src/Illuminate/Foundation/resources/server.php(16): require_once('...')
#60 {main}
"} 
[2025-12-05 19:56:52] local.ERROR: SQLSTATE[42S02]: Base table or view not found: 1146 Table 'loundry_app.product_process_history' doesn't exist (Connection: mysql, SQL: select count(*) as aggregate from (select `h`.`product_id`, `h`.`status`, `h`.`stages`, `h`.`changed_at` from `product_process_history` as `h` inner join (SELECT product_id, MAX(changed_at) as latest_change 
                             FROM product_process_history 
                             GROUP BY product_id) latest on `h`.`product_id` = `latest`.`product_id` and `h`.`changed_at` = `latest`.`latest_change` inner join `rfid_tags` as `p` on `h`.`product_id` = `p`.`id` where `p`.`location_id` = 3) as t where `t`.`changed_at` between 2025-12-05 00:00:00 and 2025-12-05 23:59:59 and `t`.`status` = FAIL) {"userId":51,"exception":"[object] (Illuminate\\Database\\QueryException(code: 42S02): SQLSTATE[42S02]: Base table or view not found: 1146 Table 'loundry_app.product_process_history' doesn't exist (Connection: mysql, SQL: select count(*) as aggregate from (select `h`.`product_id`, `h`.`status`, `h`.`stages`, `h`.`changed_at` from `product_process_history` as `h` inner join (SELECT product_id, MAX(changed_at) as latest_change 
                             FROM product_process_history 
                             GROUP BY product_id) latest on `h`.`product_id` = `latest`.`product_id` and `h`.`changed_at` = `latest`.`latest_change` inner join `rfid_tags` as `p` on `h`.`product_id` = `p`.`id` where `p`.`location_id` = 3) as t where `t`.`changed_at` between 2025-12-05 00:00:00 and 2025-12-05 23:59:59 and `t`.`status` = FAIL) at /var/www/html/laundryApp/vendor/laravel/framework/src/Illuminate/Database/Connection.php:829)
[stacktrace]
#0 /var/www/html/laundryApp/vendor/laravel/framework/src/Illuminate/Database/Connection.php(783): Illuminate\\Database\\Connection->runQueryCallback()
#1 /var/www/html/laundryApp/vendor/laravel/framework/src/Illuminate/Database/Connection.php(414): Illuminate\\Database\\Connection->run()
#2 /var/www/html/laundryApp/vendor/laravel/framework/src/Illuminate/Database/Query/Builder.php(2913): Illuminate\\Database\\Connection->select()
#3 /var/www/html/laundryApp/vendor/laravel/framework/src/Illuminate/Database/Query/Builder.php(2902): Illuminate\\Database\\Query\\Builder->runSelect()
#4 /var/www/html/laundryApp/vendor/laravel/framework/src/Illuminate/Database/Query/Builder.php(3456): Illuminate\\Database\\Query\\Builder->Illuminate\\Database\\Query\\{closure}()
#5 /var/www/html/laundryApp/vendor/laravel/framework/src/Illuminate/Database/Query/Builder.php(2901): Illuminate\\Database\\Query\\Builder->onceWithColumns()
#6 /var/www/html/laundryApp/vendor/laravel/framework/src/Illuminate/Database/Query/Builder.php(3383): Illuminate\\Database\\Query\\Builder->get()
#7 /var/www/html/laundryApp/vendor/laravel/framework/src/Illuminate/Database/Query/Builder.php(3311): Illuminate\\Database\\Query\\Builder->aggregate()
#8 /var/www/html/laundryApp/app/Http/Controllers/Api/DashboardApiController.php(74): Illuminate\\Database\\Query\\Builder->count()
#9 /var/www/html/laundryApp/vendor/laravel/framework/src/Illuminate/Cache/Repository.php(396): App\\Http\\Controllers\\Api\\DashboardApiController->App\\Http\\Controllers\\Api\\{closure}()
#10 /var/www/html/laundryApp/vendor/laravel/framework/src/Illuminate/Cache/CacheManager.php(429): Illuminate\\Cache\\Repository->remember()
#11 /var/www/html/laundryApp/vendor/laravel/framework/src/Illuminate/Support/Facades/Facade.php(355): Illuminate\\Cache\\CacheManager->__call()
#12 /var/www/html/laundryApp/app/Http/Controllers/Api/DashboardApiController.php(42): Illuminate\\Support\\Facades\\Facade::__callStatic()
#13 /var/www/html/laundryApp/vendor/laravel/framework/src/Illuminate/Routing/Controller.php(54): App\\Http\\Controllers\\Api\\DashboardApiController->summary()
#14 /var/www/html/laundryApp/vendor/laravel/framework/src/Illuminate/Routing/ControllerDispatcher.php(43): Illuminate\\Routing\\Controller->callAction()
#15 /var/www/html/laundryApp/vendor/laravel/framework/src/Illuminate/Routing/Route.php(259): Illuminate\\Routing\\ControllerDispatcher->dispatch()
#16 /var/www/html/laundryApp/vendor/laravel/framework/src/Illuminate/Routing/Route.php(205): Illuminate\\Routing\\Route->runController()
#17 /var/www/html/laundryApp/vendor/laravel/framework/src/Illuminate/Routing/Router.php(806): Illuminate\\Routing\\Route->run()
#18 /var/www/html/laundryApp/vendor/laravel/framework/src/Illuminate/Pipeline/Pipeline.php(144): Illuminate\\Routing\\Router->Illuminate\\Routing\\{closure}()
#19 /var/www/html/laundryApp/vendor/laravel/framework/src/Illuminate/Routing/Middleware/SubstituteBindings.php(50): Illuminate\\Pipeline\\Pipeline->Illuminate\\Pipeline\\{closure}()
#20 /var/www/html/laundryApp/vendor/laravel/framework/src/Illuminate/Pipeline/Pipeline.php(183): Illuminate\\Routing\\Middleware\\SubstituteBindings->handle()
#21 /var/www/html/laundryApp/vendor/laravel/framework/src/Illuminate/Routing/Middleware/ThrottleRequests.php(159): Illuminate\\Pipeline\\Pipeline->Illuminate\\Pipeline\\{closure}()
#22 /var/www/html/laundryApp/vendor/laravel/framework/src/Illuminate/Routing/Middleware/ThrottleRequests.php(125): Illuminate\\Routing\\Middleware\\ThrottleRequests->handleRequest()
#23 /var/www/html/laundryApp/vendor/laravel/framework/src/Illuminate/Routing/Middleware/ThrottleRequests.php(87): Illuminate\\Routing\\Middleware\\ThrottleRequests->handleRequestUsingNamedLimiter()
#24 /var/www/html/laundryApp/vendor/laravel/framework/src/Illuminate/Pipeline/Pipeline.php(183): Illuminate\\Routing\\Middleware\\ThrottleRequests->handle()
#25 /var/www/html/laundryApp/vendor/laravel/framework/src/Illuminate/Auth/Middleware/Authenticate.php(57): Illuminate\\Pipeline\\Pipeline->Illuminate\\Pipeline\\{closure}()
#26 /var/www/html/laundryApp/vendor/laravel/framework/src/Illuminate/Pipeline/Pipeline.php(183): Illuminate\\Auth\\Middleware\\Authenticate->handle()
#27 /var/www/html/laundryApp/vendor/laravel/sanctum/src/Http/Middleware/EnsureFrontendRequestsAreStateful.php(25): Illuminate\\Pipeline\\Pipeline->Illuminate\\Pipeline\\{closure}()
#28 /var/www/html/laundryApp/vendor/laravel/framework/src/Illuminate/Pipeline/Pipeline.php(144): Laravel\\Sanctum\\Http\\Middleware\\EnsureFrontendRequestsAreStateful->Laravel\\Sanctum\\Http\\Middleware\\{closure}()
#29 /var/www/html/laundryApp/vendor/laravel/framework/src/Illuminate/Pipeline/Pipeline.php(119): Illuminate\\Pipeline\\Pipeline->Illuminate\\Pipeline\\{closure}()
#30 /var/www/html/laundryApp/vendor/laravel/sanctum/src/Http/Middleware/EnsureFrontendRequestsAreStateful.php(24): Illuminate\\Pipeline\\Pipeline->then()
#31 /var/www/html/laundryApp/vendor/laravel/framework/src/Illuminate/Pipeline/Pipeline.php(183): Laravel\\Sanctum\\Http\\Middleware\\EnsureFrontendRequestsAreStateful->handle()
#32 /var/www/html/laundryApp/vendor/laravel/framework/src/Illuminate/Pipeline/Pipeline.php(119): Illuminate\\Pipeline\\Pipeline->Illuminate\\Pipeline\\{closure}()
#33 /var/www/html/laundryApp/vendor/laravel/framework/src/Illuminate/Routing/Router.php(805): Illuminate\\Pipeline\\Pipeline->then()
#34 /var/www/html/laundryApp/vendor/laravel/framework/src/Illuminate/Routing/Router.php(784): Illuminate\\Routing\\Router->runRouteWithinStack()
#35 /var/www/html/laundryApp/vendor/laravel/framework/src/Illuminate/Routing/Router.php(748): Illuminate\\Routing\\Router->runRoute()
#36 /var/www/html/laundryApp/vendor/laravel/framework/src/Illuminate/Routing/Router.php(737): Illuminate\\Routing\\Router->dispatchToRoute()
#37 /var/www/html/laundryApp/vendor/laravel/framework/src/Illuminate/Foundation/Http/Kernel.php(200): Illuminate\\Routing\\Router->dispatch()
#38 /var/www/html/laundryApp/vendor/laravel/framework/src/Illuminate/Pipeline/Pipeline.php(144): Illuminate\\Foundation\\Http\\Kernel->Illuminate\\Foundation\\Http\\{closure}()
#39 /var/www/html/laundryApp/vendor/laravel/framework/src/Illuminate/Foundation/Http/Middleware/TransformsRequest.php(21): Illuminate\\Pipeline\\Pipeline->Illuminate\\Pipeline\\{closure}()
#40 /var/www/html/laundryApp/vendor/laravel/framework/src/Illuminate/Foundation/Http/Middleware/ConvertEmptyStringsToNull.php(31): Illuminate\\Foundation\\Http\\Middleware\\TransformsRequest->handle()
#41 /var/www/html/laundryApp/vendor/laravel/framework/src/Illuminate/Pipeline/Pipeline.php(183): Illuminate\\Foundation\\Http\\Middleware\\ConvertEmptyStringsToNull->handle()
#42 /var/www/html/laundryApp/vendor/laravel/framework/src/Illuminate/Foundation/Http/Middleware/TransformsRequest.php(21): Illuminate\\Pipeline\\Pipeline->Illuminate\\Pipeline\\{closure}()
#43 /var/www/html/laundryApp/vendor/laravel/framework/src/Illuminate/Foundation/Http/Middleware/TrimStrings.php(40): Illuminate\\Foundation\\Http\\Middleware\\TransformsRequest->handle()
#44 /var/www/html/laundryApp/vendor/laravel/framework/src/Illuminate/Pipeline/Pipeline.php(183): Illuminate\\Foundation\\Http\\Middleware\\TrimStrings->handle()
#45 /var/www/html/laundryApp/vendor/laravel/framework/src/Illuminate/Foundation/Http/Middleware/ValidatePostSize.php(27): Illuminate\\Pipeline\\Pipeline->Illuminate\\Pipeline\\{closure}()
#46 /var/www/html/laundryApp/vendor/laravel/framework/src/Illuminate/Pipeline/Pipeline.php(183): Illuminate\\Foundation\\Http\\Middleware\\ValidatePostSize->handle()
#47 /var/www/html/laundryApp/vendor/laravel/framework/src/Illuminate/Foundation/Http/Middleware/PreventRequestsDuringMaintenance.php(99): Illuminate\\Pipeline\\Pipeline->Illuminate\\Pipeline\\{closure}()
#48 /var/www/html/laundryApp/vendor/laravel/framework/src/Illuminate/Pipeline/Pipeline.php(183): Illuminate\\Foundation\\Http\\Middleware\\PreventRequestsDuringMaintenance->handle()
#49 /var/www/html/laundryApp/vendor/laravel/framework/src/Illuminate/Http/Middleware/HandleCors.php(62): Illuminate\\Pipeline\\Pipeline->Illuminate\\Pipeline\\{closure}()
#50 /var/www/html/laundryApp/vendor/laravel/framework/src/Illuminate/Pipeline/Pipeline.php(183): Illuminate\\Http\\Middleware\\HandleCors->handle()
#51 /var/www/html/laundryApp/vendor/laravel/framework/src/Illuminate/Http/Middleware/TrustProxies.php(39): Illuminate\\Pipeline\\Pipeline->Illuminate\\Pipeline\\{closure}()
#52 /var/www/html/laundryApp/vendor/laravel/framework/src/Illuminate/Pipeline/Pipeline.php(183): Illuminate\\Http\\Middleware\\TrustProxies->handle()
#53 /var/www/html/laundryApp/vendor/laravel/framework/src/Illuminate/Pipeline/Pipeline.php(119): Illuminate\\Pipeline\\Pipeline->Illuminate\\Pipeline\\{closure}()
#54 /var/www/html/laundryApp/vendor/laravel/framework/src/Illuminate/Foundation/Http/Kernel.php(175): Illuminate\\Pipeline\\Pipeline->then()
#55 /var/www/html/laundryApp/vendor/laravel/framework/src/Illuminate/Foundation/Http/Kernel.php(144): Illuminate\\Foundation\\Http\\Kernel->sendRequestThroughRouter()
#56 /var/www/html/laundryApp/public/index.php(51): Illuminate\\Foundation\\Http\\Kernel->handle()
#57 /var/www/html/laundryApp/vendor/laravel/framework/src/Illuminate/Foundation/resources/server.php(16): require_once('...')
#58 {main}

[previous exception] [object] (PDOException(code: 42S02): SQLSTATE[42S02]: Base table or view not found: 1146 Table 'loundry_app.product_process_history' doesn't exist at /var/www/html/laundryApp/vendor/laravel/framework/src/Illuminate/Database/Connection.php:423)
[stacktrace]
#0 /var/www/html/laundryApp/vendor/laravel/framework/src/Illuminate/Database/Connection.php(423): PDO->prepare()
#1 /var/www/html/laundryApp/vendor/laravel/framework/src/Illuminate/Database/Connection.php(816): Illuminate\\Database\\Connection->Illuminate\\Database\\{closure}()
#2 /var/www/html/laundryApp/vendor/laravel/framework/src/Illuminate/Database/Connection.php(783): Illuminate\\Database\\Connection->runQueryCallback()
#3 /var/www/html/laundryApp/vendor/laravel/framework/src/Illuminate/Database/Connection.php(414): Illuminate\\Database\\Connection->run()
#4 /var/www/html/laundryApp/vendor/laravel/framework/src/Illuminate/Database/Query/Builder.php(2913): Illuminate\\Database\\Connection->select()
#5 /var/www/html/laundryApp/vendor/laravel/framework/src/Illuminate/Database/Query/Builder.php(2902): Illuminate\\Database\\Query\\Builder->runSelect()
#6 /var/www/html/laundryApp/vendor/laravel/framework/src/Illuminate/Database/Query/Builder.php(3456): Illuminate\\Database\\Query\\Builder->Illuminate\\Database\\Query\\{closure}()
#7 /var/www/html/laundryApp/vendor/laravel/framework/src/Illuminate/Database/Query/Builder.php(2901): Illuminate\\Database\\Query\\Builder->onceWithColumns()
#8 /var/www/html/laundryApp/vendor/laravel/framework/src/Illuminate/Database/Query/Builder.php(3383): Illuminate\\Database\\Query\\Builder->get()
#9 /var/www/html/laundryApp/vendor/laravel/framework/src/Illuminate/Database/Query/Builder.php(3311): Illuminate\\Database\\Query\\Builder->aggregate()
#10 /var/www/html/laundryApp/app/Http/Controllers/Api/DashboardApiController.php(74): Illuminate\\Database\\Query\\Builder->count()
#11 /var/www/html/laundryApp/vendor/laravel/framework/src/Illuminate/Cache/Repository.php(396): App\\Http\\Controllers\\Api\\DashboardApiController->App\\Http\\Controllers\\Api\\{closure}()
#12 /var/www/html/laundryApp/vendor/laravel/framework/src/Illuminate/Cache/CacheManager.php(429): Illuminate\\Cache\\Repository->remember()
#13 /var/www/html/laundryApp/vendor/laravel/framework/src/Illuminate/Support/Facades/Facade.php(355): Illuminate\\Cache\\CacheManager->__call()
#14 /var/www/html/laundryApp/app/Http/Controllers/Api/DashboardApiController.php(42): Illuminate\\Support\\Facades\\Facade::__callStatic()
#15 /var/www/html/laundryApp/vendor/laravel/framework/src/Illuminate/Routing/Controller.php(54): App\\Http\\Controllers\\Api\\DashboardApiController->summary()
#16 /var/www/html/laundryApp/vendor/laravel/framework/src/Illuminate/Routing/ControllerDispatcher.php(43): Illuminate\\Routing\\Controller->callAction()
#17 /var/www/html/laundryApp/vendor/laravel/framework/src/Illuminate/Routing/Route.php(259): Illuminate\\Routing\\ControllerDispatcher->dispatch()
#18 /var/www/html/laundryApp/vendor/laravel/framework/src/Illuminate/Routing/Route.php(205): Illuminate\\Routing\\Route->runController()
#19 /var/www/html/laundryApp/vendor/laravel/framework/src/Illuminate/Routing/Router.php(806): Illuminate\\Routing\\Route->run()
#20 /var/www/html/laundryApp/vendor/laravel/framework/src/Illuminate/Pipeline/Pipeline.php(144): Illuminate\\Routing\\Router->Illuminate\\Routing\\{closure}()
#21 /var/www/html/laundryApp/vendor/laravel/framework/src/Illuminate/Routing/Middleware/SubstituteBindings.php(50): Illuminate\\Pipeline\\Pipeline->Illuminate\\Pipeline\\{closure}()
#22 /var/www/html/laundryApp/vendor/laravel/framework/src/Illuminate/Pipeline/Pipeline.php(183): Illuminate\\Routing\\Middleware\\SubstituteBindings->handle()
#23 /var/www/html/laundryApp/vendor/laravel/framework/src/Illuminate/Routing/Middleware/ThrottleRequests.php(159): Illuminate\\Pipeline\\Pipeline->Illuminate\\Pipeline\\{closure}()
#24 /var/www/html/laundryApp/vendor/laravel/framework/src/Illuminate/Routing/Middleware/ThrottleRequests.php(125): Illuminate\\Routing\\Middleware\\ThrottleRequests->handleRequest()
#25 /var/www/html/laundryApp/vendor/laravel/framework/src/Illuminate/Routing/Middleware/ThrottleRequests.php(87): Illuminate\\Routing\\Middleware\\ThrottleRequests->handleRequestUsingNamedLimiter()
#26 /var/www/html/laundryApp/vendor/laravel/framework/src/Illuminate/Pipeline/Pipeline.php(183): Illuminate\\Routing\\Middleware\\ThrottleRequests->handle()
#27 /var/www/html/laundryApp/vendor/laravel/framework/src/Illuminate/Auth/Middleware/Authenticate.php(57): Illuminate\\Pipeline\\Pipeline->Illuminate\\Pipeline\\{closure}()
#28 /var/www/html/laundryApp/vendor/laravel/framework/src/Illuminate/Pipeline/Pipeline.php(183): Illuminate\\Auth\\Middleware\\Authenticate->handle()
#29 /var/www/html/laundryApp/vendor/laravel/sanctum/src/Http/Middleware/EnsureFrontendRequestsAreStateful.php(25): Illuminate\\Pipeline\\Pipeline->Illuminate\\Pipeline\\{closure}()
#30 /var/www/html/laundryApp/vendor/laravel/framework/src/Illuminate/Pipeline/Pipeline.php(144): Laravel\\Sanctum\\Http\\Middleware\\EnsureFrontendRequestsAreStateful->Laravel\\Sanctum\\Http\\Middleware\\{closure}()
#31 /var/www/html/laundryApp/vendor/laravel/framework/src/Illuminate/Pipeline/Pipeline.php(119): Illuminate\\Pipeline\\Pipeline->Illuminate\\Pipeline\\{closure}()
#32 /var/www/html/laundryApp/vendor/laravel/sanctum/src/Http/Middleware/EnsureFrontendRequestsAreStateful.php(24): Illuminate\\Pipeline\\Pipeline->then()
#33 /var/www/html/laundryApp/vendor/laravel/framework/src/Illuminate/Pipeline/Pipeline.php(183): Laravel\\Sanctum\\Http\\Middleware\\EnsureFrontendRequestsAreStateful->handle()
#34 /var/www/html/laundryApp/vendor/laravel/framework/src/Illuminate/Pipeline/Pipeline.php(119): Illuminate\\Pipeline\\Pipeline->Illuminate\\Pipeline\\{closure}()
#35 /var/www/html/laundryApp/vendor/laravel/framework/src/Illuminate/Routing/Router.php(805): Illuminate\\Pipeline\\Pipeline->then()
#36 /var/www/html/laundryApp/vendor/laravel/framework/src/Illuminate/Routing/Router.php(784): Illuminate\\Routing\\Router->runRouteWithinStack()
#37 /var/www/html/laundryApp/vendor/laravel/framework/src/Illuminate/Routing/Router.php(748): Illuminate\\Routing\\Router->runRoute()
#38 /var/www/html/laundryApp/vendor/laravel/framework/src/Illuminate/Routing/Router.php(737): Illuminate\\Routing\\Router->dispatchToRoute()
#39 /var/www/html/laundryApp/vendor/laravel/framework/src/Illuminate/Foundation/Http/Kernel.php(200): Illuminate\\Routing\\Router->dispatch()
#40 /var/www/html/laundryApp/vendor/laravel/framework/src/Illuminate/Pipeline/Pipeline.php(144): Illuminate\\Foundation\\Http\\Kernel->Illuminate\\Foundation\\Http\\{closure}()
#41 /var/www/html/laundryApp/vendor/laravel/framework/src/Illuminate/Foundation/Http/Middleware/TransformsRequest.php(21): Illuminate\\Pipeline\\Pipeline->Illuminate\\Pipeline\\{closure}()
#42 /var/www/html/laundryApp/vendor/laravel/framework/src/Illuminate/Foundation/Http/Middleware/ConvertEmptyStringsToNull.php(31): Illuminate\\Foundation\\Http\\Middleware\\TransformsRequest->handle()
#43 /var/www/html/laundryApp/vendor/laravel/framework/src/Illuminate/Pipeline/Pipeline.php(183): Illuminate\\Foundation\\Http\\Middleware\\ConvertEmptyStringsToNull->handle()
#44 /var/www/html/laundryApp/vendor/laravel/framework/src/Illuminate/Foundation/Http/Middleware/TransformsRequest.php(21): Illuminate\\Pipeline\\Pipeline->Illuminate\\Pipeline\\{closure}()
#45 /var/www/html/laundryApp/vendor/laravel/framework/src/Illuminate/Foundation/Http/Middleware/TrimStrings.php(40): Illuminate\\Foundation\\Http\\Middleware\\TransformsRequest->handle()
#46 /var/www/html/laundryApp/vendor/laravel/framework/src/Illuminate/Pipeline/Pipeline.php(183): Illuminate\\Foundation\\Http\\Middleware\\TrimStrings->handle()
#47 /var/www/html/laundryApp/vendor/laravel/framework/src/Illuminate/Foundation/Http/Middleware/ValidatePostSize.php(27): Illuminate\\Pipeline\\Pipeline->Illuminate\\Pipeline\\{closure}()
#48 /var/www/html/laundryApp/vendor/laravel/framework/src/Illuminate/Pipeline/Pipeline.php(183): Illuminate\\Foundation\\Http\\Middleware\\ValidatePostSize->handle()
#49 /var/www/html/laundryApp/vendor/laravel/framework/src/Illuminate/Foundation/Http/Middleware/PreventRequestsDuringMaintenance.php(99): Illuminate\\Pipeline\\Pipeline->Illuminate\\Pipeline\\{closure}()
#50 /var/www/html/laundryApp/vendor/laravel/framework/src/Illuminate/Pipeline/Pipeline.php(183): Illuminate\\Foundation\\Http\\Middleware\\PreventRequestsDuringMaintenance->handle()
#51 /var/www/html/laundryApp/vendor/laravel/framework/src/Illuminate/Http/Middleware/HandleCors.php(62): Illuminate\\Pipeline\\Pipeline->Illuminate\\Pipeline\\{closure}()
#52 /var/www/html/laundryApp/vendor/laravel/framework/src/Illuminate/Pipeline/Pipeline.php(183): Illuminate\\Http\\Middleware\\HandleCors->handle()
#53 /var/www/html/laundryApp/vendor/laravel/framework/src/Illuminate/Http/Middleware/TrustProxies.php(39): Illuminate\\Pipeline\\Pipeline->Illuminate\\Pipeline\\{closure}()
#54 /var/www/html/laundryApp/vendor/laravel/framework/src/Illuminate/Pipeline/Pipeline.php(183): Illuminate\\Http\\Middleware\\TrustProxies->handle()
#55 /var/www/html/laundryApp/vendor/laravel/framework/src/Illuminate/Pipeline/Pipeline.php(119): Illuminate\\Pipeline\\Pipeline->Illuminate\\Pipeline\\{closure}()
#56 /var/www/html/laundryApp/vendor/laravel/framework/src/Illuminate/Foundation/Http/Kernel.php(175): Illuminate\\Pipeline\\Pipeline->then()
#57 /var/www/html/laundryApp/vendor/laravel/framework/src/Illuminate/Foundation/Http/Kernel.php(144): Illuminate\\Foundation\\Http\\Kernel->sendRequestThroughRouter()
#58 /var/www/html/laundryApp/public/index.php(51): Illuminate\\Foundation\\Http\\Kernel->handle()
#59 /var/www/html/laundryApp/vendor/laravel/framework/src/Illuminate/Foundation/resources/server.php(16): require_once('...')
#60 {main}
"} 
[2025-12-05 19:57:00] local.ERROR: SQLSTATE[42S02]: Base table or view not found: 1146 Table 'loundry_app.product_process_history' doesn't exist (Connection: mysql, SQL: select count(*) as aggregate from (select `h`.`product_id`, `h`.`status`, `h`.`stages`, `h`.`changed_at` from `product_process_history` as `h` inner join (SELECT product_id, MAX(changed_at) as latest_change 
                             FROM product_process_history 
                             GROUP BY product_id) latest on `h`.`product_id` = `latest`.`product_id` and `h`.`changed_at` = `latest`.`latest_change` inner join `rfid_tags` as `p` on `h`.`product_id` = `p`.`id` where `p`.`location_id` = 3) as t where `t`.`changed_at` between 2025-12-05 00:00:00 and 2025-12-05 23:59:59 and `t`.`status` = FAIL) {"userId":51,"exception":"[object] (Illuminate\\Database\\QueryException(code: 42S02): SQLSTATE[42S02]: Base table or view not found: 1146 Table 'loundry_app.product_process_history' doesn't exist (Connection: mysql, SQL: select count(*) as aggregate from (select `h`.`product_id`, `h`.`status`, `h`.`stages`, `h`.`changed_at` from `product_process_history` as `h` inner join (SELECT product_id, MAX(changed_at) as latest_change 
                             FROM product_process_history 
                             GROUP BY product_id) latest on `h`.`product_id` = `latest`.`product_id` and `h`.`changed_at` = `latest`.`latest_change` inner join `rfid_tags` as `p` on `h`.`product_id` = `p`.`id` where `p`.`location_id` = 3) as t where `t`.`changed_at` between 2025-12-05 00:00:00 and 2025-12-05 23:59:59 and `t`.`status` = FAIL) at /var/www/html/laundryApp/vendor/laravel/framework/src/Illuminate/Database/Connection.php:829)
[stacktrace]
#0 /var/www/html/laundryApp/vendor/laravel/framework/src/Illuminate/Database/Connection.php(783): Illuminate\\Database\\Connection->runQueryCallback()
#1 /var/www/html/laundryApp/vendor/laravel/framework/src/Illuminate/Database/Connection.php(414): Illuminate\\Database\\Connection->run()
#2 /var/www/html/laundryApp/vendor/laravel/framework/src/Illuminate/Database/Query/Builder.php(2913): Illuminate\\Database\\Connection->select()
#3 /var/www/html/laundryApp/vendor/laravel/framework/src/Illuminate/Database/Query/Builder.php(2902): Illuminate\\Database\\Query\\Builder->runSelect()
#4 /var/www/html/laundryApp/vendor/laravel/framework/src/Illuminate/Database/Query/Builder.php(3456): Illuminate\\Database\\Query\\Builder->Illuminate\\Database\\Query\\{closure}()
#5 /var/www/html/laundryApp/vendor/laravel/framework/src/Illuminate/Database/Query/Builder.php(2901): Illuminate\\Database\\Query\\Builder->onceWithColumns()
#6 /var/www/html/laundryApp/vendor/laravel/framework/src/Illuminate/Database/Query/Builder.php(3383): Illuminate\\Database\\Query\\Builder->get()
#7 /var/www/html/laundryApp/vendor/laravel/framework/src/Illuminate/Database/Query/Builder.php(3311): Illuminate\\Database\\Query\\Builder->aggregate()
#8 /var/www/html/laundryApp/app/Http/Controllers/Api/DashboardApiController.php(74): Illuminate\\Database\\Query\\Builder->count()
#9 /var/www/html/laundryApp/vendor/laravel/framework/src/Illuminate/Cache/Repository.php(396): App\\Http\\Controllers\\Api\\DashboardApiController->App\\Http\\Controllers\\Api\\{closure}()
#10 /var/www/html/laundryApp/vendor/laravel/framework/src/Illuminate/Cache/CacheManager.php(429): Illuminate\\Cache\\Repository->remember()
#11 /var/www/html/laundryApp/vendor/laravel/framework/src/Illuminate/Support/Facades/Facade.php(355): Illuminate\\Cache\\CacheManager->__call()
#12 /var/www/html/laundryApp/app/Http/Controllers/Api/DashboardApiController.php(42): Illuminate\\Support\\Facades\\Facade::__callStatic()
#13 /var/www/html/laundryApp/vendor/laravel/framework/src/Illuminate/Routing/Controller.php(54): App\\Http\\Controllers\\Api\\DashboardApiController->summary()
#14 /var/www/html/laundryApp/vendor/laravel/framework/src/Illuminate/Routing/ControllerDispatcher.php(43): Illuminate\\Routing\\Controller->callAction()
#15 /var/www/html/laundryApp/vendor/laravel/framework/src/Illuminate/Routing/Route.php(259): Illuminate\\Routing\\ControllerDispatcher->dispatch()
#16 /var/www/html/laundryApp/vendor/laravel/framework/src/Illuminate/Routing/Route.php(205): Illuminate\\Routing\\Route->runController()
#17 /var/www/html/laundryApp/vendor/laravel/framework/src/Illuminate/Routing/Router.php(806): Illuminate\\Routing\\Route->run()
#18 /var/www/html/laundryApp/vendor/laravel/framework/src/Illuminate/Pipeline/Pipeline.php(144): Illuminate\\Routing\\Router->Illuminate\\Routing\\{closure}()
#19 /var/www/html/laundryApp/vendor/laravel/framework/src/Illuminate/Routing/Middleware/SubstituteBindings.php(50): Illuminate\\Pipeline\\Pipeline->Illuminate\\Pipeline\\{closure}()
#20 /var/www/html/laundryApp/vendor/laravel/framework/src/Illuminate/Pipeline/Pipeline.php(183): Illuminate\\Routing\\Middleware\\SubstituteBindings->handle()
#21 /var/www/html/laundryApp/vendor/laravel/framework/src/Illuminate/Routing/Middleware/ThrottleRequests.php(159): Illuminate\\Pipeline\\Pipeline->Illuminate\\Pipeline\\{closure}()
#22 /var/www/html/laundryApp/vendor/laravel/framework/src/Illuminate/Routing/Middleware/ThrottleRequests.php(125): Illuminate\\Routing\\Middleware\\ThrottleRequests->handleRequest()
#23 /var/www/html/laundryApp/vendor/laravel/framework/src/Illuminate/Routing/Middleware/ThrottleRequests.php(87): Illuminate\\Routing\\Middleware\\ThrottleRequests->handleRequestUsingNamedLimiter()
#24 /var/www/html/laundryApp/vendor/laravel/framework/src/Illuminate/Pipeline/Pipeline.php(183): Illuminate\\Routing\\Middleware\\ThrottleRequests->handle()
#25 /var/www/html/laundryApp/vendor/laravel/framework/src/Illuminate/Auth/Middleware/Authenticate.php(57): Illuminate\\Pipeline\\Pipeline->Illuminate\\Pipeline\\{closure}()
#26 /var/www/html/laundryApp/vendor/laravel/framework/src/Illuminate/Pipeline/Pipeline.php(183): Illuminate\\Auth\\Middleware\\Authenticate->handle()
#27 /var/www/html/laundryApp/vendor/laravel/sanctum/src/Http/Middleware/EnsureFrontendRequestsAreStateful.php(25): Illuminate\\Pipeline\\Pipeline->Illuminate\\Pipeline\\{closure}()
#28 /var/www/html/laundryApp/vendor/laravel/framework/src/Illuminate/Pipeline/Pipeline.php(144): Laravel\\Sanctum\\Http\\Middleware\\EnsureFrontendRequestsAreStateful->Laravel\\Sanctum\\Http\\Middleware\\{closure}()
#29 /var/www/html/laundryApp/vendor/laravel/framework/src/Illuminate/Pipeline/Pipeline.php(119): Illuminate\\Pipeline\\Pipeline->Illuminate\\Pipeline\\{closure}()
#30 /var/www/html/laundryApp/vendor/laravel/sanctum/src/Http/Middleware/EnsureFrontendRequestsAreStateful.php(24): Illuminate\\Pipeline\\Pipeline->then()
#31 /var/www/html/laundryApp/vendor/laravel/framework/src/Illuminate/Pipeline/Pipeline.php(183): Laravel\\Sanctum\\Http\\Middleware\\EnsureFrontendRequestsAreStateful->handle()
#32 /var/www/html/laundryApp/vendor/laravel/framework/src/Illuminate/Pipeline/Pipeline.php(119): Illuminate\\Pipeline\\Pipeline->Illuminate\\Pipeline\\{closure}()
#33 /var/www/html/laundryApp/vendor/laravel/framework/src/Illuminate/Routing/Router.php(805): Illuminate\\Pipeline\\Pipeline->then()
#34 /var/www/html/laundryApp/vendor/laravel/framework/src/Illuminate/Routing/Router.php(784): Illuminate\\Routing\\Router->runRouteWithinStack()
#35 /var/www/html/laundryApp/vendor/laravel/framework/src/Illuminate/Routing/Router.php(748): Illuminate\\Routing\\Router->runRoute()
#36 /var/www/html/laundryApp/vendor/laravel/framework/src/Illuminate/Routing/Router.php(737): Illuminate\\Routing\\Router->dispatchToRoute()
#37 /var/www/html/laundryApp/vendor/laravel/framework/src/Illuminate/Foundation/Http/Kernel.php(200): Illuminate\\Routing\\Router->dispatch()
#38 /var/www/html/laundryApp/vendor/laravel/framework/src/Illuminate/Pipeline/Pipeline.php(144): Illuminate\\Foundation\\Http\\Kernel->Illuminate\\Foundation\\Http\\{closure}()
#39 /var/www/html/laundryApp/vendor/laravel/framework/src/Illuminate/Foundation/Http/Middleware/TransformsRequest.php(21): Illuminate\\Pipeline\\Pipeline->Illuminate\\Pipeline\\{closure}()
#40 /var/www/html/laundryApp/vendor/laravel/framework/src/Illuminate/Foundation/Http/Middleware/ConvertEmptyStringsToNull.php(31): Illuminate\\Foundation\\Http\\Middleware\\TransformsRequest->handle()
#41 /var/www/html/laundryApp/vendor/laravel/framework/src/Illuminate/Pipeline/Pipeline.php(183): Illuminate\\Foundation\\Http\\Middleware\\ConvertEmptyStringsToNull->handle()
#42 /var/www/html/laundryApp/vendor/laravel/framework/src/Illuminate/Foundation/Http/Middleware/TransformsRequest.php(21): Illuminate\\Pipeline\\Pipeline->Illuminate\\Pipeline\\{closure}()
#43 /var/www/html/laundryApp/vendor/laravel/framework/src/Illuminate/Foundation/Http/Middleware/TrimStrings.php(40): Illuminate\\Foundation\\Http\\Middleware\\TransformsRequest->handle()
#44 /var/www/html/laundryApp/vendor/laravel/framework/src/Illuminate/Pipeline/Pipeline.php(183): Illuminate\\Foundation\\Http\\Middleware\\TrimStrings->handle()
#45 /var/www/html/laundryApp/vendor/laravel/framework/src/Illuminate/Foundation/Http/Middleware/ValidatePostSize.php(27): Illuminate\\Pipeline\\Pipeline->Illuminate\\Pipeline\\{closure}()
#46 /var/www/html/laundryApp/vendor/laravel/framework/src/Illuminate/Pipeline/Pipeline.php(183): Illuminate\\Foundation\\Http\\Middleware\\ValidatePostSize->handle()
#47 /var/www/html/laundryApp/vendor/laravel/framework/src/Illuminate/Foundation/Http/Middleware/PreventRequestsDuringMaintenance.php(99): Illuminate\\Pipeline\\Pipeline->Illuminate\\Pipeline\\{closure}()
#48 /var/www/html/laundryApp/vendor/laravel/framework/src/Illuminate/Pipeline/Pipeline.php(183): Illuminate\\Foundation\\Http\\Middleware\\PreventRequestsDuringMaintenance->handle()
#49 /var/www/html/laundryApp/vendor/laravel/framework/src/Illuminate/Http/Middleware/HandleCors.php(62): Illuminate\\Pipeline\\Pipeline->Illuminate\\Pipeline\\{closure}()
#50 /var/www/html/laundryApp/vendor/laravel/framework/src/Illuminate/Pipeline/Pipeline.php(183): Illuminate\\Http\\Middleware\\HandleCors->handle()
#51 /var/www/html/laundryApp/vendor/laravel/framework/src/Illuminate/Http/Middleware/TrustProxies.php(39): Illuminate\\Pipeline\\Pipeline->Illuminate\\Pipeline\\{closure}()
#52 /var/www/html/laundryApp/vendor/laravel/framework/src/Illuminate/Pipeline/Pipeline.php(183): Illuminate\\Http\\Middleware\\TrustProxies->handle()
#53 /var/www/html/laundryApp/vendor/laravel/framework/src/Illuminate/Pipeline/Pipeline.php(119): Illuminate\\Pipeline\\Pipeline->Illuminate\\Pipeline\\{closure}()
#54 /var/www/html/laundryApp/vendor/laravel/framework/src/Illuminate/Foundation/Http/Kernel.php(175): Illuminate\\Pipeline\\Pipeline->then()
#55 /var/www/html/laundryApp/vendor/laravel/framework/src/Illuminate/Foundation/Http/Kernel.php(144): Illuminate\\Foundation\\Http\\Kernel->sendRequestThroughRouter()
#56 /var/www/html/laundryApp/public/index.php(51): Illuminate\\Foundation\\Http\\Kernel->handle()
#57 /var/www/html/laundryApp/vendor/laravel/framework/src/Illuminate/Foundation/resources/server.php(16): require_once('...')
#58 {main}

[previous exception] [object] (PDOException(code: 42S02): SQLSTATE[42S02]: Base table or view not found: 1146 Table 'loundry_app.product_process_history' doesn't exist at /var/www/html/laundryApp/vendor/laravel/framework/src/Illuminate/Database/Connection.php:423)
[stacktrace]
#0 /var/www/html/laundryApp/vendor/laravel/framework/src/Illuminate/Database/Connection.php(423): PDO->prepare()
#1 /var/www/html/laundryApp/vendor/laravel/framework/src/Illuminate/Database/Connection.php(816): Illuminate\\Database\\Connection->Illuminate\\Database\\{closure}()
#2 /var/www/html/laundryApp/vendor/laravel/framework/src/Illuminate/Database/Connection.php(783): Illuminate\\Database\\Connection->runQueryCallback()
#3 /var/www/html/laundryApp/vendor/laravel/framework/src/Illuminate/Database/Connection.php(414): Illuminate\\Database\\Connection->run()
#4 /var/www/html/laundryApp/vendor/laravel/framework/src/Illuminate/Database/Query/Builder.php(2913): Illuminate\\Database\\Connection->select()
#5 /var/www/html/laundryApp/vendor/laravel/framework/src/Illuminate/Database/Query/Builder.php(2902): Illuminate\\Database\\Query\\Builder->runSelect()
#6 /var/www/html/laundryApp/vendor/laravel/framework/src/Illuminate/Database/Query/Builder.php(3456): Illuminate\\Database\\Query\\Builder->Illuminate\\Database\\Query\\{closure}()
#7 /var/www/html/laundryApp/vendor/laravel/framework/src/Illuminate/Database/Query/Builder.php(2901): Illuminate\\Database\\Query\\Builder->onceWithColumns()
#8 /var/www/html/laundryApp/vendor/laravel/framework/src/Illuminate/Database/Query/Builder.php(3383): Illuminate\\Database\\Query\\Builder->get()
#9 /var/www/html/laundryApp/vendor/laravel/framework/src/Illuminate/Database/Query/Builder.php(3311): Illuminate\\Database\\Query\\Builder->aggregate()
#10 /var/www/html/laundryApp/app/Http/Controllers/Api/DashboardApiController.php(74): Illuminate\\Database\\Query\\Builder->count()
#11 /var/www/html/laundryApp/vendor/laravel/framework/src/Illuminate/Cache/Repository.php(396): App\\Http\\Controllers\\Api\\DashboardApiController->App\\Http\\Controllers\\Api\\{closure}()
#12 /var/www/html/laundryApp/vendor/laravel/framework/src/Illuminate/Cache/CacheManager.php(429): Illuminate\\Cache\\Repository->remember()
#13 /var/www/html/laundryApp/vendor/laravel/framework/src/Illuminate/Support/Facades/Facade.php(355): Illuminate\\Cache\\CacheManager->__call()
#14 /var/www/html/laundryApp/app/Http/Controllers/Api/DashboardApiController.php(42): Illuminate\\Support\\Facades\\Facade::__callStatic()
#15 /var/www/html/laundryApp/vendor/laravel/framework/src/Illuminate/Routing/Controller.php(54): App\\Http\\Controllers\\Api\\DashboardApiController->summary()
#16 /var/www/html/laundryApp/vendor/laravel/framework/src/Illuminate/Routing/ControllerDispatcher.php(43): Illuminate\\Routing\\Controller->callAction()
#17 /var/www/html/laundryApp/vendor/laravel/framework/src/Illuminate/Routing/Route.php(259): Illuminate\\Routing\\ControllerDispatcher->dispatch()
#18 /var/www/html/laundryApp/vendor/laravel/framework/src/Illuminate/Routing/Route.php(205): Illuminate\\Routing\\Route->runController()
#19 /var/www/html/laundryApp/vendor/laravel/framework/src/Illuminate/Routing/Router.php(806): Illuminate\\Routing\\Route->run()
#20 /var/www/html/laundryApp/vendor/laravel/framework/src/Illuminate/Pipeline/Pipeline.php(144): Illuminate\\Routing\\Router->Illuminate\\Routing\\{closure}()
#21 /var/www/html/laundryApp/vendor/laravel/framework/src/Illuminate/Routing/Middleware/SubstituteBindings.php(50): Illuminate\\Pipeline\\Pipeline->Illuminate\\Pipeline\\{closure}()
#22 /var/www/html/laundryApp/vendor/laravel/framework/src/Illuminate/Pipeline/Pipeline.php(183): Illuminate\\Routing\\Middleware\\SubstituteBindings->handle()
#23 /var/www/html/laundryApp/vendor/laravel/framework/src/Illuminate/Routing/Middleware/ThrottleRequests.php(159): Illuminate\\Pipeline\\Pipeline->Illuminate\\Pipeline\\{closure}()
#24 /var/www/html/laundryApp/vendor/laravel/framework/src/Illuminate/Routing/Middleware/ThrottleRequests.php(125): Illuminate\\Routing\\Middleware\\ThrottleRequests->handleRequest()
#25 /var/www/html/laundryApp/vendor/laravel/framework/src/Illuminate/Routing/Middleware/ThrottleRequests.php(87): Illuminate\\Routing\\Middleware\\ThrottleRequests->handleRequestUsingNamedLimiter()
#26 /var/www/html/laundryApp/vendor/laravel/framework/src/Illuminate/Pipeline/Pipeline.php(183): Illuminate\\Routing\\Middleware\\ThrottleRequests->handle()
#27 /var/www/html/laundryApp/vendor/laravel/framework/src/Illuminate/Auth/Middleware/Authenticate.php(57): Illuminate\\Pipeline\\Pipeline->Illuminate\\Pipeline\\{closure}()
#28 /var/www/html/laundryApp/vendor/laravel/framework/src/Illuminate/Pipeline/Pipeline.php(183): Illuminate\\Auth\\Middleware\\Authenticate->handle()
#29 /var/www/html/laundryApp/vendor/laravel/sanctum/src/Http/Middleware/EnsureFrontendRequestsAreStateful.php(25): Illuminate\\Pipeline\\Pipeline->Illuminate\\Pipeline\\{closure}()
#30 /var/www/html/laundryApp/vendor/laravel/framework/src/Illuminate/Pipeline/Pipeline.php(144): Laravel\\Sanctum\\Http\\Middleware\\EnsureFrontendRequestsAreStateful->Laravel\\Sanctum\\Http\\Middleware\\{closure}()
#31 /var/www/html/laundryApp/vendor/laravel/framework/src/Illuminate/Pipeline/Pipeline.php(119): Illuminate\\Pipeline\\Pipeline->Illuminate\\Pipeline\\{closure}()
#32 /var/www/html/laundryApp/vendor/laravel/sanctum/src/Http/Middleware/EnsureFrontendRequestsAreStateful.php(24): Illuminate\\Pipeline\\Pipeline->then()
#33 /var/www/html/laundryApp/vendor/laravel/framework/src/Illuminate/Pipeline/Pipeline.php(183): Laravel\\Sanctum\\Http\\Middleware\\EnsureFrontendRequestsAreStateful->handle()
#34 /var/www/html/laundryApp/vendor/laravel/framework/src/Illuminate/Pipeline/Pipeline.php(119): Illuminate\\Pipeline\\Pipeline->Illuminate\\Pipeline\\{closure}()
#35 /var/www/html/laundryApp/vendor/laravel/framework/src/Illuminate/Routing/Router.php(805): Illuminate\\Pipeline\\Pipeline->then()
#36 /var/www/html/laundryApp/vendor/laravel/framework/src/Illuminate/Routing/Router.php(784): Illuminate\\Routing\\Router->runRouteWithinStack()
#37 /var/www/html/laundryApp/vendor/laravel/framework/src/Illuminate/Routing/Router.php(748): Illuminate\\Routing\\Router->runRoute()
#38 /var/www/html/laundryApp/vendor/laravel/framework/src/Illuminate/Routing/Router.php(737): Illuminate\\Routing\\Router->dispatchToRoute()
#39 /var/www/html/laundryApp/vendor/laravel/framework/src/Illuminate/Foundation/Http/Kernel.php(200): Illuminate\\Routing\\Router->dispatch()
#40 /var/www/html/laundryApp/vendor/laravel/framework/src/Illuminate/Pipeline/Pipeline.php(144): Illuminate\\Foundation\\Http\\Kernel->Illuminate\\Foundation\\Http\\{closure}()
#41 /var/www/html/laundryApp/vendor/laravel/framework/src/Illuminate/Foundation/Http/Middleware/TransformsRequest.php(21): Illuminate\\Pipeline\\Pipeline->Illuminate\\Pipeline\\{closure}()
#42 /var/www/html/laundryApp/vendor/laravel/framework/src/Illuminate/Foundation/Http/Middleware/ConvertEmptyStringsToNull.php(31): Illuminate\\Foundation\\Http\\Middleware\\TransformsRequest->handle()
#43 /var/www/html/laundryApp/vendor/laravel/framework/src/Illuminate/Pipeline/Pipeline.php(183): Illuminate\\Foundation\\Http\\Middleware\\ConvertEmptyStringsToNull->handle()
#44 /var/www/html/laundryApp/vendor/laravel/framework/src/Illuminate/Foundation/Http/Middleware/TransformsRequest.php(21): Illuminate\\Pipeline\\Pipeline->Illuminate\\Pipeline\\{closure}()
#45 /var/www/html/laundryApp/vendor/laravel/framework/src/Illuminate/Foundation/Http/Middleware/TrimStrings.php(40): Illuminate\\Foundation\\Http\\Middleware\\TransformsRequest->handle()
#46 /var/www/html/laundryApp/vendor/laravel/framework/src/Illuminate/Pipeline/Pipeline.php(183): Illuminate\\Foundation\\Http\\Middleware\\TrimStrings->handle()
#47 /var/www/html/laundryApp/vendor/laravel/framework/src/Illuminate/Foundation/Http/Middleware/ValidatePostSize.php(27): Illuminate\\Pipeline\\Pipeline->Illuminate\\Pipeline\\{closure}()
#48 /var/www/html/laundryApp/vendor/laravel/framework/src/Illuminate/Pipeline/Pipeline.php(183): Illuminate\\Foundation\\Http\\Middleware\\ValidatePostSize->handle()
#49 /var/www/html/laundryApp/vendor/laravel/framework/src/Illuminate/Foundation/Http/Middleware/PreventRequestsDuringMaintenance.php(99): Illuminate\\Pipeline\\Pipeline->Illuminate\\Pipeline\\{closure}()
#50 /var/www/html/laundryApp/vendor/laravel/framework/src/Illuminate/Pipeline/Pipeline.php(183): Illuminate\\Foundation\\Http\\Middleware\\PreventRequestsDuringMaintenance->handle()
#51 /var/www/html/laundryApp/vendor/laravel/framework/src/Illuminate/Http/Middleware/HandleCors.php(62): Illuminate\\Pipeline\\Pipeline->Illuminate\\Pipeline\\{closure}()
#52 /var/www/html/laundryApp/vendor/laravel/framework/src/Illuminate/Pipeline/Pipeline.php(183): Illuminate\\Http\\Middleware\\HandleCors->handle()
#53 /var/www/html/laundryApp/vendor/laravel/framework/src/Illuminate/Http/Middleware/TrustProxies.php(39): Illuminate\\Pipeline\\Pipeline->Illuminate\\Pipeline\\{closure}()
#54 /var/www/html/laundryApp/vendor/laravel/framework/src/Illuminate/Pipeline/Pipeline.php(183): Illuminate\\Http\\Middleware\\TrustProxies->handle()
#55 /var/www/html/laundryApp/vendor/laravel/framework/src/Illuminate/Pipeline/Pipeline.php(119): Illuminate\\Pipeline\\Pipeline->Illuminate\\Pipeline\\{closure}()
#56 /var/www/html/laundryApp/vendor/laravel/framework/src/Illuminate/Foundation/Http/Kernel.php(175): Illuminate\\Pipeline\\Pipeline->then()
#57 /var/www/html/laundryApp/vendor/laravel/framework/src/Illuminate/Foundation/Http/Kernel.php(144): Illuminate\\Foundation\\Http\\Kernel->sendRequestThroughRouter()
#58 /var/www/html/laundryApp/public/index.php(51): Illuminate\\Foundation\\Http\\Kernel->handle()
#59 /var/www/html/laundryApp/vendor/laravel/framework/src/Illuminate/Foundation/resources/server.php(16): require_once('...')
#60 {main}
"} 
[2025-12-05 19:57:08] local.ERROR: SQLSTATE[42S02]: Base table or view not found: 1146 Table 'loundry_app.product_process_history' doesn't exist (Connection: mysql, SQL: select count(*) as aggregate from (select `h`.`product_id`, `h`.`status`, `h`.`stages`, `h`.`changed_at` from `product_process_history` as `h` inner join (SELECT product_id, MAX(changed_at) as latest_change 
                             FROM product_process_history 
                             GROUP BY product_id) latest on `h`.`product_id` = `latest`.`product_id` and `h`.`changed_at` = `latest`.`latest_change` inner join `rfid_tags` as `p` on `h`.`product_id` = `p`.`id` where `p`.`location_id` = 3) as t where `t`.`changed_at` between 2025-12-05 00:00:00 and 2025-12-05 23:59:59 and `t`.`status` = FAIL) {"userId":51,"exception":"[object] (Illuminate\\Database\\QueryException(code: 42S02): SQLSTATE[42S02]: Base table or view not found: 1146 Table 'loundry_app.product_process_history' doesn't exist (Connection: mysql, SQL: select count(*) as aggregate from (select `h`.`product_id`, `h`.`status`, `h`.`stages`, `h`.`changed_at` from `product_process_history` as `h` inner join (SELECT product_id, MAX(changed_at) as latest_change 
                             FROM product_process_history 
                             GROUP BY product_id) latest on `h`.`product_id` = `latest`.`product_id` and `h`.`changed_at` = `latest`.`latest_change` inner join `rfid_tags` as `p` on `h`.`product_id` = `p`.`id` where `p`.`location_id` = 3) as t where `t`.`changed_at` between 2025-12-05 00:00:00 and 2025-12-05 23:59:59 and `t`.`status` = FAIL) at /var/www/html/laundryApp/vendor/laravel/framework/src/Illuminate/Database/Connection.php:829)
[stacktrace]
#0 /var/www/html/laundryApp/vendor/laravel/framework/src/Illuminate/Database/Connection.php(783): Illuminate\\Database\\Connection->runQueryCallback()
#1 /var/www/html/laundryApp/vendor/laravel/framework/src/Illuminate/Database/Connection.php(414): Illuminate\\Database\\Connection->run()
#2 /var/www/html/laundryApp/vendor/laravel/framework/src/Illuminate/Database/Query/Builder.php(2913): Illuminate\\Database\\Connection->select()
#3 /var/www/html/laundryApp/vendor/laravel/framework/src/Illuminate/Database/Query/Builder.php(2902): Illuminate\\Database\\Query\\Builder->runSelect()
#4 /var/www/html/laundryApp/vendor/laravel/framework/src/Illuminate/Database/Query/Builder.php(3456): Illuminate\\Database\\Query\\Builder->Illuminate\\Database\\Query\\{closure}()
#5 /var/www/html/laundryApp/vendor/laravel/framework/src/Illuminate/Database/Query/Builder.php(2901): Illuminate\\Database\\Query\\Builder->onceWithColumns()
#6 /var/www/html/laundryApp/vendor/laravel/framework/src/Illuminate/Database/Query/Builder.php(3383): Illuminate\\Database\\Query\\Builder->get()
#7 /var/www/html/laundryApp/vendor/laravel/framework/src/Illuminate/Database/Query/Builder.php(3311): Illuminate\\Database\\Query\\Builder->aggregate()
#8 /var/www/html/laundryApp/app/Http/Controllers/Api/DashboardApiController.php(74): Illuminate\\Database\\Query\\Builder->count()
#9 /var/www/html/laundryApp/vendor/laravel/framework/src/Illuminate/Cache/Repository.php(396): App\\Http\\Controllers\\Api\\DashboardApiController->App\\Http\\Controllers\\Api\\{closure}()
#10 /var/www/html/laundryApp/vendor/laravel/framework/src/Illuminate/Cache/CacheManager.php(429): Illuminate\\Cache\\Repository->remember()
#11 /var/www/html/laundryApp/vendor/laravel/framework/src/Illuminate/Support/Facades/Facade.php(355): Illuminate\\Cache\\CacheManager->__call()
#12 /var/www/html/laundryApp/app/Http/Controllers/Api/DashboardApiController.php(42): Illuminate\\Support\\Facades\\Facade::__callStatic()
#13 /var/www/html/laundryApp/vendor/laravel/framework/src/Illuminate/Routing/Controller.php(54): App\\Http\\Controllers\\Api\\DashboardApiController->summary()
#14 /var/www/html/laundryApp/vendor/laravel/framework/src/Illuminate/Routing/ControllerDispatcher.php(43): Illuminate\\Routing\\Controller->callAction()
#15 /var/www/html/laundryApp/vendor/laravel/framework/src/Illuminate/Routing/Route.php(259): Illuminate\\Routing\\ControllerDispatcher->dispatch()
#16 /var/www/html/laundryApp/vendor/laravel/framework/src/Illuminate/Routing/Route.php(205): Illuminate\\Routing\\Route->runController()
#17 /var/www/html/laundryApp/vendor/laravel/framework/src/Illuminate/Routing/Router.php(806): Illuminate\\Routing\\Route->run()
#18 /var/www/html/laundryApp/vendor/laravel/framework/src/Illuminate/Pipeline/Pipeline.php(144): Illuminate\\Routing\\Router->Illuminate\\Routing\\{closure}()
#19 /var/www/html/laundryApp/vendor/laravel/framework/src/Illuminate/Routing/Middleware/SubstituteBindings.php(50): Illuminate\\Pipeline\\Pipeline->Illuminate\\Pipeline\\{closure}()
#20 /var/www/html/laundryApp/vendor/laravel/framework/src/Illuminate/Pipeline/Pipeline.php(183): Illuminate\\Routing\\Middleware\\SubstituteBindings->handle()
#21 /var/www/html/laundryApp/vendor/laravel/framework/src/Illuminate/Routing/Middleware/ThrottleRequests.php(159): Illuminate\\Pipeline\\Pipeline->Illuminate\\Pipeline\\{closure}()
#22 /var/www/html/laundryApp/vendor/laravel/framework/src/Illuminate/Routing/Middleware/ThrottleRequests.php(125): Illuminate\\Routing\\Middleware\\ThrottleRequests->handleRequest()
#23 /var/www/html/laundryApp/vendor/laravel/framework/src/Illuminate/Routing/Middleware/ThrottleRequests.php(87): Illuminate\\Routing\\Middleware\\ThrottleRequests->handleRequestUsingNamedLimiter()
#24 /var/www/html/laundryApp/vendor/laravel/framework/src/Illuminate/Pipeline/Pipeline.php(183): Illuminate\\Routing\\Middleware\\ThrottleRequests->handle()
#25 /var/www/html/laundryApp/vendor/laravel/framework/src/Illuminate/Auth/Middleware/Authenticate.php(57): Illuminate\\Pipeline\\Pipeline->Illuminate\\Pipeline\\{closure}()
#26 /var/www/html/laundryApp/vendor/laravel/framework/src/Illuminate/Pipeline/Pipeline.php(183): Illuminate\\Auth\\Middleware\\Authenticate->handle()
#27 /var/www/html/laundryApp/vendor/laravel/sanctum/src/Http/Middleware/EnsureFrontendRequestsAreStateful.php(25): Illuminate\\Pipeline\\Pipeline->Illuminate\\Pipeline\\{closure}()
#28 /var/www/html/laundryApp/vendor/laravel/framework/src/Illuminate/Pipeline/Pipeline.php(144): Laravel\\Sanctum\\Http\\Middleware\\EnsureFrontendRequestsAreStateful->Laravel\\Sanctum\\Http\\Middleware\\{closure}()
#29 /var/www/html/laundryApp/vendor/laravel/framework/src/Illuminate/Pipeline/Pipeline.php(119): Illuminate\\Pipeline\\Pipeline->Illuminate\\Pipeline\\{closure}()
#30 /var/www/html/laundryApp/vendor/laravel/sanctum/src/Http/Middleware/EnsureFrontendRequestsAreStateful.php(24): Illuminate\\Pipeline\\Pipeline->then()
#31 /var/www/html/laundryApp/vendor/laravel/framework/src/Illuminate/Pipeline/Pipeline.php(183): Laravel\\Sanctum\\Http\\Middleware\\EnsureFrontendRequestsAreStateful->handle()
#32 /var/www/html/laundryApp/vendor/laravel/framework/src/Illuminate/Pipeline/Pipeline.php(119): Illuminate\\Pipeline\\Pipeline->Illuminate\\Pipeline\\{closure}()
#33 /var/www/html/laundryApp/vendor/laravel/framework/src/Illuminate/Routing/Router.php(805): Illuminate\\Pipeline\\Pipeline->then()
#34 /var/www/html/laundryApp/vendor/laravel/framework/src/Illuminate/Routing/Router.php(784): Illuminate\\Routing\\Router->runRouteWithinStack()
#35 /var/www/html/laundryApp/vendor/laravel/framework/src/Illuminate/Routing/Router.php(748): Illuminate\\Routing\\Router->runRoute()
#36 /var/www/html/laundryApp/vendor/laravel/framework/src/Illuminate/Routing/Router.php(737): Illuminate\\Routing\\Router->dispatchToRoute()
#37 /var/www/html/laundryApp/vendor/laravel/framework/src/Illuminate/Foundation/Http/Kernel.php(200): Illuminate\\Routing\\Router->dispatch()
#38 /var/www/html/laundryApp/vendor/laravel/framework/src/Illuminate/Pipeline/Pipeline.php(144): Illuminate\\Foundation\\Http\\Kernel->Illuminate\\Foundation\\Http\\{closure}()
#39 /var/www/html/laundryApp/vendor/laravel/framework/src/Illuminate/Foundation/Http/Middleware/TransformsRequest.php(21): Illuminate\\Pipeline\\Pipeline->Illuminate\\Pipeline\\{closure}()
#40 /var/www/html/laundryApp/vendor/laravel/framework/src/Illuminate/Foundation/Http/Middleware/ConvertEmptyStringsToNull.php(31): Illuminate\\Foundation\\Http\\Middleware\\TransformsRequest->handle()
#41 /var/www/html/laundryApp/vendor/laravel/framework/src/Illuminate/Pipeline/Pipeline.php(183): Illuminate\\Foundation\\Http\\Middleware\\ConvertEmptyStringsToNull->handle()
#42 /var/www/html/laundryApp/vendor/laravel/framework/src/Illuminate/Foundation/Http/Middleware/TransformsRequest.php(21): Illuminate\\Pipeline\\Pipeline->Illuminate\\Pipeline\\{closure}()
#43 /var/www/html/laundryApp/vendor/laravel/framework/src/Illuminate/Foundation/Http/Middleware/TrimStrings.php(40): Illuminate\\Foundation\\Http\\Middleware\\TransformsRequest->handle()
#44 /var/www/html/laundryApp/vendor/laravel/framework/src/Illuminate/Pipeline/Pipeline.php(183): Illuminate\\Foundation\\Http\\Middleware\\TrimStrings->handle()
#45 /var/www/html/laundryApp/vendor/laravel/framework/src/Illuminate/Foundation/Http/Middleware/ValidatePostSize.php(27): Illuminate\\Pipeline\\Pipeline->Illuminate\\Pipeline\\{closure}()
#46 /var/www/html/laundryApp/vendor/laravel/framework/src/Illuminate/Pipeline/Pipeline.php(183): Illuminate\\Foundation\\Http\\Middleware\\ValidatePostSize->handle()
#47 /var/www/html/laundryApp/vendor/laravel/framework/src/Illuminate/Foundation/Http/Middleware/PreventRequestsDuringMaintenance.php(99): Illuminate\\Pipeline\\Pipeline->Illuminate\\Pipeline\\{closure}()
#48 /var/www/html/laundryApp/vendor/laravel/framework/src/Illuminate/Pipeline/Pipeline.php(183): Illuminate\\Foundation\\Http\\Middleware\\PreventRequestsDuringMaintenance->handle()
#49 /var/www/html/laundryApp/vendor/laravel/framework/src/Illuminate/Http/Middleware/HandleCors.php(62): Illuminate\\Pipeline\\Pipeline->Illuminate\\Pipeline\\{closure}()
#50 /var/www/html/laundryApp/vendor/laravel/framework/src/Illuminate/Pipeline/Pipeline.php(183): Illuminate\\Http\\Middleware\\HandleCors->handle()
#51 /var/www/html/laundryApp/vendor/laravel/framework/src/Illuminate/Http/Middleware/TrustProxies.php(39): Illuminate\\Pipeline\\Pipeline->Illuminate\\Pipeline\\{closure}()
#52 /var/www/html/laundryApp/vendor/laravel/framework/src/Illuminate/Pipeline/Pipeline.php(183): Illuminate\\Http\\Middleware\\TrustProxies->handle()
#53 /var/www/html/laundryApp/vendor/laravel/framework/src/Illuminate/Pipeline/Pipeline.php(119): Illuminate\\Pipeline\\Pipeline->Illuminate\\Pipeline\\{closure}()
#54 /var/www/html/laundryApp/vendor/laravel/framework/src/Illuminate/Foundation/Http/Kernel.php(175): Illuminate\\Pipeline\\Pipeline->then()
#55 /var/www/html/laundryApp/vendor/laravel/framework/src/Illuminate/Foundation/Http/Kernel.php(144): Illuminate\\Foundation\\Http\\Kernel->sendRequestThroughRouter()
#56 /var/www/html/laundryApp/public/index.php(51): Illuminate\\Foundation\\Http\\Kernel->handle()
#57 /var/www/html/laundryApp/vendor/laravel/framework/src/Illuminate/Foundation/resources/server.php(16): require_once('...')
#58 {main}

[previous exception] [object] (PDOException(code: 42S02): SQLSTATE[42S02]: Base table or view not found: 1146 Table 'loundry_app.product_process_history' doesn't exist at /var/www/html/laundryApp/vendor/laravel/framework/src/Illuminate/Database/Connection.php:423)
[stacktrace]
#0 /var/www/html/laundryApp/vendor/laravel/framework/src/Illuminate/Database/Connection.php(423): PDO->prepare()
#1 /var/www/html/laundryApp/vendor/laravel/framework/src/Illuminate/Database/Connection.php(816): Illuminate\\Database\\Connection->Illuminate\\Database\\{closure}()
#2 /var/www/html/laundryApp/vendor/laravel/framework/src/Illuminate/Database/Connection.php(783): Illuminate\\Database\\Connection->runQueryCallback()
#3 /var/www/html/laundryApp/vendor/laravel/framework/src/Illuminate/Database/Connection.php(414): Illuminate\\Database\\Connection->run()
#4 /var/www/html/laundryApp/vendor/laravel/framework/src/Illuminate/Database/Query/Builder.php(2913): Illuminate\\Database\\Connection->select()
#5 /var/www/html/laundryApp/vendor/laravel/framework/src/Illuminate/Database/Query/Builder.php(2902): Illuminate\\Database\\Query\\Builder->runSelect()
#6 /var/www/html/laundryApp/vendor/laravel/framework/src/Illuminate/Database/Query/Builder.php(3456): Illuminate\\Database\\Query\\Builder->Illuminate\\Database\\Query\\{closure}()
#7 /var/www/html/laundryApp/vendor/laravel/framework/src/Illuminate/Database/Query/Builder.php(2901): Illuminate\\Database\\Query\\Builder->onceWithColumns()
#8 /var/www/html/laundryApp/vendor/laravel/framework/src/Illuminate/Database/Query/Builder.php(3383): Illuminate\\Database\\Query\\Builder->get()
#9 /var/www/html/laundryApp/vendor/laravel/framework/src/Illuminate/Database/Query/Builder.php(3311): Illuminate\\Database\\Query\\Builder->aggregate()
#10 /var/www/html/laundryApp/app/Http/Controllers/Api/DashboardApiController.php(74): Illuminate\\Database\\Query\\Builder->count()
#11 /var/www/html/laundryApp/vendor/laravel/framework/src/Illuminate/Cache/Repository.php(396): App\\Http\\Controllers\\Api\\DashboardApiController->App\\Http\\Controllers\\Api\\{closure}()
#12 /var/www/html/laundryApp/vendor/laravel/framework/src/Illuminate/Cache/CacheManager.php(429): Illuminate\\Cache\\Repository->remember()
#13 /var/www/html/laundryApp/vendor/laravel/framework/src/Illuminate/Support/Facades/Facade.php(355): Illuminate\\Cache\\CacheManager->__call()
#14 /var/www/html/laundryApp/app/Http/Controllers/Api/DashboardApiController.php(42): Illuminate\\Support\\Facades\\Facade::__callStatic()
#15 /var/www/html/laundryApp/vendor/laravel/framework/src/Illuminate/Routing/Controller.php(54): App\\Http\\Controllers\\Api\\DashboardApiController->summary()
#16 /var/www/html/laundryApp/vendor/laravel/framework/src/Illuminate/Routing/ControllerDispatcher.php(43): Illuminate\\Routing\\Controller->callAction()
#17 /var/www/html/laundryApp/vendor/laravel/framework/src/Illuminate/Routing/Route.php(259): Illuminate\\Routing\\ControllerDispatcher->dispatch()
#18 /var/www/html/laundryApp/vendor/laravel/framework/src/Illuminate/Routing/Route.php(205): Illuminate\\Routing\\Route->runController()
#19 /var/www/html/laundryApp/vendor/laravel/framework/src/Illuminate/Routing/Router.php(806): Illuminate\\Routing\\Route->run()
#20 /var/www/html/laundryApp/vendor/laravel/framework/src/Illuminate/Pipeline/Pipeline.php(144): Illuminate\\Routing\\Router->Illuminate\\Routing\\{closure}()
#21 /var/www/html/laundryApp/vendor/laravel/framework/src/Illuminate/Routing/Middleware/SubstituteBindings.php(50): Illuminate\\Pipeline\\Pipeline->Illuminate\\Pipeline\\{closure}()
#22 /var/www/html/laundryApp/vendor/laravel/framework/src/Illuminate/Pipeline/Pipeline.php(183): Illuminate\\Routing\\Middleware\\SubstituteBindings->handle()
#23 /var/www/html/laundryApp/vendor/laravel/framework/src/Illuminate/Routing/Middleware/ThrottleRequests.php(159): Illuminate\\Pipeline\\Pipeline->Illuminate\\Pipeline\\{closure}()
#24 /var/www/html/laundryApp/vendor/laravel/framework/src/Illuminate/Routing/Middleware/ThrottleRequests.php(125): Illuminate\\Routing\\Middleware\\ThrottleRequests->handleRequest()
#25 /var/www/html/laundryApp/vendor/laravel/framework/src/Illuminate/Routing/Middleware/ThrottleRequests.php(87): Illuminate\\Routing\\Middleware\\ThrottleRequests->handleRequestUsingNamedLimiter()
#26 /var/www/html/laundryApp/vendor/laravel/framework/src/Illuminate/Pipeline/Pipeline.php(183): Illuminate\\Routing\\Middleware\\ThrottleRequests->handle()
#27 /var/www/html/laundryApp/vendor/laravel/framework/src/Illuminate/Auth/Middleware/Authenticate.php(57): Illuminate\\Pipeline\\Pipeline->Illuminate\\Pipeline\\{closure}()
#28 /var/www/html/laundryApp/vendor/laravel/framework/src/Illuminate/Pipeline/Pipeline.php(183): Illuminate\\Auth\\Middleware\\Authenticate->handle()
#29 /var/www/html/laundryApp/vendor/laravel/sanctum/src/Http/Middleware/EnsureFrontendRequestsAreStateful.php(25): Illuminate\\Pipeline\\Pipeline->Illuminate\\Pipeline\\{closure}()
#30 /var/www/html/laundryApp/vendor/laravel/framework/src/Illuminate/Pipeline/Pipeline.php(144): Laravel\\Sanctum\\Http\\Middleware\\EnsureFrontendRequestsAreStateful->Laravel\\Sanctum\\Http\\Middleware\\{closure}()
#31 /var/www/html/laundryApp/vendor/laravel/framework/src/Illuminate/Pipeline/Pipeline.php(119): Illuminate\\Pipeline\\Pipeline->Illuminate\\Pipeline\\{closure}()
#32 /var/www/html/laundryApp/vendor/laravel/sanctum/src/Http/Middleware/EnsureFrontendRequestsAreStateful.php(24): Illuminate\\Pipeline\\Pipeline->then()
#33 /var/www/html/laundryApp/vendor/laravel/framework/src/Illuminate/Pipeline/Pipeline.php(183): Laravel\\Sanctum\\Http\\Middleware\\EnsureFrontendRequestsAreStateful->handle()
#34 /var/www/html/laundryApp/vendor/laravel/framework/src/Illuminate/Pipeline/Pipeline.php(119): Illuminate\\Pipeline\\Pipeline->Illuminate\\Pipeline\\{closure}()
#35 /var/www/html/laundryApp/vendor/laravel/framework/src/Illuminate/Routing/Router.php(805): Illuminate\\Pipeline\\Pipeline->then()
#36 /var/www/html/laundryApp/vendor/laravel/framework/src/Illuminate/Routing/Router.php(784): Illuminate\\Routing\\Router->runRouteWithinStack()
#37 /var/www/html/laundryApp/vendor/laravel/framework/src/Illuminate/Routing/Router.php(748): Illuminate\\Routing\\Router->runRoute()
#38 /var/www/html/laundryApp/vendor/laravel/framework/src/Illuminate/Routing/Router.php(737): Illuminate\\Routing\\Router->dispatchToRoute()
#39 /var/www/html/laundryApp/vendor/laravel/framework/src/Illuminate/Foundation/Http/Kernel.php(200): Illuminate\\Routing\\Router->dispatch()
#40 /var/www/html/laundryApp/vendor/laravel/framework/src/Illuminate/Pipeline/Pipeline.php(144): Illuminate\\Foundation\\Http\\Kernel->Illuminate\\Foundation\\Http\\{closure}()
#41 /var/www/html/laundryApp/vendor/laravel/framework/src/Illuminate/Foundation/Http/Middleware/TransformsRequest.php(21): Illuminate\\Pipeline\\Pipeline->Illuminate\\Pipeline\\{closure}()
#42 /var/www/html/laundryApp/vendor/laravel/framework/src/Illuminate/Foundation/Http/Middleware/ConvertEmptyStringsToNull.php(31): Illuminate\\Foundation\\Http\\Middleware\\TransformsRequest->handle()
#43 /var/www/html/laundryApp/vendor/laravel/framework/src/Illuminate/Pipeline/Pipeline.php(183): Illuminate\\Foundation\\Http\\Middleware\\ConvertEmptyStringsToNull->handle()
#44 /var/www/html/laundryApp/vendor/laravel/framework/src/Illuminate/Foundation/Http/Middleware/TransformsRequest.php(21): Illuminate\\Pipeline\\Pipeline->Illuminate\\Pipeline\\{closure}()
#45 /var/www/html/laundryApp/vendor/laravel/framework/src/Illuminate/Foundation/Http/Middleware/TrimStrings.php(40): Illuminate\\Foundation\\Http\\Middleware\\TransformsRequest->handle()
#46 /var/www/html/laundryApp/vendor/laravel/framework/src/Illuminate/Pipeline/Pipeline.php(183): Illuminate\\Foundation\\Http\\Middleware\\TrimStrings->handle()
#47 /var/www/html/laundryApp/vendor/laravel/framework/src/Illuminate/Foundation/Http/Middleware/ValidatePostSize.php(27): Illuminate\\Pipeline\\Pipeline->Illuminate\\Pipeline\\{closure}()
#48 /var/www/html/laundryApp/vendor/laravel/framework/src/Illuminate/Pipeline/Pipeline.php(183): Illuminate\\Foundation\\Http\\Middleware\\ValidatePostSize->handle()
#49 /var/www/html/laundryApp/vendor/laravel/framework/src/Illuminate/Foundation/Http/Middleware/PreventRequestsDuringMaintenance.php(99): Illuminate\\Pipeline\\Pipeline->Illuminate\\Pipeline\\{closure}()
#50 /var/www/html/laundryApp/vendor/laravel/framework/src/Illuminate/Pipeline/Pipeline.php(183): Illuminate\\Foundation\\Http\\Middleware\\PreventRequestsDuringMaintenance->handle()
#51 /var/www/html/laundryApp/vendor/laravel/framework/src/Illuminate/Http/Middleware/HandleCors.php(62): Illuminate\\Pipeline\\Pipeline->Illuminate\\Pipeline\\{closure}()
#52 /var/www/html/laundryApp/vendor/laravel/framework/src/Illuminate/Pipeline/Pipeline.php(183): Illuminate\\Http\\Middleware\\HandleCors->handle()
#53 /var/www/html/laundryApp/vendor/laravel/framework/src/Illuminate/Http/Middleware/TrustProxies.php(39): Illuminate\\Pipeline\\Pipeline->Illuminate\\Pipeline\\{closure}()
#54 /var/www/html/laundryApp/vendor/laravel/framework/src/Illuminate/Pipeline/Pipeline.php(183): Illuminate\\Http\\Middleware\\TrustProxies->handle()
#55 /var/www/html/laundryApp/vendor/laravel/framework/src/Illuminate/Pipeline/Pipeline.php(119): Illuminate\\Pipeline\\Pipeline->Illuminate\\Pipeline\\{closure}()
#56 /var/www/html/laundryApp/vendor/laravel/framework/src/Illuminate/Foundation/Http/Kernel.php(175): Illuminate\\Pipeline\\Pipeline->then()
#57 /var/www/html/laundryApp/vendor/laravel/framework/src/Illuminate/Foundation/Http/Kernel.php(144): Illuminate\\Foundation\\Http\\Kernel->sendRequestThroughRouter()
#58 /var/www/html/laundryApp/public/index.php(51): Illuminate\\Foundation\\Http\\Kernel->handle()
#59 /var/www/html/laundryApp/vendor/laravel/framework/src/Illuminate/Foundation/resources/server.php(16): require_once('...')
#60 {main}
"} 
[2025-12-05 19:57:16] local.ERROR: SQLSTATE[42S02]: Base table or view not found: 1146 Table 'loundry_app.product_process_history' doesn't exist (Connection: mysql, SQL: select count(*) as aggregate from (select `h`.`product_id`, `h`.`status`, `h`.`stages`, `h`.`changed_at` from `product_process_history` as `h` inner join (SELECT product_id, MAX(changed_at) as latest_change 
                             FROM product_process_history 
                             GROUP BY product_id) latest on `h`.`product_id` = `latest`.`product_id` and `h`.`changed_at` = `latest`.`latest_change` inner join `rfid_tags` as `p` on `h`.`product_id` = `p`.`id` where `p`.`location_id` = 3) as t where `t`.`changed_at` between 2025-12-05 00:00:00 and 2025-12-05 23:59:59 and `t`.`status` = FAIL) {"userId":51,"exception":"[object] (Illuminate\\Database\\QueryException(code: 42S02): SQLSTATE[42S02]: Base table or view not found: 1146 Table 'loundry_app.product_process_history' doesn't exist (Connection: mysql, SQL: select count(*) as aggregate from (select `h`.`product_id`, `h`.`status`, `h`.`stages`, `h`.`changed_at` from `product_process_history` as `h` inner join (SELECT product_id, MAX(changed_at) as latest_change 
                             FROM product_process_history 
                             GROUP BY product_id) latest on `h`.`product_id` = `latest`.`product_id` and `h`.`changed_at` = `latest`.`latest_change` inner join `rfid_tags` as `p` on `h`.`product_id` = `p`.`id` where `p`.`location_id` = 3) as t where `t`.`changed_at` between 2025-12-05 00:00:00 and 2025-12-05 23:59:59 and `t`.`status` = FAIL) at /var/www/html/laundryApp/vendor/laravel/framework/src/Illuminate/Database/Connection.php:829)
[stacktrace]
#0 /var/www/html/laundryApp/vendor/laravel/framework/src/Illuminate/Database/Connection.php(783): Illuminate\\Database\\Connection->runQueryCallback()
#1 /var/www/html/laundryApp/vendor/laravel/framework/src/Illuminate/Database/Connection.php(414): Illuminate\\Database\\Connection->run()
#2 /var/www/html/laundryApp/vendor/laravel/framework/src/Illuminate/Database/Query/Builder.php(2913): Illuminate\\Database\\Connection->select()
#3 /var/www/html/laundryApp/vendor/laravel/framework/src/Illuminate/Database/Query/Builder.php(2902): Illuminate\\Database\\Query\\Builder->runSelect()
#4 /var/www/html/laundryApp/vendor/laravel/framework/src/Illuminate/Database/Query/Builder.php(3456): Illuminate\\Database\\Query\\Builder->Illuminate\\Database\\Query\\{closure}()
#5 /var/www/html/laundryApp/vendor/laravel/framework/src/Illuminate/Database/Query/Builder.php(2901): Illuminate\\Database\\Query\\Builder->onceWithColumns()
#6 /var/www/html/laundryApp/vendor/laravel/framework/src/Illuminate/Database/Query/Builder.php(3383): Illuminate\\Database\\Query\\Builder->get()
#7 /var/www/html/laundryApp/vendor/laravel/framework/src/Illuminate/Database/Query/Builder.php(3311): Illuminate\\Database\\Query\\Builder->aggregate()
#8 /var/www/html/laundryApp/app/Http/Controllers/Api/DashboardApiController.php(74): Illuminate\\Database\\Query\\Builder->count()
#9 /var/www/html/laundryApp/vendor/laravel/framework/src/Illuminate/Cache/Repository.php(396): App\\Http\\Controllers\\Api\\DashboardApiController->App\\Http\\Controllers\\Api\\{closure}()
#10 /var/www/html/laundryApp/vendor/laravel/framework/src/Illuminate/Cache/CacheManager.php(429): Illuminate\\Cache\\Repository->remember()
#11 /var/www/html/laundryApp/vendor/laravel/framework/src/Illuminate/Support/Facades/Facade.php(355): Illuminate\\Cache\\CacheManager->__call()
#12 /var/www/html/laundryApp/app/Http/Controllers/Api/DashboardApiController.php(42): Illuminate\\Support\\Facades\\Facade::__callStatic()
#13 /var/www/html/laundryApp/vendor/laravel/framework/src/Illuminate/Routing/Controller.php(54): App\\Http\\Controllers\\Api\\DashboardApiController->summary()
#14 /var/www/html/laundryApp/vendor/laravel/framework/src/Illuminate/Routing/ControllerDispatcher.php(43): Illuminate\\Routing\\Controller->callAction()
#15 /var/www/html/laundryApp/vendor/laravel/framework/src/Illuminate/Routing/Route.php(259): Illuminate\\Routing\\ControllerDispatcher->dispatch()
#16 /var/www/html/laundryApp/vendor/laravel/framework/src/Illuminate/Routing/Route.php(205): Illuminate\\Routing\\Route->runController()
#17 /var/www/html/laundryApp/vendor/laravel/framework/src/Illuminate/Routing/Router.php(806): Illuminate\\Routing\\Route->run()
#18 /var/www/html/laundryApp/vendor/laravel/framework/src/Illuminate/Pipeline/Pipeline.php(144): Illuminate\\Routing\\Router->Illuminate\\Routing\\{closure}()
#19 /var/www/html/laundryApp/vendor/laravel/framework/src/Illuminate/Routing/Middleware/SubstituteBindings.php(50): Illuminate\\Pipeline\\Pipeline->Illuminate\\Pipeline\\{closure}()
#20 /var/www/html/laundryApp/vendor/laravel/framework/src/Illuminate/Pipeline/Pipeline.php(183): Illuminate\\Routing\\Middleware\\SubstituteBindings->handle()
#21 /var/www/html/laundryApp/vendor/laravel/framework/src/Illuminate/Routing/Middleware/ThrottleRequests.php(159): Illuminate\\Pipeline\\Pipeline->Illuminate\\Pipeline\\{closure}()
#22 /var/www/html/laundryApp/vendor/laravel/framework/src/Illuminate/Routing/Middleware/ThrottleRequests.php(125): Illuminate\\Routing\\Middleware\\ThrottleRequests->handleRequest()
#23 /var/www/html/laundryApp/vendor/laravel/framework/src/Illuminate/Routing/Middleware/ThrottleRequests.php(87): Illuminate\\Routing\\Middleware\\ThrottleRequests->handleRequestUsingNamedLimiter()
#24 /var/www/html/laundryApp/vendor/laravel/framework/src/Illuminate/Pipeline/Pipeline.php(183): Illuminate\\Routing\\Middleware\\ThrottleRequests->handle()
#25 /var/www/html/laundryApp/vendor/laravel/framework/src/Illuminate/Auth/Middleware/Authenticate.php(57): Illuminate\\Pipeline\\Pipeline->Illuminate\\Pipeline\\{closure}()
#26 /var/www/html/laundryApp/vendor/laravel/framework/src/Illuminate/Pipeline/Pipeline.php(183): Illuminate\\Auth\\Middleware\\Authenticate->handle()
#27 /var/www/html/laundryApp/vendor/laravel/sanctum/src/Http/Middleware/EnsureFrontendRequestsAreStateful.php(25): Illuminate\\Pipeline\\Pipeline->Illuminate\\Pipeline\\{closure}()
#28 /var/www/html/laundryApp/vendor/laravel/framework/src/Illuminate/Pipeline/Pipeline.php(144): Laravel\\Sanctum\\Http\\Middleware\\EnsureFrontendRequestsAreStateful->Laravel\\Sanctum\\Http\\Middleware\\{closure}()
#29 /var/www/html/laundryApp/vendor/laravel/framework/src/Illuminate/Pipeline/Pipeline.php(119): Illuminate\\Pipeline\\Pipeline->Illuminate\\Pipeline\\{closure}()
#30 /var/www/html/laundryApp/vendor/laravel/sanctum/src/Http/Middleware/EnsureFrontendRequestsAreStateful.php(24): Illuminate\\Pipeline\\Pipeline->then()
#31 /var/www/html/laundryApp/vendor/laravel/framework/src/Illuminate/Pipeline/Pipeline.php(183): Laravel\\Sanctum\\Http\\Middleware\\EnsureFrontendRequestsAreStateful->handle()
#32 /var/www/html/laundryApp/vendor/laravel/framework/src/Illuminate/Pipeline/Pipeline.php(119): Illuminate\\Pipeline\\Pipeline->Illuminate\\Pipeline\\{closure}()
#33 /var/www/html/laundryApp/vendor/laravel/framework/src/Illuminate/Routing/Router.php(805): Illuminate\\Pipeline\\Pipeline->then()
#34 /var/www/html/laundryApp/vendor/laravel/framework/src/Illuminate/Routing/Router.php(784): Illuminate\\Routing\\Router->runRouteWithinStack()
#35 /var/www/html/laundryApp/vendor/laravel/framework/src/Illuminate/Routing/Router.php(748): Illuminate\\Routing\\Router->runRoute()
#36 /var/www/html/laundryApp/vendor/laravel/framework/src/Illuminate/Routing/Router.php(737): Illuminate\\Routing\\Router->dispatchToRoute()
#37 /var/www/html/laundryApp/vendor/laravel/framework/src/Illuminate/Foundation/Http/Kernel.php(200): Illuminate\\Routing\\Router->dispatch()
#38 /var/www/html/laundryApp/vendor/laravel/framework/src/Illuminate/Pipeline/Pipeline.php(144): Illuminate\\Foundation\\Http\\Kernel->Illuminate\\Foundation\\Http\\{closure}()
#39 /var/www/html/laundryApp/vendor/laravel/framework/src/Illuminate/Foundation/Http/Middleware/TransformsRequest.php(21): Illuminate\\Pipeline\\Pipeline->Illuminate\\Pipeline\\{closure}()
#40 /var/www/html/laundryApp/vendor/laravel/framework/src/Illuminate/Foundation/Http/Middleware/ConvertEmptyStringsToNull.php(31): Illuminate\\Foundation\\Http\\Middleware\\TransformsRequest->handle()
#41 /var/www/html/laundryApp/vendor/laravel/framework/src/Illuminate/Pipeline/Pipeline.php(183): Illuminate\\Foundation\\Http\\Middleware\\ConvertEmptyStringsToNull->handle()
#42 /var/www/html/laundryApp/vendor/laravel/framework/src/Illuminate/Foundation/Http/Middleware/TransformsRequest.php(21): Illuminate\\Pipeline\\Pipeline->Illuminate\\Pipeline\\{closure}()
#43 /var/www/html/laundryApp/vendor/laravel/framework/src/Illuminate/Foundation/Http/Middleware/TrimStrings.php(40): Illuminate\\Foundation\\Http\\Middleware\\TransformsRequest->handle()
#44 /var/www/html/laundryApp/vendor/laravel/framework/src/Illuminate/Pipeline/Pipeline.php(183): Illuminate\\Foundation\\Http\\Middleware\\TrimStrings->handle()
#45 /var/www/html/laundryApp/vendor/laravel/framework/src/Illuminate/Foundation/Http/Middleware/ValidatePostSize.php(27): Illuminate\\Pipeline\\Pipeline->Illuminate\\Pipeline\\{closure}()
#46 /var/www/html/laundryApp/vendor/laravel/framework/src/Illuminate/Pipeline/Pipeline.php(183): Illuminate\\Foundation\\Http\\Middleware\\ValidatePostSize->handle()
#47 /var/www/html/laundryApp/vendor/laravel/framework/src/Illuminate/Foundation/Http/Middleware/PreventRequestsDuringMaintenance.php(99): Illuminate\\Pipeline\\Pipeline->Illuminate\\Pipeline\\{closure}()
#48 /var/www/html/laundryApp/vendor/laravel/framework/src/Illuminate/Pipeline/Pipeline.php(183): Illuminate\\Foundation\\Http\\Middleware\\PreventRequestsDuringMaintenance->handle()
#49 /var/www/html/laundryApp/vendor/laravel/framework/src/Illuminate/Http/Middleware/HandleCors.php(62): Illuminate\\Pipeline\\Pipeline->Illuminate\\Pipeline\\{closure}()
#50 /var/www/html/laundryApp/vendor/laravel/framework/src/Illuminate/Pipeline/Pipeline.php(183): Illuminate\\Http\\Middleware\\HandleCors->handle()
#51 /var/www/html/laundryApp/vendor/laravel/framework/src/Illuminate/Http/Middleware/TrustProxies.php(39): Illuminate\\Pipeline\\Pipeline->Illuminate\\Pipeline\\{closure}()
#52 /var/www/html/laundryApp/vendor/laravel/framework/src/Illuminate/Pipeline/Pipeline.php(183): Illuminate\\Http\\Middleware\\TrustProxies->handle()
#53 /var/www/html/laundryApp/vendor/laravel/framework/src/Illuminate/Pipeline/Pipeline.php(119): Illuminate\\Pipeline\\Pipeline->Illuminate\\Pipeline\\{closure}()
#54 /var/www/html/laundryApp/vendor/laravel/framework/src/Illuminate/Foundation/Http/Kernel.php(175): Illuminate\\Pipeline\\Pipeline->then()
#55 /var/www/html/laundryApp/vendor/laravel/framework/src/Illuminate/Foundation/Http/Kernel.php(144): Illuminate\\Foundation\\Http\\Kernel->sendRequestThroughRouter()
#56 /var/www/html/laundryApp/public/index.php(51): Illuminate\\Foundation\\Http\\Kernel->handle()
#57 /var/www/html/laundryApp/vendor/laravel/framework/src/Illuminate/Foundation/resources/server.php(16): require_once('...')
#58 {main}

[previous exception] [object] (PDOException(code: 42S02): SQLSTATE[42S02]: Base table or view not found: 1146 Table 'loundry_app.product_process_history' doesn't exist at /var/www/html/laundryApp/vendor/laravel/framework/src/Illuminate/Database/Connection.php:423)
[stacktrace]
#0 /var/www/html/laundryApp/vendor/laravel/framework/src/Illuminate/Database/Connection.php(423): PDO->prepare()
#1 /var/www/html/laundryApp/vendor/laravel/framework/src/Illuminate/Database/Connection.php(816): Illuminate\\Database\\Connection->Illuminate\\Database\\{closure}()
#2 /var/www/html/laundryApp/vendor/laravel/framework/src/Illuminate/Database/Connection.php(783): Illuminate\\Database\\Connection->runQueryCallback()
#3 /var/www/html/laundryApp/vendor/laravel/framework/src/Illuminate/Database/Connection.php(414): Illuminate\\Database\\Connection->run()
#4 /var/www/html/laundryApp/vendor/laravel/framework/src/Illuminate/Database/Query/Builder.php(2913): Illuminate\\Database\\Connection->select()
#5 /var/www/html/laundryApp/vendor/laravel/framework/src/Illuminate/Database/Query/Builder.php(2902): Illuminate\\Database\\Query\\Builder->runSelect()
#6 /var/www/html/laundryApp/vendor/laravel/framework/src/Illuminate/Database/Query/Builder.php(3456): Illuminate\\Database\\Query\\Builder->Illuminate\\Database\\Query\\{closure}()
#7 /var/www/html/laundryApp/vendor/laravel/framework/src/Illuminate/Database/Query/Builder.php(2901): Illuminate\\Database\\Query\\Builder->onceWithColumns()
#8 /var/www/html/laundryApp/vendor/laravel/framework/src/Illuminate/Database/Query/Builder.php(3383): Illuminate\\Database\\Query\\Builder->get()
#9 /var/www/html/laundryApp/vendor/laravel/framework/src/Illuminate/Database/Query/Builder.php(3311): Illuminate\\Database\\Query\\Builder->aggregate()
#10 /var/www/html/laundryApp/app/Http/Controllers/Api/DashboardApiController.php(74): Illuminate\\Database\\Query\\Builder->count()
#11 /var/www/html/laundryApp/vendor/laravel/framework/src/Illuminate/Cache/Repository.php(396): App\\Http\\Controllers\\Api\\DashboardApiController->App\\Http\\Controllers\\Api\\{closure}()
#12 /var/www/html/laundryApp/vendor/laravel/framework/src/Illuminate/Cache/CacheManager.php(429): Illuminate\\Cache\\Repository->remember()
#13 /var/www/html/laundryApp/vendor/laravel/framework/src/Illuminate/Support/Facades/Facade.php(355): Illuminate\\Cache\\CacheManager->__call()
#14 /var/www/html/laundryApp/app/Http/Controllers/Api/DashboardApiController.php(42): Illuminate\\Support\\Facades\\Facade::__callStatic()
#15 /var/www/html/laundryApp/vendor/laravel/framework/src/Illuminate/Routing/Controller.php(54): App\\Http\\Controllers\\Api\\DashboardApiController->summary()
#16 /var/www/html/laundryApp/vendor/laravel/framework/src/Illuminate/Routing/ControllerDispatcher.php(43): Illuminate\\Routing\\Controller->callAction()
#17 /var/www/html/laundryApp/vendor/laravel/framework/src/Illuminate/Routing/Route.php(259): Illuminate\\Routing\\ControllerDispatcher->dispatch()
#18 /var/www/html/laundryApp/vendor/laravel/framework/src/Illuminate/Routing/Route.php(205): Illuminate\\Routing\\Route->runController()
#19 /var/www/html/laundryApp/vendor/laravel/framework/src/Illuminate/Routing/Router.php(806): Illuminate\\Routing\\Route->run()
#20 /var/www/html/laundryApp/vendor/laravel/framework/src/Illuminate/Pipeline/Pipeline.php(144): Illuminate\\Routing\\Router->Illuminate\\Routing\\{closure}()
#21 /var/www/html/laundryApp/vendor/laravel/framework/src/Illuminate/Routing/Middleware/SubstituteBindings.php(50): Illuminate\\Pipeline\\Pipeline->Illuminate\\Pipeline\\{closure}()
#22 /var/www/html/laundryApp/vendor/laravel/framework/src/Illuminate/Pipeline/Pipeline.php(183): Illuminate\\Routing\\Middleware\\SubstituteBindings->handle()
#23 /var/www/html/laundryApp/vendor/laravel/framework/src/Illuminate/Routing/Middleware/ThrottleRequests.php(159): Illuminate\\Pipeline\\Pipeline->Illuminate\\Pipeline\\{closure}()
#24 /var/www/html/laundryApp/vendor/laravel/framework/src/Illuminate/Routing/Middleware/ThrottleRequests.php(125): Illuminate\\Routing\\Middleware\\ThrottleRequests->handleRequest()
#25 /var/www/html/laundryApp/vendor/laravel/framework/src/Illuminate/Routing/Middleware/ThrottleRequests.php(87): Illuminate\\Routing\\Middleware\\ThrottleRequests->handleRequestUsingNamedLimiter()
#26 /var/www/html/laundryApp/vendor/laravel/framework/src/Illuminate/Pipeline/Pipeline.php(183): Illuminate\\Routing\\Middleware\\ThrottleRequests->handle()
#27 /var/www/html/laundryApp/vendor/laravel/framework/src/Illuminate/Auth/Middleware/Authenticate.php(57): Illuminate\\Pipeline\\Pipeline->Illuminate\\Pipeline\\{closure}()
#28 /var/www/html/laundryApp/vendor/laravel/framework/src/Illuminate/Pipeline/Pipeline.php(183): Illuminate\\Auth\\Middleware\\Authenticate->handle()
#29 /var/www/html/laundryApp/vendor/laravel/sanctum/src/Http/Middleware/EnsureFrontendRequestsAreStateful.php(25): Illuminate\\Pipeline\\Pipeline->Illuminate\\Pipeline\\{closure}()
#30 /var/www/html/laundryApp/vendor/laravel/framework/src/Illuminate/Pipeline/Pipeline.php(144): Laravel\\Sanctum\\Http\\Middleware\\EnsureFrontendRequestsAreStateful->Laravel\\Sanctum\\Http\\Middleware\\{closure}()
#31 /var/www/html/laundryApp/vendor/laravel/framework/src/Illuminate/Pipeline/Pipeline.php(119): Illuminate\\Pipeline\\Pipeline->Illuminate\\Pipeline\\{closure}()
#32 /var/www/html/laundryApp/vendor/laravel/sanctum/src/Http/Middleware/EnsureFrontendRequestsAreStateful.php(24): Illuminate\\Pipeline\\Pipeline->then()
#33 /var/www/html/laundryApp/vendor/laravel/framework/src/Illuminate/Pipeline/Pipeline.php(183): Laravel\\Sanctum\\Http\\Middleware\\EnsureFrontendRequestsAreStateful->handle()
#34 /var/www/html/laundryApp/vendor/laravel/framework/src/Illuminate/Pipeline/Pipeline.php(119): Illuminate\\Pipeline\\Pipeline->Illuminate\\Pipeline\\{closure}()
#35 /var/www/html/laundryApp/vendor/laravel/framework/src/Illuminate/Routing/Router.php(805): Illuminate\\Pipeline\\Pipeline->then()
#36 /var/www/html/laundryApp/vendor/laravel/framework/src/Illuminate/Routing/Router.php(784): Illuminate\\Routing\\Router->runRouteWithinStack()
#37 /var/www/html/laundryApp/vendor/laravel/framework/src/Illuminate/Routing/Router.php(748): Illuminate\\Routing\\Router->runRoute()
#38 /var/www/html/laundryApp/vendor/laravel/framework/src/Illuminate/Routing/Router.php(737): Illuminate\\Routing\\Router->dispatchToRoute()
#39 /var/www/html/laundryApp/vendor/laravel/framework/src/Illuminate/Foundation/Http/Kernel.php(200): Illuminate\\Routing\\Router->dispatch()
#40 /var/www/html/laundryApp/vendor/laravel/framework/src/Illuminate/Pipeline/Pipeline.php(144): Illuminate\\Foundation\\Http\\Kernel->Illuminate\\Foundation\\Http\\{closure}()
#41 /var/www/html/laundryApp/vendor/laravel/framework/src/Illuminate/Foundation/Http/Middleware/TransformsRequest.php(21): Illuminate\\Pipeline\\Pipeline->Illuminate\\Pipeline\\{closure}()
#42 /var/www/html/laundryApp/vendor/laravel/framework/src/Illuminate/Foundation/Http/Middleware/ConvertEmptyStringsToNull.php(31): Illuminate\\Foundation\\Http\\Middleware\\TransformsRequest->handle()
#43 /var/www/html/laundryApp/vendor/laravel/framework/src/Illuminate/Pipeline/Pipeline.php(183): Illuminate\\Foundation\\Http\\Middleware\\ConvertEmptyStringsToNull->handle()
#44 /var/www/html/laundryApp/vendor/laravel/framework/src/Illuminate/Foundation/Http/Middleware/TransformsRequest.php(21): Illuminate\\Pipeline\\Pipeline->Illuminate\\Pipeline\\{closure}()
#45 /var/www/html/laundryApp/vendor/laravel/framework/src/Illuminate/Foundation/Http/Middleware/TrimStrings.php(40): Illuminate\\Foundation\\Http\\Middleware\\TransformsRequest->handle()
#46 /var/www/html/laundryApp/vendor/laravel/framework/src/Illuminate/Pipeline/Pipeline.php(183): Illuminate\\Foundation\\Http\\Middleware\\TrimStrings->handle()
#47 /var/www/html/laundryApp/vendor/laravel/framework/src/Illuminate/Foundation/Http/Middleware/ValidatePostSize.php(27): Illuminate\\Pipeline\\Pipeline->Illuminate\\Pipeline\\{closure}()
#48 /var/www/html/laundryApp/vendor/laravel/framework/src/Illuminate/Pipeline/Pipeline.php(183): Illuminate\\Foundation\\Http\\Middleware\\ValidatePostSize->handle()
#49 /var/www/html/laundryApp/vendor/laravel/framework/src/Illuminate/Foundation/Http/Middleware/PreventRequestsDuringMaintenance.php(99): Illuminate\\Pipeline\\Pipeline->Illuminate\\Pipeline\\{closure}()
#50 /var/www/html/laundryApp/vendor/laravel/framework/src/Illuminate/Pipeline/Pipeline.php(183): Illuminate\\Foundation\\Http\\Middleware\\PreventRequestsDuringMaintenance->handle()
#51 /var/www/html/laundryApp/vendor/laravel/framework/src/Illuminate/Http/Middleware/HandleCors.php(62): Illuminate\\Pipeline\\Pipeline->Illuminate\\Pipeline\\{closure}()
#52 /var/www/html/laundryApp/vendor/laravel/framework/src/Illuminate/Pipeline/Pipeline.php(183): Illuminate\\Http\\Middleware\\HandleCors->handle()
#53 /var/www/html/laundryApp/vendor/laravel/framework/src/Illuminate/Http/Middleware/TrustProxies.php(39): Illuminate\\Pipeline\\Pipeline->Illuminate\\Pipeline\\{closure}()
#54 /var/www/html/laundryApp/vendor/laravel/framework/src/Illuminate/Pipeline/Pipeline.php(183): Illuminate\\Http\\Middleware\\TrustProxies->handle()
#55 /var/www/html/laundryApp/vendor/laravel/framework/src/Illuminate/Pipeline/Pipeline.php(119): Illuminate\\Pipeline\\Pipeline->Illuminate\\Pipeline\\{closure}()
#56 /var/www/html/laundryApp/vendor/laravel/framework/src/Illuminate/Foundation/Http/Kernel.php(175): Illuminate\\Pipeline\\Pipeline->then()
#57 /var/www/html/laundryApp/vendor/laravel/framework/src/Illuminate/Foundation/Http/Kernel.php(144): Illuminate\\Foundation\\Http\\Kernel->sendRequestThroughRouter()
#58 /var/www/html/laundryApp/public/index.php(51): Illuminate\\Foundation\\Http\\Kernel->handle()
#59 /var/www/html/laundryApp/vendor/laravel/framework/src/Illuminate/Foundation/resources/server.php(16): require_once('...')
#60 {main}
"} 
[2025-12-05 19:57:24] local.ERROR: SQLSTATE[42S02]: Base table or view not found: 1146 Table 'loundry_app.product_process_history' doesn't exist (Connection: mysql, SQL: select count(*) as aggregate from (select `h`.`product_id`, `h`.`status`, `h`.`stages`, `h`.`changed_at` from `product_process_history` as `h` inner join (SELECT product_id, MAX(changed_at) as latest_change 
                             FROM product_process_history 
                             GROUP BY product_id) latest on `h`.`product_id` = `latest`.`product_id` and `h`.`changed_at` = `latest`.`latest_change` inner join `rfid_tags` as `p` on `h`.`product_id` = `p`.`id` where `p`.`location_id` = 3) as t where `t`.`changed_at` between 2025-12-05 00:00:00 and 2025-12-05 23:59:59 and `t`.`status` = FAIL) {"userId":51,"exception":"[object] (Illuminate\\Database\\QueryException(code: 42S02): SQLSTATE[42S02]: Base table or view not found: 1146 Table 'loundry_app.product_process_history' doesn't exist (Connection: mysql, SQL: select count(*) as aggregate from (select `h`.`product_id`, `h`.`status`, `h`.`stages`, `h`.`changed_at` from `product_process_history` as `h` inner join (SELECT product_id, MAX(changed_at) as latest_change 
                             FROM product_process_history 
                             GROUP BY product_id) latest on `h`.`product_id` = `latest`.`product_id` and `h`.`changed_at` = `latest`.`latest_change` inner join `rfid_tags` as `p` on `h`.`product_id` = `p`.`id` where `p`.`location_id` = 3) as t where `t`.`changed_at` between 2025-12-05 00:00:00 and 2025-12-05 23:59:59 and `t`.`status` = FAIL) at /var/www/html/laundryApp/vendor/laravel/framework/src/Illuminate/Database/Connection.php:829)
[stacktrace]
#0 /var/www/html/laundryApp/vendor/laravel/framework/src/Illuminate/Database/Connection.php(783): Illuminate\\Database\\Connection->runQueryCallback()
#1 /var/www/html/laundryApp/vendor/laravel/framework/src/Illuminate/Database/Connection.php(414): Illuminate\\Database\\Connection->run()
#2 /var/www/html/laundryApp/vendor/laravel/framework/src/Illuminate/Database/Query/Builder.php(2913): Illuminate\\Database\\Connection->select()
#3 /var/www/html/laundryApp/vendor/laravel/framework/src/Illuminate/Database/Query/Builder.php(2902): Illuminate\\Database\\Query\\Builder->runSelect()
#4 /var/www/html/laundryApp/vendor/laravel/framework/src/Illuminate/Database/Query/Builder.php(3456): Illuminate\\Database\\Query\\Builder->Illuminate\\Database\\Query\\{closure}()
#5 /var/www/html/laundryApp/vendor/laravel/framework/src/Illuminate/Database/Query/Builder.php(2901): Illuminate\\Database\\Query\\Builder->onceWithColumns()
#6 /var/www/html/laundryApp/vendor/laravel/framework/src/Illuminate/Database/Query/Builder.php(3383): Illuminate\\Database\\Query\\Builder->get()
#7 /var/www/html/laundryApp/vendor/laravel/framework/src/Illuminate/Database/Query/Builder.php(3311): Illuminate\\Database\\Query\\Builder->aggregate()
#8 /var/www/html/laundryApp/app/Http/Controllers/Api/DashboardApiController.php(74): Illuminate\\Database\\Query\\Builder->count()
#9 /var/www/html/laundryApp/vendor/laravel/framework/src/Illuminate/Cache/Repository.php(396): App\\Http\\Controllers\\Api\\DashboardApiController->App\\Http\\Controllers\\Api\\{closure}()
#10 /var/www/html/laundryApp/vendor/laravel/framework/src/Illuminate/Cache/CacheManager.php(429): Illuminate\\Cache\\Repository->remember()
#11 /var/www/html/laundryApp/vendor/laravel/framework/src/Illuminate/Support/Facades/Facade.php(355): Illuminate\\Cache\\CacheManager->__call()
#12 /var/www/html/laundryApp/app/Http/Controllers/Api/DashboardApiController.php(42): Illuminate\\Support\\Facades\\Facade::__callStatic()
#13 /var/www/html/laundryApp/vendor/laravel/framework/src/Illuminate/Routing/Controller.php(54): App\\Http\\Controllers\\Api\\DashboardApiController->summary()
#14 /var/www/html/laundryApp/vendor/laravel/framework/src/Illuminate/Routing/ControllerDispatcher.php(43): Illuminate\\Routing\\Controller->callAction()
#15 /var/www/html/laundryApp/vendor/laravel/framework/src/Illuminate/Routing/Route.php(259): Illuminate\\Routing\\ControllerDispatcher->dispatch()
#16 /var/www/html/laundryApp/vendor/laravel/framework/src/Illuminate/Routing/Route.php(205): Illuminate\\Routing\\Route->runController()
#17 /var/www/html/laundryApp/vendor/laravel/framework/src/Illuminate/Routing/Router.php(806): Illuminate\\Routing\\Route->run()
#18 /var/www/html/laundryApp/vendor/laravel/framework/src/Illuminate/Pipeline/Pipeline.php(144): Illuminate\\Routing\\Router->Illuminate\\Routing\\{closure}()
#19 /var/www/html/laundryApp/vendor/laravel/framework/src/Illuminate/Routing/Middleware/SubstituteBindings.php(50): Illuminate\\Pipeline\\Pipeline->Illuminate\\Pipeline\\{closure}()
#20 /var/www/html/laundryApp/vendor/laravel/framework/src/Illuminate/Pipeline/Pipeline.php(183): Illuminate\\Routing\\Middleware\\SubstituteBindings->handle()
#21 /var/www/html/laundryApp/vendor/laravel/framework/src/Illuminate/Routing/Middleware/ThrottleRequests.php(159): Illuminate\\Pipeline\\Pipeline->Illuminate\\Pipeline\\{closure}()
#22 /var/www/html/laundryApp/vendor/laravel/framework/src/Illuminate/Routing/Middleware/ThrottleRequests.php(125): Illuminate\\Routing\\Middleware\\ThrottleRequests->handleRequest()
#23 /var/www/html/laundryApp/vendor/laravel/framework/src/Illuminate/Routing/Middleware/ThrottleRequests.php(87): Illuminate\\Routing\\Middleware\\ThrottleRequests->handleRequestUsingNamedLimiter()
#24 /var/www/html/laundryApp/vendor/laravel/framework/src/Illuminate/Pipeline/Pipeline.php(183): Illuminate\\Routing\\Middleware\\ThrottleRequests->handle()
#25 /var/www/html/laundryApp/vendor/laravel/framework/src/Illuminate/Auth/Middleware/Authenticate.php(57): Illuminate\\Pipeline\\Pipeline->Illuminate\\Pipeline\\{closure}()
#26 /var/www/html/laundryApp/vendor/laravel/framework/src/Illuminate/Pipeline/Pipeline.php(183): Illuminate\\Auth\\Middleware\\Authenticate->handle()
#27 /var/www/html/laundryApp/vendor/laravel/sanctum/src/Http/Middleware/EnsureFrontendRequestsAreStateful.php(25): Illuminate\\Pipeline\\Pipeline->Illuminate\\Pipeline\\{closure}()
#28 /var/www/html/laundryApp/vendor/laravel/framework/src/Illuminate/Pipeline/Pipeline.php(144): Laravel\\Sanctum\\Http\\Middleware\\EnsureFrontendRequestsAreStateful->Laravel\\Sanctum\\Http\\Middleware\\{closure}()
#29 /var/www/html/laundryApp/vendor/laravel/framework/src/Illuminate/Pipeline/Pipeline.php(119): Illuminate\\Pipeline\\Pipeline->Illuminate\\Pipeline\\{closure}()
#30 /var/www/html/laundryApp/vendor/laravel/sanctum/src/Http/Middleware/EnsureFrontendRequestsAreStateful.php(24): Illuminate\\Pipeline\\Pipeline->then()
#31 /var/www/html/laundryApp/vendor/laravel/framework/src/Illuminate/Pipeline/Pipeline.php(183): Laravel\\Sanctum\\Http\\Middleware\\EnsureFrontendRequestsAreStateful->handle()
#32 /var/www/html/laundryApp/vendor/laravel/framework/src/Illuminate/Pipeline/Pipeline.php(119): Illuminate\\Pipeline\\Pipeline->Illuminate\\Pipeline\\{closure}()
#33 /var/www/html/laundryApp/vendor/laravel/framework/src/Illuminate/Routing/Router.php(805): Illuminate\\Pipeline\\Pipeline->then()
#34 /var/www/html/laundryApp/vendor/laravel/framework/src/Illuminate/Routing/Router.php(784): Illuminate\\Routing\\Router->runRouteWithinStack()
#35 /var/www/html/laundryApp/vendor/laravel/framework/src/Illuminate/Routing/Router.php(748): Illuminate\\Routing\\Router->runRoute()
#36 /var/www/html/laundryApp/vendor/laravel/framework/src/Illuminate/Routing/Router.php(737): Illuminate\\Routing\\Router->dispatchToRoute()
#37 /var/www/html/laundryApp/vendor/laravel/framework/src/Illuminate/Foundation/Http/Kernel.php(200): Illuminate\\Routing\\Router->dispatch()
#38 /var/www/html/laundryApp/vendor/laravel/framework/src/Illuminate/Pipeline/Pipeline.php(144): Illuminate\\Foundation\\Http\\Kernel->Illuminate\\Foundation\\Http\\{closure}()
#39 /var/www/html/laundryApp/vendor/laravel/framework/src/Illuminate/Foundation/Http/Middleware/TransformsRequest.php(21): Illuminate\\Pipeline\\Pipeline->Illuminate\\Pipeline\\{closure}()
#40 /var/www/html/laundryApp/vendor/laravel/framework/src/Illuminate/Foundation/Http/Middleware/ConvertEmptyStringsToNull.php(31): Illuminate\\Foundation\\Http\\Middleware\\TransformsRequest->handle()
#41 /var/www/html/laundryApp/vendor/laravel/framework/src/Illuminate/Pipeline/Pipeline.php(183): Illuminate\\Foundation\\Http\\Middleware\\ConvertEmptyStringsToNull->handle()
#42 /var/www/html/laundryApp/vendor/laravel/framework/src/Illuminate/Foundation/Http/Middleware/TransformsRequest.php(21): Illuminate\\Pipeline\\Pipeline->Illuminate\\Pipeline\\{closure}()
#43 /var/www/html/laundryApp/vendor/laravel/framework/src/Illuminate/Foundation/Http/Middleware/TrimStrings.php(40): Illuminate\\Foundation\\Http\\Middleware\\TransformsRequest->handle()
#44 /var/www/html/laundryApp/vendor/laravel/framework/src/Illuminate/Pipeline/Pipeline.php(183): Illuminate\\Foundation\\Http\\Middleware\\TrimStrings->handle()
#45 /var/www/html/laundryApp/vendor/laravel/framework/src/Illuminate/Foundation/Http/Middleware/ValidatePostSize.php(27): Illuminate\\Pipeline\\Pipeline->Illuminate\\Pipeline\\{closure}()
#46 /var/www/html/laundryApp/vendor/laravel/framework/src/Illuminate/Pipeline/Pipeline.php(183): Illuminate\\Foundation\\Http\\Middleware\\ValidatePostSize->handle()
#47 /var/www/html/laundryApp/vendor/laravel/framework/src/Illuminate/Foundation/Http/Middleware/PreventRequestsDuringMaintenance.php(99): Illuminate\\Pipeline\\Pipeline->Illuminate\\Pipeline\\{closure}()
#48 /var/www/html/laundryApp/vendor/laravel/framework/src/Illuminate/Pipeline/Pipeline.php(183): Illuminate\\Foundation\\Http\\Middleware\\PreventRequestsDuringMaintenance->handle()
#49 /var/www/html/laundryApp/vendor/laravel/framework/src/Illuminate/Http/Middleware/HandleCors.php(62): Illuminate\\Pipeline\\Pipeline->Illuminate\\Pipeline\\{closure}()
#50 /var/www/html/laundryApp/vendor/laravel/framework/src/Illuminate/Pipeline/Pipeline.php(183): Illuminate\\Http\\Middleware\\HandleCors->handle()
#51 /var/www/html/laundryApp/vendor/laravel/framework/src/Illuminate/Http/Middleware/TrustProxies.php(39): Illuminate\\Pipeline\\Pipeline->Illuminate\\Pipeline\\{closure}()
#52 /var/www/html/laundryApp/vendor/laravel/framework/src/Illuminate/Pipeline/Pipeline.php(183): Illuminate\\Http\\Middleware\\TrustProxies->handle()
#53 /var/www/html/laundryApp/vendor/laravel/framework/src/Illuminate/Pipeline/Pipeline.php(119): Illuminate\\Pipeline\\Pipeline->Illuminate\\Pipeline\\{closure}()
#54 /var/www/html/laundryApp/vendor/laravel/framework/src/Illuminate/Foundation/Http/Kernel.php(175): Illuminate\\Pipeline\\Pipeline->then()
#55 /var/www/html/laundryApp/vendor/laravel/framework/src/Illuminate/Foundation/Http/Kernel.php(144): Illuminate\\Foundation\\Http\\Kernel->sendRequestThroughRouter()
#56 /var/www/html/laundryApp/public/index.php(51): Illuminate\\Foundation\\Http\\Kernel->handle()
#57 /var/www/html/laundryApp/vendor/laravel/framework/src/Illuminate/Foundation/resources/server.php(16): require_once('...')
#58 {main}

[previous exception] [object] (PDOException(code: 42S02): SQLSTATE[42S02]: Base table or view not found: 1146 Table 'loundry_app.product_process_history' doesn't exist at /var/www/html/laundryApp/vendor/laravel/framework/src/Illuminate/Database/Connection.php:423)
[stacktrace]
#0 /var/www/html/laundryApp/vendor/laravel/framework/src/Illuminate/Database/Connection.php(423): PDO->prepare()
#1 /var/www/html/laundryApp/vendor/laravel/framework/src/Illuminate/Database/Connection.php(816): Illuminate\\Database\\Connection->Illuminate\\Database\\{closure}()
#2 /var/www/html/laundryApp/vendor/laravel/framework/src/Illuminate/Database/Connection.php(783): Illuminate\\Database\\Connection->runQueryCallback()
#3 /var/www/html/laundryApp/vendor/laravel/framework/src/Illuminate/Database/Connection.php(414): Illuminate\\Database\\Connection->run()
#4 /var/www/html/laundryApp/vendor/laravel/framework/src/Illuminate/Database/Query/Builder.php(2913): Illuminate\\Database\\Connection->select()
#5 /var/www/html/laundryApp/vendor/laravel/framework/src/Illuminate/Database/Query/Builder.php(2902): Illuminate\\Database\\Query\\Builder->runSelect()
#6 /var/www/html/laundryApp/vendor/laravel/framework/src/Illuminate/Database/Query/Builder.php(3456): Illuminate\\Database\\Query\\Builder->Illuminate\\Database\\Query\\{closure}()
#7 /var/www/html/laundryApp/vendor/laravel/framework/src/Illuminate/Database/Query/Builder.php(2901): Illuminate\\Database\\Query\\Builder->onceWithColumns()
#8 /var/www/html/laundryApp/vendor/laravel/framework/src/Illuminate/Database/Query/Builder.php(3383): Illuminate\\Database\\Query\\Builder->get()
#9 /var/www/html/laundryApp/vendor/laravel/framework/src/Illuminate/Database/Query/Builder.php(3311): Illuminate\\Database\\Query\\Builder->aggregate()
#10 /var/www/html/laundryApp/app/Http/Controllers/Api/DashboardApiController.php(74): Illuminate\\Database\\Query\\Builder->count()
#11 /var/www/html/laundryApp/vendor/laravel/framework/src/Illuminate/Cache/Repository.php(396): App\\Http\\Controllers\\Api\\DashboardApiController->App\\Http\\Controllers\\Api\\{closure}()
#12 /var/www/html/laundryApp/vendor/laravel/framework/src/Illuminate/Cache/CacheManager.php(429): Illuminate\\Cache\\Repository->remember()
#13 /var/www/html/laundryApp/vendor/laravel/framework/src/Illuminate/Support/Facades/Facade.php(355): Illuminate\\Cache\\CacheManager->__call()
#14 /var/www/html/laundryApp/app/Http/Controllers/Api/DashboardApiController.php(42): Illuminate\\Support\\Facades\\Facade::__callStatic()
#15 /var/www/html/laundryApp/vendor/laravel/framework/src/Illuminate/Routing/Controller.php(54): App\\Http\\Controllers\\Api\\DashboardApiController->summary()
#16 /var/www/html/laundryApp/vendor/laravel/framework/src/Illuminate/Routing/ControllerDispatcher.php(43): Illuminate\\Routing\\Controller->callAction()
#17 /var/www/html/laundryApp/vendor/laravel/framework/src/Illuminate/Routing/Route.php(259): Illuminate\\Routing\\ControllerDispatcher->dispatch()
#18 /var/www/html/laundryApp/vendor/laravel/framework/src/Illuminate/Routing/Route.php(205): Illuminate\\Routing\\Route->runController()
#19 /var/www/html/laundryApp/vendor/laravel/framework/src/Illuminate/Routing/Router.php(806): Illuminate\\Routing\\Route->run()
#20 /var/www/html/laundryApp/vendor/laravel/framework/src/Illuminate/Pipeline/Pipeline.php(144): Illuminate\\Routing\\Router->Illuminate\\Routing\\{closure}()
#21 /var/www/html/laundryApp/vendor/laravel/framework/src/Illuminate/Routing/Middleware/SubstituteBindings.php(50): Illuminate\\Pipeline\\Pipeline->Illuminate\\Pipeline\\{closure}()
#22 /var/www/html/laundryApp/vendor/laravel/framework/src/Illuminate/Pipeline/Pipeline.php(183): Illuminate\\Routing\\Middleware\\SubstituteBindings->handle()
#23 /var/www/html/laundryApp/vendor/laravel/framework/src/Illuminate/Routing/Middleware/ThrottleRequests.php(159): Illuminate\\Pipeline\\Pipeline->Illuminate\\Pipeline\\{closure}()
#24 /var/www/html/laundryApp/vendor/laravel/framework/src/Illuminate/Routing/Middleware/ThrottleRequests.php(125): Illuminate\\Routing\\Middleware\\ThrottleRequests->handleRequest()
#25 /var/www/html/laundryApp/vendor/laravel/framework/src/Illuminate/Routing/Middleware/ThrottleRequests.php(87): Illuminate\\Routing\\Middleware\\ThrottleRequests->handleRequestUsingNamedLimiter()
#26 /var/www/html/laundryApp/vendor/laravel/framework/src/Illuminate/Pipeline/Pipeline.php(183): Illuminate\\Routing\\Middleware\\ThrottleRequests->handle()
#27 /var/www/html/laundryApp/vendor/laravel/framework/src/Illuminate/Auth/Middleware/Authenticate.php(57): Illuminate\\Pipeline\\Pipeline->Illuminate\\Pipeline\\{closure}()
#28 /var/www/html/laundryApp/vendor/laravel/framework/src/Illuminate/Pipeline/Pipeline.php(183): Illuminate\\Auth\\Middleware\\Authenticate->handle()
#29 /var/www/html/laundryApp/vendor/laravel/sanctum/src/Http/Middleware/EnsureFrontendRequestsAreStateful.php(25): Illuminate\\Pipeline\\Pipeline->Illuminate\\Pipeline\\{closure}()
#30 /var/www/html/laundryApp/vendor/laravel/framework/src/Illuminate/Pipeline/Pipeline.php(144): Laravel\\Sanctum\\Http\\Middleware\\EnsureFrontendRequestsAreStateful->Laravel\\Sanctum\\Http\\Middleware\\{closure}()
#31 /var/www/html/laundryApp/vendor/laravel/framework/src/Illuminate/Pipeline/Pipeline.php(119): Illuminate\\Pipeline\\Pipeline->Illuminate\\Pipeline\\{closure}()
#32 /var/www/html/laundryApp/vendor/laravel/sanctum/src/Http/Middleware/EnsureFrontendRequestsAreStateful.php(24): Illuminate\\Pipeline\\Pipeline->then()
#33 /var/www/html/laundryApp/vendor/laravel/framework/src/Illuminate/Pipeline/Pipeline.php(183): Laravel\\Sanctum\\Http\\Middleware\\EnsureFrontendRequestsAreStateful->handle()
#34 /var/www/html/laundryApp/vendor/laravel/framework/src/Illuminate/Pipeline/Pipeline.php(119): Illuminate\\Pipeline\\Pipeline->Illuminate\\Pipeline\\{closure}()
#35 /var/www/html/laundryApp/vendor/laravel/framework/src/Illuminate/Routing/Router.php(805): Illuminate\\Pipeline\\Pipeline->then()
#36 /var/www/html/laundryApp/vendor/laravel/framework/src/Illuminate/Routing/Router.php(784): Illuminate\\Routing\\Router->runRouteWithinStack()
#37 /var/www/html/laundryApp/vendor/laravel/framework/src/Illuminate/Routing/Router.php(748): Illuminate\\Routing\\Router->runRoute()
#38 /var/www/html/laundryApp/vendor/laravel/framework/src/Illuminate/Routing/Router.php(737): Illuminate\\Routing\\Router->dispatchToRoute()
#39 /var/www/html/laundryApp/vendor/laravel/framework/src/Illuminate/Foundation/Http/Kernel.php(200): Illuminate\\Routing\\Router->dispatch()
#40 /var/www/html/laundryApp/vendor/laravel/framework/src/Illuminate/Pipeline/Pipeline.php(144): Illuminate\\Foundation\\Http\\Kernel->Illuminate\\Foundation\\Http\\{closure}()
#41 /var/www/html/laundryApp/vendor/laravel/framework/src/Illuminate/Foundation/Http/Middleware/TransformsRequest.php(21): Illuminate\\Pipeline\\Pipeline->Illuminate\\Pipeline\\{closure}()
#42 /var/www/html/laundryApp/vendor/laravel/framework/src/Illuminate/Foundation/Http/Middleware/ConvertEmptyStringsToNull.php(31): Illuminate\\Foundation\\Http\\Middleware\\TransformsRequest->handle()
#43 /var/www/html/laundryApp/vendor/laravel/framework/src/Illuminate/Pipeline/Pipeline.php(183): Illuminate\\Foundation\\Http\\Middleware\\ConvertEmptyStringsToNull->handle()
#44 /var/www/html/laundryApp/vendor/laravel/framework/src/Illuminate/Foundation/Http/Middleware/TransformsRequest.php(21): Illuminate\\Pipeline\\Pipeline->Illuminate\\Pipeline\\{closure}()
#45 /var/www/html/laundryApp/vendor/laravel/framework/src/Illuminate/Foundation/Http/Middleware/TrimStrings.php(40): Illuminate\\Foundation\\Http\\Middleware\\TransformsRequest->handle()
#46 /var/www/html/laundryApp/vendor/laravel/framework/src/Illuminate/Pipeline/Pipeline.php(183): Illuminate\\Foundation\\Http\\Middleware\\TrimStrings->handle()
#47 /var/www/html/laundryApp/vendor/laravel/framework/src/Illuminate/Foundation/Http/Middleware/ValidatePostSize.php(27): Illuminate\\Pipeline\\Pipeline->Illuminate\\Pipeline\\{closure}()
#48 /var/www/html/laundryApp/vendor/laravel/framework/src/Illuminate/Pipeline/Pipeline.php(183): Illuminate\\Foundation\\Http\\Middleware\\ValidatePostSize->handle()
#49 /var/www/html/laundryApp/vendor/laravel/framework/src/Illuminate/Foundation/Http/Middleware/PreventRequestsDuringMaintenance.php(99): Illuminate\\Pipeline\\Pipeline->Illuminate\\Pipeline\\{closure}()
#50 /var/www/html/laundryApp/vendor/laravel/framework/src/Illuminate/Pipeline/Pipeline.php(183): Illuminate\\Foundation\\Http\\Middleware\\PreventRequestsDuringMaintenance->handle()
#51 /var/www/html/laundryApp/vendor/laravel/framework/src/Illuminate/Http/Middleware/HandleCors.php(62): Illuminate\\Pipeline\\Pipeline->Illuminate\\Pipeline\\{closure}()
#52 /var/www/html/laundryApp/vendor/laravel/framework/src/Illuminate/Pipeline/Pipeline.php(183): Illuminate\\Http\\Middleware\\HandleCors->handle()
#53 /var/www/html/laundryApp/vendor/laravel/framework/src/Illuminate/Http/Middleware/TrustProxies.php(39): Illuminate\\Pipeline\\Pipeline->Illuminate\\Pipeline\\{closure}()
#54 /var/www/html/laundryApp/vendor/laravel/framework/src/Illuminate/Pipeline/Pipeline.php(183): Illuminate\\Http\\Middleware\\TrustProxies->handle()
#55 /var/www/html/laundryApp/vendor/laravel/framework/src/Illuminate/Pipeline/Pipeline.php(119): Illuminate\\Pipeline\\Pipeline->Illuminate\\Pipeline\\{closure}()
#56 /var/www/html/laundryApp/vendor/laravel/framework/src/Illuminate/Foundation/Http/Kernel.php(175): Illuminate\\Pipeline\\Pipeline->then()
#57 /var/www/html/laundryApp/vendor/laravel/framework/src/Illuminate/Foundation/Http/Kernel.php(144): Illuminate\\Foundation\\Http\\Kernel->sendRequestThroughRouter()
#58 /var/www/html/laundryApp/public/index.php(51): Illuminate\\Foundation\\Http\\Kernel->handle()
#59 /var/www/html/laundryApp/vendor/laravel/framework/src/Illuminate/Foundation/resources/server.php(16): require_once('...')
#60 {main}
"} 
[2025-12-05 19:57:32] local.ERROR: SQLSTATE[42S02]: Base table or view not found: 1146 Table 'loundry_app.product_process_history' doesn't exist (Connection: mysql, SQL: select count(*) as aggregate from (select `h`.`product_id`, `h`.`status`, `h`.`stages`, `h`.`changed_at` from `product_process_history` as `h` inner join (SELECT product_id, MAX(changed_at) as latest_change 
                             FROM product_process_history 
                             GROUP BY product_id) latest on `h`.`product_id` = `latest`.`product_id` and `h`.`changed_at` = `latest`.`latest_change` inner join `rfid_tags` as `p` on `h`.`product_id` = `p`.`id` where `p`.`location_id` = 3) as t where `t`.`changed_at` between 2025-12-05 00:00:00 and 2025-12-05 23:59:59 and `t`.`status` = FAIL) {"userId":51,"exception":"[object] (Illuminate\\Database\\QueryException(code: 42S02): SQLSTATE[42S02]: Base table or view not found: 1146 Table 'loundry_app.product_process_history' doesn't exist (Connection: mysql, SQL: select count(*) as aggregate from (select `h`.`product_id`, `h`.`status`, `h`.`stages`, `h`.`changed_at` from `product_process_history` as `h` inner join (SELECT product_id, MAX(changed_at) as latest_change 
                             FROM product_process_history 
                             GROUP BY product_id) latest on `h`.`product_id` = `latest`.`product_id` and `h`.`changed_at` = `latest`.`latest_change` inner join `rfid_tags` as `p` on `h`.`product_id` = `p`.`id` where `p`.`location_id` = 3) as t where `t`.`changed_at` between 2025-12-05 00:00:00 and 2025-12-05 23:59:59 and `t`.`status` = FAIL) at /var/www/html/laundryApp/vendor/laravel/framework/src/Illuminate/Database/Connection.php:829)
[stacktrace]
#0 /var/www/html/laundryApp/vendor/laravel/framework/src/Illuminate/Database/Connection.php(783): Illuminate\\Database\\Connection->runQueryCallback()
#1 /var/www/html/laundryApp/vendor/laravel/framework/src/Illuminate/Database/Connection.php(414): Illuminate\\Database\\Connection->run()
#2 /var/www/html/laundryApp/vendor/laravel/framework/src/Illuminate/Database/Query/Builder.php(2913): Illuminate\\Database\\Connection->select()
#3 /var/www/html/laundryApp/vendor/laravel/framework/src/Illuminate/Database/Query/Builder.php(2902): Illuminate\\Database\\Query\\Builder->runSelect()
#4 /var/www/html/laundryApp/vendor/laravel/framework/src/Illuminate/Database/Query/Builder.php(3456): Illuminate\\Database\\Query\\Builder->Illuminate\\Database\\Query\\{closure}()
#5 /var/www/html/laundryApp/vendor/laravel/framework/src/Illuminate/Database/Query/Builder.php(2901): Illuminate\\Database\\Query\\Builder->onceWithColumns()
#6 /var/www/html/laundryApp/vendor/laravel/framework/src/Illuminate/Database/Query/Builder.php(3383): Illuminate\\Database\\Query\\Builder->get()
#7 /var/www/html/laundryApp/vendor/laravel/framework/src/Illuminate/Database/Query/Builder.php(3311): Illuminate\\Database\\Query\\Builder->aggregate()
#8 /var/www/html/laundryApp/app/Http/Controllers/Api/DashboardApiController.php(74): Illuminate\\Database\\Query\\Builder->count()
#9 /var/www/html/laundryApp/vendor/laravel/framework/src/Illuminate/Cache/Repository.php(396): App\\Http\\Controllers\\Api\\DashboardApiController->App\\Http\\Controllers\\Api\\{closure}()
#10 /var/www/html/laundryApp/vendor/laravel/framework/src/Illuminate/Cache/CacheManager.php(429): Illuminate\\Cache\\Repository->remember()
#11 /var/www/html/laundryApp/vendor/laravel/framework/src/Illuminate/Support/Facades/Facade.php(355): Illuminate\\Cache\\CacheManager->__call()
#12 /var/www/html/laundryApp/app/Http/Controllers/Api/DashboardApiController.php(42): Illuminate\\Support\\Facades\\Facade::__callStatic()
#13 /var/www/html/laundryApp/vendor/laravel/framework/src/Illuminate/Routing/Controller.php(54): App\\Http\\Controllers\\Api\\DashboardApiController->summary()
#14 /var/www/html/laundryApp/vendor/laravel/framework/src/Illuminate/Routing/ControllerDispatcher.php(43): Illuminate\\Routing\\Controller->callAction()
#15 /var/www/html/laundryApp/vendor/laravel/framework/src/Illuminate/Routing/Route.php(259): Illuminate\\Routing\\ControllerDispatcher->dispatch()
#16 /var/www/html/laundryApp/vendor/laravel/framework/src/Illuminate/Routing/Route.php(205): Illuminate\\Routing\\Route->runController()
#17 /var/www/html/laundryApp/vendor/laravel/framework/src/Illuminate/Routing/Router.php(806): Illuminate\\Routing\\Route->run()
#18 /var/www/html/laundryApp/vendor/laravel/framework/src/Illuminate/Pipeline/Pipeline.php(144): Illuminate\\Routing\\Router->Illuminate\\Routing\\{closure}()
#19 /var/www/html/laundryApp/vendor/laravel/framework/src/Illuminate/Routing/Middleware/SubstituteBindings.php(50): Illuminate\\Pipeline\\Pipeline->Illuminate\\Pipeline\\{closure}()
#20 /var/www/html/laundryApp/vendor/laravel/framework/src/Illuminate/Pipeline/Pipeline.php(183): Illuminate\\Routing\\Middleware\\SubstituteBindings->handle()
#21 /var/www/html/laundryApp/vendor/laravel/framework/src/Illuminate/Routing/Middleware/ThrottleRequests.php(159): Illuminate\\Pipeline\\Pipeline->Illuminate\\Pipeline\\{closure}()
#22 /var/www/html/laundryApp/vendor/laravel/framework/src/Illuminate/Routing/Middleware/ThrottleRequests.php(125): Illuminate\\Routing\\Middleware\\ThrottleRequests->handleRequest()
#23 /var/www/html/laundryApp/vendor/laravel/framework/src/Illuminate/Routing/Middleware/ThrottleRequests.php(87): Illuminate\\Routing\\Middleware\\ThrottleRequests->handleRequestUsingNamedLimiter()
#24 /var/www/html/laundryApp/vendor/laravel/framework/src/Illuminate/Pipeline/Pipeline.php(183): Illuminate\\Routing\\Middleware\\ThrottleRequests->handle()
#25 /var/www/html/laundryApp/vendor/laravel/framework/src/Illuminate/Auth/Middleware/Authenticate.php(57): Illuminate\\Pipeline\\Pipeline->Illuminate\\Pipeline\\{closure}()
#26 /var/www/html/laundryApp/vendor/laravel/framework/src/Illuminate/Pipeline/Pipeline.php(183): Illuminate\\Auth\\Middleware\\Authenticate->handle()
#27 /var/www/html/laundryApp/vendor/laravel/sanctum/src/Http/Middleware/EnsureFrontendRequestsAreStateful.php(25): Illuminate\\Pipeline\\Pipeline->Illuminate\\Pipeline\\{closure}()
#28 /var/www/html/laundryApp/vendor/laravel/framework/src/Illuminate/Pipeline/Pipeline.php(144): Laravel\\Sanctum\\Http\\Middleware\\EnsureFrontendRequestsAreStateful->Laravel\\Sanctum\\Http\\Middleware\\{closure}()
#29 /var/www/html/laundryApp/vendor/laravel/framework/src/Illuminate/Pipeline/Pipeline.php(119): Illuminate\\Pipeline\\Pipeline->Illuminate\\Pipeline\\{closure}()
#30 /var/www/html/laundryApp/vendor/laravel/sanctum/src/Http/Middleware/EnsureFrontendRequestsAreStateful.php(24): Illuminate\\Pipeline\\Pipeline->then()
#31 /var/www/html/laundryApp/vendor/laravel/framework/src/Illuminate/Pipeline/Pipeline.php(183): Laravel\\Sanctum\\Http\\Middleware\\EnsureFrontendRequestsAreStateful->handle()
#32 /var/www/html/laundryApp/vendor/laravel/framework/src/Illuminate/Pipeline/Pipeline.php(119): Illuminate\\Pipeline\\Pipeline->Illuminate\\Pipeline\\{closure}()
#33 /var/www/html/laundryApp/vendor/laravel/framework/src/Illuminate/Routing/Router.php(805): Illuminate\\Pipeline\\Pipeline->then()
#34 /var/www/html/laundryApp/vendor/laravel/framework/src/Illuminate/Routing/Router.php(784): Illuminate\\Routing\\Router->runRouteWithinStack()
#35 /var/www/html/laundryApp/vendor/laravel/framework/src/Illuminate/Routing/Router.php(748): Illuminate\\Routing\\Router->runRoute()
#36 /var/www/html/laundryApp/vendor/laravel/framework/src/Illuminate/Routing/Router.php(737): Illuminate\\Routing\\Router->dispatchToRoute()
#37 /var/www/html/laundryApp/vendor/laravel/framework/src/Illuminate/Foundation/Http/Kernel.php(200): Illuminate\\Routing\\Router->dispatch()
#38 /var/www/html/laundryApp/vendor/laravel/framework/src/Illuminate/Pipeline/Pipeline.php(144): Illuminate\\Foundation\\Http\\Kernel->Illuminate\\Foundation\\Http\\{closure}()
#39 /var/www/html/laundryApp/vendor/laravel/framework/src/Illuminate/Foundation/Http/Middleware/TransformsRequest.php(21): Illuminate\\Pipeline\\Pipeline->Illuminate\\Pipeline\\{closure}()
#40 /var/www/html/laundryApp/vendor/laravel/framework/src/Illuminate/Foundation/Http/Middleware/ConvertEmptyStringsToNull.php(31): Illuminate\\Foundation\\Http\\Middleware\\TransformsRequest->handle()
#41 /var/www/html/laundryApp/vendor/laravel/framework/src/Illuminate/Pipeline/Pipeline.php(183): Illuminate\\Foundation\\Http\\Middleware\\ConvertEmptyStringsToNull->handle()
#42 /var/www/html/laundryApp/vendor/laravel/framework/src/Illuminate/Foundation/Http/Middleware/TransformsRequest.php(21): Illuminate\\Pipeline\\Pipeline->Illuminate\\Pipeline\\{closure}()
#43 /var/www/html/laundryApp/vendor/laravel/framework/src/Illuminate/Foundation/Http/Middleware/TrimStrings.php(40): Illuminate\\Foundation\\Http\\Middleware\\TransformsRequest->handle()
#44 /var/www/html/laundryApp/vendor/laravel/framework/src/Illuminate/Pipeline/Pipeline.php(183): Illuminate\\Foundation\\Http\\Middleware\\TrimStrings->handle()
#45 /var/www/html/laundryApp/vendor/laravel/framework/src/Illuminate/Foundation/Http/Middleware/ValidatePostSize.php(27): Illuminate\\Pipeline\\Pipeline->Illuminate\\Pipeline\\{closure}()
#46 /var/www/html/laundryApp/vendor/laravel/framework/src/Illuminate/Pipeline/Pipeline.php(183): Illuminate\\Foundation\\Http\\Middleware\\ValidatePostSize->handle()
#47 /var/www/html/laundryApp/vendor/laravel/framework/src/Illuminate/Foundation/Http/Middleware/PreventRequestsDuringMaintenance.php(99): Illuminate\\Pipeline\\Pipeline->Illuminate\\Pipeline\\{closure}()
#48 /var/www/html/laundryApp/vendor/laravel/framework/src/Illuminate/Pipeline/Pipeline.php(183): Illuminate\\Foundation\\Http\\Middleware\\PreventRequestsDuringMaintenance->handle()
#49 /var/www/html/laundryApp/vendor/laravel/framework/src/Illuminate/Http/Middleware/HandleCors.php(62): Illuminate\\Pipeline\\Pipeline->Illuminate\\Pipeline\\{closure}()
#50 /var/www/html/laundryApp/vendor/laravel/framework/src/Illuminate/Pipeline/Pipeline.php(183): Illuminate\\Http\\Middleware\\HandleCors->handle()
#51 /var/www/html/laundryApp/vendor/laravel/framework/src/Illuminate/Http/Middleware/TrustProxies.php(39): Illuminate\\Pipeline\\Pipeline->Illuminate\\Pipeline\\{closure}()
#52 /var/www/html/laundryApp/vendor/laravel/framework/src/Illuminate/Pipeline/Pipeline.php(183): Illuminate\\Http\\Middleware\\TrustProxies->handle()
#53 /var/www/html/laundryApp/vendor/laravel/framework/src/Illuminate/Pipeline/Pipeline.php(119): Illuminate\\Pipeline\\Pipeline->Illuminate\\Pipeline\\{closure}()
#54 /var/www/html/laundryApp/vendor/laravel/framework/src/Illuminate/Foundation/Http/Kernel.php(175): Illuminate\\Pipeline\\Pipeline->then()
#55 /var/www/html/laundryApp/vendor/laravel/framework/src/Illuminate/Foundation/Http/Kernel.php(144): Illuminate\\Foundation\\Http\\Kernel->sendRequestThroughRouter()
#56 /var/www/html/laundryApp/public/index.php(51): Illuminate\\Foundation\\Http\\Kernel->handle()
#57 /var/www/html/laundryApp/vendor/laravel/framework/src/Illuminate/Foundation/resources/server.php(16): require_once('...')
#58 {main}

[previous exception] [object] (PDOException(code: 42S02): SQLSTATE[42S02]: Base table or view not found: 1146 Table 'loundry_app.product_process_history' doesn't exist at /var/www/html/laundryApp/vendor/laravel/framework/src/Illuminate/Database/Connection.php:423)
[stacktrace]
#0 /var/www/html/laundryApp/vendor/laravel/framework/src/Illuminate/Database/Connection.php(423): PDO->prepare()
#1 /var/www/html/laundryApp/vendor/laravel/framework/src/Illuminate/Database/Connection.php(816): Illuminate\\Database\\Connection->Illuminate\\Database\\{closure}()
#2 /var/www/html/laundryApp/vendor/laravel/framework/src/Illuminate/Database/Connection.php(783): Illuminate\\Database\\Connection->runQueryCallback()
#3 /var/www/html/laundryApp/vendor/laravel/framework/src/Illuminate/Database/Connection.php(414): Illuminate\\Database\\Connection->run()
#4 /var/www/html/laundryApp/vendor/laravel/framework/src/Illuminate/Database/Query/Builder.php(2913): Illuminate\\Database\\Connection->select()
#5 /var/www/html/laundryApp/vendor/laravel/framework/src/Illuminate/Database/Query/Builder.php(2902): Illuminate\\Database\\Query\\Builder->runSelect()
#6 /var/www/html/laundryApp/vendor/laravel/framework/src/Illuminate/Database/Query/Builder.php(3456): Illuminate\\Database\\Query\\Builder->Illuminate\\Database\\Query\\{closure}()
#7 /var/www/html/laundryApp/vendor/laravel/framework/src/Illuminate/Database/Query/Builder.php(2901): Illuminate\\Database\\Query\\Builder->onceWithColumns()
#8 /var/www/html/laundryApp/vendor/laravel/framework/src/Illuminate/Database/Query/Builder.php(3383): Illuminate\\Database\\Query\\Builder->get()
#9 /var/www/html/laundryApp/vendor/laravel/framework/src/Illuminate/Database/Query/Builder.php(3311): Illuminate\\Database\\Query\\Builder->aggregate()
#10 /var/www/html/laundryApp/app/Http/Controllers/Api/DashboardApiController.php(74): Illuminate\\Database\\Query\\Builder->count()
#11 /var/www/html/laundryApp/vendor/laravel/framework/src/Illuminate/Cache/Repository.php(396): App\\Http\\Controllers\\Api\\DashboardApiController->App\\Http\\Controllers\\Api\\{closure}()
#12 /var/www/html/laundryApp/vendor/laravel/framework/src/Illuminate/Cache/CacheManager.php(429): Illuminate\\Cache\\Repository->remember()
#13 /var/www/html/laundryApp/vendor/laravel/framework/src/Illuminate/Support/Facades/Facade.php(355): Illuminate\\Cache\\CacheManager->__call()
#14 /var/www/html/laundryApp/app/Http/Controllers/Api/DashboardApiController.php(42): Illuminate\\Support\\Facades\\Facade::__callStatic()
#15 /var/www/html/laundryApp/vendor/laravel/framework/src/Illuminate/Routing/Controller.php(54): App\\Http\\Controllers\\Api\\DashboardApiController->summary()
#16 /var/www/html/laundryApp/vendor/laravel/framework/src/Illuminate/Routing/ControllerDispatcher.php(43): Illuminate\\Routing\\Controller->callAction()
#17 /var/www/html/laundryApp/vendor/laravel/framework/src/Illuminate/Routing/Route.php(259): Illuminate\\Routing\\ControllerDispatcher->dispatch()
#18 /var/www/html/laundryApp/vendor/laravel/framework/src/Illuminate/Routing/Route.php(205): Illuminate\\Routing\\Route->runController()
#19 /var/www/html/laundryApp/vendor/laravel/framework/src/Illuminate/Routing/Router.php(806): Illuminate\\Routing\\Route->run()
#20 /var/www/html/laundryApp/vendor/laravel/framework/src/Illuminate/Pipeline/Pipeline.php(144): Illuminate\\Routing\\Router->Illuminate\\Routing\\{closure}()
#21 /var/www/html/laundryApp/vendor/laravel/framework/src/Illuminate/Routing/Middleware/SubstituteBindings.php(50): Illuminate\\Pipeline\\Pipeline->Illuminate\\Pipeline\\{closure}()
#22 /var/www/html/laundryApp/vendor/laravel/framework/src/Illuminate/Pipeline/Pipeline.php(183): Illuminate\\Routing\\Middleware\\SubstituteBindings->handle()
#23 /var/www/html/laundryApp/vendor/laravel/framework/src/Illuminate/Routing/Middleware/ThrottleRequests.php(159): Illuminate\\Pipeline\\Pipeline->Illuminate\\Pipeline\\{closure}()
#24 /var/www/html/laundryApp/vendor/laravel/framework/src/Illuminate/Routing/Middleware/ThrottleRequests.php(125): Illuminate\\Routing\\Middleware\\ThrottleRequests->handleRequest()
#25 /var/www/html/laundryApp/vendor/laravel/framework/src/Illuminate/Routing/Middleware/ThrottleRequests.php(87): Illuminate\\Routing\\Middleware\\ThrottleRequests->handleRequestUsingNamedLimiter()
#26 /var/www/html/laundryApp/vendor/laravel/framework/src/Illuminate/Pipeline/Pipeline.php(183): Illuminate\\Routing\\Middleware\\ThrottleRequests->handle()
#27 /var/www/html/laundryApp/vendor/laravel/framework/src/Illuminate/Auth/Middleware/Authenticate.php(57): Illuminate\\Pipeline\\Pipeline->Illuminate\\Pipeline\\{closure}()
#28 /var/www/html/laundryApp/vendor/laravel/framework/src/Illuminate/Pipeline/Pipeline.php(183): Illuminate\\Auth\\Middleware\\Authenticate->handle()
#29 /var/www/html/laundryApp/vendor/laravel/sanctum/src/Http/Middleware/EnsureFrontendRequestsAreStateful.php(25): Illuminate\\Pipeline\\Pipeline->Illuminate\\Pipeline\\{closure}()
#30 /var/www/html/laundryApp/vendor/laravel/framework/src/Illuminate/Pipeline/Pipeline.php(144): Laravel\\Sanctum\\Http\\Middleware\\EnsureFrontendRequestsAreStateful->Laravel\\Sanctum\\Http\\Middleware\\{closure}()
#31 /var/www/html/laundryApp/vendor/laravel/framework/src/Illuminate/Pipeline/Pipeline.php(119): Illuminate\\Pipeline\\Pipeline->Illuminate\\Pipeline\\{closure}()
#32 /var/www/html/laundryApp/vendor/laravel/sanctum/src/Http/Middleware/EnsureFrontendRequestsAreStateful.php(24): Illuminate\\Pipeline\\Pipeline->then()
#33 /var/www/html/laundryApp/vendor/laravel/framework/src/Illuminate/Pipeline/Pipeline.php(183): Laravel\\Sanctum\\Http\\Middleware\\EnsureFrontendRequestsAreStateful->handle()
#34 /var/www/html/laundryApp/vendor/laravel/framework/src/Illuminate/Pipeline/Pipeline.php(119): Illuminate\\Pipeline\\Pipeline->Illuminate\\Pipeline\\{closure}()
#35 /var/www/html/laundryApp/vendor/laravel/framework/src/Illuminate/Routing/Router.php(805): Illuminate\\Pipeline\\Pipeline->then()
#36 /var/www/html/laundryApp/vendor/laravel/framework/src/Illuminate/Routing/Router.php(784): Illuminate\\Routing\\Router->runRouteWithinStack()
#37 /var/www/html/laundryApp/vendor/laravel/framework/src/Illuminate/Routing/Router.php(748): Illuminate\\Routing\\Router->runRoute()
#38 /var/www/html/laundryApp/vendor/laravel/framework/src/Illuminate/Routing/Router.php(737): Illuminate\\Routing\\Router->dispatchToRoute()
#39 /var/www/html/laundryApp/vendor/laravel/framework/src/Illuminate/Foundation/Http/Kernel.php(200): Illuminate\\Routing\\Router->dispatch()
#40 /var/www/html/laundryApp/vendor/laravel/framework/src/Illuminate/Pipeline/Pipeline.php(144): Illuminate\\Foundation\\Http\\Kernel->Illuminate\\Foundation\\Http\\{closure}()
#41 /var/www/html/laundryApp/vendor/laravel/framework/src/Illuminate/Foundation/Http/Middleware/TransformsRequest.php(21): Illuminate\\Pipeline\\Pipeline->Illuminate\\Pipeline\\{closure}()
#42 /var/www/html/laundryApp/vendor/laravel/framework/src/Illuminate/Foundation/Http/Middleware/ConvertEmptyStringsToNull.php(31): Illuminate\\Foundation\\Http\\Middleware\\TransformsRequest->handle()
#43 /var/www/html/laundryApp/vendor/laravel/framework/src/Illuminate/Pipeline/Pipeline.php(183): Illuminate\\Foundation\\Http\\Middleware\\ConvertEmptyStringsToNull->handle()
#44 /var/www/html/laundryApp/vendor/laravel/framework/src/Illuminate/Foundation/Http/Middleware/TransformsRequest.php(21): Illuminate\\Pipeline\\Pipeline->Illuminate\\Pipeline\\{closure}()
#45 /var/www/html/laundryApp/vendor/laravel/framework/src/Illuminate/Foundation/Http/Middleware/TrimStrings.php(40): Illuminate\\Foundation\\Http\\Middleware\\TransformsRequest->handle()
#46 /var/www/html/laundryApp/vendor/laravel/framework/src/Illuminate/Pipeline/Pipeline.php(183): Illuminate\\Foundation\\Http\\Middleware\\TrimStrings->handle()
#47 /var/www/html/laundryApp/vendor/laravel/framework/src/Illuminate/Foundation/Http/Middleware/ValidatePostSize.php(27): Illuminate\\Pipeline\\Pipeline->Illuminate\\Pipeline\\{closure}()
#48 /var/www/html/laundryApp/vendor/laravel/framework/src/Illuminate/Pipeline/Pipeline.php(183): Illuminate\\Foundation\\Http\\Middleware\\ValidatePostSize->handle()
#49 /var/www/html/laundryApp/vendor/laravel/framework/src/Illuminate/Foundation/Http/Middleware/PreventRequestsDuringMaintenance.php(99): Illuminate\\Pipeline\\Pipeline->Illuminate\\Pipeline\\{closure}()
#50 /var/www/html/laundryApp/vendor/laravel/framework/src/Illuminate/Pipeline/Pipeline.php(183): Illuminate\\Foundation\\Http\\Middleware\\PreventRequestsDuringMaintenance->handle()
#51 /var/www/html/laundryApp/vendor/laravel/framework/src/Illuminate/Http/Middleware/HandleCors.php(62): Illuminate\\Pipeline\\Pipeline->Illuminate\\Pipeline\\{closure}()
#52 /var/www/html/laundryApp/vendor/laravel/framework/src/Illuminate/Pipeline/Pipeline.php(183): Illuminate\\Http\\Middleware\\HandleCors->handle()
#53 /var/www/html/laundryApp/vendor/laravel/framework/src/Illuminate/Http/Middleware/TrustProxies.php(39): Illuminate\\Pipeline\\Pipeline->Illuminate\\Pipeline\\{closure}()
#54 /var/www/html/laundryApp/vendor/laravel/framework/src/Illuminate/Pipeline/Pipeline.php(183): Illuminate\\Http\\Middleware\\TrustProxies->handle()
#55 /var/www/html/laundryApp/vendor/laravel/framework/src/Illuminate/Pipeline/Pipeline.php(119): Illuminate\\Pipeline\\Pipeline->Illuminate\\Pipeline\\{closure}()
#56 /var/www/html/laundryApp/vendor/laravel/framework/src/Illuminate/Foundation/Http/Kernel.php(175): Illuminate\\Pipeline\\Pipeline->then()
#57 /var/www/html/laundryApp/vendor/laravel/framework/src/Illuminate/Foundation/Http/Kernel.php(144): Illuminate\\Foundation\\Http\\Kernel->sendRequestThroughRouter()
#58 /var/www/html/laundryApp/public/index.php(51): Illuminate\\Foundation\\Http\\Kernel->handle()
#59 /var/www/html/laundryApp/vendor/laravel/framework/src/Illuminate/Foundation/resources/server.php(16): require_once('...')
#60 {main}
"} 
[2025-12-05 19:57:40] local.ERROR: SQLSTATE[42S02]: Base table or view not found: 1146 Table 'loundry_app.product_process_history' doesn't exist (Connection: mysql, SQL: select count(*) as aggregate from (select `h`.`product_id`, `h`.`status`, `h`.`stages`, `h`.`changed_at` from `product_process_history` as `h` inner join (SELECT product_id, MAX(changed_at) as latest_change 
                             FROM product_process_history 
                             GROUP BY product_id) latest on `h`.`product_id` = `latest`.`product_id` and `h`.`changed_at` = `latest`.`latest_change` inner join `rfid_tags` as `p` on `h`.`product_id` = `p`.`id` where `p`.`location_id` = 3) as t where `t`.`changed_at` between 2025-12-05 00:00:00 and 2025-12-05 23:59:59 and `t`.`status` = FAIL) {"userId":51,"exception":"[object] (Illuminate\\Database\\QueryException(code: 42S02): SQLSTATE[42S02]: Base table or view not found: 1146 Table 'loundry_app.product_process_history' doesn't exist (Connection: mysql, SQL: select count(*) as aggregate from (select `h`.`product_id`, `h`.`status`, `h`.`stages`, `h`.`changed_at` from `product_process_history` as `h` inner join (SELECT product_id, MAX(changed_at) as latest_change 
                             FROM product_process_history 
                             GROUP BY product_id) latest on `h`.`product_id` = `latest`.`product_id` and `h`.`changed_at` = `latest`.`latest_change` inner join `rfid_tags` as `p` on `h`.`product_id` = `p`.`id` where `p`.`location_id` = 3) as t where `t`.`changed_at` between 2025-12-05 00:00:00 and 2025-12-05 23:59:59 and `t`.`status` = FAIL) at /var/www/html/laundryApp/vendor/laravel/framework/src/Illuminate/Database/Connection.php:829)
[stacktrace]
#0 /var/www/html/laundryApp/vendor/laravel/framework/src/Illuminate/Database/Connection.php(783): Illuminate\\Database\\Connection->runQueryCallback()
#1 /var/www/html/laundryApp/vendor/laravel/framework/src/Illuminate/Database/Connection.php(414): Illuminate\\Database\\Connection->run()
#2 /var/www/html/laundryApp/vendor/laravel/framework/src/Illuminate/Database/Query/Builder.php(2913): Illuminate\\Database\\Connection->select()
#3 /var/www/html/laundryApp/vendor/laravel/framework/src/Illuminate/Database/Query/Builder.php(2902): Illuminate\\Database\\Query\\Builder->runSelect()
#4 /var/www/html/laundryApp/vendor/laravel/framework/src/Illuminate/Database/Query/Builder.php(3456): Illuminate\\Database\\Query\\Builder->Illuminate\\Database\\Query\\{closure}()
#5 /var/www/html/laundryApp/vendor/laravel/framework/src/Illuminate/Database/Query/Builder.php(2901): Illuminate\\Database\\Query\\Builder->onceWithColumns()
#6 /var/www/html/laundryApp/vendor/laravel/framework/src/Illuminate/Database/Query/Builder.php(3383): Illuminate\\Database\\Query\\Builder->get()
#7 /var/www/html/laundryApp/vendor/laravel/framework/src/Illuminate/Database/Query/Builder.php(3311): Illuminate\\Database\\Query\\Builder->aggregate()
#8 /var/www/html/laundryApp/app/Http/Controllers/Api/DashboardApiController.php(74): Illuminate\\Database\\Query\\Builder->count()
#9 /var/www/html/laundryApp/vendor/laravel/framework/src/Illuminate/Cache/Repository.php(396): App\\Http\\Controllers\\Api\\DashboardApiController->App\\Http\\Controllers\\Api\\{closure}()
#10 /var/www/html/laundryApp/vendor/laravel/framework/src/Illuminate/Cache/CacheManager.php(429): Illuminate\\Cache\\Repository->remember()
#11 /var/www/html/laundryApp/vendor/laravel/framework/src/Illuminate/Support/Facades/Facade.php(355): Illuminate\\Cache\\CacheManager->__call()
#12 /var/www/html/laundryApp/app/Http/Controllers/Api/DashboardApiController.php(42): Illuminate\\Support\\Facades\\Facade::__callStatic()
#13 /var/www/html/laundryApp/vendor/laravel/framework/src/Illuminate/Routing/Controller.php(54): App\\Http\\Controllers\\Api\\DashboardApiController->summary()
#14 /var/www/html/laundryApp/vendor/laravel/framework/src/Illuminate/Routing/ControllerDispatcher.php(43): Illuminate\\Routing\\Controller->callAction()
#15 /var/www/html/laundryApp/vendor/laravel/framework/src/Illuminate/Routing/Route.php(259): Illuminate\\Routing\\ControllerDispatcher->dispatch()
#16 /var/www/html/laundryApp/vendor/laravel/framework/src/Illuminate/Routing/Route.php(205): Illuminate\\Routing\\Route->runController()
#17 /var/www/html/laundryApp/vendor/laravel/framework/src/Illuminate/Routing/Router.php(806): Illuminate\\Routing\\Route->run()
#18 /var/www/html/laundryApp/vendor/laravel/framework/src/Illuminate/Pipeline/Pipeline.php(144): Illuminate\\Routing\\Router->Illuminate\\Routing\\{closure}()
#19 /var/www/html/laundryApp/vendor/laravel/framework/src/Illuminate/Routing/Middleware/SubstituteBindings.php(50): Illuminate\\Pipeline\\Pipeline->Illuminate\\Pipeline\\{closure}()
#20 /var/www/html/laundryApp/vendor/laravel/framework/src/Illuminate/Pipeline/Pipeline.php(183): Illuminate\\Routing\\Middleware\\SubstituteBindings->handle()
#21 /var/www/html/laundryApp/vendor/laravel/framework/src/Illuminate/Routing/Middleware/ThrottleRequests.php(159): Illuminate\\Pipeline\\Pipeline->Illuminate\\Pipeline\\{closure}()
#22 /var/www/html/laundryApp/vendor/laravel/framework/src/Illuminate/Routing/Middleware/ThrottleRequests.php(125): Illuminate\\Routing\\Middleware\\ThrottleRequests->handleRequest()
#23 /var/www/html/laundryApp/vendor/laravel/framework/src/Illuminate/Routing/Middleware/ThrottleRequests.php(87): Illuminate\\Routing\\Middleware\\ThrottleRequests->handleRequestUsingNamedLimiter()
#24 /var/www/html/laundryApp/vendor/laravel/framework/src/Illuminate/Pipeline/Pipeline.php(183): Illuminate\\Routing\\Middleware\\ThrottleRequests->handle()
#25 /var/www/html/laundryApp/vendor/laravel/framework/src/Illuminate/Auth/Middleware/Authenticate.php(57): Illuminate\\Pipeline\\Pipeline->Illuminate\\Pipeline\\{closure}()
#26 /var/www/html/laundryApp/vendor/laravel/framework/src/Illuminate/Pipeline/Pipeline.php(183): Illuminate\\Auth\\Middleware\\Authenticate->handle()
#27 /var/www/html/laundryApp/vendor/laravel/sanctum/src/Http/Middleware/EnsureFrontendRequestsAreStateful.php(25): Illuminate\\Pipeline\\Pipeline->Illuminate\\Pipeline\\{closure}()
#28 /var/www/html/laundryApp/vendor/laravel/framework/src/Illuminate/Pipeline/Pipeline.php(144): Laravel\\Sanctum\\Http\\Middleware\\EnsureFrontendRequestsAreStateful->Laravel\\Sanctum\\Http\\Middleware\\{closure}()
#29 /var/www/html/laundryApp/vendor/laravel/framework/src/Illuminate/Pipeline/Pipeline.php(119): Illuminate\\Pipeline\\Pipeline->Illuminate\\Pipeline\\{closure}()
#30 /var/www/html/laundryApp/vendor/laravel/sanctum/src/Http/Middleware/EnsureFrontendRequestsAreStateful.php(24): Illuminate\\Pipeline\\Pipeline->then()
#31 /var/www/html/laundryApp/vendor/laravel/framework/src/Illuminate/Pipeline/Pipeline.php(183): Laravel\\Sanctum\\Http\\Middleware\\EnsureFrontendRequestsAreStateful->handle()
#32 /var/www/html/laundryApp/vendor/laravel/framework/src/Illuminate/Pipeline/Pipeline.php(119): Illuminate\\Pipeline\\Pipeline->Illuminate\\Pipeline\\{closure}()
#33 /var/www/html/laundryApp/vendor/laravel/framework/src/Illuminate/Routing/Router.php(805): Illuminate\\Pipeline\\Pipeline->then()
#34 /var/www/html/laundryApp/vendor/laravel/framework/src/Illuminate/Routing/Router.php(784): Illuminate\\Routing\\Router->runRouteWithinStack()
#35 /var/www/html/laundryApp/vendor/laravel/framework/src/Illuminate/Routing/Router.php(748): Illuminate\\Routing\\Router->runRoute()
#36 /var/www/html/laundryApp/vendor/laravel/framework/src/Illuminate/Routing/Router.php(737): Illuminate\\Routing\\Router->dispatchToRoute()
#37 /var/www/html/laundryApp/vendor/laravel/framework/src/Illuminate/Foundation/Http/Kernel.php(200): Illuminate\\Routing\\Router->dispatch()
#38 /var/www/html/laundryApp/vendor/laravel/framework/src/Illuminate/Pipeline/Pipeline.php(144): Illuminate\\Foundation\\Http\\Kernel->Illuminate\\Foundation\\Http\\{closure}()
#39 /var/www/html/laundryApp/vendor/laravel/framework/src/Illuminate/Foundation/Http/Middleware/TransformsRequest.php(21): Illuminate\\Pipeline\\Pipeline->Illuminate\\Pipeline\\{closure}()
#40 /var/www/html/laundryApp/vendor/laravel/framework/src/Illuminate/Foundation/Http/Middleware/ConvertEmptyStringsToNull.php(31): Illuminate\\Foundation\\Http\\Middleware\\TransformsRequest->handle()
#41 /var/www/html/laundryApp/vendor/laravel/framework/src/Illuminate/Pipeline/Pipeline.php(183): Illuminate\\Foundation\\Http\\Middleware\\ConvertEmptyStringsToNull->handle()
#42 /var/www/html/laundryApp/vendor/laravel/framework/src/Illuminate/Foundation/Http/Middleware/TransformsRequest.php(21): Illuminate\\Pipeline\\Pipeline->Illuminate\\Pipeline\\{closure}()
#43 /var/www/html/laundryApp/vendor/laravel/framework/src/Illuminate/Foundation/Http/Middleware/TrimStrings.php(40): Illuminate\\Foundation\\Http\\Middleware\\TransformsRequest->handle()
#44 /var/www/html/laundryApp/vendor/laravel/framework/src/Illuminate/Pipeline/Pipeline.php(183): Illuminate\\Foundation\\Http\\Middleware\\TrimStrings->handle()
#45 /var/www/html/laundryApp/vendor/laravel/framework/src/Illuminate/Foundation/Http/Middleware/ValidatePostSize.php(27): Illuminate\\Pipeline\\Pipeline->Illuminate\\Pipeline\\{closure}()
#46 /var/www/html/laundryApp/vendor/laravel/framework/src/Illuminate/Pipeline/Pipeline.php(183): Illuminate\\Foundation\\Http\\Middleware\\ValidatePostSize->handle()
#47 /var/www/html/laundryApp/vendor/laravel/framework/src/Illuminate/Foundation/Http/Middleware/PreventRequestsDuringMaintenance.php(99): Illuminate\\Pipeline\\Pipeline->Illuminate\\Pipeline\\{closure}()
#48 /var/www/html/laundryApp/vendor/laravel/framework/src/Illuminate/Pipeline/Pipeline.php(183): Illuminate\\Foundation\\Http\\Middleware\\PreventRequestsDuringMaintenance->handle()
#49 /var/www/html/laundryApp/vendor/laravel/framework/src/Illuminate/Http/Middleware/HandleCors.php(62): Illuminate\\Pipeline\\Pipeline->Illuminate\\Pipeline\\{closure}()
#50 /var/www/html/laundryApp/vendor/laravel/framework/src/Illuminate/Pipeline/Pipeline.php(183): Illuminate\\Http\\Middleware\\HandleCors->handle()
#51 /var/www/html/laundryApp/vendor/laravel/framework/src/Illuminate/Http/Middleware/TrustProxies.php(39): Illuminate\\Pipeline\\Pipeline->Illuminate\\Pipeline\\{closure}()
#52 /var/www/html/laundryApp/vendor/laravel/framework/src/Illuminate/Pipeline/Pipeline.php(183): Illuminate\\Http\\Middleware\\TrustProxies->handle()
#53 /var/www/html/laundryApp/vendor/laravel/framework/src/Illuminate/Pipeline/Pipeline.php(119): Illuminate\\Pipeline\\Pipeline->Illuminate\\Pipeline\\{closure}()
#54 /var/www/html/laundryApp/vendor/laravel/framework/src/Illuminate/Foundation/Http/Kernel.php(175): Illuminate\\Pipeline\\Pipeline->then()
#55 /var/www/html/laundryApp/vendor/laravel/framework/src/Illuminate/Foundation/Http/Kernel.php(144): Illuminate\\Foundation\\Http\\Kernel->sendRequestThroughRouter()
#56 /var/www/html/laundryApp/public/index.php(51): Illuminate\\Foundation\\Http\\Kernel->handle()
#57 /var/www/html/laundryApp/vendor/laravel/framework/src/Illuminate/Foundation/resources/server.php(16): require_once('...')
#58 {main}

[previous exception] [object] (PDOException(code: 42S02): SQLSTATE[42S02]: Base table or view not found: 1146 Table 'loundry_app.product_process_history' doesn't exist at /var/www/html/laundryApp/vendor/laravel/framework/src/Illuminate/Database/Connection.php:423)
[stacktrace]
#0 /var/www/html/laundryApp/vendor/laravel/framework/src/Illuminate/Database/Connection.php(423): PDO->prepare()
#1 /var/www/html/laundryApp/vendor/laravel/framework/src/Illuminate/Database/Connection.php(816): Illuminate\\Database\\Connection->Illuminate\\Database\\{closure}()
#2 /var/www/html/laundryApp/vendor/laravel/framework/src/Illuminate/Database/Connection.php(783): Illuminate\\Database\\Connection->runQueryCallback()
#3 /var/www/html/laundryApp/vendor/laravel/framework/src/Illuminate/Database/Connection.php(414): Illuminate\\Database\\Connection->run()
#4 /var/www/html/laundryApp/vendor/laravel/framework/src/Illuminate/Database/Query/Builder.php(2913): Illuminate\\Database\\Connection->select()
#5 /var/www/html/laundryApp/vendor/laravel/framework/src/Illuminate/Database/Query/Builder.php(2902): Illuminate\\Database\\Query\\Builder->runSelect()
#6 /var/www/html/laundryApp/vendor/laravel/framework/src/Illuminate/Database/Query/Builder.php(3456): Illuminate\\Database\\Query\\Builder->Illuminate\\Database\\Query\\{closure}()
#7 /var/www/html/laundryApp/vendor/laravel/framework/src/Illuminate/Database/Query/Builder.php(2901): Illuminate\\Database\\Query\\Builder->onceWithColumns()
#8 /var/www/html/laundryApp/vendor/laravel/framework/src/Illuminate/Database/Query/Builder.php(3383): Illuminate\\Database\\Query\\Builder->get()
#9 /var/www/html/laundryApp/vendor/laravel/framework/src/Illuminate/Database/Query/Builder.php(3311): Illuminate\\Database\\Query\\Builder->aggregate()
#10 /var/www/html/laundryApp/app/Http/Controllers/Api/DashboardApiController.php(74): Illuminate\\Database\\Query\\Builder->count()
#11 /var/www/html/laundryApp/vendor/laravel/framework/src/Illuminate/Cache/Repository.php(396): App\\Http\\Controllers\\Api\\DashboardApiController->App\\Http\\Controllers\\Api\\{closure}()
#12 /var/www/html/laundryApp/vendor/laravel/framework/src/Illuminate/Cache/CacheManager.php(429): Illuminate\\Cache\\Repository->remember()
#13 /var/www/html/laundryApp/vendor/laravel/framework/src/Illuminate/Support/Facades/Facade.php(355): Illuminate\\Cache\\CacheManager->__call()
#14 /var/www/html/laundryApp/app/Http/Controllers/Api/DashboardApiController.php(42): Illuminate\\Support\\Facades\\Facade::__callStatic()
#15 /var/www/html/laundryApp/vendor/laravel/framework/src/Illuminate/Routing/Controller.php(54): App\\Http\\Controllers\\Api\\DashboardApiController->summary()
#16 /var/www/html/laundryApp/vendor/laravel/framework/src/Illuminate/Routing/ControllerDispatcher.php(43): Illuminate\\Routing\\Controller->callAction()
#17 /var/www/html/laundryApp/vendor/laravel/framework/src/Illuminate/Routing/Route.php(259): Illuminate\\Routing\\ControllerDispatcher->dispatch()
#18 /var/www/html/laundryApp/vendor/laravel/framework/src/Illuminate/Routing/Route.php(205): Illuminate\\Routing\\Route->runController()
#19 /var/www/html/laundryApp/vendor/laravel/framework/src/Illuminate/Routing/Router.php(806): Illuminate\\Routing\\Route->run()
#20 /var/www/html/laundryApp/vendor/laravel/framework/src/Illuminate/Pipeline/Pipeline.php(144): Illuminate\\Routing\\Router->Illuminate\\Routing\\{closure}()
#21 /var/www/html/laundryApp/vendor/laravel/framework/src/Illuminate/Routing/Middleware/SubstituteBindings.php(50): Illuminate\\Pipeline\\Pipeline->Illuminate\\Pipeline\\{closure}()
#22 /var/www/html/laundryApp/vendor/laravel/framework/src/Illuminate/Pipeline/Pipeline.php(183): Illuminate\\Routing\\Middleware\\SubstituteBindings->handle()
#23 /var/www/html/laundryApp/vendor/laravel/framework/src/Illuminate/Routing/Middleware/ThrottleRequests.php(159): Illuminate\\Pipeline\\Pipeline->Illuminate\\Pipeline\\{closure}()
#24 /var/www/html/laundryApp/vendor/laravel/framework/src/Illuminate/Routing/Middleware/ThrottleRequests.php(125): Illuminate\\Routing\\Middleware\\ThrottleRequests->handleRequest()
#25 /var/www/html/laundryApp/vendor/laravel/framework/src/Illuminate/Routing/Middleware/ThrottleRequests.php(87): Illuminate\\Routing\\Middleware\\ThrottleRequests->handleRequestUsingNamedLimiter()
#26 /var/www/html/laundryApp/vendor/laravel/framework/src/Illuminate/Pipeline/Pipeline.php(183): Illuminate\\Routing\\Middleware\\ThrottleRequests->handle()
#27 /var/www/html/laundryApp/vendor/laravel/framework/src/Illuminate/Auth/Middleware/Authenticate.php(57): Illuminate\\Pipeline\\Pipeline->Illuminate\\Pipeline\\{closure}()
#28 /var/www/html/laundryApp/vendor/laravel/framework/src/Illuminate/Pipeline/Pipeline.php(183): Illuminate\\Auth\\Middleware\\Authenticate->handle()
#29 /var/www/html/laundryApp/vendor/laravel/sanctum/src/Http/Middleware/EnsureFrontendRequestsAreStateful.php(25): Illuminate\\Pipeline\\Pipeline->Illuminate\\Pipeline\\{closure}()
#30 /var/www/html/laundryApp/vendor/laravel/framework/src/Illuminate/Pipeline/Pipeline.php(144): Laravel\\Sanctum\\Http\\Middleware\\EnsureFrontendRequestsAreStateful->Laravel\\Sanctum\\Http\\Middleware\\{closure}()
#31 /var/www/html/laundryApp/vendor/laravel/framework/src/Illuminate/Pipeline/Pipeline.php(119): Illuminate\\Pipeline\\Pipeline->Illuminate\\Pipeline\\{closure}()
#32 /var/www/html/laundryApp/vendor/laravel/sanctum/src/Http/Middleware/EnsureFrontendRequestsAreStateful.php(24): Illuminate\\Pipeline\\Pipeline->then()
#33 /var/www/html/laundryApp/vendor/laravel/framework/src/Illuminate/Pipeline/Pipeline.php(183): Laravel\\Sanctum\\Http\\Middleware\\EnsureFrontendRequestsAreStateful->handle()
#34 /var/www/html/laundryApp/vendor/laravel/framework/src/Illuminate/Pipeline/Pipeline.php(119): Illuminate\\Pipeline\\Pipeline->Illuminate\\Pipeline\\{closure}()
#35 /var/www/html/laundryApp/vendor/laravel/framework/src/Illuminate/Routing/Router.php(805): Illuminate\\Pipeline\\Pipeline->then()
#36 /var/www/html/laundryApp/vendor/laravel/framework/src/Illuminate/Routing/Router.php(784): Illuminate\\Routing\\Router->runRouteWithinStack()
#37 /var/www/html/laundryApp/vendor/laravel/framework/src/Illuminate/Routing/Router.php(748): Illuminate\\Routing\\Router->runRoute()
#38 /var/www/html/laundryApp/vendor/laravel/framework/src/Illuminate/Routing/Router.php(737): Illuminate\\Routing\\Router->dispatchToRoute()
#39 /var/www/html/laundryApp/vendor/laravel/framework/src/Illuminate/Foundation/Http/Kernel.php(200): Illuminate\\Routing\\Router->dispatch()
#40 /var/www/html/laundryApp/vendor/laravel/framework/src/Illuminate/Pipeline/Pipeline.php(144): Illuminate\\Foundation\\Http\\Kernel->Illuminate\\Foundation\\Http\\{closure}()
#41 /var/www/html/laundryApp/vendor/laravel/framework/src/Illuminate/Foundation/Http/Middleware/TransformsRequest.php(21): Illuminate\\Pipeline\\Pipeline->Illuminate\\Pipeline\\{closure}()
#42 /var/www/html/laundryApp/vendor/laravel/framework/src/Illuminate/Foundation/Http/Middleware/ConvertEmptyStringsToNull.php(31): Illuminate\\Foundation\\Http\\Middleware\\TransformsRequest->handle()
#43 /var/www/html/laundryApp/vendor/laravel/framework/src/Illuminate/Pipeline/Pipeline.php(183): Illuminate\\Foundation\\Http\\Middleware\\ConvertEmptyStringsToNull->handle()
#44 /var/www/html/laundryApp/vendor/laravel/framework/src/Illuminate/Foundation/Http/Middleware/TransformsRequest.php(21): Illuminate\\Pipeline\\Pipeline->Illuminate\\Pipeline\\{closure}()
#45 /var/www/html/laundryApp/vendor/laravel/framework/src/Illuminate/Foundation/Http/Middleware/TrimStrings.php(40): Illuminate\\Foundation\\Http\\Middleware\\TransformsRequest->handle()
#46 /var/www/html/laundryApp/vendor/laravel/framework/src/Illuminate/Pipeline/Pipeline.php(183): Illuminate\\Foundation\\Http\\Middleware\\TrimStrings->handle()
#47 /var/www/html/laundryApp/vendor/laravel/framework/src/Illuminate/Foundation/Http/Middleware/ValidatePostSize.php(27): Illuminate\\Pipeline\\Pipeline->Illuminate\\Pipeline\\{closure}()
#48 /var/www/html/laundryApp/vendor/laravel/framework/src/Illuminate/Pipeline/Pipeline.php(183): Illuminate\\Foundation\\Http\\Middleware\\ValidatePostSize->handle()
#49 /var/www/html/laundryApp/vendor/laravel/framework/src/Illuminate/Foundation/Http/Middleware/PreventRequestsDuringMaintenance.php(99): Illuminate\\Pipeline\\Pipeline->Illuminate\\Pipeline\\{closure}()
#50 /var/www/html/laundryApp/vendor/laravel/framework/src/Illuminate/Pipeline/Pipeline.php(183): Illuminate\\Foundation\\Http\\Middleware\\PreventRequestsDuringMaintenance->handle()
#51 /var/www/html/laundryApp/vendor/laravel/framework/src/Illuminate/Http/Middleware/HandleCors.php(62): Illuminate\\Pipeline\\Pipeline->Illuminate\\Pipeline\\{closure}()
#52 /var/www/html/laundryApp/vendor/laravel/framework/src/Illuminate/Pipeline/Pipeline.php(183): Illuminate\\Http\\Middleware\\HandleCors->handle()
#53 /var/www/html/laundryApp/vendor/laravel/framework/src/Illuminate/Http/Middleware/TrustProxies.php(39): Illuminate\\Pipeline\\Pipeline->Illuminate\\Pipeline\\{closure}()
#54 /var/www/html/laundryApp/vendor/laravel/framework/src/Illuminate/Pipeline/Pipeline.php(183): Illuminate\\Http\\Middleware\\TrustProxies->handle()
#55 /var/www/html/laundryApp/vendor/laravel/framework/src/Illuminate/Pipeline/Pipeline.php(119): Illuminate\\Pipeline\\Pipeline->Illuminate\\Pipeline\\{closure}()
#56 /var/www/html/laundryApp/vendor/laravel/framework/src/Illuminate/Foundation/Http/Kernel.php(175): Illuminate\\Pipeline\\Pipeline->then()
#57 /var/www/html/laundryApp/vendor/laravel/framework/src/Illuminate/Foundation/Http/Kernel.php(144): Illuminate\\Foundation\\Http\\Kernel->sendRequestThroughRouter()
#58 /var/www/html/laundryApp/public/index.php(51): Illuminate\\Foundation\\Http\\Kernel->handle()
#59 /var/www/html/laundryApp/vendor/laravel/framework/src/Illuminate/Foundation/resources/server.php(16): require_once('...')
#60 {main}
"} 
[2025-12-05 19:57:48] local.ERROR: SQLSTATE[42S02]: Base table or view not found: 1146 Table 'loundry_app.product_process_history' doesn't exist (Connection: mysql, SQL: select count(*) as aggregate from (select `h`.`product_id`, `h`.`status`, `h`.`stages`, `h`.`changed_at` from `product_process_history` as `h` inner join (SELECT product_id, MAX(changed_at) as latest_change 
                             FROM product_process_history 
                             GROUP BY product_id) latest on `h`.`product_id` = `latest`.`product_id` and `h`.`changed_at` = `latest`.`latest_change` inner join `rfid_tags` as `p` on `h`.`product_id` = `p`.`id` where `p`.`location_id` = 3) as t where `t`.`changed_at` between 2025-12-05 00:00:00 and 2025-12-05 23:59:59 and `t`.`status` = FAIL) {"userId":51,"exception":"[object] (Illuminate\\Database\\QueryException(code: 42S02): SQLSTATE[42S02]: Base table or view not found: 1146 Table 'loundry_app.product_process_history' doesn't exist (Connection: mysql, SQL: select count(*) as aggregate from (select `h`.`product_id`, `h`.`status`, `h`.`stages`, `h`.`changed_at` from `product_process_history` as `h` inner join (SELECT product_id, MAX(changed_at) as latest_change 
                             FROM product_process_history 
                             GROUP BY product_id) latest on `h`.`product_id` = `latest`.`product_id` and `h`.`changed_at` = `latest`.`latest_change` inner join `rfid_tags` as `p` on `h`.`product_id` = `p`.`id` where `p`.`location_id` = 3) as t where `t`.`changed_at` between 2025-12-05 00:00:00 and 2025-12-05 23:59:59 and `t`.`status` = FAIL) at /var/www/html/laundryApp/vendor/laravel/framework/src/Illuminate/Database/Connection.php:829)
[stacktrace]
#0 /var/www/html/laundryApp/vendor/laravel/framework/src/Illuminate/Database/Connection.php(783): Illuminate\\Database\\Connection->runQueryCallback()
#1 /var/www/html/laundryApp/vendor/laravel/framework/src/Illuminate/Database/Connection.php(414): Illuminate\\Database\\Connection->run()
#2 /var/www/html/laundryApp/vendor/laravel/framework/src/Illuminate/Database/Query/Builder.php(2913): Illuminate\\Database\\Connection->select()
#3 /var/www/html/laundryApp/vendor/laravel/framework/src/Illuminate/Database/Query/Builder.php(2902): Illuminate\\Database\\Query\\Builder->runSelect()
#4 /var/www/html/laundryApp/vendor/laravel/framework/src/Illuminate/Database/Query/Builder.php(3456): Illuminate\\Database\\Query\\Builder->Illuminate\\Database\\Query\\{closure}()
#5 /var/www/html/laundryApp/vendor/laravel/framework/src/Illuminate/Database/Query/Builder.php(2901): Illuminate\\Database\\Query\\Builder->onceWithColumns()
#6 /var/www/html/laundryApp/vendor/laravel/framework/src/Illuminate/Database/Query/Builder.php(3383): Illuminate\\Database\\Query\\Builder->get()
#7 /var/www/html/laundryApp/vendor/laravel/framework/src/Illuminate/Database/Query/Builder.php(3311): Illuminate\\Database\\Query\\Builder->aggregate()
#8 /var/www/html/laundryApp/app/Http/Controllers/Api/DashboardApiController.php(74): Illuminate\\Database\\Query\\Builder->count()
#9 /var/www/html/laundryApp/vendor/laravel/framework/src/Illuminate/Cache/Repository.php(396): App\\Http\\Controllers\\Api\\DashboardApiController->App\\Http\\Controllers\\Api\\{closure}()
#10 /var/www/html/laundryApp/vendor/laravel/framework/src/Illuminate/Cache/CacheManager.php(429): Illuminate\\Cache\\Repository->remember()
#11 /var/www/html/laundryApp/vendor/laravel/framework/src/Illuminate/Support/Facades/Facade.php(355): Illuminate\\Cache\\CacheManager->__call()
#12 /var/www/html/laundryApp/app/Http/Controllers/Api/DashboardApiController.php(42): Illuminate\\Support\\Facades\\Facade::__callStatic()
#13 /var/www/html/laundryApp/vendor/laravel/framework/src/Illuminate/Routing/Controller.php(54): App\\Http\\Controllers\\Api\\DashboardApiController->summary()
#14 /var/www/html/laundryApp/vendor/laravel/framework/src/Illuminate/Routing/ControllerDispatcher.php(43): Illuminate\\Routing\\Controller->callAction()
#15 /var/www/html/laundryApp/vendor/laravel/framework/src/Illuminate/Routing/Route.php(259): Illuminate\\Routing\\ControllerDispatcher->dispatch()
#16 /var/www/html/laundryApp/vendor/laravel/framework/src/Illuminate/Routing/Route.php(205): Illuminate\\Routing\\Route->runController()
#17 /var/www/html/laundryApp/vendor/laravel/framework/src/Illuminate/Routing/Router.php(806): Illuminate\\Routing\\Route->run()
#18 /var/www/html/laundryApp/vendor/laravel/framework/src/Illuminate/Pipeline/Pipeline.php(144): Illuminate\\Routing\\Router->Illuminate\\Routing\\{closure}()
#19 /var/www/html/laundryApp/vendor/laravel/framework/src/Illuminate/Routing/Middleware/SubstituteBindings.php(50): Illuminate\\Pipeline\\Pipeline->Illuminate\\Pipeline\\{closure}()
#20 /var/www/html/laundryApp/vendor/laravel/framework/src/Illuminate/Pipeline/Pipeline.php(183): Illuminate\\Routing\\Middleware\\SubstituteBindings->handle()
#21 /var/www/html/laundryApp/vendor/laravel/framework/src/Illuminate/Routing/Middleware/ThrottleRequests.php(159): Illuminate\\Pipeline\\Pipeline->Illuminate\\Pipeline\\{closure}()
#22 /var/www/html/laundryApp/vendor/laravel/framework/src/Illuminate/Routing/Middleware/ThrottleRequests.php(125): Illuminate\\Routing\\Middleware\\ThrottleRequests->handleRequest()
#23 /var/www/html/laundryApp/vendor/laravel/framework/src/Illuminate/Routing/Middleware/ThrottleRequests.php(87): Illuminate\\Routing\\Middleware\\ThrottleRequests->handleRequestUsingNamedLimiter()
#24 /var/www/html/laundryApp/vendor/laravel/framework/src/Illuminate/Pipeline/Pipeline.php(183): Illuminate\\Routing\\Middleware\\ThrottleRequests->handle()
#25 /var/www/html/laundryApp/vendor/laravel/framework/src/Illuminate/Auth/Middleware/Authenticate.php(57): Illuminate\\Pipeline\\Pipeline->Illuminate\\Pipeline\\{closure}()
#26 /var/www/html/laundryApp/vendor/laravel/framework/src/Illuminate/Pipeline/Pipeline.php(183): Illuminate\\Auth\\Middleware\\Authenticate->handle()
#27 /var/www/html/laundryApp/vendor/laravel/sanctum/src/Http/Middleware/EnsureFrontendRequestsAreStateful.php(25): Illuminate\\Pipeline\\Pipeline->Illuminate\\Pipeline\\{closure}()
#28 /var/www/html/laundryApp/vendor/laravel/framework/src/Illuminate/Pipeline/Pipeline.php(144): Laravel\\Sanctum\\Http\\Middleware\\EnsureFrontendRequestsAreStateful->Laravel\\Sanctum\\Http\\Middleware\\{closure}()
#29 /var/www/html/laundryApp/vendor/laravel/framework/src/Illuminate/Pipeline/Pipeline.php(119): Illuminate\\Pipeline\\Pipeline->Illuminate\\Pipeline\\{closure}()
#30 /var/www/html/laundryApp/vendor/laravel/sanctum/src/Http/Middleware/EnsureFrontendRequestsAreStateful.php(24): Illuminate\\Pipeline\\Pipeline->then()
#31 /var/www/html/laundryApp/vendor/laravel/framework/src/Illuminate/Pipeline/Pipeline.php(183): Laravel\\Sanctum\\Http\\Middleware\\EnsureFrontendRequestsAreStateful->handle()
#32 /var/www/html/laundryApp/vendor/laravel/framework/src/Illuminate/Pipeline/Pipeline.php(119): Illuminate\\Pipeline\\Pipeline->Illuminate\\Pipeline\\{closure}()
#33 /var/www/html/laundryApp/vendor/laravel/framework/src/Illuminate/Routing/Router.php(805): Illuminate\\Pipeline\\Pipeline->then()
#34 /var/www/html/laundryApp/vendor/laravel/framework/src/Illuminate/Routing/Router.php(784): Illuminate\\Routing\\Router->runRouteWithinStack()
#35 /var/www/html/laundryApp/vendor/laravel/framework/src/Illuminate/Routing/Router.php(748): Illuminate\\Routing\\Router->runRoute()
#36 /var/www/html/laundryApp/vendor/laravel/framework/src/Illuminate/Routing/Router.php(737): Illuminate\\Routing\\Router->dispatchToRoute()
#37 /var/www/html/laundryApp/vendor/laravel/framework/src/Illuminate/Foundation/Http/Kernel.php(200): Illuminate\\Routing\\Router->dispatch()
#38 /var/www/html/laundryApp/vendor/laravel/framework/src/Illuminate/Pipeline/Pipeline.php(144): Illuminate\\Foundation\\Http\\Kernel->Illuminate\\Foundation\\Http\\{closure}()
#39 /var/www/html/laundryApp/vendor/laravel/framework/src/Illuminate/Foundation/Http/Middleware/TransformsRequest.php(21): Illuminate\\Pipeline\\Pipeline->Illuminate\\Pipeline\\{closure}()
#40 /var/www/html/laundryApp/vendor/laravel/framework/src/Illuminate/Foundation/Http/Middleware/ConvertEmptyStringsToNull.php(31): Illuminate\\Foundation\\Http\\Middleware\\TransformsRequest->handle()
#41 /var/www/html/laundryApp/vendor/laravel/framework/src/Illuminate/Pipeline/Pipeline.php(183): Illuminate\\Foundation\\Http\\Middleware\\ConvertEmptyStringsToNull->handle()
#42 /var/www/html/laundryApp/vendor/laravel/framework/src/Illuminate/Foundation/Http/Middleware/TransformsRequest.php(21): Illuminate\\Pipeline\\Pipeline->Illuminate\\Pipeline\\{closure}()
#43 /var/www/html/laundryApp/vendor/laravel/framework/src/Illuminate/Foundation/Http/Middleware/TrimStrings.php(40): Illuminate\\Foundation\\Http\\Middleware\\TransformsRequest->handle()
#44 /var/www/html/laundryApp/vendor/laravel/framework/src/Illuminate/Pipeline/Pipeline.php(183): Illuminate\\Foundation\\Http\\Middleware\\TrimStrings->handle()
#45 /var/www/html/laundryApp/vendor/laravel/framework/src/Illuminate/Foundation/Http/Middleware/ValidatePostSize.php(27): Illuminate\\Pipeline\\Pipeline->Illuminate\\Pipeline\\{closure}()
#46 /var/www/html/laundryApp/vendor/laravel/framework/src/Illuminate/Pipeline/Pipeline.php(183): Illuminate\\Foundation\\Http\\Middleware\\ValidatePostSize->handle()
#47 /var/www/html/laundryApp/vendor/laravel/framework/src/Illuminate/Foundation/Http/Middleware/PreventRequestsDuringMaintenance.php(99): Illuminate\\Pipeline\\Pipeline->Illuminate\\Pipeline\\{closure}()
#48 /var/www/html/laundryApp/vendor/laravel/framework/src/Illuminate/Pipeline/Pipeline.php(183): Illuminate\\Foundation\\Http\\Middleware\\PreventRequestsDuringMaintenance->handle()
#49 /var/www/html/laundryApp/vendor/laravel/framework/src/Illuminate/Http/Middleware/HandleCors.php(62): Illuminate\\Pipeline\\Pipeline->Illuminate\\Pipeline\\{closure}()
#50 /var/www/html/laundryApp/vendor/laravel/framework/src/Illuminate/Pipeline/Pipeline.php(183): Illuminate\\Http\\Middleware\\HandleCors->handle()
#51 /var/www/html/laundryApp/vendor/laravel/framework/src/Illuminate/Http/Middleware/TrustProxies.php(39): Illuminate\\Pipeline\\Pipeline->Illuminate\\Pipeline\\{closure}()
#52 /var/www/html/laundryApp/vendor/laravel/framework/src/Illuminate/Pipeline/Pipeline.php(183): Illuminate\\Http\\Middleware\\TrustProxies->handle()
#53 /var/www/html/laundryApp/vendor/laravel/framework/src/Illuminate/Pipeline/Pipeline.php(119): Illuminate\\Pipeline\\Pipeline->Illuminate\\Pipeline\\{closure}()
#54 /var/www/html/laundryApp/vendor/laravel/framework/src/Illuminate/Foundation/Http/Kernel.php(175): Illuminate\\Pipeline\\Pipeline->then()
#55 /var/www/html/laundryApp/vendor/laravel/framework/src/Illuminate/Foundation/Http/Kernel.php(144): Illuminate\\Foundation\\Http\\Kernel->sendRequestThroughRouter()
#56 /var/www/html/laundryApp/public/index.php(51): Illuminate\\Foundation\\Http\\Kernel->handle()
#57 /var/www/html/laundryApp/vendor/laravel/framework/src/Illuminate/Foundation/resources/server.php(16): require_once('...')
#58 {main}

[previous exception] [object] (PDOException(code: 42S02): SQLSTATE[42S02]: Base table or view not found: 1146 Table 'loundry_app.product_process_history' doesn't exist at /var/www/html/laundryApp/vendor/laravel/framework/src/Illuminate/Database/Connection.php:423)
[stacktrace]
#0 /var/www/html/laundryApp/vendor/laravel/framework/src/Illuminate/Database/Connection.php(423): PDO->prepare()
#1 /var/www/html/laundryApp/vendor/laravel/framework/src/Illuminate/Database/Connection.php(816): Illuminate\\Database\\Connection->Illuminate\\Database\\{closure}()
#2 /var/www/html/laundryApp/vendor/laravel/framework/src/Illuminate/Database/Connection.php(783): Illuminate\\Database\\Connection->runQueryCallback()
#3 /var/www/html/laundryApp/vendor/laravel/framework/src/Illuminate/Database/Connection.php(414): Illuminate\\Database\\Connection->run()
#4 /var/www/html/laundryApp/vendor/laravel/framework/src/Illuminate/Database/Query/Builder.php(2913): Illuminate\\Database\\Connection->select()
#5 /var/www/html/laundryApp/vendor/laravel/framework/src/Illuminate/Database/Query/Builder.php(2902): Illuminate\\Database\\Query\\Builder->runSelect()
#6 /var/www/html/laundryApp/vendor/laravel/framework/src/Illuminate/Database/Query/Builder.php(3456): Illuminate\\Database\\Query\\Builder->Illuminate\\Database\\Query\\{closure}()
#7 /var/www/html/laundryApp/vendor/laravel/framework/src/Illuminate/Database/Query/Builder.php(2901): Illuminate\\Database\\Query\\Builder->onceWithColumns()
#8 /var/www/html/laundryApp/vendor/laravel/framework/src/Illuminate/Database/Query/Builder.php(3383): Illuminate\\Database\\Query\\Builder->get()
#9 /var/www/html/laundryApp/vendor/laravel/framework/src/Illuminate/Database/Query/Builder.php(3311): Illuminate\\Database\\Query\\Builder->aggregate()
#10 /var/www/html/laundryApp/app/Http/Controllers/Api/DashboardApiController.php(74): Illuminate\\Database\\Query\\Builder->count()
#11 /var/www/html/laundryApp/vendor/laravel/framework/src/Illuminate/Cache/Repository.php(396): App\\Http\\Controllers\\Api\\DashboardApiController->App\\Http\\Controllers\\Api\\{closure}()
#12 /var/www/html/laundryApp/vendor/laravel/framework/src/Illuminate/Cache/CacheManager.php(429): Illuminate\\Cache\\Repository->remember()
#13 /var/www/html/laundryApp/vendor/laravel/framework/src/Illuminate/Support/Facades/Facade.php(355): Illuminate\\Cache\\CacheManager->__call()
#14 /var/www/html/laundryApp/app/Http/Controllers/Api/DashboardApiController.php(42): Illuminate\\Support\\Facades\\Facade::__callStatic()
#15 /var/www/html/laundryApp/vendor/laravel/framework/src/Illuminate/Routing/Controller.php(54): App\\Http\\Controllers\\Api\\DashboardApiController->summary()
#16 /var/www/html/laundryApp/vendor/laravel/framework/src/Illuminate/Routing/ControllerDispatcher.php(43): Illuminate\\Routing\\Controller->callAction()
#17 /var/www/html/laundryApp/vendor/laravel/framework/src/Illuminate/Routing/Route.php(259): Illuminate\\Routing\\ControllerDispatcher->dispatch()
#18 /var/www/html/laundryApp/vendor/laravel/framework/src/Illuminate/Routing/Route.php(205): Illuminate\\Routing\\Route->runController()
#19 /var/www/html/laundryApp/vendor/laravel/framework/src/Illuminate/Routing/Router.php(806): Illuminate\\Routing\\Route->run()
#20 /var/www/html/laundryApp/vendor/laravel/framework/src/Illuminate/Pipeline/Pipeline.php(144): Illuminate\\Routing\\Router->Illuminate\\Routing\\{closure}()
#21 /var/www/html/laundryApp/vendor/laravel/framework/src/Illuminate/Routing/Middleware/SubstituteBindings.php(50): Illuminate\\Pipeline\\Pipeline->Illuminate\\Pipeline\\{closure}()
#22 /var/www/html/laundryApp/vendor/laravel/framework/src/Illuminate/Pipeline/Pipeline.php(183): Illuminate\\Routing\\Middleware\\SubstituteBindings->handle()
#23 /var/www/html/laundryApp/vendor/laravel/framework/src/Illuminate/Routing/Middleware/ThrottleRequests.php(159): Illuminate\\Pipeline\\Pipeline->Illuminate\\Pipeline\\{closure}()
#24 /var/www/html/laundryApp/vendor/laravel/framework/src/Illuminate/Routing/Middleware/ThrottleRequests.php(125): Illuminate\\Routing\\Middleware\\ThrottleRequests->handleRequest()
#25 /var/www/html/laundryApp/vendor/laravel/framework/src/Illuminate/Routing/Middleware/ThrottleRequests.php(87): Illuminate\\Routing\\Middleware\\ThrottleRequests->handleRequestUsingNamedLimiter()
#26 /var/www/html/laundryApp/vendor/laravel/framework/src/Illuminate/Pipeline/Pipeline.php(183): Illuminate\\Routing\\Middleware\\ThrottleRequests->handle()
#27 /var/www/html/laundryApp/vendor/laravel/framework/src/Illuminate/Auth/Middleware/Authenticate.php(57): Illuminate\\Pipeline\\Pipeline->Illuminate\\Pipeline\\{closure}()
#28 /var/www/html/laundryApp/vendor/laravel/framework/src/Illuminate/Pipeline/Pipeline.php(183): Illuminate\\Auth\\Middleware\\Authenticate->handle()
#29 /var/www/html/laundryApp/vendor/laravel/sanctum/src/Http/Middleware/EnsureFrontendRequestsAreStateful.php(25): Illuminate\\Pipeline\\Pipeline->Illuminate\\Pipeline\\{closure}()
#30 /var/www/html/laundryApp/vendor/laravel/framework/src/Illuminate/Pipeline/Pipeline.php(144): Laravel\\Sanctum\\Http\\Middleware\\EnsureFrontendRequestsAreStateful->Laravel\\Sanctum\\Http\\Middleware\\{closure}()
#31 /var/www/html/laundryApp/vendor/laravel/framework/src/Illuminate/Pipeline/Pipeline.php(119): Illuminate\\Pipeline\\Pipeline->Illuminate\\Pipeline\\{closure}()
#32 /var/www/html/laundryApp/vendor/laravel/sanctum/src/Http/Middleware/EnsureFrontendRequestsAreStateful.php(24): Illuminate\\Pipeline\\Pipeline->then()
#33 /var/www/html/laundryApp/vendor/laravel/framework/src/Illuminate/Pipeline/Pipeline.php(183): Laravel\\Sanctum\\Http\\Middleware\\EnsureFrontendRequestsAreStateful->handle()
#34 /var/www/html/laundryApp/vendor/laravel/framework/src/Illuminate/Pipeline/Pipeline.php(119): Illuminate\\Pipeline\\Pipeline->Illuminate\\Pipeline\\{closure}()
#35 /var/www/html/laundryApp/vendor/laravel/framework/src/Illuminate/Routing/Router.php(805): Illuminate\\Pipeline\\Pipeline->then()
#36 /var/www/html/laundryApp/vendor/laravel/framework/src/Illuminate/Routing/Router.php(784): Illuminate\\Routing\\Router->runRouteWithinStack()
#37 /var/www/html/laundryApp/vendor/laravel/framework/src/Illuminate/Routing/Router.php(748): Illuminate\\Routing\\Router->runRoute()
#38 /var/www/html/laundryApp/vendor/laravel/framework/src/Illuminate/Routing/Router.php(737): Illuminate\\Routing\\Router->dispatchToRoute()
#39 /var/www/html/laundryApp/vendor/laravel/framework/src/Illuminate/Foundation/Http/Kernel.php(200): Illuminate\\Routing\\Router->dispatch()
#40 /var/www/html/laundryApp/vendor/laravel/framework/src/Illuminate/Pipeline/Pipeline.php(144): Illuminate\\Foundation\\Http\\Kernel->Illuminate\\Foundation\\Http\\{closure}()
#41 /var/www/html/laundryApp/vendor/laravel/framework/src/Illuminate/Foundation/Http/Middleware/TransformsRequest.php(21): Illuminate\\Pipeline\\Pipeline->Illuminate\\Pipeline\\{closure}()
#42 /var/www/html/laundryApp/vendor/laravel/framework/src/Illuminate/Foundation/Http/Middleware/ConvertEmptyStringsToNull.php(31): Illuminate\\Foundation\\Http\\Middleware\\TransformsRequest->handle()
#43 /var/www/html/laundryApp/vendor/laravel/framework/src/Illuminate/Pipeline/Pipeline.php(183): Illuminate\\Foundation\\Http\\Middleware\\ConvertEmptyStringsToNull->handle()
#44 /var/www/html/laundryApp/vendor/laravel/framework/src/Illuminate/Foundation/Http/Middleware/TransformsRequest.php(21): Illuminate\\Pipeline\\Pipeline->Illuminate\\Pipeline\\{closure}()
#45 /var/www/html/laundryApp/vendor/laravel/framework/src/Illuminate/Foundation/Http/Middleware/TrimStrings.php(40): Illuminate\\Foundation\\Http\\Middleware\\TransformsRequest->handle()
#46 /var/www/html/laundryApp/vendor/laravel/framework/src/Illuminate/Pipeline/Pipeline.php(183): Illuminate\\Foundation\\Http\\Middleware\\TrimStrings->handle()
#47 /var/www/html/laundryApp/vendor/laravel/framework/src/Illuminate/Foundation/Http/Middleware/ValidatePostSize.php(27): Illuminate\\Pipeline\\Pipeline->Illuminate\\Pipeline\\{closure}()
#48 /var/www/html/laundryApp/vendor/laravel/framework/src/Illuminate/Pipeline/Pipeline.php(183): Illuminate\\Foundation\\Http\\Middleware\\ValidatePostSize->handle()
#49 /var/www/html/laundryApp/vendor/laravel/framework/src/Illuminate/Foundation/Http/Middleware/PreventRequestsDuringMaintenance.php(99): Illuminate\\Pipeline\\Pipeline->Illuminate\\Pipeline\\{closure}()
#50 /var/www/html/laundryApp/vendor/laravel/framework/src/Illuminate/Pipeline/Pipeline.php(183): Illuminate\\Foundation\\Http\\Middleware\\PreventRequestsDuringMaintenance->handle()
#51 /var/www/html/laundryApp/vendor/laravel/framework/src/Illuminate/Http/Middleware/HandleCors.php(62): Illuminate\\Pipeline\\Pipeline->Illuminate\\Pipeline\\{closure}()
#52 /var/www/html/laundryApp/vendor/laravel/framework/src/Illuminate/Pipeline/Pipeline.php(183): Illuminate\\Http\\Middleware\\HandleCors->handle()
#53 /var/www/html/laundryApp/vendor/laravel/framework/src/Illuminate/Http/Middleware/TrustProxies.php(39): Illuminate\\Pipeline\\Pipeline->Illuminate\\Pipeline\\{closure}()
#54 /var/www/html/laundryApp/vendor/laravel/framework/src/Illuminate/Pipeline/Pipeline.php(183): Illuminate\\Http\\Middleware\\TrustProxies->handle()
#55 /var/www/html/laundryApp/vendor/laravel/framework/src/Illuminate/Pipeline/Pipeline.php(119): Illuminate\\Pipeline\\Pipeline->Illuminate\\Pipeline\\{closure}()
#56 /var/www/html/laundryApp/vendor/laravel/framework/src/Illuminate/Foundation/Http/Kernel.php(175): Illuminate\\Pipeline\\Pipeline->then()
#57 /var/www/html/laundryApp/vendor/laravel/framework/src/Illuminate/Foundation/Http/Kernel.php(144): Illuminate\\Foundation\\Http\\Kernel->sendRequestThroughRouter()
#58 /var/www/html/laundryApp/public/index.php(51): Illuminate\\Foundation\\Http\\Kernel->handle()
#59 /var/www/html/laundryApp/vendor/laravel/framework/src/Illuminate/Foundation/resources/server.php(16): require_once('...')
#60 {main}
"} 
[2025-12-05 19:57:56] local.ERROR: SQLSTATE[42S02]: Base table or view not found: 1146 Table 'loundry_app.product_process_history' doesn't exist (Connection: mysql, SQL: select count(*) as aggregate from (select `h`.`product_id`, `h`.`status`, `h`.`stages`, `h`.`changed_at` from `product_process_history` as `h` inner join (SELECT product_id, MAX(changed_at) as latest_change 
                             FROM product_process_history 
                             GROUP BY product_id) latest on `h`.`product_id` = `latest`.`product_id` and `h`.`changed_at` = `latest`.`latest_change` inner join `rfid_tags` as `p` on `h`.`product_id` = `p`.`id` where `p`.`location_id` = 3) as t where `t`.`changed_at` between 2025-12-05 00:00:00 and 2025-12-05 23:59:59 and `t`.`status` = FAIL) {"userId":51,"exception":"[object] (Illuminate\\Database\\QueryException(code: 42S02): SQLSTATE[42S02]: Base table or view not found: 1146 Table 'loundry_app.product_process_history' doesn't exist (Connection: mysql, SQL: select count(*) as aggregate from (select `h`.`product_id`, `h`.`status`, `h`.`stages`, `h`.`changed_at` from `product_process_history` as `h` inner join (SELECT product_id, MAX(changed_at) as latest_change 
                             FROM product_process_history 
                             GROUP BY product_id) latest on `h`.`product_id` = `latest`.`product_id` and `h`.`changed_at` = `latest`.`latest_change` inner join `rfid_tags` as `p` on `h`.`product_id` = `p`.`id` where `p`.`location_id` = 3) as t where `t`.`changed_at` between 2025-12-05 00:00:00 and 2025-12-05 23:59:59 and `t`.`status` = FAIL) at /var/www/html/laundryApp/vendor/laravel/framework/src/Illuminate/Database/Connection.php:829)
[stacktrace]
#0 /var/www/html/laundryApp/vendor/laravel/framework/src/Illuminate/Database/Connection.php(783): Illuminate\\Database\\Connection->runQueryCallback()
#1 /var/www/html/laundryApp/vendor/laravel/framework/src/Illuminate/Database/Connection.php(414): Illuminate\\Database\\Connection->run()
#2 /var/www/html/laundryApp/vendor/laravel/framework/src/Illuminate/Database/Query/Builder.php(2913): Illuminate\\Database\\Connection->select()
#3 /var/www/html/laundryApp/vendor/laravel/framework/src/Illuminate/Database/Query/Builder.php(2902): Illuminate\\Database\\Query\\Builder->runSelect()
#4 /var/www/html/laundryApp/vendor/laravel/framework/src/Illuminate/Database/Query/Builder.php(3456): Illuminate\\Database\\Query\\Builder->Illuminate\\Database\\Query\\{closure}()
#5 /var/www/html/laundryApp/vendor/laravel/framework/src/Illuminate/Database/Query/Builder.php(2901): Illuminate\\Database\\Query\\Builder->onceWithColumns()
#6 /var/www/html/laundryApp/vendor/laravel/framework/src/Illuminate/Database/Query/Builder.php(3383): Illuminate\\Database\\Query\\Builder->get()
#7 /var/www/html/laundryApp/vendor/laravel/framework/src/Illuminate/Database/Query/Builder.php(3311): Illuminate\\Database\\Query\\Builder->aggregate()
#8 /var/www/html/laundryApp/app/Http/Controllers/Api/DashboardApiController.php(74): Illuminate\\Database\\Query\\Builder->count()
#9 /var/www/html/laundryApp/vendor/laravel/framework/src/Illuminate/Cache/Repository.php(396): App\\Http\\Controllers\\Api\\DashboardApiController->App\\Http\\Controllers\\Api\\{closure}()
#10 /var/www/html/laundryApp/vendor/laravel/framework/src/Illuminate/Cache/CacheManager.php(429): Illuminate\\Cache\\Repository->remember()
#11 /var/www/html/laundryApp/vendor/laravel/framework/src/Illuminate/Support/Facades/Facade.php(355): Illuminate\\Cache\\CacheManager->__call()
#12 /var/www/html/laundryApp/app/Http/Controllers/Api/DashboardApiController.php(42): Illuminate\\Support\\Facades\\Facade::__callStatic()
#13 /var/www/html/laundryApp/vendor/laravel/framework/src/Illuminate/Routing/Controller.php(54): App\\Http\\Controllers\\Api\\DashboardApiController->summary()
#14 /var/www/html/laundryApp/vendor/laravel/framework/src/Illuminate/Routing/ControllerDispatcher.php(43): Illuminate\\Routing\\Controller->callAction()
#15 /var/www/html/laundryApp/vendor/laravel/framework/src/Illuminate/Routing/Route.php(259): Illuminate\\Routing\\ControllerDispatcher->dispatch()
#16 /var/www/html/laundryApp/vendor/laravel/framework/src/Illuminate/Routing/Route.php(205): Illuminate\\Routing\\Route->runController()
#17 /var/www/html/laundryApp/vendor/laravel/framework/src/Illuminate/Routing/Router.php(806): Illuminate\\Routing\\Route->run()
#18 /var/www/html/laundryApp/vendor/laravel/framework/src/Illuminate/Pipeline/Pipeline.php(144): Illuminate\\Routing\\Router->Illuminate\\Routing\\{closure}()
#19 /var/www/html/laundryApp/vendor/laravel/framework/src/Illuminate/Routing/Middleware/SubstituteBindings.php(50): Illuminate\\Pipeline\\Pipeline->Illuminate\\Pipeline\\{closure}()
#20 /var/www/html/laundryApp/vendor/laravel/framework/src/Illuminate/Pipeline/Pipeline.php(183): Illuminate\\Routing\\Middleware\\SubstituteBindings->handle()
#21 /var/www/html/laundryApp/vendor/laravel/framework/src/Illuminate/Routing/Middleware/ThrottleRequests.php(159): Illuminate\\Pipeline\\Pipeline->Illuminate\\Pipeline\\{closure}()
#22 /var/www/html/laundryApp/vendor/laravel/framework/src/Illuminate/Routing/Middleware/ThrottleRequests.php(125): Illuminate\\Routing\\Middleware\\ThrottleRequests->handleRequest()
#23 /var/www/html/laundryApp/vendor/laravel/framework/src/Illuminate/Routing/Middleware/ThrottleRequests.php(87): Illuminate\\Routing\\Middleware\\ThrottleRequests->handleRequestUsingNamedLimiter()
#24 /var/www/html/laundryApp/vendor/laravel/framework/src/Illuminate/Pipeline/Pipeline.php(183): Illuminate\\Routing\\Middleware\\ThrottleRequests->handle()
#25 /var/www/html/laundryApp/vendor/laravel/framework/src/Illuminate/Auth/Middleware/Authenticate.php(57): Illuminate\\Pipeline\\Pipeline->Illuminate\\Pipeline\\{closure}()
#26 /var/www/html/laundryApp/vendor/laravel/framework/src/Illuminate/Pipeline/Pipeline.php(183): Illuminate\\Auth\\Middleware\\Authenticate->handle()
#27 /var/www/html/laundryApp/vendor/laravel/sanctum/src/Http/Middleware/EnsureFrontendRequestsAreStateful.php(25): Illuminate\\Pipeline\\Pipeline->Illuminate\\Pipeline\\{closure}()
#28 /var/www/html/laundryApp/vendor/laravel/framework/src/Illuminate/Pipeline/Pipeline.php(144): Laravel\\Sanctum\\Http\\Middleware\\EnsureFrontendRequestsAreStateful->Laravel\\Sanctum\\Http\\Middleware\\{closure}()
#29 /var/www/html/laundryApp/vendor/laravel/framework/src/Illuminate/Pipeline/Pipeline.php(119): Illuminate\\Pipeline\\Pipeline->Illuminate\\Pipeline\\{closure}()
#30 /var/www/html/laundryApp/vendor/laravel/sanctum/src/Http/Middleware/EnsureFrontendRequestsAreStateful.php(24): Illuminate\\Pipeline\\Pipeline->then()
#31 /var/www/html/laundryApp/vendor/laravel/framework/src/Illuminate/Pipeline/Pipeline.php(183): Laravel\\Sanctum\\Http\\Middleware\\EnsureFrontendRequestsAreStateful->handle()
#32 /var/www/html/laundryApp/vendor/laravel/framework/src/Illuminate/Pipeline/Pipeline.php(119): Illuminate\\Pipeline\\Pipeline->Illuminate\\Pipeline\\{closure}()
#33 /var/www/html/laundryApp/vendor/laravel/framework/src/Illuminate/Routing/Router.php(805): Illuminate\\Pipeline\\Pipeline->then()
#34 /var/www/html/laundryApp/vendor/laravel/framework/src/Illuminate/Routing/Router.php(784): Illuminate\\Routing\\Router->runRouteWithinStack()
#35 /var/www/html/laundryApp/vendor/laravel/framework/src/Illuminate/Routing/Router.php(748): Illuminate\\Routing\\Router->runRoute()
#36 /var/www/html/laundryApp/vendor/laravel/framework/src/Illuminate/Routing/Router.php(737): Illuminate\\Routing\\Router->dispatchToRoute()
#37 /var/www/html/laundryApp/vendor/laravel/framework/src/Illuminate/Foundation/Http/Kernel.php(200): Illuminate\\Routing\\Router->dispatch()
#38 /var/www/html/laundryApp/vendor/laravel/framework/src/Illuminate/Pipeline/Pipeline.php(144): Illuminate\\Foundation\\Http\\Kernel->Illuminate\\Foundation\\Http\\{closure}()
#39 /var/www/html/laundryApp/vendor/laravel/framework/src/Illuminate/Foundation/Http/Middleware/TransformsRequest.php(21): Illuminate\\Pipeline\\Pipeline->Illuminate\\Pipeline\\{closure}()
#40 /var/www/html/laundryApp/vendor/laravel/framework/src/Illuminate/Foundation/Http/Middleware/ConvertEmptyStringsToNull.php(31): Illuminate\\Foundation\\Http\\Middleware\\TransformsRequest->handle()
#41 /var/www/html/laundryApp/vendor/laravel/framework/src/Illuminate/Pipeline/Pipeline.php(183): Illuminate\\Foundation\\Http\\Middleware\\ConvertEmptyStringsToNull->handle()
#42 /var/www/html/laundryApp/vendor/laravel/framework/src/Illuminate/Foundation/Http/Middleware/TransformsRequest.php(21): Illuminate\\Pipeline\\Pipeline->Illuminate\\Pipeline\\{closure}()
#43 /var/www/html/laundryApp/vendor/laravel/framework/src/Illuminate/Foundation/Http/Middleware/TrimStrings.php(40): Illuminate\\Foundation\\Http\\Middleware\\TransformsRequest->handle()
#44 /var/www/html/laundryApp/vendor/laravel/framework/src/Illuminate/Pipeline/Pipeline.php(183): Illuminate\\Foundation\\Http\\Middleware\\TrimStrings->handle()
#45 /var/www/html/laundryApp/vendor/laravel/framework/src/Illuminate/Foundation/Http/Middleware/ValidatePostSize.php(27): Illuminate\\Pipeline\\Pipeline->Illuminate\\Pipeline\\{closure}()
#46 /var/www/html/laundryApp/vendor/laravel/framework/src/Illuminate/Pipeline/Pipeline.php(183): Illuminate\\Foundation\\Http\\Middleware\\ValidatePostSize->handle()
#47 /var/www/html/laundryApp/vendor/laravel/framework/src/Illuminate/Foundation/Http/Middleware/PreventRequestsDuringMaintenance.php(99): Illuminate\\Pipeline\\Pipeline->Illuminate\\Pipeline\\{closure}()
#48 /var/www/html/laundryApp/vendor/laravel/framework/src/Illuminate/Pipeline/Pipeline.php(183): Illuminate\\Foundation\\Http\\Middleware\\PreventRequestsDuringMaintenance->handle()
#49 /var/www/html/laundryApp/vendor/laravel/framework/src/Illuminate/Http/Middleware/HandleCors.php(62): Illuminate\\Pipeline\\Pipeline->Illuminate\\Pipeline\\{closure}()
#50 /var/www/html/laundryApp/vendor/laravel/framework/src/Illuminate/Pipeline/Pipeline.php(183): Illuminate\\Http\\Middleware\\HandleCors->handle()
#51 /var/www/html/laundryApp/vendor/laravel/framework/src/Illuminate/Http/Middleware/TrustProxies.php(39): Illuminate\\Pipeline\\Pipeline->Illuminate\\Pipeline\\{closure}()
#52 /var/www/html/laundryApp/vendor/laravel/framework/src/Illuminate/Pipeline/Pipeline.php(183): Illuminate\\Http\\Middleware\\TrustProxies->handle()
#53 /var/www/html/laundryApp/vendor/laravel/framework/src/Illuminate/Pipeline/Pipeline.php(119): Illuminate\\Pipeline\\Pipeline->Illuminate\\Pipeline\\{closure}()
#54 /var/www/html/laundryApp/vendor/laravel/framework/src/Illuminate/Foundation/Http/Kernel.php(175): Illuminate\\Pipeline\\Pipeline->then()
#55 /var/www/html/laundryApp/vendor/laravel/framework/src/Illuminate/Foundation/Http/Kernel.php(144): Illuminate\\Foundation\\Http\\Kernel->sendRequestThroughRouter()
#56 /var/www/html/laundryApp/public/index.php(51): Illuminate\\Foundation\\Http\\Kernel->handle()
#57 /var/www/html/laundryApp/vendor/laravel/framework/src/Illuminate/Foundation/resources/server.php(16): require_once('...')
#58 {main}

[previous exception] [object] (PDOException(code: 42S02): SQLSTATE[42S02]: Base table or view not found: 1146 Table 'loundry_app.product_process_history' doesn't exist at /var/www/html/laundryApp/vendor/laravel/framework/src/Illuminate/Database/Connection.php:423)
[stacktrace]
#0 /var/www/html/laundryApp/vendor/laravel/framework/src/Illuminate/Database/Connection.php(423): PDO->prepare()
#1 /var/www/html/laundryApp/vendor/laravel/framework/src/Illuminate/Database/Connection.php(816): Illuminate\\Database\\Connection->Illuminate\\Database\\{closure}()
#2 /var/www/html/laundryApp/vendor/laravel/framework/src/Illuminate/Database/Connection.php(783): Illuminate\\Database\\Connection->runQueryCallback()
#3 /var/www/html/laundryApp/vendor/laravel/framework/src/Illuminate/Database/Connection.php(414): Illuminate\\Database\\Connection->run()
#4 /var/www/html/laundryApp/vendor/laravel/framework/src/Illuminate/Database/Query/Builder.php(2913): Illuminate\\Database\\Connection->select()
#5 /var/www/html/laundryApp/vendor/laravel/framework/src/Illuminate/Database/Query/Builder.php(2902): Illuminate\\Database\\Query\\Builder->runSelect()
#6 /var/www/html/laundryApp/vendor/laravel/framework/src/Illuminate/Database/Query/Builder.php(3456): Illuminate\\Database\\Query\\Builder->Illuminate\\Database\\Query\\{closure}()
#7 /var/www/html/laundryApp/vendor/laravel/framework/src/Illuminate/Database/Query/Builder.php(2901): Illuminate\\Database\\Query\\Builder->onceWithColumns()
#8 /var/www/html/laundryApp/vendor/laravel/framework/src/Illuminate/Database/Query/Builder.php(3383): Illuminate\\Database\\Query\\Builder->get()
#9 /var/www/html/laundryApp/vendor/laravel/framework/src/Illuminate/Database/Query/Builder.php(3311): Illuminate\\Database\\Query\\Builder->aggregate()
#10 /var/www/html/laundryApp/app/Http/Controllers/Api/DashboardApiController.php(74): Illuminate\\Database\\Query\\Builder->count()
#11 /var/www/html/laundryApp/vendor/laravel/framework/src/Illuminate/Cache/Repository.php(396): App\\Http\\Controllers\\Api\\DashboardApiController->App\\Http\\Controllers\\Api\\{closure}()
#12 /var/www/html/laundryApp/vendor/laravel/framework/src/Illuminate/Cache/CacheManager.php(429): Illuminate\\Cache\\Repository->remember()
#13 /var/www/html/laundryApp/vendor/laravel/framework/src/Illuminate/Support/Facades/Facade.php(355): Illuminate\\Cache\\CacheManager->__call()
#14 /var/www/html/laundryApp/app/Http/Controllers/Api/DashboardApiController.php(42): Illuminate\\Support\\Facades\\Facade::__callStatic()
#15 /var/www/html/laundryApp/vendor/laravel/framework/src/Illuminate/Routing/Controller.php(54): App\\Http\\Controllers\\Api\\DashboardApiController->summary()
#16 /var/www/html/laundryApp/vendor/laravel/framework/src/Illuminate/Routing/ControllerDispatcher.php(43): Illuminate\\Routing\\Controller->callAction()
#17 /var/www/html/laundryApp/vendor/laravel/framework/src/Illuminate/Routing/Route.php(259): Illuminate\\Routing\\ControllerDispatcher->dispatch()
#18 /var/www/html/laundryApp/vendor/laravel/framework/src/Illuminate/Routing/Route.php(205): Illuminate\\Routing\\Route->runController()
#19 /var/www/html/laundryApp/vendor/laravel/framework/src/Illuminate/Routing/Router.php(806): Illuminate\\Routing\\Route->run()
#20 /var/www/html/laundryApp/vendor/laravel/framework/src/Illuminate/Pipeline/Pipeline.php(144): Illuminate\\Routing\\Router->Illuminate\\Routing\\{closure}()
#21 /var/www/html/laundryApp/vendor/laravel/framework/src/Illuminate/Routing/Middleware/SubstituteBindings.php(50): Illuminate\\Pipeline\\Pipeline->Illuminate\\Pipeline\\{closure}()
#22 /var/www/html/laundryApp/vendor/laravel/framework/src/Illuminate/Pipeline/Pipeline.php(183): Illuminate\\Routing\\Middleware\\SubstituteBindings->handle()
#23 /var/www/html/laundryApp/vendor/laravel/framework/src/Illuminate/Routing/Middleware/ThrottleRequests.php(159): Illuminate\\Pipeline\\Pipeline->Illuminate\\Pipeline\\{closure}()
#24 /var/www/html/laundryApp/vendor/laravel/framework/src/Illuminate/Routing/Middleware/ThrottleRequests.php(125): Illuminate\\Routing\\Middleware\\ThrottleRequests->handleRequest()
#25 /var/www/html/laundryApp/vendor/laravel/framework/src/Illuminate/Routing/Middleware/ThrottleRequests.php(87): Illuminate\\Routing\\Middleware\\ThrottleRequests->handleRequestUsingNamedLimiter()
#26 /var/www/html/laundryApp/vendor/laravel/framework/src/Illuminate/Pipeline/Pipeline.php(183): Illuminate\\Routing\\Middleware\\ThrottleRequests->handle()
#27 /var/www/html/laundryApp/vendor/laravel/framework/src/Illuminate/Auth/Middleware/Authenticate.php(57): Illuminate\\Pipeline\\Pipeline->Illuminate\\Pipeline\\{closure}()
#28 /var/www/html/laundryApp/vendor/laravel/framework/src/Illuminate/Pipeline/Pipeline.php(183): Illuminate\\Auth\\Middleware\\Authenticate->handle()
#29 /var/www/html/laundryApp/vendor/laravel/sanctum/src/Http/Middleware/EnsureFrontendRequestsAreStateful.php(25): Illuminate\\Pipeline\\Pipeline->Illuminate\\Pipeline\\{closure}()
#30 /var/www/html/laundryApp/vendor/laravel/framework/src/Illuminate/Pipeline/Pipeline.php(144): Laravel\\Sanctum\\Http\\Middleware\\EnsureFrontendRequestsAreStateful->Laravel\\Sanctum\\Http\\Middleware\\{closure}()
#31 /var/www/html/laundryApp/vendor/laravel/framework/src/Illuminate/Pipeline/Pipeline.php(119): Illuminate\\Pipeline\\Pipeline->Illuminate\\Pipeline\\{closure}()
#32 /var/www/html/laundryApp/vendor/laravel/sanctum/src/Http/Middleware/EnsureFrontendRequestsAreStateful.php(24): Illuminate\\Pipeline\\Pipeline->then()
#33 /var/www/html/laundryApp/vendor/laravel/framework/src/Illuminate/Pipeline/Pipeline.php(183): Laravel\\Sanctum\\Http\\Middleware\\EnsureFrontendRequestsAreStateful->handle()
#34 /var/www/html/laundryApp/vendor/laravel/framework/src/Illuminate/Pipeline/Pipeline.php(119): Illuminate\\Pipeline\\Pipeline->Illuminate\\Pipeline\\{closure}()
#35 /var/www/html/laundryApp/vendor/laravel/framework/src/Illuminate/Routing/Router.php(805): Illuminate\\Pipeline\\Pipeline->then()
#36 /var/www/html/laundryApp/vendor/laravel/framework/src/Illuminate/Routing/Router.php(784): Illuminate\\Routing\\Router->runRouteWithinStack()
#37 /var/www/html/laundryApp/vendor/laravel/framework/src/Illuminate/Routing/Router.php(748): Illuminate\\Routing\\Router->runRoute()
#38 /var/www/html/laundryApp/vendor/laravel/framework/src/Illuminate/Routing/Router.php(737): Illuminate\\Routing\\Router->dispatchToRoute()
#39 /var/www/html/laundryApp/vendor/laravel/framework/src/Illuminate/Foundation/Http/Kernel.php(200): Illuminate\\Routing\\Router->dispatch()
#40 /var/www/html/laundryApp/vendor/laravel/framework/src/Illuminate/Pipeline/Pipeline.php(144): Illuminate\\Foundation\\Http\\Kernel->Illuminate\\Foundation\\Http\\{closure}()
#41 /var/www/html/laundryApp/vendor/laravel/framework/src/Illuminate/Foundation/Http/Middleware/TransformsRequest.php(21): Illuminate\\Pipeline\\Pipeline->Illuminate\\Pipeline\\{closure}()
#42 /var/www/html/laundryApp/vendor/laravel/framework/src/Illuminate/Foundation/Http/Middleware/ConvertEmptyStringsToNull.php(31): Illuminate\\Foundation\\Http\\Middleware\\TransformsRequest->handle()
#43 /var/www/html/laundryApp/vendor/laravel/framework/src/Illuminate/Pipeline/Pipeline.php(183): Illuminate\\Foundation\\Http\\Middleware\\ConvertEmptyStringsToNull->handle()
#44 /var/www/html/laundryApp/vendor/laravel/framework/src/Illuminate/Foundation/Http/Middleware/TransformsRequest.php(21): Illuminate\\Pipeline\\Pipeline->Illuminate\\Pipeline\\{closure}()
#45 /var/www/html/laundryApp/vendor/laravel/framework/src/Illuminate/Foundation/Http/Middleware/TrimStrings.php(40): Illuminate\\Foundation\\Http\\Middleware\\TransformsRequest->handle()
#46 /var/www/html/laundryApp/vendor/laravel/framework/src/Illuminate/Pipeline/Pipeline.php(183): Illuminate\\Foundation\\Http\\Middleware\\TrimStrings->handle()
#47 /var/www/html/laundryApp/vendor/laravel/framework/src/Illuminate/Foundation/Http/Middleware/ValidatePostSize.php(27): Illuminate\\Pipeline\\Pipeline->Illuminate\\Pipeline\\{closure}()
#48 /var/www/html/laundryApp/vendor/laravel/framework/src/Illuminate/Pipeline/Pipeline.php(183): Illuminate\\Foundation\\Http\\Middleware\\ValidatePostSize->handle()
#49 /var/www/html/laundryApp/vendor/laravel/framework/src/Illuminate/Foundation/Http/Middleware/PreventRequestsDuringMaintenance.php(99): Illuminate\\Pipeline\\Pipeline->Illuminate\\Pipeline\\{closure}()
#50 /var/www/html/laundryApp/vendor/laravel/framework/src/Illuminate/Pipeline/Pipeline.php(183): Illuminate\\Foundation\\Http\\Middleware\\PreventRequestsDuringMaintenance->handle()
#51 /var/www/html/laundryApp/vendor/laravel/framework/src/Illuminate/Http/Middleware/HandleCors.php(62): Illuminate\\Pipeline\\Pipeline->Illuminate\\Pipeline\\{closure}()
#52 /var/www/html/laundryApp/vendor/laravel/framework/src/Illuminate/Pipeline/Pipeline.php(183): Illuminate\\Http\\Middleware\\HandleCors->handle()
#53 /var/www/html/laundryApp/vendor/laravel/framework/src/Illuminate/Http/Middleware/TrustProxies.php(39): Illuminate\\Pipeline\\Pipeline->Illuminate\\Pipeline\\{closure}()
#54 /var/www/html/laundryApp/vendor/laravel/framework/src/Illuminate/Pipeline/Pipeline.php(183): Illuminate\\Http\\Middleware\\TrustProxies->handle()
#55 /var/www/html/laundryApp/vendor/laravel/framework/src/Illuminate/Pipeline/Pipeline.php(119): Illuminate\\Pipeline\\Pipeline->Illuminate\\Pipeline\\{closure}()
#56 /var/www/html/laundryApp/vendor/laravel/framework/src/Illuminate/Foundation/Http/Kernel.php(175): Illuminate\\Pipeline\\Pipeline->then()
#57 /var/www/html/laundryApp/vendor/laravel/framework/src/Illuminate/Foundation/Http/Kernel.php(144): Illuminate\\Foundation\\Http\\Kernel->sendRequestThroughRouter()
#58 /var/www/html/laundryApp/public/index.php(51): Illuminate\\Foundation\\Http\\Kernel->handle()
#59 /var/www/html/laundryApp/vendor/laravel/framework/src/Illuminate/Foundation/resources/server.php(16): require_once('...')
#60 {main}
"} 
[2025-12-05 19:58:04] local.ERROR: SQLSTATE[42S02]: Base table or view not found: 1146 Table 'loundry_app.product_process_history' doesn't exist (Connection: mysql, SQL: select count(*) as aggregate from (select `h`.`product_id`, `h`.`status`, `h`.`stages`, `h`.`changed_at` from `product_process_history` as `h` inner join (SELECT product_id, MAX(changed_at) as latest_change 
                             FROM product_process_history 
                             GROUP BY product_id) latest on `h`.`product_id` = `latest`.`product_id` and `h`.`changed_at` = `latest`.`latest_change` inner join `rfid_tags` as `p` on `h`.`product_id` = `p`.`id` where `p`.`location_id` = 3) as t where `t`.`changed_at` between 2025-12-05 00:00:00 and 2025-12-05 23:59:59 and `t`.`status` = FAIL) {"userId":51,"exception":"[object] (Illuminate\\Database\\QueryException(code: 42S02): SQLSTATE[42S02]: Base table or view not found: 1146 Table 'loundry_app.product_process_history' doesn't exist (Connection: mysql, SQL: select count(*) as aggregate from (select `h`.`product_id`, `h`.`status`, `h`.`stages`, `h`.`changed_at` from `product_process_history` as `h` inner join (SELECT product_id, MAX(changed_at) as latest_change 
                             FROM product_process_history 
                             GROUP BY product_id) latest on `h`.`product_id` = `latest`.`product_id` and `h`.`changed_at` = `latest`.`latest_change` inner join `rfid_tags` as `p` on `h`.`product_id` = `p`.`id` where `p`.`location_id` = 3) as t where `t`.`changed_at` between 2025-12-05 00:00:00 and 2025-12-05 23:59:59 and `t`.`status` = FAIL) at /var/www/html/laundryApp/vendor/laravel/framework/src/Illuminate/Database/Connection.php:829)
[stacktrace]
#0 /var/www/html/laundryApp/vendor/laravel/framework/src/Illuminate/Database/Connection.php(783): Illuminate\\Database\\Connection->runQueryCallback()
#1 /var/www/html/laundryApp/vendor/laravel/framework/src/Illuminate/Database/Connection.php(414): Illuminate\\Database\\Connection->run()
#2 /var/www/html/laundryApp/vendor/laravel/framework/src/Illuminate/Database/Query/Builder.php(2913): Illuminate\\Database\\Connection->select()
#3 /var/www/html/laundryApp/vendor/laravel/framework/src/Illuminate/Database/Query/Builder.php(2902): Illuminate\\Database\\Query\\Builder->runSelect()
#4 /var/www/html/laundryApp/vendor/laravel/framework/src/Illuminate/Database/Query/Builder.php(3456): Illuminate\\Database\\Query\\Builder->Illuminate\\Database\\Query\\{closure}()
#5 /var/www/html/laundryApp/vendor/laravel/framework/src/Illuminate/Database/Query/Builder.php(2901): Illuminate\\Database\\Query\\Builder->onceWithColumns()
#6 /var/www/html/laundryApp/vendor/laravel/framework/src/Illuminate/Database/Query/Builder.php(3383): Illuminate\\Database\\Query\\Builder->get()
#7 /var/www/html/laundryApp/vendor/laravel/framework/src/Illuminate/Database/Query/Builder.php(3311): Illuminate\\Database\\Query\\Builder->aggregate()
#8 /var/www/html/laundryApp/app/Http/Controllers/Api/DashboardApiController.php(74): Illuminate\\Database\\Query\\Builder->count()
#9 /var/www/html/laundryApp/vendor/laravel/framework/src/Illuminate/Cache/Repository.php(396): App\\Http\\Controllers\\Api\\DashboardApiController->App\\Http\\Controllers\\Api\\{closure}()
#10 /var/www/html/laundryApp/vendor/laravel/framework/src/Illuminate/Cache/CacheManager.php(429): Illuminate\\Cache\\Repository->remember()
#11 /var/www/html/laundryApp/vendor/laravel/framework/src/Illuminate/Support/Facades/Facade.php(355): Illuminate\\Cache\\CacheManager->__call()
#12 /var/www/html/laundryApp/app/Http/Controllers/Api/DashboardApiController.php(42): Illuminate\\Support\\Facades\\Facade::__callStatic()
#13 /var/www/html/laundryApp/vendor/laravel/framework/src/Illuminate/Routing/Controller.php(54): App\\Http\\Controllers\\Api\\DashboardApiController->summary()
#14 /var/www/html/laundryApp/vendor/laravel/framework/src/Illuminate/Routing/ControllerDispatcher.php(43): Illuminate\\Routing\\Controller->callAction()
#15 /var/www/html/laundryApp/vendor/laravel/framework/src/Illuminate/Routing/Route.php(259): Illuminate\\Routing\\ControllerDispatcher->dispatch()
#16 /var/www/html/laundryApp/vendor/laravel/framework/src/Illuminate/Routing/Route.php(205): Illuminate\\Routing\\Route->runController()
#17 /var/www/html/laundryApp/vendor/laravel/framework/src/Illuminate/Routing/Router.php(806): Illuminate\\Routing\\Route->run()
#18 /var/www/html/laundryApp/vendor/laravel/framework/src/Illuminate/Pipeline/Pipeline.php(144): Illuminate\\Routing\\Router->Illuminate\\Routing\\{closure}()
#19 /var/www/html/laundryApp/vendor/laravel/framework/src/Illuminate/Routing/Middleware/SubstituteBindings.php(50): Illuminate\\Pipeline\\Pipeline->Illuminate\\Pipeline\\{closure}()
#20 /var/www/html/laundryApp/vendor/laravel/framework/src/Illuminate/Pipeline/Pipeline.php(183): Illuminate\\Routing\\Middleware\\SubstituteBindings->handle()
#21 /var/www/html/laundryApp/vendor/laravel/framework/src/Illuminate/Routing/Middleware/ThrottleRequests.php(159): Illuminate\\Pipeline\\Pipeline->Illuminate\\Pipeline\\{closure}()
#22 /var/www/html/laundryApp/vendor/laravel/framework/src/Illuminate/Routing/Middleware/ThrottleRequests.php(125): Illuminate\\Routing\\Middleware\\ThrottleRequests->handleRequest()
#23 /var/www/html/laundryApp/vendor/laravel/framework/src/Illuminate/Routing/Middleware/ThrottleRequests.php(87): Illuminate\\Routing\\Middleware\\ThrottleRequests->handleRequestUsingNamedLimiter()
#24 /var/www/html/laundryApp/vendor/laravel/framework/src/Illuminate/Pipeline/Pipeline.php(183): Illuminate\\Routing\\Middleware\\ThrottleRequests->handle()
#25 /var/www/html/laundryApp/vendor/laravel/framework/src/Illuminate/Auth/Middleware/Authenticate.php(57): Illuminate\\Pipeline\\Pipeline->Illuminate\\Pipeline\\{closure}()
#26 /var/www/html/laundryApp/vendor/laravel/framework/src/Illuminate/Pipeline/Pipeline.php(183): Illuminate\\Auth\\Middleware\\Authenticate->handle()
#27 /var/www/html/laundryApp/vendor/laravel/sanctum/src/Http/Middleware/EnsureFrontendRequestsAreStateful.php(25): Illuminate\\Pipeline\\Pipeline->Illuminate\\Pipeline\\{closure}()
#28 /var/www/html/laundryApp/vendor/laravel/framework/src/Illuminate/Pipeline/Pipeline.php(144): Laravel\\Sanctum\\Http\\Middleware\\EnsureFrontendRequestsAreStateful->Laravel\\Sanctum\\Http\\Middleware\\{closure}()
#29 /var/www/html/laundryApp/vendor/laravel/framework/src/Illuminate/Pipeline/Pipeline.php(119): Illuminate\\Pipeline\\Pipeline->Illuminate\\Pipeline\\{closure}()
#30 /var/www/html/laundryApp/vendor/laravel/sanctum/src/Http/Middleware/EnsureFrontendRequestsAreStateful.php(24): Illuminate\\Pipeline\\Pipeline->then()
#31 /var/www/html/laundryApp/vendor/laravel/framework/src/Illuminate/Pipeline/Pipeline.php(183): Laravel\\Sanctum\\Http\\Middleware\\EnsureFrontendRequestsAreStateful->handle()
#32 /var/www/html/laundryApp/vendor/laravel/framework/src/Illuminate/Pipeline/Pipeline.php(119): Illuminate\\Pipeline\\Pipeline->Illuminate\\Pipeline\\{closure}()
#33 /var/www/html/laundryApp/vendor/laravel/framework/src/Illuminate/Routing/Router.php(805): Illuminate\\Pipeline\\Pipeline->then()
#34 /var/www/html/laundryApp/vendor/laravel/framework/src/Illuminate/Routing/Router.php(784): Illuminate\\Routing\\Router->runRouteWithinStack()
#35 /var/www/html/laundryApp/vendor/laravel/framework/src/Illuminate/Routing/Router.php(748): Illuminate\\Routing\\Router->runRoute()
#36 /var/www/html/laundryApp/vendor/laravel/framework/src/Illuminate/Routing/Router.php(737): Illuminate\\Routing\\Router->dispatchToRoute()
#37 /var/www/html/laundryApp/vendor/laravel/framework/src/Illuminate/Foundation/Http/Kernel.php(200): Illuminate\\Routing\\Router->dispatch()
#38 /var/www/html/laundryApp/vendor/laravel/framework/src/Illuminate/Pipeline/Pipeline.php(144): Illuminate\\Foundation\\Http\\Kernel->Illuminate\\Foundation\\Http\\{closure}()
#39 /var/www/html/laundryApp/vendor/laravel/framework/src/Illuminate/Foundation/Http/Middleware/TransformsRequest.php(21): Illuminate\\Pipeline\\Pipeline->Illuminate\\Pipeline\\{closure}()
#40 /var/www/html/laundryApp/vendor/laravel/framework/src/Illuminate/Foundation/Http/Middleware/ConvertEmptyStringsToNull.php(31): Illuminate\\Foundation\\Http\\Middleware\\TransformsRequest->handle()
#41 /var/www/html/laundryApp/vendor/laravel/framework/src/Illuminate/Pipeline/Pipeline.php(183): Illuminate\\Foundation\\Http\\Middleware\\ConvertEmptyStringsToNull->handle()
#42 /var/www/html/laundryApp/vendor/laravel/framework/src/Illuminate/Foundation/Http/Middleware/TransformsRequest.php(21): Illuminate\\Pipeline\\Pipeline->Illuminate\\Pipeline\\{closure}()
#43 /var/www/html/laundryApp/vendor/laravel/framework/src/Illuminate/Foundation/Http/Middleware/TrimStrings.php(40): Illuminate\\Foundation\\Http\\Middleware\\TransformsRequest->handle()
#44 /var/www/html/laundryApp/vendor/laravel/framework/src/Illuminate/Pipeline/Pipeline.php(183): Illuminate\\Foundation\\Http\\Middleware\\TrimStrings->handle()
#45 /var/www/html/laundryApp/vendor/laravel/framework/src/Illuminate/Foundation/Http/Middleware/ValidatePostSize.php(27): Illuminate\\Pipeline\\Pipeline->Illuminate\\Pipeline\\{closure}()
#46 /var/www/html/laundryApp/vendor/laravel/framework/src/Illuminate/Pipeline/Pipeline.php(183): Illuminate\\Foundation\\Http\\Middleware\\ValidatePostSize->handle()
#47 /var/www/html/laundryApp/vendor/laravel/framework/src/Illuminate/Foundation/Http/Middleware/PreventRequestsDuringMaintenance.php(99): Illuminate\\Pipeline\\Pipeline->Illuminate\\Pipeline\\{closure}()
#48 /var/www/html/laundryApp/vendor/laravel/framework/src/Illuminate/Pipeline/Pipeline.php(183): Illuminate\\Foundation\\Http\\Middleware\\PreventRequestsDuringMaintenance->handle()
#49 /var/www/html/laundryApp/vendor/laravel/framework/src/Illuminate/Http/Middleware/HandleCors.php(62): Illuminate\\Pipeline\\Pipeline->Illuminate\\Pipeline\\{closure}()
#50 /var/www/html/laundryApp/vendor/laravel/framework/src/Illuminate/Pipeline/Pipeline.php(183): Illuminate\\Http\\Middleware\\HandleCors->handle()
#51 /var/www/html/laundryApp/vendor/laravel/framework/src/Illuminate/Http/Middleware/TrustProxies.php(39): Illuminate\\Pipeline\\Pipeline->Illuminate\\Pipeline\\{closure}()
#52 /var/www/html/laundryApp/vendor/laravel/framework/src/Illuminate/Pipeline/Pipeline.php(183): Illuminate\\Http\\Middleware\\TrustProxies->handle()
#53 /var/www/html/laundryApp/vendor/laravel/framework/src/Illuminate/Pipeline/Pipeline.php(119): Illuminate\\Pipeline\\Pipeline->Illuminate\\Pipeline\\{closure}()
#54 /var/www/html/laundryApp/vendor/laravel/framework/src/Illuminate/Foundation/Http/Kernel.php(175): Illuminate\\Pipeline\\Pipeline->then()
#55 /var/www/html/laundryApp/vendor/laravel/framework/src/Illuminate/Foundation/Http/Kernel.php(144): Illuminate\\Foundation\\Http\\Kernel->sendRequestThroughRouter()
#56 /var/www/html/laundryApp/public/index.php(51): Illuminate\\Foundation\\Http\\Kernel->handle()
#57 /var/www/html/laundryApp/vendor/laravel/framework/src/Illuminate/Foundation/resources/server.php(16): require_once('...')
#58 {main}

[previous exception] [object] (PDOException(code: 42S02): SQLSTATE[42S02]: Base table or view not found: 1146 Table 'loundry_app.product_process_history' doesn't exist at /var/www/html/laundryApp/vendor/laravel/framework/src/Illuminate/Database/Connection.php:423)
[stacktrace]
#0 /var/www/html/laundryApp/vendor/laravel/framework/src/Illuminate/Database/Connection.php(423): PDO->prepare()
#1 /var/www/html/laundryApp/vendor/laravel/framework/src/Illuminate/Database/Connection.php(816): Illuminate\\Database\\Connection->Illuminate\\Database\\{closure}()
#2 /var/www/html/laundryApp/vendor/laravel/framework/src/Illuminate/Database/Connection.php(783): Illuminate\\Database\\Connection->runQueryCallback()
#3 /var/www/html/laundryApp/vendor/laravel/framework/src/Illuminate/Database/Connection.php(414): Illuminate\\Database\\Connection->run()
#4 /var/www/html/laundryApp/vendor/laravel/framework/src/Illuminate/Database/Query/Builder.php(2913): Illuminate\\Database\\Connection->select()
#5 /var/www/html/laundryApp/vendor/laravel/framework/src/Illuminate/Database/Query/Builder.php(2902): Illuminate\\Database\\Query\\Builder->runSelect()
#6 /var/www/html/laundryApp/vendor/laravel/framework/src/Illuminate/Database/Query/Builder.php(3456): Illuminate\\Database\\Query\\Builder->Illuminate\\Database\\Query\\{closure}()
#7 /var/www/html/laundryApp/vendor/laravel/framework/src/Illuminate/Database/Query/Builder.php(2901): Illuminate\\Database\\Query\\Builder->onceWithColumns()
#8 /var/www/html/laundryApp/vendor/laravel/framework/src/Illuminate/Database/Query/Builder.php(3383): Illuminate\\Database\\Query\\Builder->get()
#9 /var/www/html/laundryApp/vendor/laravel/framework/src/Illuminate/Database/Query/Builder.php(3311): Illuminate\\Database\\Query\\Builder->aggregate()
#10 /var/www/html/laundryApp/app/Http/Controllers/Api/DashboardApiController.php(74): Illuminate\\Database\\Query\\Builder->count()
#11 /var/www/html/laundryApp/vendor/laravel/framework/src/Illuminate/Cache/Repository.php(396): App\\Http\\Controllers\\Api\\DashboardApiController->App\\Http\\Controllers\\Api\\{closure}()
#12 /var/www/html/laundryApp/vendor/laravel/framework/src/Illuminate/Cache/CacheManager.php(429): Illuminate\\Cache\\Repository->remember()
#13 /var/www/html/laundryApp/vendor/laravel/framework/src/Illuminate/Support/Facades/Facade.php(355): Illuminate\\Cache\\CacheManager->__call()
#14 /var/www/html/laundryApp/app/Http/Controllers/Api/DashboardApiController.php(42): Illuminate\\Support\\Facades\\Facade::__callStatic()
#15 /var/www/html/laundryApp/vendor/laravel/framework/src/Illuminate/Routing/Controller.php(54): App\\Http\\Controllers\\Api\\DashboardApiController->summary()
#16 /var/www/html/laundryApp/vendor/laravel/framework/src/Illuminate/Routing/ControllerDispatcher.php(43): Illuminate\\Routing\\Controller->callAction()
#17 /var/www/html/laundryApp/vendor/laravel/framework/src/Illuminate/Routing/Route.php(259): Illuminate\\Routing\\ControllerDispatcher->dispatch()
#18 /var/www/html/laundryApp/vendor/laravel/framework/src/Illuminate/Routing/Route.php(205): Illuminate\\Routing\\Route->runController()
#19 /var/www/html/laundryApp/vendor/laravel/framework/src/Illuminate/Routing/Router.php(806): Illuminate\\Routing\\Route->run()
#20 /var/www/html/laundryApp/vendor/laravel/framework/src/Illuminate/Pipeline/Pipeline.php(144): Illuminate\\Routing\\Router->Illuminate\\Routing\\{closure}()
#21 /var/www/html/laundryApp/vendor/laravel/framework/src/Illuminate/Routing/Middleware/SubstituteBindings.php(50): Illuminate\\Pipeline\\Pipeline->Illuminate\\Pipeline\\{closure}()
#22 /var/www/html/laundryApp/vendor/laravel/framework/src/Illuminate/Pipeline/Pipeline.php(183): Illuminate\\Routing\\Middleware\\SubstituteBindings->handle()
#23 /var/www/html/laundryApp/vendor/laravel/framework/src/Illuminate/Routing/Middleware/ThrottleRequests.php(159): Illuminate\\Pipeline\\Pipeline->Illuminate\\Pipeline\\{closure}()
#24 /var/www/html/laundryApp/vendor/laravel/framework/src/Illuminate/Routing/Middleware/ThrottleRequests.php(125): Illuminate\\Routing\\Middleware\\ThrottleRequests->handleRequest()
#25 /var/www/html/laundryApp/vendor/laravel/framework/src/Illuminate/Routing/Middleware/ThrottleRequests.php(87): Illuminate\\Routing\\Middleware\\ThrottleRequests->handleRequestUsingNamedLimiter()
#26 /var/www/html/laundryApp/vendor/laravel/framework/src/Illuminate/Pipeline/Pipeline.php(183): Illuminate\\Routing\\Middleware\\ThrottleRequests->handle()
#27 /var/www/html/laundryApp/vendor/laravel/framework/src/Illuminate/Auth/Middleware/Authenticate.php(57): Illuminate\\Pipeline\\Pipeline->Illuminate\\Pipeline\\{closure}()
#28 /var/www/html/laundryApp/vendor/laravel/framework/src/Illuminate/Pipeline/Pipeline.php(183): Illuminate\\Auth\\Middleware\\Authenticate->handle()
#29 /var/www/html/laundryApp/vendor/laravel/sanctum/src/Http/Middleware/EnsureFrontendRequestsAreStateful.php(25): Illuminate\\Pipeline\\Pipeline->Illuminate\\Pipeline\\{closure}()
#30 /var/www/html/laundryApp/vendor/laravel/framework/src/Illuminate/Pipeline/Pipeline.php(144): Laravel\\Sanctum\\Http\\Middleware\\EnsureFrontendRequestsAreStateful->Laravel\\Sanctum\\Http\\Middleware\\{closure}()
#31 /var/www/html/laundryApp/vendor/laravel/framework/src/Illuminate/Pipeline/Pipeline.php(119): Illuminate\\Pipeline\\Pipeline->Illuminate\\Pipeline\\{closure}()
#32 /var/www/html/laundryApp/vendor/laravel/sanctum/src/Http/Middleware/EnsureFrontendRequestsAreStateful.php(24): Illuminate\\Pipeline\\Pipeline->then()
#33 /var/www/html/laundryApp/vendor/laravel/framework/src/Illuminate/Pipeline/Pipeline.php(183): Laravel\\Sanctum\\Http\\Middleware\\EnsureFrontendRequestsAreStateful->handle()
#34 /var/www/html/laundryApp/vendor/laravel/framework/src/Illuminate/Pipeline/Pipeline.php(119): Illuminate\\Pipeline\\Pipeline->Illuminate\\Pipeline\\{closure}()
#35 /var/www/html/laundryApp/vendor/laravel/framework/src/Illuminate/Routing/Router.php(805): Illuminate\\Pipeline\\Pipeline->then()
#36 /var/www/html/laundryApp/vendor/laravel/framework/src/Illuminate/Routing/Router.php(784): Illuminate\\Routing\\Router->runRouteWithinStack()
#37 /var/www/html/laundryApp/vendor/laravel/framework/src/Illuminate/Routing/Router.php(748): Illuminate\\Routing\\Router->runRoute()
#38 /var/www/html/laundryApp/vendor/laravel/framework/src/Illuminate/Routing/Router.php(737): Illuminate\\Routing\\Router->dispatchToRoute()
#39 /var/www/html/laundryApp/vendor/laravel/framework/src/Illuminate/Foundation/Http/Kernel.php(200): Illuminate\\Routing\\Router->dispatch()
#40 /var/www/html/laundryApp/vendor/laravel/framework/src/Illuminate/Pipeline/Pipeline.php(144): Illuminate\\Foundation\\Http\\Kernel->Illuminate\\Foundation\\Http\\{closure}()
#41 /var/www/html/laundryApp/vendor/laravel/framework/src/Illuminate/Foundation/Http/Middleware/TransformsRequest.php(21): Illuminate\\Pipeline\\Pipeline->Illuminate\\Pipeline\\{closure}()
#42 /var/www/html/laundryApp/vendor/laravel/framework/src/Illuminate/Foundation/Http/Middleware/ConvertEmptyStringsToNull.php(31): Illuminate\\Foundation\\Http\\Middleware\\TransformsRequest->handle()
#43 /var/www/html/laundryApp/vendor/laravel/framework/src/Illuminate/Pipeline/Pipeline.php(183): Illuminate\\Foundation\\Http\\Middleware\\ConvertEmptyStringsToNull->handle()
#44 /var/www/html/laundryApp/vendor/laravel/framework/src/Illuminate/Foundation/Http/Middleware/TransformsRequest.php(21): Illuminate\\Pipeline\\Pipeline->Illuminate\\Pipeline\\{closure}()
#45 /var/www/html/laundryApp/vendor/laravel/framework/src/Illuminate/Foundation/Http/Middleware/TrimStrings.php(40): Illuminate\\Foundation\\Http\\Middleware\\TransformsRequest->handle()
#46 /var/www/html/laundryApp/vendor/laravel/framework/src/Illuminate/Pipeline/Pipeline.php(183): Illuminate\\Foundation\\Http\\Middleware\\TrimStrings->handle()
#47 /var/www/html/laundryApp/vendor/laravel/framework/src/Illuminate/Foundation/Http/Middleware/ValidatePostSize.php(27): Illuminate\\Pipeline\\Pipeline->Illuminate\\Pipeline\\{closure}()
#48 /var/www/html/laundryApp/vendor/laravel/framework/src/Illuminate/Pipeline/Pipeline.php(183): Illuminate\\Foundation\\Http\\Middleware\\ValidatePostSize->handle()
#49 /var/www/html/laundryApp/vendor/laravel/framework/src/Illuminate/Foundation/Http/Middleware/PreventRequestsDuringMaintenance.php(99): Illuminate\\Pipeline\\Pipeline->Illuminate\\Pipeline\\{closure}()
#50 /var/www/html/laundryApp/vendor/laravel/framework/src/Illuminate/Pipeline/Pipeline.php(183): Illuminate\\Foundation\\Http\\Middleware\\PreventRequestsDuringMaintenance->handle()
#51 /var/www/html/laundryApp/vendor/laravel/framework/src/Illuminate/Http/Middleware/HandleCors.php(62): Illuminate\\Pipeline\\Pipeline->Illuminate\\Pipeline\\{closure}()
#52 /var/www/html/laundryApp/vendor/laravel/framework/src/Illuminate/Pipeline/Pipeline.php(183): Illuminate\\Http\\Middleware\\HandleCors->handle()
#53 /var/www/html/laundryApp/vendor/laravel/framework/src/Illuminate/Http/Middleware/TrustProxies.php(39): Illuminate\\Pipeline\\Pipeline->Illuminate\\Pipeline\\{closure}()
#54 /var/www/html/laundryApp/vendor/laravel/framework/src/Illuminate/Pipeline/Pipeline.php(183): Illuminate\\Http\\Middleware\\TrustProxies->handle()
#55 /var/www/html/laundryApp/vendor/laravel/framework/src/Illuminate/Pipeline/Pipeline.php(119): Illuminate\\Pipeline\\Pipeline->Illuminate\\Pipeline\\{closure}()
#56 /var/www/html/laundryApp/vendor/laravel/framework/src/Illuminate/Foundation/Http/Kernel.php(175): Illuminate\\Pipeline\\Pipeline->then()
#57 /var/www/html/laundryApp/vendor/laravel/framework/src/Illuminate/Foundation/Http/Kernel.php(144): Illuminate\\Foundation\\Http\\Kernel->sendRequestThroughRouter()
#58 /var/www/html/laundryApp/public/index.php(51): Illuminate\\Foundation\\Http\\Kernel->handle()
#59 /var/www/html/laundryApp/vendor/laravel/framework/src/Illuminate/Foundation/resources/server.php(16): require_once('...')
#60 {main}
"} 
[2025-12-05 19:58:12] local.ERROR: SQLSTATE[42S02]: Base table or view not found: 1146 Table 'loundry_app.product_process_history' doesn't exist (Connection: mysql, SQL: select count(*) as aggregate from (select `h`.`product_id`, `h`.`status`, `h`.`stages`, `h`.`changed_at` from `product_process_history` as `h` inner join (SELECT product_id, MAX(changed_at) as latest_change 
                             FROM product_process_history 
                             GROUP BY product_id) latest on `h`.`product_id` = `latest`.`product_id` and `h`.`changed_at` = `latest`.`latest_change` inner join `rfid_tags` as `p` on `h`.`product_id` = `p`.`id` where `p`.`location_id` = 3) as t where `t`.`changed_at` between 2025-12-05 00:00:00 and 2025-12-05 23:59:59 and `t`.`status` = FAIL) {"userId":51,"exception":"[object] (Illuminate\\Database\\QueryException(code: 42S02): SQLSTATE[42S02]: Base table or view not found: 1146 Table 'loundry_app.product_process_history' doesn't exist (Connection: mysql, SQL: select count(*) as aggregate from (select `h`.`product_id`, `h`.`status`, `h`.`stages`, `h`.`changed_at` from `product_process_history` as `h` inner join (SELECT product_id, MAX(changed_at) as latest_change 
                             FROM product_process_history 
                             GROUP BY product_id) latest on `h`.`product_id` = `latest`.`product_id` and `h`.`changed_at` = `latest`.`latest_change` inner join `rfid_tags` as `p` on `h`.`product_id` = `p`.`id` where `p`.`location_id` = 3) as t where `t`.`changed_at` between 2025-12-05 00:00:00 and 2025-12-05 23:59:59 and `t`.`status` = FAIL) at /var/www/html/laundryApp/vendor/laravel/framework/src/Illuminate/Database/Connection.php:829)
[stacktrace]
#0 /var/www/html/laundryApp/vendor/laravel/framework/src/Illuminate/Database/Connection.php(783): Illuminate\\Database\\Connection->runQueryCallback()
#1 /var/www/html/laundryApp/vendor/laravel/framework/src/Illuminate/Database/Connection.php(414): Illuminate\\Database\\Connection->run()
#2 /var/www/html/laundryApp/vendor/laravel/framework/src/Illuminate/Database/Query/Builder.php(2913): Illuminate\\Database\\Connection->select()
#3 /var/www/html/laundryApp/vendor/laravel/framework/src/Illuminate/Database/Query/Builder.php(2902): Illuminate\\Database\\Query\\Builder->runSelect()
#4 /var/www/html/laundryApp/vendor/laravel/framework/src/Illuminate/Database/Query/Builder.php(3456): Illuminate\\Database\\Query\\Builder->Illuminate\\Database\\Query\\{closure}()
#5 /var/www/html/laundryApp/vendor/laravel/framework/src/Illuminate/Database/Query/Builder.php(2901): Illuminate\\Database\\Query\\Builder->onceWithColumns()
#6 /var/www/html/laundryApp/vendor/laravel/framework/src/Illuminate/Database/Query/Builder.php(3383): Illuminate\\Database\\Query\\Builder->get()
#7 /var/www/html/laundryApp/vendor/laravel/framework/src/Illuminate/Database/Query/Builder.php(3311): Illuminate\\Database\\Query\\Builder->aggregate()
#8 /var/www/html/laundryApp/app/Http/Controllers/Api/DashboardApiController.php(74): Illuminate\\Database\\Query\\Builder->count()
#9 /var/www/html/laundryApp/vendor/laravel/framework/src/Illuminate/Cache/Repository.php(396): App\\Http\\Controllers\\Api\\DashboardApiController->App\\Http\\Controllers\\Api\\{closure}()
#10 /var/www/html/laundryApp/vendor/laravel/framework/src/Illuminate/Cache/CacheManager.php(429): Illuminate\\Cache\\Repository->remember()
#11 /var/www/html/laundryApp/vendor/laravel/framework/src/Illuminate/Support/Facades/Facade.php(355): Illuminate\\Cache\\CacheManager->__call()
#12 /var/www/html/laundryApp/app/Http/Controllers/Api/DashboardApiController.php(42): Illuminate\\Support\\Facades\\Facade::__callStatic()
#13 /var/www/html/laundryApp/vendor/laravel/framework/src/Illuminate/Routing/Controller.php(54): App\\Http\\Controllers\\Api\\DashboardApiController->summary()
#14 /var/www/html/laundryApp/vendor/laravel/framework/src/Illuminate/Routing/ControllerDispatcher.php(43): Illuminate\\Routing\\Controller->callAction()
#15 /var/www/html/laundryApp/vendor/laravel/framework/src/Illuminate/Routing/Route.php(259): Illuminate\\Routing\\ControllerDispatcher->dispatch()
#16 /var/www/html/laundryApp/vendor/laravel/framework/src/Illuminate/Routing/Route.php(205): Illuminate\\Routing\\Route->runController()
#17 /var/www/html/laundryApp/vendor/laravel/framework/src/Illuminate/Routing/Router.php(806): Illuminate\\Routing\\Route->run()
#18 /var/www/html/laundryApp/vendor/laravel/framework/src/Illuminate/Pipeline/Pipeline.php(144): Illuminate\\Routing\\Router->Illuminate\\Routing\\{closure}()
#19 /var/www/html/laundryApp/vendor/laravel/framework/src/Illuminate/Routing/Middleware/SubstituteBindings.php(50): Illuminate\\Pipeline\\Pipeline->Illuminate\\Pipeline\\{closure}()
#20 /var/www/html/laundryApp/vendor/laravel/framework/src/Illuminate/Pipeline/Pipeline.php(183): Illuminate\\Routing\\Middleware\\SubstituteBindings->handle()
#21 /var/www/html/laundryApp/vendor/laravel/framework/src/Illuminate/Routing/Middleware/ThrottleRequests.php(159): Illuminate\\Pipeline\\Pipeline->Illuminate\\Pipeline\\{closure}()
#22 /var/www/html/laundryApp/vendor/laravel/framework/src/Illuminate/Routing/Middleware/ThrottleRequests.php(125): Illuminate\\Routing\\Middleware\\ThrottleRequests->handleRequest()
#23 /var/www/html/laundryApp/vendor/laravel/framework/src/Illuminate/Routing/Middleware/ThrottleRequests.php(87): Illuminate\\Routing\\Middleware\\ThrottleRequests->handleRequestUsingNamedLimiter()
#24 /var/www/html/laundryApp/vendor/laravel/framework/src/Illuminate/Pipeline/Pipeline.php(183): Illuminate\\Routing\\Middleware\\ThrottleRequests->handle()
#25 /var/www/html/laundryApp/vendor/laravel/framework/src/Illuminate/Auth/Middleware/Authenticate.php(57): Illuminate\\Pipeline\\Pipeline->Illuminate\\Pipeline\\{closure}()
#26 /var/www/html/laundryApp/vendor/laravel/framework/src/Illuminate/Pipeline/Pipeline.php(183): Illuminate\\Auth\\Middleware\\Authenticate->handle()
#27 /var/www/html/laundryApp/vendor/laravel/sanctum/src/Http/Middleware/EnsureFrontendRequestsAreStateful.php(25): Illuminate\\Pipeline\\Pipeline->Illuminate\\Pipeline\\{closure}()
#28 /var/www/html/laundryApp/vendor/laravel/framework/src/Illuminate/Pipeline/Pipeline.php(144): Laravel\\Sanctum\\Http\\Middleware\\EnsureFrontendRequestsAreStateful->Laravel\\Sanctum\\Http\\Middleware\\{closure}()
#29 /var/www/html/laundryApp/vendor/laravel/framework/src/Illuminate/Pipeline/Pipeline.php(119): Illuminate\\Pipeline\\Pipeline->Illuminate\\Pipeline\\{closure}()
#30 /var/www/html/laundryApp/vendor/laravel/sanctum/src/Http/Middleware/EnsureFrontendRequestsAreStateful.php(24): Illuminate\\Pipeline\\Pipeline->then()
#31 /var/www/html/laundryApp/vendor/laravel/framework/src/Illuminate/Pipeline/Pipeline.php(183): Laravel\\Sanctum\\Http\\Middleware\\EnsureFrontendRequestsAreStateful->handle()
#32 /var/www/html/laundryApp/vendor/laravel/framework/src/Illuminate/Pipeline/Pipeline.php(119): Illuminate\\Pipeline\\Pipeline->Illuminate\\Pipeline\\{closure}()
#33 /var/www/html/laundryApp/vendor/laravel/framework/src/Illuminate/Routing/Router.php(805): Illuminate\\Pipeline\\Pipeline->then()
#34 /var/www/html/laundryApp/vendor/laravel/framework/src/Illuminate/Routing/Router.php(784): Illuminate\\Routing\\Router->runRouteWithinStack()
#35 /var/www/html/laundryApp/vendor/laravel/framework/src/Illuminate/Routing/Router.php(748): Illuminate\\Routing\\Router->runRoute()
#36 /var/www/html/laundryApp/vendor/laravel/framework/src/Illuminate/Routing/Router.php(737): Illuminate\\Routing\\Router->dispatchToRoute()
#37 /var/www/html/laundryApp/vendor/laravel/framework/src/Illuminate/Foundation/Http/Kernel.php(200): Illuminate\\Routing\\Router->dispatch()
#38 /var/www/html/laundryApp/vendor/laravel/framework/src/Illuminate/Pipeline/Pipeline.php(144): Illuminate\\Foundation\\Http\\Kernel->Illuminate\\Foundation\\Http\\{closure}()
#39 /var/www/html/laundryApp/vendor/laravel/framework/src/Illuminate/Foundation/Http/Middleware/TransformsRequest.php(21): Illuminate\\Pipeline\\Pipeline->Illuminate\\Pipeline\\{closure}()
#40 /var/www/html/laundryApp/vendor/laravel/framework/src/Illuminate/Foundation/Http/Middleware/ConvertEmptyStringsToNull.php(31): Illuminate\\Foundation\\Http\\Middleware\\TransformsRequest->handle()
#41 /var/www/html/laundryApp/vendor/laravel/framework/src/Illuminate/Pipeline/Pipeline.php(183): Illuminate\\Foundation\\Http\\Middleware\\ConvertEmptyStringsToNull->handle()
#42 /var/www/html/laundryApp/vendor/laravel/framework/src/Illuminate/Foundation/Http/Middleware/TransformsRequest.php(21): Illuminate\\Pipeline\\Pipeline->Illuminate\\Pipeline\\{closure}()
#43 /var/www/html/laundryApp/vendor/laravel/framework/src/Illuminate/Foundation/Http/Middleware/TrimStrings.php(40): Illuminate\\Foundation\\Http\\Middleware\\TransformsRequest->handle()
#44 /var/www/html/laundryApp/vendor/laravel/framework/src/Illuminate/Pipeline/Pipeline.php(183): Illuminate\\Foundation\\Http\\Middleware\\TrimStrings->handle()
#45 /var/www/html/laundryApp/vendor/laravel/framework/src/Illuminate/Foundation/Http/Middleware/ValidatePostSize.php(27): Illuminate\\Pipeline\\Pipeline->Illuminate\\Pipeline\\{closure}()
#46 /var/www/html/laundryApp/vendor/laravel/framework/src/Illuminate/Pipeline/Pipeline.php(183): Illuminate\\Foundation\\Http\\Middleware\\ValidatePostSize->handle()
#47 /var/www/html/laundryApp/vendor/laravel/framework/src/Illuminate/Foundation/Http/Middleware/PreventRequestsDuringMaintenance.php(99): Illuminate\\Pipeline\\Pipeline->Illuminate\\Pipeline\\{closure}()
#48 /var/www/html/laundryApp/vendor/laravel/framework/src/Illuminate/Pipeline/Pipeline.php(183): Illuminate\\Foundation\\Http\\Middleware\\PreventRequestsDuringMaintenance->handle()
#49 /var/www/html/laundryApp/vendor/laravel/framework/src/Illuminate/Http/Middleware/HandleCors.php(62): Illuminate\\Pipeline\\Pipeline->Illuminate\\Pipeline\\{closure}()
#50 /var/www/html/laundryApp/vendor/laravel/framework/src/Illuminate/Pipeline/Pipeline.php(183): Illuminate\\Http\\Middleware\\HandleCors->handle()
#51 /var/www/html/laundryApp/vendor/laravel/framework/src/Illuminate/Http/Middleware/TrustProxies.php(39): Illuminate\\Pipeline\\Pipeline->Illuminate\\Pipeline\\{closure}()
#52 /var/www/html/laundryApp/vendor/laravel/framework/src/Illuminate/Pipeline/Pipeline.php(183): Illuminate\\Http\\Middleware\\TrustProxies->handle()
#53 /var/www/html/laundryApp/vendor/laravel/framework/src/Illuminate/Pipeline/Pipeline.php(119): Illuminate\\Pipeline\\Pipeline->Illuminate\\Pipeline\\{closure}()
#54 /var/www/html/laundryApp/vendor/laravel/framework/src/Illuminate/Foundation/Http/Kernel.php(175): Illuminate\\Pipeline\\Pipeline->then()
#55 /var/www/html/laundryApp/vendor/laravel/framework/src/Illuminate/Foundation/Http/Kernel.php(144): Illuminate\\Foundation\\Http\\Kernel->sendRequestThroughRouter()
#56 /var/www/html/laundryApp/public/index.php(51): Illuminate\\Foundation\\Http\\Kernel->handle()
#57 /var/www/html/laundryApp/vendor/laravel/framework/src/Illuminate/Foundation/resources/server.php(16): require_once('...')
#58 {main}

[previous exception] [object] (PDOException(code: 42S02): SQLSTATE[42S02]: Base table or view not found: 1146 Table 'loundry_app.product_process_history' doesn't exist at /var/www/html/laundryApp/vendor/laravel/framework/src/Illuminate/Database/Connection.php:423)
[stacktrace]
#0 /var/www/html/laundryApp/vendor/laravel/framework/src/Illuminate/Database/Connection.php(423): PDO->prepare()
#1 /var/www/html/laundryApp/vendor/laravel/framework/src/Illuminate/Database/Connection.php(816): Illuminate\\Database\\Connection->Illuminate\\Database\\{closure}()
#2 /var/www/html/laundryApp/vendor/laravel/framework/src/Illuminate/Database/Connection.php(783): Illuminate\\Database\\Connection->runQueryCallback()
#3 /var/www/html/laundryApp/vendor/laravel/framework/src/Illuminate/Database/Connection.php(414): Illuminate\\Database\\Connection->run()
#4 /var/www/html/laundryApp/vendor/laravel/framework/src/Illuminate/Database/Query/Builder.php(2913): Illuminate\\Database\\Connection->select()
#5 /var/www/html/laundryApp/vendor/laravel/framework/src/Illuminate/Database/Query/Builder.php(2902): Illuminate\\Database\\Query\\Builder->runSelect()
#6 /var/www/html/laundryApp/vendor/laravel/framework/src/Illuminate/Database/Query/Builder.php(3456): Illuminate\\Database\\Query\\Builder->Illuminate\\Database\\Query\\{closure}()
#7 /var/www/html/laundryApp/vendor/laravel/framework/src/Illuminate/Database/Query/Builder.php(2901): Illuminate\\Database\\Query\\Builder->onceWithColumns()
#8 /var/www/html/laundryApp/vendor/laravel/framework/src/Illuminate/Database/Query/Builder.php(3383): Illuminate\\Database\\Query\\Builder->get()
#9 /var/www/html/laundryApp/vendor/laravel/framework/src/Illuminate/Database/Query/Builder.php(3311): Illuminate\\Database\\Query\\Builder->aggregate()
#10 /var/www/html/laundryApp/app/Http/Controllers/Api/DashboardApiController.php(74): Illuminate\\Database\\Query\\Builder->count()
#11 /var/www/html/laundryApp/vendor/laravel/framework/src/Illuminate/Cache/Repository.php(396): App\\Http\\Controllers\\Api\\DashboardApiController->App\\Http\\Controllers\\Api\\{closure}()
#12 /var/www/html/laundryApp/vendor/laravel/framework/src/Illuminate/Cache/CacheManager.php(429): Illuminate\\Cache\\Repository->remember()
#13 /var/www/html/laundryApp/vendor/laravel/framework/src/Illuminate/Support/Facades/Facade.php(355): Illuminate\\Cache\\CacheManager->__call()
#14 /var/www/html/laundryApp/app/Http/Controllers/Api/DashboardApiController.php(42): Illuminate\\Support\\Facades\\Facade::__callStatic()
#15 /var/www/html/laundryApp/vendor/laravel/framework/src/Illuminate/Routing/Controller.php(54): App\\Http\\Controllers\\Api\\DashboardApiController->summary()
#16 /var/www/html/laundryApp/vendor/laravel/framework/src/Illuminate/Routing/ControllerDispatcher.php(43): Illuminate\\Routing\\Controller->callAction()
#17 /var/www/html/laundryApp/vendor/laravel/framework/src/Illuminate/Routing/Route.php(259): Illuminate\\Routing\\ControllerDispatcher->dispatch()
#18 /var/www/html/laundryApp/vendor/laravel/framework/src/Illuminate/Routing/Route.php(205): Illuminate\\Routing\\Route->runController()
#19 /var/www/html/laundryApp/vendor/laravel/framework/src/Illuminate/Routing/Router.php(806): Illuminate\\Routing\\Route->run()
#20 /var/www/html/laundryApp/vendor/laravel/framework/src/Illuminate/Pipeline/Pipeline.php(144): Illuminate\\Routing\\Router->Illuminate\\Routing\\{closure}()
#21 /var/www/html/laundryApp/vendor/laravel/framework/src/Illuminate/Routing/Middleware/SubstituteBindings.php(50): Illuminate\\Pipeline\\Pipeline->Illuminate\\Pipeline\\{closure}()
#22 /var/www/html/laundryApp/vendor/laravel/framework/src/Illuminate/Pipeline/Pipeline.php(183): Illuminate\\Routing\\Middleware\\SubstituteBindings->handle()
#23 /var/www/html/laundryApp/vendor/laravel/framework/src/Illuminate/Routing/Middleware/ThrottleRequests.php(159): Illuminate\\Pipeline\\Pipeline->Illuminate\\Pipeline\\{closure}()
#24 /var/www/html/laundryApp/vendor/laravel/framework/src/Illuminate/Routing/Middleware/ThrottleRequests.php(125): Illuminate\\Routing\\Middleware\\ThrottleRequests->handleRequest()
#25 /var/www/html/laundryApp/vendor/laravel/framework/src/Illuminate/Routing/Middleware/ThrottleRequests.php(87): Illuminate\\Routing\\Middleware\\ThrottleRequests->handleRequestUsingNamedLimiter()
#26 /var/www/html/laundryApp/vendor/laravel/framework/src/Illuminate/Pipeline/Pipeline.php(183): Illuminate\\Routing\\Middleware\\ThrottleRequests->handle()
#27 /var/www/html/laundryApp/vendor/laravel/framework/src/Illuminate/Auth/Middleware/Authenticate.php(57): Illuminate\\Pipeline\\Pipeline->Illuminate\\Pipeline\\{closure}()
#28 /var/www/html/laundryApp/vendor/laravel/framework/src/Illuminate/Pipeline/Pipeline.php(183): Illuminate\\Auth\\Middleware\\Authenticate->handle()
#29 /var/www/html/laundryApp/vendor/laravel/sanctum/src/Http/Middleware/EnsureFrontendRequestsAreStateful.php(25): Illuminate\\Pipeline\\Pipeline->Illuminate\\Pipeline\\{closure}()
#30 /var/www/html/laundryApp/vendor/laravel/framework/src/Illuminate/Pipeline/Pipeline.php(144): Laravel\\Sanctum\\Http\\Middleware\\EnsureFrontendRequestsAreStateful->Laravel\\Sanctum\\Http\\Middleware\\{closure}()
#31 /var/www/html/laundryApp/vendor/laravel/framework/src/Illuminate/Pipeline/Pipeline.php(119): Illuminate\\Pipeline\\Pipeline->Illuminate\\Pipeline\\{closure}()
#32 /var/www/html/laundryApp/vendor/laravel/sanctum/src/Http/Middleware/EnsureFrontendRequestsAreStateful.php(24): Illuminate\\Pipeline\\Pipeline->then()
#33 /var/www/html/laundryApp/vendor/laravel/framework/src/Illuminate/Pipeline/Pipeline.php(183): Laravel\\Sanctum\\Http\\Middleware\\EnsureFrontendRequestsAreStateful->handle()
#34 /var/www/html/laundryApp/vendor/laravel/framework/src/Illuminate/Pipeline/Pipeline.php(119): Illuminate\\Pipeline\\Pipeline->Illuminate\\Pipeline\\{closure}()
#35 /var/www/html/laundryApp/vendor/laravel/framework/src/Illuminate/Routing/Router.php(805): Illuminate\\Pipeline\\Pipeline->then()
#36 /var/www/html/laundryApp/vendor/laravel/framework/src/Illuminate/Routing/Router.php(784): Illuminate\\Routing\\Router->runRouteWithinStack()
#37 /var/www/html/laundryApp/vendor/laravel/framework/src/Illuminate/Routing/Router.php(748): Illuminate\\Routing\\Router->runRoute()
#38 /var/www/html/laundryApp/vendor/laravel/framework/src/Illuminate/Routing/Router.php(737): Illuminate\\Routing\\Router->dispatchToRoute()
#39 /var/www/html/laundryApp/vendor/laravel/framework/src/Illuminate/Foundation/Http/Kernel.php(200): Illuminate\\Routing\\Router->dispatch()
#40 /var/www/html/laundryApp/vendor/laravel/framework/src/Illuminate/Pipeline/Pipeline.php(144): Illuminate\\Foundation\\Http\\Kernel->Illuminate\\Foundation\\Http\\{closure}()
#41 /var/www/html/laundryApp/vendor/laravel/framework/src/Illuminate/Foundation/Http/Middleware/TransformsRequest.php(21): Illuminate\\Pipeline\\Pipeline->Illuminate\\Pipeline\\{closure}()
#42 /var/www/html/laundryApp/vendor/laravel/framework/src/Illuminate/Foundation/Http/Middleware/ConvertEmptyStringsToNull.php(31): Illuminate\\Foundation\\Http\\Middleware\\TransformsRequest->handle()
#43 /var/www/html/laundryApp/vendor/laravel/framework/src/Illuminate/Pipeline/Pipeline.php(183): Illuminate\\Foundation\\Http\\Middleware\\ConvertEmptyStringsToNull->handle()
#44 /var/www/html/laundryApp/vendor/laravel/framework/src/Illuminate/Foundation/Http/Middleware/TransformsRequest.php(21): Illuminate\\Pipeline\\Pipeline->Illuminate\\Pipeline\\{closure}()
#45 /var/www/html/laundryApp/vendor/laravel/framework/src/Illuminate/Foundation/Http/Middleware/TrimStrings.php(40): Illuminate\\Foundation\\Http\\Middleware\\TransformsRequest->handle()
#46 /var/www/html/laundryApp/vendor/laravel/framework/src/Illuminate/Pipeline/Pipeline.php(183): Illuminate\\Foundation\\Http\\Middleware\\TrimStrings->handle()
#47 /var/www/html/laundryApp/vendor/laravel/framework/src/Illuminate/Foundation/Http/Middleware/ValidatePostSize.php(27): Illuminate\\Pipeline\\Pipeline->Illuminate\\Pipeline\\{closure}()
#48 /var/www/html/laundryApp/vendor/laravel/framework/src/Illuminate/Pipeline/Pipeline.php(183): Illuminate\\Foundation\\Http\\Middleware\\ValidatePostSize->handle()
#49 /var/www/html/laundryApp/vendor/laravel/framework/src/Illuminate/Foundation/Http/Middleware/PreventRequestsDuringMaintenance.php(99): Illuminate\\Pipeline\\Pipeline->Illuminate\\Pipeline\\{closure}()
#50 /var/www/html/laundryApp/vendor/laravel/framework/src/Illuminate/Pipeline/Pipeline.php(183): Illuminate\\Foundation\\Http\\Middleware\\PreventRequestsDuringMaintenance->handle()
#51 /var/www/html/laundryApp/vendor/laravel/framework/src/Illuminate/Http/Middleware/HandleCors.php(62): Illuminate\\Pipeline\\Pipeline->Illuminate\\Pipeline\\{closure}()
#52 /var/www/html/laundryApp/vendor/laravel/framework/src/Illuminate/Pipeline/Pipeline.php(183): Illuminate\\Http\\Middleware\\HandleCors->handle()
#53 /var/www/html/laundryApp/vendor/laravel/framework/src/Illuminate/Http/Middleware/TrustProxies.php(39): Illuminate\\Pipeline\\Pipeline->Illuminate\\Pipeline\\{closure}()
#54 /var/www/html/laundryApp/vendor/laravel/framework/src/Illuminate/Pipeline/Pipeline.php(183): Illuminate\\Http\\Middleware\\TrustProxies->handle()
#55 /var/www/html/laundryApp/vendor/laravel/framework/src/Illuminate/Pipeline/Pipeline.php(119): Illuminate\\Pipeline\\Pipeline->Illuminate\\Pipeline\\{closure}()
#56 /var/www/html/laundryApp/vendor/laravel/framework/src/Illuminate/Foundation/Http/Kernel.php(175): Illuminate\\Pipeline\\Pipeline->then()
#57 /var/www/html/laundryApp/vendor/laravel/framework/src/Illuminate/Foundation/Http/Kernel.php(144): Illuminate\\Foundation\\Http\\Kernel->sendRequestThroughRouter()
#58 /var/www/html/laundryApp/public/index.php(51): Illuminate\\Foundation\\Http\\Kernel->handle()
#59 /var/www/html/laundryApp/vendor/laravel/framework/src/Illuminate/Foundation/resources/server.php(16): require_once('...')
#60 {main}
"} 
[2025-12-05 19:58:20] local.ERROR: SQLSTATE[42S02]: Base table or view not found: 1146 Table 'loundry_app.product_process_history' doesn't exist (Connection: mysql, SQL: select count(*) as aggregate from (select `h`.`product_id`, `h`.`status`, `h`.`stages`, `h`.`changed_at` from `product_process_history` as `h` inner join (SELECT product_id, MAX(changed_at) as latest_change 
                             FROM product_process_history 
                             GROUP BY product_id) latest on `h`.`product_id` = `latest`.`product_id` and `h`.`changed_at` = `latest`.`latest_change` inner join `rfid_tags` as `p` on `h`.`product_id` = `p`.`id` where `p`.`location_id` = 3) as t where `t`.`changed_at` between 2025-12-05 00:00:00 and 2025-12-05 23:59:59 and `t`.`status` = FAIL) {"userId":51,"exception":"[object] (Illuminate\\Database\\QueryException(code: 42S02): SQLSTATE[42S02]: Base table or view not found: 1146 Table 'loundry_app.product_process_history' doesn't exist (Connection: mysql, SQL: select count(*) as aggregate from (select `h`.`product_id`, `h`.`status`, `h`.`stages`, `h`.`changed_at` from `product_process_history` as `h` inner join (SELECT product_id, MAX(changed_at) as latest_change 
                             FROM product_process_history 
                             GROUP BY product_id) latest on `h`.`product_id` = `latest`.`product_id` and `h`.`changed_at` = `latest`.`latest_change` inner join `rfid_tags` as `p` on `h`.`product_id` = `p`.`id` where `p`.`location_id` = 3) as t where `t`.`changed_at` between 2025-12-05 00:00:00 and 2025-12-05 23:59:59 and `t`.`status` = FAIL) at /var/www/html/laundryApp/vendor/laravel/framework/src/Illuminate/Database/Connection.php:829)
[stacktrace]
#0 /var/www/html/laundryApp/vendor/laravel/framework/src/Illuminate/Database/Connection.php(783): Illuminate\\Database\\Connection->runQueryCallback()
#1 /var/www/html/laundryApp/vendor/laravel/framework/src/Illuminate/Database/Connection.php(414): Illuminate\\Database\\Connection->run()
#2 /var/www/html/laundryApp/vendor/laravel/framework/src/Illuminate/Database/Query/Builder.php(2913): Illuminate\\Database\\Connection->select()
#3 /var/www/html/laundryApp/vendor/laravel/framework/src/Illuminate/Database/Query/Builder.php(2902): Illuminate\\Database\\Query\\Builder->runSelect()
#4 /var/www/html/laundryApp/vendor/laravel/framework/src/Illuminate/Database/Query/Builder.php(3456): Illuminate\\Database\\Query\\Builder->Illuminate\\Database\\Query\\{closure}()
#5 /var/www/html/laundryApp/vendor/laravel/framework/src/Illuminate/Database/Query/Builder.php(2901): Illuminate\\Database\\Query\\Builder->onceWithColumns()
#6 /var/www/html/laundryApp/vendor/laravel/framework/src/Illuminate/Database/Query/Builder.php(3383): Illuminate\\Database\\Query\\Builder->get()
#7 /var/www/html/laundryApp/vendor/laravel/framework/src/Illuminate/Database/Query/Builder.php(3311): Illuminate\\Database\\Query\\Builder->aggregate()
#8 /var/www/html/laundryApp/app/Http/Controllers/Api/DashboardApiController.php(74): Illuminate\\Database\\Query\\Builder->count()
#9 /var/www/html/laundryApp/vendor/laravel/framework/src/Illuminate/Cache/Repository.php(396): App\\Http\\Controllers\\Api\\DashboardApiController->App\\Http\\Controllers\\Api\\{closure}()
#10 /var/www/html/laundryApp/vendor/laravel/framework/src/Illuminate/Cache/CacheManager.php(429): Illuminate\\Cache\\Repository->remember()
#11 /var/www/html/laundryApp/vendor/laravel/framework/src/Illuminate/Support/Facades/Facade.php(355): Illuminate\\Cache\\CacheManager->__call()
#12 /var/www/html/laundryApp/app/Http/Controllers/Api/DashboardApiController.php(42): Illuminate\\Support\\Facades\\Facade::__callStatic()
#13 /var/www/html/laundryApp/vendor/laravel/framework/src/Illuminate/Routing/Controller.php(54): App\\Http\\Controllers\\Api\\DashboardApiController->summary()
#14 /var/www/html/laundryApp/vendor/laravel/framework/src/Illuminate/Routing/ControllerDispatcher.php(43): Illuminate\\Routing\\Controller->callAction()
#15 /var/www/html/laundryApp/vendor/laravel/framework/src/Illuminate/Routing/Route.php(259): Illuminate\\Routing\\ControllerDispatcher->dispatch()
#16 /var/www/html/laundryApp/vendor/laravel/framework/src/Illuminate/Routing/Route.php(205): Illuminate\\Routing\\Route->runController()
#17 /var/www/html/laundryApp/vendor/laravel/framework/src/Illuminate/Routing/Router.php(806): Illuminate\\Routing\\Route->run()
#18 /var/www/html/laundryApp/vendor/laravel/framework/src/Illuminate/Pipeline/Pipeline.php(144): Illuminate\\Routing\\Router->Illuminate\\Routing\\{closure}()
#19 /var/www/html/laundryApp/vendor/laravel/framework/src/Illuminate/Routing/Middleware/SubstituteBindings.php(50): Illuminate\\Pipeline\\Pipeline->Illuminate\\Pipeline\\{closure}()
#20 /var/www/html/laundryApp/vendor/laravel/framework/src/Illuminate/Pipeline/Pipeline.php(183): Illuminate\\Routing\\Middleware\\SubstituteBindings->handle()
#21 /var/www/html/laundryApp/vendor/laravel/framework/src/Illuminate/Routing/Middleware/ThrottleRequests.php(159): Illuminate\\Pipeline\\Pipeline->Illuminate\\Pipeline\\{closure}()
#22 /var/www/html/laundryApp/vendor/laravel/framework/src/Illuminate/Routing/Middleware/ThrottleRequests.php(125): Illuminate\\Routing\\Middleware\\ThrottleRequests->handleRequest()
#23 /var/www/html/laundryApp/vendor/laravel/framework/src/Illuminate/Routing/Middleware/ThrottleRequests.php(87): Illuminate\\Routing\\Middleware\\ThrottleRequests->handleRequestUsingNamedLimiter()
#24 /var/www/html/laundryApp/vendor/laravel/framework/src/Illuminate/Pipeline/Pipeline.php(183): Illuminate\\Routing\\Middleware\\ThrottleRequests->handle()
#25 /var/www/html/laundryApp/vendor/laravel/framework/src/Illuminate/Auth/Middleware/Authenticate.php(57): Illuminate\\Pipeline\\Pipeline->Illuminate\\Pipeline\\{closure}()
#26 /var/www/html/laundryApp/vendor/laravel/framework/src/Illuminate/Pipeline/Pipeline.php(183): Illuminate\\Auth\\Middleware\\Authenticate->handle()
#27 /var/www/html/laundryApp/vendor/laravel/sanctum/src/Http/Middleware/EnsureFrontendRequestsAreStateful.php(25): Illuminate\\Pipeline\\Pipeline->Illuminate\\Pipeline\\{closure}()
#28 /var/www/html/laundryApp/vendor/laravel/framework/src/Illuminate/Pipeline/Pipeline.php(144): Laravel\\Sanctum\\Http\\Middleware\\EnsureFrontendRequestsAreStateful->Laravel\\Sanctum\\Http\\Middleware\\{closure}()
#29 /var/www/html/laundryApp/vendor/laravel/framework/src/Illuminate/Pipeline/Pipeline.php(119): Illuminate\\Pipeline\\Pipeline->Illuminate\\Pipeline\\{closure}()
#30 /var/www/html/laundryApp/vendor/laravel/sanctum/src/Http/Middleware/EnsureFrontendRequestsAreStateful.php(24): Illuminate\\Pipeline\\Pipeline->then()
#31 /var/www/html/laundryApp/vendor/laravel/framework/src/Illuminate/Pipeline/Pipeline.php(183): Laravel\\Sanctum\\Http\\Middleware\\EnsureFrontendRequestsAreStateful->handle()
#32 /var/www/html/laundryApp/vendor/laravel/framework/src/Illuminate/Pipeline/Pipeline.php(119): Illuminate\\Pipeline\\Pipeline->Illuminate\\Pipeline\\{closure}()
#33 /var/www/html/laundryApp/vendor/laravel/framework/src/Illuminate/Routing/Router.php(805): Illuminate\\Pipeline\\Pipeline->then()
#34 /var/www/html/laundryApp/vendor/laravel/framework/src/Illuminate/Routing/Router.php(784): Illuminate\\Routing\\Router->runRouteWithinStack()
#35 /var/www/html/laundryApp/vendor/laravel/framework/src/Illuminate/Routing/Router.php(748): Illuminate\\Routing\\Router->runRoute()
#36 /var/www/html/laundryApp/vendor/laravel/framework/src/Illuminate/Routing/Router.php(737): Illuminate\\Routing\\Router->dispatchToRoute()
#37 /var/www/html/laundryApp/vendor/laravel/framework/src/Illuminate/Foundation/Http/Kernel.php(200): Illuminate\\Routing\\Router->dispatch()
#38 /var/www/html/laundryApp/vendor/laravel/framework/src/Illuminate/Pipeline/Pipeline.php(144): Illuminate\\Foundation\\Http\\Kernel->Illuminate\\Foundation\\Http\\{closure}()
#39 /var/www/html/laundryApp/vendor/laravel/framework/src/Illuminate/Foundation/Http/Middleware/TransformsRequest.php(21): Illuminate\\Pipeline\\Pipeline->Illuminate\\Pipeline\\{closure}()
#40 /var/www/html/laundryApp/vendor/laravel/framework/src/Illuminate/Foundation/Http/Middleware/ConvertEmptyStringsToNull.php(31): Illuminate\\Foundation\\Http\\Middleware\\TransformsRequest->handle()
#41 /var/www/html/laundryApp/vendor/laravel/framework/src/Illuminate/Pipeline/Pipeline.php(183): Illuminate\\Foundation\\Http\\Middleware\\ConvertEmptyStringsToNull->handle()
#42 /var/www/html/laundryApp/vendor/laravel/framework/src/Illuminate/Foundation/Http/Middleware/TransformsRequest.php(21): Illuminate\\Pipeline\\Pipeline->Illuminate\\Pipeline\\{closure}()
#43 /var/www/html/laundryApp/vendor/laravel/framework/src/Illuminate/Foundation/Http/Middleware/TrimStrings.php(40): Illuminate\\Foundation\\Http\\Middleware\\TransformsRequest->handle()
#44 /var/www/html/laundryApp/vendor/laravel/framework/src/Illuminate/Pipeline/Pipeline.php(183): Illuminate\\Foundation\\Http\\Middleware\\TrimStrings->handle()
#45 /var/www/html/laundryApp/vendor/laravel/framework/src/Illuminate/Foundation/Http/Middleware/ValidatePostSize.php(27): Illuminate\\Pipeline\\Pipeline->Illuminate\\Pipeline\\{closure}()
#46 /var/www/html/laundryApp/vendor/laravel/framework/src/Illuminate/Pipeline/Pipeline.php(183): Illuminate\\Foundation\\Http\\Middleware\\ValidatePostSize->handle()
#47 /var/www/html/laundryApp/vendor/laravel/framework/src/Illuminate/Foundation/Http/Middleware/PreventRequestsDuringMaintenance.php(99): Illuminate\\Pipeline\\Pipeline->Illuminate\\Pipeline\\{closure}()
#48 /var/www/html/laundryApp/vendor/laravel/framework/src/Illuminate/Pipeline/Pipeline.php(183): Illuminate\\Foundation\\Http\\Middleware\\PreventRequestsDuringMaintenance->handle()
#49 /var/www/html/laundryApp/vendor/laravel/framework/src/Illuminate/Http/Middleware/HandleCors.php(62): Illuminate\\Pipeline\\Pipeline->Illuminate\\Pipeline\\{closure}()
#50 /var/www/html/laundryApp/vendor/laravel/framework/src/Illuminate/Pipeline/Pipeline.php(183): Illuminate\\Http\\Middleware\\HandleCors->handle()
#51 /var/www/html/laundryApp/vendor/laravel/framework/src/Illuminate/Http/Middleware/TrustProxies.php(39): Illuminate\\Pipeline\\Pipeline->Illuminate\\Pipeline\\{closure}()
#52 /var/www/html/laundryApp/vendor/laravel/framework/src/Illuminate/Pipeline/Pipeline.php(183): Illuminate\\Http\\Middleware\\TrustProxies->handle()
#53 /var/www/html/laundryApp/vendor/laravel/framework/src/Illuminate/Pipeline/Pipeline.php(119): Illuminate\\Pipeline\\Pipeline->Illuminate\\Pipeline\\{closure}()
#54 /var/www/html/laundryApp/vendor/laravel/framework/src/Illuminate/Foundation/Http/Kernel.php(175): Illuminate\\Pipeline\\Pipeline->then()
#55 /var/www/html/laundryApp/vendor/laravel/framework/src/Illuminate/Foundation/Http/Kernel.php(144): Illuminate\\Foundation\\Http\\Kernel->sendRequestThroughRouter()
#56 /var/www/html/laundryApp/public/index.php(51): Illuminate\\Foundation\\Http\\Kernel->handle()
#57 /var/www/html/laundryApp/vendor/laravel/framework/src/Illuminate/Foundation/resources/server.php(16): require_once('...')
#58 {main}

[previous exception] [object] (PDOException(code: 42S02): SQLSTATE[42S02]: Base table or view not found: 1146 Table 'loundry_app.product_process_history' doesn't exist at /var/www/html/laundryApp/vendor/laravel/framework/src/Illuminate/Database/Connection.php:423)
[stacktrace]
#0 /var/www/html/laundryApp/vendor/laravel/framework/src/Illuminate/Database/Connection.php(423): PDO->prepare()
#1 /var/www/html/laundryApp/vendor/laravel/framework/src/Illuminate/Database/Connection.php(816): Illuminate\\Database\\Connection->Illuminate\\Database\\{closure}()
#2 /var/www/html/laundryApp/vendor/laravel/framework/src/Illuminate/Database/Connection.php(783): Illuminate\\Database\\Connection->runQueryCallback()
#3 /var/www/html/laundryApp/vendor/laravel/framework/src/Illuminate/Database/Connection.php(414): Illuminate\\Database\\Connection->run()
#4 /var/www/html/laundryApp/vendor/laravel/framework/src/Illuminate/Database/Query/Builder.php(2913): Illuminate\\Database\\Connection->select()
#5 /var/www/html/laundryApp/vendor/laravel/framework/src/Illuminate/Database/Query/Builder.php(2902): Illuminate\\Database\\Query\\Builder->runSelect()
#6 /var/www/html/laundryApp/vendor/laravel/framework/src/Illuminate/Database/Query/Builder.php(3456): Illuminate\\Database\\Query\\Builder->Illuminate\\Database\\Query\\{closure}()
#7 /var/www/html/laundryApp/vendor/laravel/framework/src/Illuminate/Database/Query/Builder.php(2901): Illuminate\\Database\\Query\\Builder->onceWithColumns()
#8 /var/www/html/laundryApp/vendor/laravel/framework/src/Illuminate/Database/Query/Builder.php(3383): Illuminate\\Database\\Query\\Builder->get()
#9 /var/www/html/laundryApp/vendor/laravel/framework/src/Illuminate/Database/Query/Builder.php(3311): Illuminate\\Database\\Query\\Builder->aggregate()
#10 /var/www/html/laundryApp/app/Http/Controllers/Api/DashboardApiController.php(74): Illuminate\\Database\\Query\\Builder->count()
#11 /var/www/html/laundryApp/vendor/laravel/framework/src/Illuminate/Cache/Repository.php(396): App\\Http\\Controllers\\Api\\DashboardApiController->App\\Http\\Controllers\\Api\\{closure}()
#12 /var/www/html/laundryApp/vendor/laravel/framework/src/Illuminate/Cache/CacheManager.php(429): Illuminate\\Cache\\Repository->remember()
#13 /var/www/html/laundryApp/vendor/laravel/framework/src/Illuminate/Support/Facades/Facade.php(355): Illuminate\\Cache\\CacheManager->__call()
#14 /var/www/html/laundryApp/app/Http/Controllers/Api/DashboardApiController.php(42): Illuminate\\Support\\Facades\\Facade::__callStatic()
#15 /var/www/html/laundryApp/vendor/laravel/framework/src/Illuminate/Routing/Controller.php(54): App\\Http\\Controllers\\Api\\DashboardApiController->summary()
#16 /var/www/html/laundryApp/vendor/laravel/framework/src/Illuminate/Routing/ControllerDispatcher.php(43): Illuminate\\Routing\\Controller->callAction()
#17 /var/www/html/laundryApp/vendor/laravel/framework/src/Illuminate/Routing/Route.php(259): Illuminate\\Routing\\ControllerDispatcher->dispatch()
#18 /var/www/html/laundryApp/vendor/laravel/framework/src/Illuminate/Routing/Route.php(205): Illuminate\\Routing\\Route->runController()
#19 /var/www/html/laundryApp/vendor/laravel/framework/src/Illuminate/Routing/Router.php(806): Illuminate\\Routing\\Route->run()
#20 /var/www/html/laundryApp/vendor/laravel/framework/src/Illuminate/Pipeline/Pipeline.php(144): Illuminate\\Routing\\Router->Illuminate\\Routing\\{closure}()
#21 /var/www/html/laundryApp/vendor/laravel/framework/src/Illuminate/Routing/Middleware/SubstituteBindings.php(50): Illuminate\\Pipeline\\Pipeline->Illuminate\\Pipeline\\{closure}()
#22 /var/www/html/laundryApp/vendor/laravel/framework/src/Illuminate/Pipeline/Pipeline.php(183): Illuminate\\Routing\\Middleware\\SubstituteBindings->handle()
#23 /var/www/html/laundryApp/vendor/laravel/framework/src/Illuminate/Routing/Middleware/ThrottleRequests.php(159): Illuminate\\Pipeline\\Pipeline->Illuminate\\Pipeline\\{closure}()
#24 /var/www/html/laundryApp/vendor/laravel/framework/src/Illuminate/Routing/Middleware/ThrottleRequests.php(125): Illuminate\\Routing\\Middleware\\ThrottleRequests->handleRequest()
#25 /var/www/html/laundryApp/vendor/laravel/framework/src/Illuminate/Routing/Middleware/ThrottleRequests.php(87): Illuminate\\Routing\\Middleware\\ThrottleRequests->handleRequestUsingNamedLimiter()
#26 /var/www/html/laundryApp/vendor/laravel/framework/src/Illuminate/Pipeline/Pipeline.php(183): Illuminate\\Routing\\Middleware\\ThrottleRequests->handle()
#27 /var/www/html/laundryApp/vendor/laravel/framework/src/Illuminate/Auth/Middleware/Authenticate.php(57): Illuminate\\Pipeline\\Pipeline->Illuminate\\Pipeline\\{closure}()
#28 /var/www/html/laundryApp/vendor/laravel/framework/src/Illuminate/Pipeline/Pipeline.php(183): Illuminate\\Auth\\Middleware\\Authenticate->handle()
#29 /var/www/html/laundryApp/vendor/laravel/sanctum/src/Http/Middleware/EnsureFrontendRequestsAreStateful.php(25): Illuminate\\Pipeline\\Pipeline->Illuminate\\Pipeline\\{closure}()
#30 /var/www/html/laundryApp/vendor/laravel/framework/src/Illuminate/Pipeline/Pipeline.php(144): Laravel\\Sanctum\\Http\\Middleware\\EnsureFrontendRequestsAreStateful->Laravel\\Sanctum\\Http\\Middleware\\{closure}()
#31 /var/www/html/laundryApp/vendor/laravel/framework/src/Illuminate/Pipeline/Pipeline.php(119): Illuminate\\Pipeline\\Pipeline->Illuminate\\Pipeline\\{closure}()
#32 /var/www/html/laundryApp/vendor/laravel/sanctum/src/Http/Middleware/EnsureFrontendRequestsAreStateful.php(24): Illuminate\\Pipeline\\Pipeline->then()
#33 /var/www/html/laundryApp/vendor/laravel/framework/src/Illuminate/Pipeline/Pipeline.php(183): Laravel\\Sanctum\\Http\\Middleware\\EnsureFrontendRequestsAreStateful->handle()
#34 /var/www/html/laundryApp/vendor/laravel/framework/src/Illuminate/Pipeline/Pipeline.php(119): Illuminate\\Pipeline\\Pipeline->Illuminate\\Pipeline\\{closure}()
#35 /var/www/html/laundryApp/vendor/laravel/framework/src/Illuminate/Routing/Router.php(805): Illuminate\\Pipeline\\Pipeline->then()
#36 /var/www/html/laundryApp/vendor/laravel/framework/src/Illuminate/Routing/Router.php(784): Illuminate\\Routing\\Router->runRouteWithinStack()
#37 /var/www/html/laundryApp/vendor/laravel/framework/src/Illuminate/Routing/Router.php(748): Illuminate\\Routing\\Router->runRoute()
#38 /var/www/html/laundryApp/vendor/laravel/framework/src/Illuminate/Routing/Router.php(737): Illuminate\\Routing\\Router->dispatchToRoute()
#39 /var/www/html/laundryApp/vendor/laravel/framework/src/Illuminate/Foundation/Http/Kernel.php(200): Illuminate\\Routing\\Router->dispatch()
#40 /var/www/html/laundryApp/vendor/laravel/framework/src/Illuminate/Pipeline/Pipeline.php(144): Illuminate\\Foundation\\Http\\Kernel->Illuminate\\Foundation\\Http\\{closure}()
#41 /var/www/html/laundryApp/vendor/laravel/framework/src/Illuminate/Foundation/Http/Middleware/TransformsRequest.php(21): Illuminate\\Pipeline\\Pipeline->Illuminate\\Pipeline\\{closure}()
#42 /var/www/html/laundryApp/vendor/laravel/framework/src/Illuminate/Foundation/Http/Middleware/ConvertEmptyStringsToNull.php(31): Illuminate\\Foundation\\Http\\Middleware\\TransformsRequest->handle()
#43 /var/www/html/laundryApp/vendor/laravel/framework/src/Illuminate/Pipeline/Pipeline.php(183): Illuminate\\Foundation\\Http\\Middleware\\ConvertEmptyStringsToNull->handle()
#44 /var/www/html/laundryApp/vendor/laravel/framework/src/Illuminate/Foundation/Http/Middleware/TransformsRequest.php(21): Illuminate\\Pipeline\\Pipeline->Illuminate\\Pipeline\\{closure}()
#45 /var/www/html/laundryApp/vendor/laravel/framework/src/Illuminate/Foundation/Http/Middleware/TrimStrings.php(40): Illuminate\\Foundation\\Http\\Middleware\\TransformsRequest->handle()
#46 /var/www/html/laundryApp/vendor/laravel/framework/src/Illuminate/Pipeline/Pipeline.php(183): Illuminate\\Foundation\\Http\\Middleware\\TrimStrings->handle()
#47 /var/www/html/laundryApp/vendor/laravel/framework/src/Illuminate/Foundation/Http/Middleware/ValidatePostSize.php(27): Illuminate\\Pipeline\\Pipeline->Illuminate\\Pipeline\\{closure}()
#48 /var/www/html/laundryApp/vendor/laravel/framework/src/Illuminate/Pipeline/Pipeline.php(183): Illuminate\\Foundation\\Http\\Middleware\\ValidatePostSize->handle()
#49 /var/www/html/laundryApp/vendor/laravel/framework/src/Illuminate/Foundation/Http/Middleware/PreventRequestsDuringMaintenance.php(99): Illuminate\\Pipeline\\Pipeline->Illuminate\\Pipeline\\{closure}()
#50 /var/www/html/laundryApp/vendor/laravel/framework/src/Illuminate/Pipeline/Pipeline.php(183): Illuminate\\Foundation\\Http\\Middleware\\PreventRequestsDuringMaintenance->handle()
#51 /var/www/html/laundryApp/vendor/laravel/framework/src/Illuminate/Http/Middleware/HandleCors.php(62): Illuminate\\Pipeline\\Pipeline->Illuminate\\Pipeline\\{closure}()
#52 /var/www/html/laundryApp/vendor/laravel/framework/src/Illuminate/Pipeline/Pipeline.php(183): Illuminate\\Http\\Middleware\\HandleCors->handle()
#53 /var/www/html/laundryApp/vendor/laravel/framework/src/Illuminate/Http/Middleware/TrustProxies.php(39): Illuminate\\Pipeline\\Pipeline->Illuminate\\Pipeline\\{closure}()
#54 /var/www/html/laundryApp/vendor/laravel/framework/src/Illuminate/Pipeline/Pipeline.php(183): Illuminate\\Http\\Middleware\\TrustProxies->handle()
#55 /var/www/html/laundryApp/vendor/laravel/framework/src/Illuminate/Pipeline/Pipeline.php(119): Illuminate\\Pipeline\\Pipeline->Illuminate\\Pipeline\\{closure}()
#56 /var/www/html/laundryApp/vendor/laravel/framework/src/Illuminate/Foundation/Http/Kernel.php(175): Illuminate\\Pipeline\\Pipeline->then()
#57 /var/www/html/laundryApp/vendor/laravel/framework/src/Illuminate/Foundation/Http/Kernel.php(144): Illuminate\\Foundation\\Http\\Kernel->sendRequestThroughRouter()
#58 /var/www/html/laundryApp/public/index.php(51): Illuminate\\Foundation\\Http\\Kernel->handle()
#59 /var/www/html/laundryApp/vendor/laravel/framework/src/Illuminate/Foundation/resources/server.php(16): require_once('...')
#60 {main}
"} 
[2025-12-05 19:58:28] local.ERROR: SQLSTATE[42S02]: Base table or view not found: 1146 Table 'loundry_app.product_process_history' doesn't exist (Connection: mysql, SQL: select count(*) as aggregate from (select `h`.`product_id`, `h`.`status`, `h`.`stages`, `h`.`changed_at` from `product_process_history` as `h` inner join (SELECT product_id, MAX(changed_at) as latest_change 
                             FROM product_process_history 
                             GROUP BY product_id) latest on `h`.`product_id` = `latest`.`product_id` and `h`.`changed_at` = `latest`.`latest_change` inner join `rfid_tags` as `p` on `h`.`product_id` = `p`.`id` where `p`.`location_id` = 3) as t where `t`.`changed_at` between 2025-12-05 00:00:00 and 2025-12-05 23:59:59 and `t`.`status` = FAIL) {"userId":51,"exception":"[object] (Illuminate\\Database\\QueryException(code: 42S02): SQLSTATE[42S02]: Base table or view not found: 1146 Table 'loundry_app.product_process_history' doesn't exist (Connection: mysql, SQL: select count(*) as aggregate from (select `h`.`product_id`, `h`.`status`, `h`.`stages`, `h`.`changed_at` from `product_process_history` as `h` inner join (SELECT product_id, MAX(changed_at) as latest_change 
                             FROM product_process_history 
                             GROUP BY product_id) latest on `h`.`product_id` = `latest`.`product_id` and `h`.`changed_at` = `latest`.`latest_change` inner join `rfid_tags` as `p` on `h`.`product_id` = `p`.`id` where `p`.`location_id` = 3) as t where `t`.`changed_at` between 2025-12-05 00:00:00 and 2025-12-05 23:59:59 and `t`.`status` = FAIL) at /var/www/html/laundryApp/vendor/laravel/framework/src/Illuminate/Database/Connection.php:829)
[stacktrace]
#0 /var/www/html/laundryApp/vendor/laravel/framework/src/Illuminate/Database/Connection.php(783): Illuminate\\Database\\Connection->runQueryCallback()
#1 /var/www/html/laundryApp/vendor/laravel/framework/src/Illuminate/Database/Connection.php(414): Illuminate\\Database\\Connection->run()
#2 /var/www/html/laundryApp/vendor/laravel/framework/src/Illuminate/Database/Query/Builder.php(2913): Illuminate\\Database\\Connection->select()
#3 /var/www/html/laundryApp/vendor/laravel/framework/src/Illuminate/Database/Query/Builder.php(2902): Illuminate\\Database\\Query\\Builder->runSelect()
#4 /var/www/html/laundryApp/vendor/laravel/framework/src/Illuminate/Database/Query/Builder.php(3456): Illuminate\\Database\\Query\\Builder->Illuminate\\Database\\Query\\{closure}()
#5 /var/www/html/laundryApp/vendor/laravel/framework/src/Illuminate/Database/Query/Builder.php(2901): Illuminate\\Database\\Query\\Builder->onceWithColumns()
#6 /var/www/html/laundryApp/vendor/laravel/framework/src/Illuminate/Database/Query/Builder.php(3383): Illuminate\\Database\\Query\\Builder->get()
#7 /var/www/html/laundryApp/vendor/laravel/framework/src/Illuminate/Database/Query/Builder.php(3311): Illuminate\\Database\\Query\\Builder->aggregate()
#8 /var/www/html/laundryApp/app/Http/Controllers/Api/DashboardApiController.php(74): Illuminate\\Database\\Query\\Builder->count()
#9 /var/www/html/laundryApp/vendor/laravel/framework/src/Illuminate/Cache/Repository.php(396): App\\Http\\Controllers\\Api\\DashboardApiController->App\\Http\\Controllers\\Api\\{closure}()
#10 /var/www/html/laundryApp/vendor/laravel/framework/src/Illuminate/Cache/CacheManager.php(429): Illuminate\\Cache\\Repository->remember()
#11 /var/www/html/laundryApp/vendor/laravel/framework/src/Illuminate/Support/Facades/Facade.php(355): Illuminate\\Cache\\CacheManager->__call()
#12 /var/www/html/laundryApp/app/Http/Controllers/Api/DashboardApiController.php(42): Illuminate\\Support\\Facades\\Facade::__callStatic()
#13 /var/www/html/laundryApp/vendor/laravel/framework/src/Illuminate/Routing/Controller.php(54): App\\Http\\Controllers\\Api\\DashboardApiController->summary()
#14 /var/www/html/laundryApp/vendor/laravel/framework/src/Illuminate/Routing/ControllerDispatcher.php(43): Illuminate\\Routing\\Controller->callAction()
#15 /var/www/html/laundryApp/vendor/laravel/framework/src/Illuminate/Routing/Route.php(259): Illuminate\\Routing\\ControllerDispatcher->dispatch()
#16 /var/www/html/laundryApp/vendor/laravel/framework/src/Illuminate/Routing/Route.php(205): Illuminate\\Routing\\Route->runController()
#17 /var/www/html/laundryApp/vendor/laravel/framework/src/Illuminate/Routing/Router.php(806): Illuminate\\Routing\\Route->run()
#18 /var/www/html/laundryApp/vendor/laravel/framework/src/Illuminate/Pipeline/Pipeline.php(144): Illuminate\\Routing\\Router->Illuminate\\Routing\\{closure}()
#19 /var/www/html/laundryApp/vendor/laravel/framework/src/Illuminate/Routing/Middleware/SubstituteBindings.php(50): Illuminate\\Pipeline\\Pipeline->Illuminate\\Pipeline\\{closure}()
#20 /var/www/html/laundryApp/vendor/laravel/framework/src/Illuminate/Pipeline/Pipeline.php(183): Illuminate\\Routing\\Middleware\\SubstituteBindings->handle()
#21 /var/www/html/laundryApp/vendor/laravel/framework/src/Illuminate/Routing/Middleware/ThrottleRequests.php(159): Illuminate\\Pipeline\\Pipeline->Illuminate\\Pipeline\\{closure}()
#22 /var/www/html/laundryApp/vendor/laravel/framework/src/Illuminate/Routing/Middleware/ThrottleRequests.php(125): Illuminate\\Routing\\Middleware\\ThrottleRequests->handleRequest()
#23 /var/www/html/laundryApp/vendor/laravel/framework/src/Illuminate/Routing/Middleware/ThrottleRequests.php(87): Illuminate\\Routing\\Middleware\\ThrottleRequests->handleRequestUsingNamedLimiter()
#24 /var/www/html/laundryApp/vendor/laravel/framework/src/Illuminate/Pipeline/Pipeline.php(183): Illuminate\\Routing\\Middleware\\ThrottleRequests->handle()
#25 /var/www/html/laundryApp/vendor/laravel/framework/src/Illuminate/Auth/Middleware/Authenticate.php(57): Illuminate\\Pipeline\\Pipeline->Illuminate\\Pipeline\\{closure}()
#26 /var/www/html/laundryApp/vendor/laravel/framework/src/Illuminate/Pipeline/Pipeline.php(183): Illuminate\\Auth\\Middleware\\Authenticate->handle()
#27 /var/www/html/laundryApp/vendor/laravel/sanctum/src/Http/Middleware/EnsureFrontendRequestsAreStateful.php(25): Illuminate\\Pipeline\\Pipeline->Illuminate\\Pipeline\\{closure}()
#28 /var/www/html/laundryApp/vendor/laravel/framework/src/Illuminate/Pipeline/Pipeline.php(144): Laravel\\Sanctum\\Http\\Middleware\\EnsureFrontendRequestsAreStateful->Laravel\\Sanctum\\Http\\Middleware\\{closure}()
#29 /var/www/html/laundryApp/vendor/laravel/framework/src/Illuminate/Pipeline/Pipeline.php(119): Illuminate\\Pipeline\\Pipeline->Illuminate\\Pipeline\\{closure}()
#30 /var/www/html/laundryApp/vendor/laravel/sanctum/src/Http/Middleware/EnsureFrontendRequestsAreStateful.php(24): Illuminate\\Pipeline\\Pipeline->then()
#31 /var/www/html/laundryApp/vendor/laravel/framework/src/Illuminate/Pipeline/Pipeline.php(183): Laravel\\Sanctum\\Http\\Middleware\\EnsureFrontendRequestsAreStateful->handle()
#32 /var/www/html/laundryApp/vendor/laravel/framework/src/Illuminate/Pipeline/Pipeline.php(119): Illuminate\\Pipeline\\Pipeline->Illuminate\\Pipeline\\{closure}()
#33 /var/www/html/laundryApp/vendor/laravel/framework/src/Illuminate/Routing/Router.php(805): Illuminate\\Pipeline\\Pipeline->then()
#34 /var/www/html/laundryApp/vendor/laravel/framework/src/Illuminate/Routing/Router.php(784): Illuminate\\Routing\\Router->runRouteWithinStack()
#35 /var/www/html/laundryApp/vendor/laravel/framework/src/Illuminate/Routing/Router.php(748): Illuminate\\Routing\\Router->runRoute()
#36 /var/www/html/laundryApp/vendor/laravel/framework/src/Illuminate/Routing/Router.php(737): Illuminate\\Routing\\Router->dispatchToRoute()
#37 /var/www/html/laundryApp/vendor/laravel/framework/src/Illuminate/Foundation/Http/Kernel.php(200): Illuminate\\Routing\\Router->dispatch()
#38 /var/www/html/laundryApp/vendor/laravel/framework/src/Illuminate/Pipeline/Pipeline.php(144): Illuminate\\Foundation\\Http\\Kernel->Illuminate\\Foundation\\Http\\{closure}()
#39 /var/www/html/laundryApp/vendor/laravel/framework/src/Illuminate/Foundation/Http/Middleware/TransformsRequest.php(21): Illuminate\\Pipeline\\Pipeline->Illuminate\\Pipeline\\{closure}()
#40 /var/www/html/laundryApp/vendor/laravel/framework/src/Illuminate/Foundation/Http/Middleware/ConvertEmptyStringsToNull.php(31): Illuminate\\Foundation\\Http\\Middleware\\TransformsRequest->handle()
#41 /var/www/html/laundryApp/vendor/laravel/framework/src/Illuminate/Pipeline/Pipeline.php(183): Illuminate\\Foundation\\Http\\Middleware\\ConvertEmptyStringsToNull->handle()
#42 /var/www/html/laundryApp/vendor/laravel/framework/src/Illuminate/Foundation/Http/Middleware/TransformsRequest.php(21): Illuminate\\Pipeline\\Pipeline->Illuminate\\Pipeline\\{closure}()
#43 /var/www/html/laundryApp/vendor/laravel/framework/src/Illuminate/Foundation/Http/Middleware/TrimStrings.php(40): Illuminate\\Foundation\\Http\\Middleware\\TransformsRequest->handle()
#44 /var/www/html/laundryApp/vendor/laravel/framework/src/Illuminate/Pipeline/Pipeline.php(183): Illuminate\\Foundation\\Http\\Middleware\\TrimStrings->handle()
#45 /var/www/html/laundryApp/vendor/laravel/framework/src/Illuminate/Foundation/Http/Middleware/ValidatePostSize.php(27): Illuminate\\Pipeline\\Pipeline->Illuminate\\Pipeline\\{closure}()
#46 /var/www/html/laundryApp/vendor/laravel/framework/src/Illuminate/Pipeline/Pipeline.php(183): Illuminate\\Foundation\\Http\\Middleware\\ValidatePostSize->handle()
#47 /var/www/html/laundryApp/vendor/laravel/framework/src/Illuminate/Foundation/Http/Middleware/PreventRequestsDuringMaintenance.php(99): Illuminate\\Pipeline\\Pipeline->Illuminate\\Pipeline\\{closure}()
#48 /var/www/html/laundryApp/vendor/laravel/framework/src/Illuminate/Pipeline/Pipeline.php(183): Illuminate\\Foundation\\Http\\Middleware\\PreventRequestsDuringMaintenance->handle()
#49 /var/www/html/laundryApp/vendor/laravel/framework/src/Illuminate/Http/Middleware/HandleCors.php(62): Illuminate\\Pipeline\\Pipeline->Illuminate\\Pipeline\\{closure}()
#50 /var/www/html/laundryApp/vendor/laravel/framework/src/Illuminate/Pipeline/Pipeline.php(183): Illuminate\\Http\\Middleware\\HandleCors->handle()
#51 /var/www/html/laundryApp/vendor/laravel/framework/src/Illuminate/Http/Middleware/TrustProxies.php(39): Illuminate\\Pipeline\\Pipeline->Illuminate\\Pipeline\\{closure}()
#52 /var/www/html/laundryApp/vendor/laravel/framework/src/Illuminate/Pipeline/Pipeline.php(183): Illuminate\\Http\\Middleware\\TrustProxies->handle()
#53 /var/www/html/laundryApp/vendor/laravel/framework/src/Illuminate/Pipeline/Pipeline.php(119): Illuminate\\Pipeline\\Pipeline->Illuminate\\Pipeline\\{closure}()
#54 /var/www/html/laundryApp/vendor/laravel/framework/src/Illuminate/Foundation/Http/Kernel.php(175): Illuminate\\Pipeline\\Pipeline->then()
#55 /var/www/html/laundryApp/vendor/laravel/framework/src/Illuminate/Foundation/Http/Kernel.php(144): Illuminate\\Foundation\\Http\\Kernel->sendRequestThroughRouter()
#56 /var/www/html/laundryApp/public/index.php(51): Illuminate\\Foundation\\Http\\Kernel->handle()
#57 /var/www/html/laundryApp/vendor/laravel/framework/src/Illuminate/Foundation/resources/server.php(16): require_once('...')
#58 {main}

[previous exception] [object] (PDOException(code: 42S02): SQLSTATE[42S02]: Base table or view not found: 1146 Table 'loundry_app.product_process_history' doesn't exist at /var/www/html/laundryApp/vendor/laravel/framework/src/Illuminate/Database/Connection.php:423)
[stacktrace]
#0 /var/www/html/laundryApp/vendor/laravel/framework/src/Illuminate/Database/Connection.php(423): PDO->prepare()
#1 /var/www/html/laundryApp/vendor/laravel/framework/src/Illuminate/Database/Connection.php(816): Illuminate\\Database\\Connection->Illuminate\\Database\\{closure}()
#2 /var/www/html/laundryApp/vendor/laravel/framework/src/Illuminate/Database/Connection.php(783): Illuminate\\Database\\Connection->runQueryCallback()
#3 /var/www/html/laundryApp/vendor/laravel/framework/src/Illuminate/Database/Connection.php(414): Illuminate\\Database\\Connection->run()
#4 /var/www/html/laundryApp/vendor/laravel/framework/src/Illuminate/Database/Query/Builder.php(2913): Illuminate\\Database\\Connection->select()
#5 /var/www/html/laundryApp/vendor/laravel/framework/src/Illuminate/Database/Query/Builder.php(2902): Illuminate\\Database\\Query\\Builder->runSelect()
#6 /var/www/html/laundryApp/vendor/laravel/framework/src/Illuminate/Database/Query/Builder.php(3456): Illuminate\\Database\\Query\\Builder->Illuminate\\Database\\Query\\{closure}()
#7 /var/www/html/laundryApp/vendor/laravel/framework/src/Illuminate/Database/Query/Builder.php(2901): Illuminate\\Database\\Query\\Builder->onceWithColumns()
#8 /var/www/html/laundryApp/vendor/laravel/framework/src/Illuminate/Database/Query/Builder.php(3383): Illuminate\\Database\\Query\\Builder->get()
#9 /var/www/html/laundryApp/vendor/laravel/framework/src/Illuminate/Database/Query/Builder.php(3311): Illuminate\\Database\\Query\\Builder->aggregate()
#10 /var/www/html/laundryApp/app/Http/Controllers/Api/DashboardApiController.php(74): Illuminate\\Database\\Query\\Builder->count()
#11 /var/www/html/laundryApp/vendor/laravel/framework/src/Illuminate/Cache/Repository.php(396): App\\Http\\Controllers\\Api\\DashboardApiController->App\\Http\\Controllers\\Api\\{closure}()
#12 /var/www/html/laundryApp/vendor/laravel/framework/src/Illuminate/Cache/CacheManager.php(429): Illuminate\\Cache\\Repository->remember()
#13 /var/www/html/laundryApp/vendor/laravel/framework/src/Illuminate/Support/Facades/Facade.php(355): Illuminate\\Cache\\CacheManager->__call()
#14 /var/www/html/laundryApp/app/Http/Controllers/Api/DashboardApiController.php(42): Illuminate\\Support\\Facades\\Facade::__callStatic()
#15 /var/www/html/laundryApp/vendor/laravel/framework/src/Illuminate/Routing/Controller.php(54): App\\Http\\Controllers\\Api\\DashboardApiController->summary()
#16 /var/www/html/laundryApp/vendor/laravel/framework/src/Illuminate/Routing/ControllerDispatcher.php(43): Illuminate\\Routing\\Controller->callAction()
#17 /var/www/html/laundryApp/vendor/laravel/framework/src/Illuminate/Routing/Route.php(259): Illuminate\\Routing\\ControllerDispatcher->dispatch()
#18 /var/www/html/laundryApp/vendor/laravel/framework/src/Illuminate/Routing/Route.php(205): Illuminate\\Routing\\Route->runController()
#19 /var/www/html/laundryApp/vendor/laravel/framework/src/Illuminate/Routing/Router.php(806): Illuminate\\Routing\\Route->run()
#20 /var/www/html/laundryApp/vendor/laravel/framework/src/Illuminate/Pipeline/Pipeline.php(144): Illuminate\\Routing\\Router->Illuminate\\Routing\\{closure}()
#21 /var/www/html/laundryApp/vendor/laravel/framework/src/Illuminate/Routing/Middleware/SubstituteBindings.php(50): Illuminate\\Pipeline\\Pipeline->Illuminate\\Pipeline\\{closure}()
#22 /var/www/html/laundryApp/vendor/laravel/framework/src/Illuminate/Pipeline/Pipeline.php(183): Illuminate\\Routing\\Middleware\\SubstituteBindings->handle()
#23 /var/www/html/laundryApp/vendor/laravel/framework/src/Illuminate/Routing/Middleware/ThrottleRequests.php(159): Illuminate\\Pipeline\\Pipeline->Illuminate\\Pipeline\\{closure}()
#24 /var/www/html/laundryApp/vendor/laravel/framework/src/Illuminate/Routing/Middleware/ThrottleRequests.php(125): Illuminate\\Routing\\Middleware\\ThrottleRequests->handleRequest()
#25 /var/www/html/laundryApp/vendor/laravel/framework/src/Illuminate/Routing/Middleware/ThrottleRequests.php(87): Illuminate\\Routing\\Middleware\\ThrottleRequests->handleRequestUsingNamedLimiter()
#26 /var/www/html/laundryApp/vendor/laravel/framework/src/Illuminate/Pipeline/Pipeline.php(183): Illuminate\\Routing\\Middleware\\ThrottleRequests->handle()
#27 /var/www/html/laundryApp/vendor/laravel/framework/src/Illuminate/Auth/Middleware/Authenticate.php(57): Illuminate\\Pipeline\\Pipeline->Illuminate\\Pipeline\\{closure}()
#28 /var/www/html/laundryApp/vendor/laravel/framework/src/Illuminate/Pipeline/Pipeline.php(183): Illuminate\\Auth\\Middleware\\Authenticate->handle()
#29 /var/www/html/laundryApp/vendor/laravel/sanctum/src/Http/Middleware/EnsureFrontendRequestsAreStateful.php(25): Illuminate\\Pipeline\\Pipeline->Illuminate\\Pipeline\\{closure}()
#30 /var/www/html/laundryApp/vendor/laravel/framework/src/Illuminate/Pipeline/Pipeline.php(144): Laravel\\Sanctum\\Http\\Middleware\\EnsureFrontendRequestsAreStateful->Laravel\\Sanctum\\Http\\Middleware\\{closure}()
#31 /var/www/html/laundryApp/vendor/laravel/framework/src/Illuminate/Pipeline/Pipeline.php(119): Illuminate\\Pipeline\\Pipeline->Illuminate\\Pipeline\\{closure}()
#32 /var/www/html/laundryApp/vendor/laravel/sanctum/src/Http/Middleware/EnsureFrontendRequestsAreStateful.php(24): Illuminate\\Pipeline\\Pipeline->then()
#33 /var/www/html/laundryApp/vendor/laravel/framework/src/Illuminate/Pipeline/Pipeline.php(183): Laravel\\Sanctum\\Http\\Middleware\\EnsureFrontendRequestsAreStateful->handle()
#34 /var/www/html/laundryApp/vendor/laravel/framework/src/Illuminate/Pipeline/Pipeline.php(119): Illuminate\\Pipeline\\Pipeline->Illuminate\\Pipeline\\{closure}()
#35 /var/www/html/laundryApp/vendor/laravel/framework/src/Illuminate/Routing/Router.php(805): Illuminate\\Pipeline\\Pipeline->then()
#36 /var/www/html/laundryApp/vendor/laravel/framework/src/Illuminate/Routing/Router.php(784): Illuminate\\Routing\\Router->runRouteWithinStack()
#37 /var/www/html/laundryApp/vendor/laravel/framework/src/Illuminate/Routing/Router.php(748): Illuminate\\Routing\\Router->runRoute()
#38 /var/www/html/laundryApp/vendor/laravel/framework/src/Illuminate/Routing/Router.php(737): Illuminate\\Routing\\Router->dispatchToRoute()
#39 /var/www/html/laundryApp/vendor/laravel/framework/src/Illuminate/Foundation/Http/Kernel.php(200): Illuminate\\Routing\\Router->dispatch()
#40 /var/www/html/laundryApp/vendor/laravel/framework/src/Illuminate/Pipeline/Pipeline.php(144): Illuminate\\Foundation\\Http\\Kernel->Illuminate\\Foundation\\Http\\{closure}()
#41 /var/www/html/laundryApp/vendor/laravel/framework/src/Illuminate/Foundation/Http/Middleware/TransformsRequest.php(21): Illuminate\\Pipeline\\Pipeline->Illuminate\\Pipeline\\{closure}()
#42 /var/www/html/laundryApp/vendor/laravel/framework/src/Illuminate/Foundation/Http/Middleware/ConvertEmptyStringsToNull.php(31): Illuminate\\Foundation\\Http\\Middleware\\TransformsRequest->handle()
#43 /var/www/html/laundryApp/vendor/laravel/framework/src/Illuminate/Pipeline/Pipeline.php(183): Illuminate\\Foundation\\Http\\Middleware\\ConvertEmptyStringsToNull->handle()
#44 /var/www/html/laundryApp/vendor/laravel/framework/src/Illuminate/Foundation/Http/Middleware/TransformsRequest.php(21): Illuminate\\Pipeline\\Pipeline->Illuminate\\Pipeline\\{closure}()
#45 /var/www/html/laundryApp/vendor/laravel/framework/src/Illuminate/Foundation/Http/Middleware/TrimStrings.php(40): Illuminate\\Foundation\\Http\\Middleware\\TransformsRequest->handle()
#46 /var/www/html/laundryApp/vendor/laravel/framework/src/Illuminate/Pipeline/Pipeline.php(183): Illuminate\\Foundation\\Http\\Middleware\\TrimStrings->handle()
#47 /var/www/html/laundryApp/vendor/laravel/framework/src/Illuminate/Foundation/Http/Middleware/ValidatePostSize.php(27): Illuminate\\Pipeline\\Pipeline->Illuminate\\Pipeline\\{closure}()
#48 /var/www/html/laundryApp/vendor/laravel/framework/src/Illuminate/Pipeline/Pipeline.php(183): Illuminate\\Foundation\\Http\\Middleware\\ValidatePostSize->handle()
#49 /var/www/html/laundryApp/vendor/laravel/framework/src/Illuminate/Foundation/Http/Middleware/PreventRequestsDuringMaintenance.php(99): Illuminate\\Pipeline\\Pipeline->Illuminate\\Pipeline\\{closure}()
#50 /var/www/html/laundryApp/vendor/laravel/framework/src/Illuminate/Pipeline/Pipeline.php(183): Illuminate\\Foundation\\Http\\Middleware\\PreventRequestsDuringMaintenance->handle()
#51 /var/www/html/laundryApp/vendor/laravel/framework/src/Illuminate/Http/Middleware/HandleCors.php(62): Illuminate\\Pipeline\\Pipeline->Illuminate\\Pipeline\\{closure}()
#52 /var/www/html/laundryApp/vendor/laravel/framework/src/Illuminate/Pipeline/Pipeline.php(183): Illuminate\\Http\\Middleware\\HandleCors->handle()
#53 /var/www/html/laundryApp/vendor/laravel/framework/src/Illuminate/Http/Middleware/TrustProxies.php(39): Illuminate\\Pipeline\\Pipeline->Illuminate\\Pipeline\\{closure}()
#54 /var/www/html/laundryApp/vendor/laravel/framework/src/Illuminate/Pipeline/Pipeline.php(183): Illuminate\\Http\\Middleware\\TrustProxies->handle()
#55 /var/www/html/laundryApp/vendor/laravel/framework/src/Illuminate/Pipeline/Pipeline.php(119): Illuminate\\Pipeline\\Pipeline->Illuminate\\Pipeline\\{closure}()
#56 /var/www/html/laundryApp/vendor/laravel/framework/src/Illuminate/Foundation/Http/Kernel.php(175): Illuminate\\Pipeline\\Pipeline->then()
#57 /var/www/html/laundryApp/vendor/laravel/framework/src/Illuminate/Foundation/Http/Kernel.php(144): Illuminate\\Foundation\\Http\\Kernel->sendRequestThroughRouter()
#58 /var/www/html/laundryApp/public/index.php(51): Illuminate\\Foundation\\Http\\Kernel->handle()
#59 /var/www/html/laundryApp/vendor/laravel/framework/src/Illuminate/Foundation/resources/server.php(16): require_once('...')
#60 {main}
"} 
[2025-12-05 19:58:36] local.ERROR: SQLSTATE[42S02]: Base table or view not found: 1146 Table 'loundry_app.product_process_history' doesn't exist (Connection: mysql, SQL: select count(*) as aggregate from (select `h`.`product_id`, `h`.`status`, `h`.`stages`, `h`.`changed_at` from `product_process_history` as `h` inner join (SELECT product_id, MAX(changed_at) as latest_change 
                             FROM product_process_history 
                             GROUP BY product_id) latest on `h`.`product_id` = `latest`.`product_id` and `h`.`changed_at` = `latest`.`latest_change` inner join `rfid_tags` as `p` on `h`.`product_id` = `p`.`id` where `p`.`location_id` = 3) as t where `t`.`changed_at` between 2025-12-05 00:00:00 and 2025-12-05 23:59:59 and `t`.`status` = FAIL) {"userId":51,"exception":"[object] (Illuminate\\Database\\QueryException(code: 42S02): SQLSTATE[42S02]: Base table or view not found: 1146 Table 'loundry_app.product_process_history' doesn't exist (Connection: mysql, SQL: select count(*) as aggregate from (select `h`.`product_id`, `h`.`status`, `h`.`stages`, `h`.`changed_at` from `product_process_history` as `h` inner join (SELECT product_id, MAX(changed_at) as latest_change 
                             FROM product_process_history 
                             GROUP BY product_id) latest on `h`.`product_id` = `latest`.`product_id` and `h`.`changed_at` = `latest`.`latest_change` inner join `rfid_tags` as `p` on `h`.`product_id` = `p`.`id` where `p`.`location_id` = 3) as t where `t`.`changed_at` between 2025-12-05 00:00:00 and 2025-12-05 23:59:59 and `t`.`status` = FAIL) at /var/www/html/laundryApp/vendor/laravel/framework/src/Illuminate/Database/Connection.php:829)
[stacktrace]
#0 /var/www/html/laundryApp/vendor/laravel/framework/src/Illuminate/Database/Connection.php(783): Illuminate\\Database\\Connection->runQueryCallback()
#1 /var/www/html/laundryApp/vendor/laravel/framework/src/Illuminate/Database/Connection.php(414): Illuminate\\Database\\Connection->run()
#2 /var/www/html/laundryApp/vendor/laravel/framework/src/Illuminate/Database/Query/Builder.php(2913): Illuminate\\Database\\Connection->select()
#3 /var/www/html/laundryApp/vendor/laravel/framework/src/Illuminate/Database/Query/Builder.php(2902): Illuminate\\Database\\Query\\Builder->runSelect()
#4 /var/www/html/laundryApp/vendor/laravel/framework/src/Illuminate/Database/Query/Builder.php(3456): Illuminate\\Database\\Query\\Builder->Illuminate\\Database\\Query\\{closure}()
#5 /var/www/html/laundryApp/vendor/laravel/framework/src/Illuminate/Database/Query/Builder.php(2901): Illuminate\\Database\\Query\\Builder->onceWithColumns()
#6 /var/www/html/laundryApp/vendor/laravel/framework/src/Illuminate/Database/Query/Builder.php(3383): Illuminate\\Database\\Query\\Builder->get()
#7 /var/www/html/laundryApp/vendor/laravel/framework/src/Illuminate/Database/Query/Builder.php(3311): Illuminate\\Database\\Query\\Builder->aggregate()
#8 /var/www/html/laundryApp/app/Http/Controllers/Api/DashboardApiController.php(74): Illuminate\\Database\\Query\\Builder->count()
#9 /var/www/html/laundryApp/vendor/laravel/framework/src/Illuminate/Cache/Repository.php(396): App\\Http\\Controllers\\Api\\DashboardApiController->App\\Http\\Controllers\\Api\\{closure}()
#10 /var/www/html/laundryApp/vendor/laravel/framework/src/Illuminate/Cache/CacheManager.php(429): Illuminate\\Cache\\Repository->remember()
#11 /var/www/html/laundryApp/vendor/laravel/framework/src/Illuminate/Support/Facades/Facade.php(355): Illuminate\\Cache\\CacheManager->__call()
#12 /var/www/html/laundryApp/app/Http/Controllers/Api/DashboardApiController.php(42): Illuminate\\Support\\Facades\\Facade::__callStatic()
#13 /var/www/html/laundryApp/vendor/laravel/framework/src/Illuminate/Routing/Controller.php(54): App\\Http\\Controllers\\Api\\DashboardApiController->summary()
#14 /var/www/html/laundryApp/vendor/laravel/framework/src/Illuminate/Routing/ControllerDispatcher.php(43): Illuminate\\Routing\\Controller->callAction()
#15 /var/www/html/laundryApp/vendor/laravel/framework/src/Illuminate/Routing/Route.php(259): Illuminate\\Routing\\ControllerDispatcher->dispatch()
#16 /var/www/html/laundryApp/vendor/laravel/framework/src/Illuminate/Routing/Route.php(205): Illuminate\\Routing\\Route->runController()
#17 /var/www/html/laundryApp/vendor/laravel/framework/src/Illuminate/Routing/Router.php(806): Illuminate\\Routing\\Route->run()
#18 /var/www/html/laundryApp/vendor/laravel/framework/src/Illuminate/Pipeline/Pipeline.php(144): Illuminate\\Routing\\Router->Illuminate\\Routing\\{closure}()
#19 /var/www/html/laundryApp/vendor/laravel/framework/src/Illuminate/Routing/Middleware/SubstituteBindings.php(50): Illuminate\\Pipeline\\Pipeline->Illuminate\\Pipeline\\{closure}()
#20 /var/www/html/laundryApp/vendor/laravel/framework/src/Illuminate/Pipeline/Pipeline.php(183): Illuminate\\Routing\\Middleware\\SubstituteBindings->handle()
#21 /var/www/html/laundryApp/vendor/laravel/framework/src/Illuminate/Routing/Middleware/ThrottleRequests.php(159): Illuminate\\Pipeline\\Pipeline->Illuminate\\Pipeline\\{closure}()
#22 /var/www/html/laundryApp/vendor/laravel/framework/src/Illuminate/Routing/Middleware/ThrottleRequests.php(125): Illuminate\\Routing\\Middleware\\ThrottleRequests->handleRequest()
#23 /var/www/html/laundryApp/vendor/laravel/framework/src/Illuminate/Routing/Middleware/ThrottleRequests.php(87): Illuminate\\Routing\\Middleware\\ThrottleRequests->handleRequestUsingNamedLimiter()
#24 /var/www/html/laundryApp/vendor/laravel/framework/src/Illuminate/Pipeline/Pipeline.php(183): Illuminate\\Routing\\Middleware\\ThrottleRequests->handle()
#25 /var/www/html/laundryApp/vendor/laravel/framework/src/Illuminate/Auth/Middleware/Authenticate.php(57): Illuminate\\Pipeline\\Pipeline->Illuminate\\Pipeline\\{closure}()
#26 /var/www/html/laundryApp/vendor/laravel/framework/src/Illuminate/Pipeline/Pipeline.php(183): Illuminate\\Auth\\Middleware\\Authenticate->handle()
#27 /var/www/html/laundryApp/vendor/laravel/sanctum/src/Http/Middleware/EnsureFrontendRequestsAreStateful.php(25): Illuminate\\Pipeline\\Pipeline->Illuminate\\Pipeline\\{closure}()
#28 /var/www/html/laundryApp/vendor/laravel/framework/src/Illuminate/Pipeline/Pipeline.php(144): Laravel\\Sanctum\\Http\\Middleware\\EnsureFrontendRequestsAreStateful->Laravel\\Sanctum\\Http\\Middleware\\{closure}()
#29 /var/www/html/laundryApp/vendor/laravel/framework/src/Illuminate/Pipeline/Pipeline.php(119): Illuminate\\Pipeline\\Pipeline->Illuminate\\Pipeline\\{closure}()
#30 /var/www/html/laundryApp/vendor/laravel/sanctum/src/Http/Middleware/EnsureFrontendRequestsAreStateful.php(24): Illuminate\\Pipeline\\Pipeline->then()
#31 /var/www/html/laundryApp/vendor/laravel/framework/src/Illuminate/Pipeline/Pipeline.php(183): Laravel\\Sanctum\\Http\\Middleware\\EnsureFrontendRequestsAreStateful->handle()
#32 /var/www/html/laundryApp/vendor/laravel/framework/src/Illuminate/Pipeline/Pipeline.php(119): Illuminate\\Pipeline\\Pipeline->Illuminate\\Pipeline\\{closure}()
#33 /var/www/html/laundryApp/vendor/laravel/framework/src/Illuminate/Routing/Router.php(805): Illuminate\\Pipeline\\Pipeline->then()
#34 /var/www/html/laundryApp/vendor/laravel/framework/src/Illuminate/Routing/Router.php(784): Illuminate\\Routing\\Router->runRouteWithinStack()
#35 /var/www/html/laundryApp/vendor/laravel/framework/src/Illuminate/Routing/Router.php(748): Illuminate\\Routing\\Router->runRoute()
#36 /var/www/html/laundryApp/vendor/laravel/framework/src/Illuminate/Routing/Router.php(737): Illuminate\\Routing\\Router->dispatchToRoute()
#37 /var/www/html/laundryApp/vendor/laravel/framework/src/Illuminate/Foundation/Http/Kernel.php(200): Illuminate\\Routing\\Router->dispatch()
#38 /var/www/html/laundryApp/vendor/laravel/framework/src/Illuminate/Pipeline/Pipeline.php(144): Illuminate\\Foundation\\Http\\Kernel->Illuminate\\Foundation\\Http\\{closure}()
#39 /var/www/html/laundryApp/vendor/laravel/framework/src/Illuminate/Foundation/Http/Middleware/TransformsRequest.php(21): Illuminate\\Pipeline\\Pipeline->Illuminate\\Pipeline\\{closure}()
#40 /var/www/html/laundryApp/vendor/laravel/framework/src/Illuminate/Foundation/Http/Middleware/ConvertEmptyStringsToNull.php(31): Illuminate\\Foundation\\Http\\Middleware\\TransformsRequest->handle()
#41 /var/www/html/laundryApp/vendor/laravel/framework/src/Illuminate/Pipeline/Pipeline.php(183): Illuminate\\Foundation\\Http\\Middleware\\ConvertEmptyStringsToNull->handle()
#42 /var/www/html/laundryApp/vendor/laravel/framework/src/Illuminate/Foundation/Http/Middleware/TransformsRequest.php(21): Illuminate\\Pipeline\\Pipeline->Illuminate\\Pipeline\\{closure}()
#43 /var/www/html/laundryApp/vendor/laravel/framework/src/Illuminate/Foundation/Http/Middleware/TrimStrings.php(40): Illuminate\\Foundation\\Http\\Middleware\\TransformsRequest->handle()
#44 /var/www/html/laundryApp/vendor/laravel/framework/src/Illuminate/Pipeline/Pipeline.php(183): Illuminate\\Foundation\\Http\\Middleware\\TrimStrings->handle()
#45 /var/www/html/laundryApp/vendor/laravel/framework/src/Illuminate/Foundation/Http/Middleware/ValidatePostSize.php(27): Illuminate\\Pipeline\\Pipeline->Illuminate\\Pipeline\\{closure}()
#46 /var/www/html/laundryApp/vendor/laravel/framework/src/Illuminate/Pipeline/Pipeline.php(183): Illuminate\\Foundation\\Http\\Middleware\\ValidatePostSize->handle()
#47 /var/www/html/laundryApp/vendor/laravel/framework/src/Illuminate/Foundation/Http/Middleware/PreventRequestsDuringMaintenance.php(99): Illuminate\\Pipeline\\Pipeline->Illuminate\\Pipeline\\{closure}()
#48 /var/www/html/laundryApp/vendor/laravel/framework/src/Illuminate/Pipeline/Pipeline.php(183): Illuminate\\Foundation\\Http\\Middleware\\PreventRequestsDuringMaintenance->handle()
#49 /var/www/html/laundryApp/vendor/laravel/framework/src/Illuminate/Http/Middleware/HandleCors.php(62): Illuminate\\Pipeline\\Pipeline->Illuminate\\Pipeline\\{closure}()
#50 /var/www/html/laundryApp/vendor/laravel/framework/src/Illuminate/Pipeline/Pipeline.php(183): Illuminate\\Http\\Middleware\\HandleCors->handle()
#51 /var/www/html/laundryApp/vendor/laravel/framework/src/Illuminate/Http/Middleware/TrustProxies.php(39): Illuminate\\Pipeline\\Pipeline->Illuminate\\Pipeline\\{closure}()
#52 /var/www/html/laundryApp/vendor/laravel/framework/src/Illuminate/Pipeline/Pipeline.php(183): Illuminate\\Http\\Middleware\\TrustProxies->handle()
#53 /var/www/html/laundryApp/vendor/laravel/framework/src/Illuminate/Pipeline/Pipeline.php(119): Illuminate\\Pipeline\\Pipeline->Illuminate\\Pipeline\\{closure}()
#54 /var/www/html/laundryApp/vendor/laravel/framework/src/Illuminate/Foundation/Http/Kernel.php(175): Illuminate\\Pipeline\\Pipeline->then()
#55 /var/www/html/laundryApp/vendor/laravel/framework/src/Illuminate/Foundation/Http/Kernel.php(144): Illuminate\\Foundation\\Http\\Kernel->sendRequestThroughRouter()
#56 /var/www/html/laundryApp/public/index.php(51): Illuminate\\Foundation\\Http\\Kernel->handle()
#57 /var/www/html/laundryApp/vendor/laravel/framework/src/Illuminate/Foundation/resources/server.php(16): require_once('...')
#58 {main}

[previous exception] [object] (PDOException(code: 42S02): SQLSTATE[42S02]: Base table or view not found: 1146 Table 'loundry_app.product_process_history' doesn't exist at /var/www/html/laundryApp/vendor/laravel/framework/src/Illuminate/Database/Connection.php:423)
[stacktrace]
#0 /var/www/html/laundryApp/vendor/laravel/framework/src/Illuminate/Database/Connection.php(423): PDO->prepare()
#1 /var/www/html/laundryApp/vendor/laravel/framework/src/Illuminate/Database/Connection.php(816): Illuminate\\Database\\Connection->Illuminate\\Database\\{closure}()
#2 /var/www/html/laundryApp/vendor/laravel/framework/src/Illuminate/Database/Connection.php(783): Illuminate\\Database\\Connection->runQueryCallback()
#3 /var/www/html/laundryApp/vendor/laravel/framework/src/Illuminate/Database/Connection.php(414): Illuminate\\Database\\Connection->run()
#4 /var/www/html/laundryApp/vendor/laravel/framework/src/Illuminate/Database/Query/Builder.php(2913): Illuminate\\Database\\Connection->select()
#5 /var/www/html/laundryApp/vendor/laravel/framework/src/Illuminate/Database/Query/Builder.php(2902): Illuminate\\Database\\Query\\Builder->runSelect()
#6 /var/www/html/laundryApp/vendor/laravel/framework/src/Illuminate/Database/Query/Builder.php(3456): Illuminate\\Database\\Query\\Builder->Illuminate\\Database\\Query\\{closure}()
#7 /var/www/html/laundryApp/vendor/laravel/framework/src/Illuminate/Database/Query/Builder.php(2901): Illuminate\\Database\\Query\\Builder->onceWithColumns()
#8 /var/www/html/laundryApp/vendor/laravel/framework/src/Illuminate/Database/Query/Builder.php(3383): Illuminate\\Database\\Query\\Builder->get()
#9 /var/www/html/laundryApp/vendor/laravel/framework/src/Illuminate/Database/Query/Builder.php(3311): Illuminate\\Database\\Query\\Builder->aggregate()
#10 /var/www/html/laundryApp/app/Http/Controllers/Api/DashboardApiController.php(74): Illuminate\\Database\\Query\\Builder->count()
#11 /var/www/html/laundryApp/vendor/laravel/framework/src/Illuminate/Cache/Repository.php(396): App\\Http\\Controllers\\Api\\DashboardApiController->App\\Http\\Controllers\\Api\\{closure}()
#12 /var/www/html/laundryApp/vendor/laravel/framework/src/Illuminate/Cache/CacheManager.php(429): Illuminate\\Cache\\Repository->remember()
#13 /var/www/html/laundryApp/vendor/laravel/framework/src/Illuminate/Support/Facades/Facade.php(355): Illuminate\\Cache\\CacheManager->__call()
#14 /var/www/html/laundryApp/app/Http/Controllers/Api/DashboardApiController.php(42): Illuminate\\Support\\Facades\\Facade::__callStatic()
#15 /var/www/html/laundryApp/vendor/laravel/framework/src/Illuminate/Routing/Controller.php(54): App\\Http\\Controllers\\Api\\DashboardApiController->summary()
#16 /var/www/html/laundryApp/vendor/laravel/framework/src/Illuminate/Routing/ControllerDispatcher.php(43): Illuminate\\Routing\\Controller->callAction()
#17 /var/www/html/laundryApp/vendor/laravel/framework/src/Illuminate/Routing/Route.php(259): Illuminate\\Routing\\ControllerDispatcher->dispatch()
#18 /var/www/html/laundryApp/vendor/laravel/framework/src/Illuminate/Routing/Route.php(205): Illuminate\\Routing\\Route->runController()
#19 /var/www/html/laundryApp/vendor/laravel/framework/src/Illuminate/Routing/Router.php(806): Illuminate\\Routing\\Route->run()
#20 /var/www/html/laundryApp/vendor/laravel/framework/src/Illuminate/Pipeline/Pipeline.php(144): Illuminate\\Routing\\Router->Illuminate\\Routing\\{closure}()
#21 /var/www/html/laundryApp/vendor/laravel/framework/src/Illuminate/Routing/Middleware/SubstituteBindings.php(50): Illuminate\\Pipeline\\Pipeline->Illuminate\\Pipeline\\{closure}()
#22 /var/www/html/laundryApp/vendor/laravel/framework/src/Illuminate/Pipeline/Pipeline.php(183): Illuminate\\Routing\\Middleware\\SubstituteBindings->handle()
#23 /var/www/html/laundryApp/vendor/laravel/framework/src/Illuminate/Routing/Middleware/ThrottleRequests.php(159): Illuminate\\Pipeline\\Pipeline->Illuminate\\Pipeline\\{closure}()
#24 /var/www/html/laundryApp/vendor/laravel/framework/src/Illuminate/Routing/Middleware/ThrottleRequests.php(125): Illuminate\\Routing\\Middleware\\ThrottleRequests->handleRequest()
#25 /var/www/html/laundryApp/vendor/laravel/framework/src/Illuminate/Routing/Middleware/ThrottleRequests.php(87): Illuminate\\Routing\\Middleware\\ThrottleRequests->handleRequestUsingNamedLimiter()
#26 /var/www/html/laundryApp/vendor/laravel/framework/src/Illuminate/Pipeline/Pipeline.php(183): Illuminate\\Routing\\Middleware\\ThrottleRequests->handle()
#27 /var/www/html/laundryApp/vendor/laravel/framework/src/Illuminate/Auth/Middleware/Authenticate.php(57): Illuminate\\Pipeline\\Pipeline->Illuminate\\Pipeline\\{closure}()
#28 /var/www/html/laundryApp/vendor/laravel/framework/src/Illuminate/Pipeline/Pipeline.php(183): Illuminate\\Auth\\Middleware\\Authenticate->handle()
#29 /var/www/html/laundryApp/vendor/laravel/sanctum/src/Http/Middleware/EnsureFrontendRequestsAreStateful.php(25): Illuminate\\Pipeline\\Pipeline->Illuminate\\Pipeline\\{closure}()
#30 /var/www/html/laundryApp/vendor/laravel/framework/src/Illuminate/Pipeline/Pipeline.php(144): Laravel\\Sanctum\\Http\\Middleware\\EnsureFrontendRequestsAreStateful->Laravel\\Sanctum\\Http\\Middleware\\{closure}()
#31 /var/www/html/laundryApp/vendor/laravel/framework/src/Illuminate/Pipeline/Pipeline.php(119): Illuminate\\Pipeline\\Pipeline->Illuminate\\Pipeline\\{closure}()
#32 /var/www/html/laundryApp/vendor/laravel/sanctum/src/Http/Middleware/EnsureFrontendRequestsAreStateful.php(24): Illuminate\\Pipeline\\Pipeline->then()
#33 /var/www/html/laundryApp/vendor/laravel/framework/src/Illuminate/Pipeline/Pipeline.php(183): Laravel\\Sanctum\\Http\\Middleware\\EnsureFrontendRequestsAreStateful->handle()
#34 /var/www/html/laundryApp/vendor/laravel/framework/src/Illuminate/Pipeline/Pipeline.php(119): Illuminate\\Pipeline\\Pipeline->Illuminate\\Pipeline\\{closure}()
#35 /var/www/html/laundryApp/vendor/laravel/framework/src/Illuminate/Routing/Router.php(805): Illuminate\\Pipeline\\Pipeline->then()
#36 /var/www/html/laundryApp/vendor/laravel/framework/src/Illuminate/Routing/Router.php(784): Illuminate\\Routing\\Router->runRouteWithinStack()
#37 /var/www/html/laundryApp/vendor/laravel/framework/src/Illuminate/Routing/Router.php(748): Illuminate\\Routing\\Router->runRoute()
#38 /var/www/html/laundryApp/vendor/laravel/framework/src/Illuminate/Routing/Router.php(737): Illuminate\\Routing\\Router->dispatchToRoute()
#39 /var/www/html/laundryApp/vendor/laravel/framework/src/Illuminate/Foundation/Http/Kernel.php(200): Illuminate\\Routing\\Router->dispatch()
#40 /var/www/html/laundryApp/vendor/laravel/framework/src/Illuminate/Pipeline/Pipeline.php(144): Illuminate\\Foundation\\Http\\Kernel->Illuminate\\Foundation\\Http\\{closure}()
#41 /var/www/html/laundryApp/vendor/laravel/framework/src/Illuminate/Foundation/Http/Middleware/TransformsRequest.php(21): Illuminate\\Pipeline\\Pipeline->Illuminate\\Pipeline\\{closure}()
#42 /var/www/html/laundryApp/vendor/laravel/framework/src/Illuminate/Foundation/Http/Middleware/ConvertEmptyStringsToNull.php(31): Illuminate\\Foundation\\Http\\Middleware\\TransformsRequest->handle()
#43 /var/www/html/laundryApp/vendor/laravel/framework/src/Illuminate/Pipeline/Pipeline.php(183): Illuminate\\Foundation\\Http\\Middleware\\ConvertEmptyStringsToNull->handle()
#44 /var/www/html/laundryApp/vendor/laravel/framework/src/Illuminate/Foundation/Http/Middleware/TransformsRequest.php(21): Illuminate\\Pipeline\\Pipeline->Illuminate\\Pipeline\\{closure}()
#45 /var/www/html/laundryApp/vendor/laravel/framework/src/Illuminate/Foundation/Http/Middleware/TrimStrings.php(40): Illuminate\\Foundation\\Http\\Middleware\\TransformsRequest->handle()
#46 /var/www/html/laundryApp/vendor/laravel/framework/src/Illuminate/Pipeline/Pipeline.php(183): Illuminate\\Foundation\\Http\\Middleware\\TrimStrings->handle()
#47 /var/www/html/laundryApp/vendor/laravel/framework/src/Illuminate/Foundation/Http/Middleware/ValidatePostSize.php(27): Illuminate\\Pipeline\\Pipeline->Illuminate\\Pipeline\\{closure}()
#48 /var/www/html/laundryApp/vendor/laravel/framework/src/Illuminate/Pipeline/Pipeline.php(183): Illuminate\\Foundation\\Http\\Middleware\\ValidatePostSize->handle()
#49 /var/www/html/laundryApp/vendor/laravel/framework/src/Illuminate/Foundation/Http/Middleware/PreventRequestsDuringMaintenance.php(99): Illuminate\\Pipeline\\Pipeline->Illuminate\\Pipeline\\{closure}()
#50 /var/www/html/laundryApp/vendor/laravel/framework/src/Illuminate/Pipeline/Pipeline.php(183): Illuminate\\Foundation\\Http\\Middleware\\PreventRequestsDuringMaintenance->handle()
#51 /var/www/html/laundryApp/vendor/laravel/framework/src/Illuminate/Http/Middleware/HandleCors.php(62): Illuminate\\Pipeline\\Pipeline->Illuminate\\Pipeline\\{closure}()
#52 /var/www/html/laundryApp/vendor/laravel/framework/src/Illuminate/Pipeline/Pipeline.php(183): Illuminate\\Http\\Middleware\\HandleCors->handle()
#53 /var/www/html/laundryApp/vendor/laravel/framework/src/Illuminate/Http/Middleware/TrustProxies.php(39): Illuminate\\Pipeline\\Pipeline->Illuminate\\Pipeline\\{closure}()
#54 /var/www/html/laundryApp/vendor/laravel/framework/src/Illuminate/Pipeline/Pipeline.php(183): Illuminate\\Http\\Middleware\\TrustProxies->handle()
#55 /var/www/html/laundryApp/vendor/laravel/framework/src/Illuminate/Pipeline/Pipeline.php(119): Illuminate\\Pipeline\\Pipeline->Illuminate\\Pipeline\\{closure}()
#56 /var/www/html/laundryApp/vendor/laravel/framework/src/Illuminate/Foundation/Http/Kernel.php(175): Illuminate\\Pipeline\\Pipeline->then()
#57 /var/www/html/laundryApp/vendor/laravel/framework/src/Illuminate/Foundation/Http/Kernel.php(144): Illuminate\\Foundation\\Http\\Kernel->sendRequestThroughRouter()
#58 /var/www/html/laundryApp/public/index.php(51): Illuminate\\Foundation\\Http\\Kernel->handle()
#59 /var/www/html/laundryApp/vendor/laravel/framework/src/Illuminate/Foundation/resources/server.php(16): require_once('...')
#60 {main}
"} 
