[2025-12-10 11:39:45] local.INFO: --- CHECK UPDATE CALLED --- {"incoming_request":{"current_version_code":1,"device_id":"d5ee7f87f3ada95d"}} 
[2025-12-10 11:39:45] local.INFO: Validated request {"device_id":"d5ee7f87f3ada95d","current_version_code":1} 
[2025-12-10 11:39:45] local.INFO: Device found {"device_id":"d5ee7f87f3ada95d","registered_version_code":1,"is_update_required_flag":0} 
[2025-12-10 11:39:45] local.INFO: Device is up to date {"device_id":"d5ee7f87f3ada95d","current_version":1} 
[2025-12-10 11:39:45] local.INFO: checkDevice request: {"device_id":"d5ee7f87f3ada95d"}  
[2025-12-10 11:50:47] local.INFO: --- CHECK UPDATE CALLED --- {"incoming_request":{"current_version_code":1,"device_id":"d5ee7f87f3ada95d"}} 
[2025-12-10 11:50:47] local.INFO: Validated request {"device_id":"d5ee7f87f3ada95d","current_version_code":1} 
[2025-12-10 11:50:47] local.INFO: Device found {"device_id":"d5ee7f87f3ada95d","registered_version_code":1,"is_update_required_flag":0} 
[2025-12-10 11:50:47] local.INFO: Device is up to date {"device_id":"d5ee7f87f3ada95d","current_version":1} 
[2025-12-10 11:50:47] local.INFO: checkDevice request: {"device_id":"d5ee7f87f3ada95d"}  
[2025-12-10 11:51:07] local.INFO: User login attempt {"license_key":"D5EE-T629K9-1C22-4A66-44F8","username":"admin"} 
[2025-12-10 11:51:08] local.INFO: Location Is Not Assigned! {"user_id":50,"location_id":0} 
[2025-12-10 12:00:15] local.INFO: User login attempt {"license_key":"D5EE-T629K9-1C22-4A66-44F8","username":"admin"} 
[2025-12-10 12:00:15] local.INFO: User login response data {"user_id":51,"data":{"user":{"name":"Bangalore admin","email":"admin@gmail.com","user_code":"USR-ADKU1CW","location_id":3,"location_name":"Electronic City","working_stages":[],"role":{"App\\Models\\user_management\\Role":{"role_id":13,"role_name":"Palnt Admin","role_code":"ROL-ADIN9A3"}},"api_key":"XDdZMI4IrtC0Wc4XsJI5vzjLrVdrY2U4en3me1ckxhKZDGgnge2VUVbeTHJO"},"permissions":{"users":["create.users","view.users","edit.users","delete.users"],"dashboard":["view.dashboard_admin"],"config_settings":["create.config_settings","view.config_settings","edit.config_settings","delete.config_settings"],"products":["view.products","create.products","edit.products","delete.products"],"reports":["view.reports"],"locations":["locations.view","locations.edit"]},"token":"771|9QRhRX7r5XofDdKP4AHykAmWXNKRxn4wFAuxl8t962765e30"}} 
[2025-12-10 12:00:15] local.INFO: User login successful {"user_id":51,"license_key":"D5EE-T629K9-1C22-4A66-44F8"} 
[2025-12-10 12:00:18] local.INFO: --- CHECK UPDATE CALLED --- {"incoming_request":{"current_version_code":1,"device_id":"d5ee7f87f3ada95d"}} 
[2025-12-10 12:00:18] local.INFO: Validated request {"device_id":"d5ee7f87f3ada95d","current_version_code":1} 
[2025-12-10 12:00:18] local.INFO: Device found {"device_id":"d5ee7f87f3ada95d","registered_version_code":1,"is_update_required_flag":0} 
[2025-12-10 12:00:18] local.INFO: Device is up to date {"device_id":"d5ee7f87f3ada95d","current_version":1} 
[2025-12-10 12:00:37] local.INFO: User login attempt {"license_key":"D5EE-T629K9-1C22-4A66-44F8","username":"admin"} 
[2025-12-10 12:00:37] local.INFO: User login response data {"user_id":51,"data":{"user":{"name":"Bangalore admin","email":"admin@gmail.com","user_code":"USR-ADKU1CW","location_id":3,"location_name":"Electronic City","working_stages":[],"role":{"App\\Models\\user_management\\Role":{"role_id":13,"role_name":"Palnt Admin","role_code":"ROL-ADIN9A3"}},"api_key":"XDdZMI4IrtC0Wc4XsJI5vzjLrVdrY2U4en3me1ckxhKZDGgnge2VUVbeTHJO"},"permissions":{"users":["create.users","view.users","edit.users","delete.users"],"dashboard":["view.dashboard_admin"],"config_settings":["create.config_settings","view.config_settings","edit.config_settings","delete.config_settings"],"products":["view.products","create.products","edit.products","delete.products"],"reports":["view.reports"],"locations":["locations.view","locations.edit"]},"token":"772|PQM1UfyGurkFDQnokYmTWH986fsJUtIjRBqs6Porce5c12a6"}} 
[2025-12-10 12:00:37] local.INFO: User login successful {"user_id":51,"license_key":"D5EE-T629K9-1C22-4A66-44F8"} 
[2025-12-10 12:00:39] local.INFO: --- CHECK UPDATE CALLED --- {"incoming_request":{"current_version_code":1,"device_id":"d5ee7f87f3ada95d"}} 
[2025-12-10 12:00:39] local.INFO: Validated request {"device_id":"d5ee7f87f3ada95d","current_version_code":1} 
[2025-12-10 12:00:39] local.INFO: Device found {"device_id":"d5ee7f87f3ada95d","registered_version_code":1,"is_update_required_flag":0} 
[2025-12-10 12:00:39] local.INFO: Device is up to date {"device_id":"d5ee7f87f3ada95d","current_version":1} 
[2025-12-10 12:02:46] local.INFO: --- CHECK UPDATE CALLED --- {"incoming_request":{"current_version_code":1,"device_id":"d5ee7f87f3ada95d"}} 
[2025-12-10 12:02:46] local.INFO: Validated request {"device_id":"d5ee7f87f3ada95d","current_version_code":1} 
[2025-12-10 12:02:46] local.INFO: Device found {"device_id":"d5ee7f87f3ada95d","registered_version_code":1,"is_update_required_flag":0} 
[2025-12-10 12:02:46] local.INFO: Device is up to date {"device_id":"d5ee7f87f3ada95d","current_version":1} 
[2025-12-10 12:02:49] local.INFO: User login attempt {"license_key":"D5EE-T629K9-1C22-4A66-44F8","username":"admin"} 
[2025-12-10 12:02:49] local.INFO: User login response data {"user_id":51,"data":{"user":{"name":"Bangalore admin","email":"admin@gmail.com","user_code":"USR-ADKU1CW","location_id":3,"location_name":"Electronic City","working_stages":[],"role":{"App\\Models\\user_management\\Role":{"role_id":13,"role_name":"Palnt Admin","role_code":"ROL-ADIN9A3"}},"api_key":"XDdZMI4IrtC0Wc4XsJI5vzjLrVdrY2U4en3me1ckxhKZDGgnge2VUVbeTHJO"},"permissions":{"users":["create.users","view.users","edit.users","delete.users"],"dashboard":["view.dashboard_admin"],"config_settings":["create.config_settings","view.config_settings","edit.config_settings","delete.config_settings"],"products":["view.products","create.products","edit.products","delete.products"],"reports":["view.reports"],"locations":["locations.view","locations.edit"]},"token":"773|CsrkHxTKlAW9NbavaQCjI7AXKNTdyDNL80MYLrli4fa2ba37"}} 
[2025-12-10 12:02:49] local.INFO: User login successful {"user_id":51,"license_key":"D5EE-T629K9-1C22-4A66-44F8"} 
[2025-12-10 12:02:52] local.INFO: --- CHECK UPDATE CALLED --- {"incoming_request":{"current_version_code":1,"device_id":"d5ee7f87f3ada95d"}} 
[2025-12-10 12:02:52] local.INFO: Validated request {"device_id":"d5ee7f87f3ada95d","current_version_code":1} 
[2025-12-10 12:02:52] local.INFO: Device found {"device_id":"d5ee7f87f3ada95d","registered_version_code":1,"is_update_required_flag":0} 
[2025-12-10 12:02:52] local.INFO: Device is up to date {"device_id":"d5ee7f87f3ada95d","current_version":1} 
[2025-12-10 12:03:09] local.INFO: getProducts: {"limit":20,"page":1,"search":null,"status":"all"}  
[2025-12-10 12:03:09] local.INFO: Products fetched response [{"id":2,"product_name":"Badsheet","product_code":"SKU-BED-01","category":"Badsheet","price":0,"expected_life_cycles":100,"quantity":3,"last_activity":{"trans_type":"fixed_reader_in","inward":1,"outward":0,"opening_stock":6,"closing_stock":7,"at":"2025-12-09 15:34:54"}},{"id":3,"product_name":"Pillow Cover","product_code":"SKU-BED-02","category":"Pillow Cover","price":0,"expected_life_cycles":101,"quantity":0,"last_activity":{"trans_type":null,"inward":0,"outward":0,"opening_stock":0,"closing_stock":0,"at":null}},{"id":4,"product_name":"Towel","product_code":"SKU-BED-03","category":"Towel","price":0,"expected_life_cycles":102,"quantity":3,"last_activity":{"trans_type":"fixed_reader_in","inward":1,"outward":0,"opening_stock":4,"closing_stock":5,"at":"2025-12-09 15:34:39"}},{"id":5,"product_name":"Blanket","product_code":"SKU-BED-04","category":"Blanket","price":0,"expected_life_cycles":103,"quantity":0,"last_activity":{"trans_type":null,"inward":0,"outward":0,"opening_stock":0,"closing_stock":0,"at":null}},{"id":6,"product_name":"Patient Gown","product_code":"SKU-BED-05","category":"Patient Gown","price":0,"expected_life_cycles":104,"quantity":0,"last_activity":{"trans_type":null,"inward":0,"outward":0,"opening_stock":0,"closing_stock":0,"at":null}},{"id":1,"product_name":"Badsheet2","product_code":"343453S","category":"Badsheet2","price":0,"expected_life_cycles":100,"quantity":0,"last_activity":{"trans_type":null,"inward":0,"outward":0,"opening_stock":0,"closing_stock":0,"at":null}}]  
[2025-12-10 12:06:28] local.INFO: --- CHECK UPDATE CALLED --- {"incoming_request":{"current_version_code":1,"device_id":"d5ee7f87f3ada95d"}} 
[2025-12-10 12:06:28] local.INFO: Validated request {"device_id":"d5ee7f87f3ada95d","current_version_code":1} 
[2025-12-10 12:06:28] local.INFO: Device found {"device_id":"d5ee7f87f3ada95d","registered_version_code":1,"is_update_required_flag":0} 
[2025-12-10 12:06:28] local.INFO: Device is up to date {"device_id":"d5ee7f87f3ada95d","current_version":1} 
[2025-12-10 12:06:32] local.INFO: User login attempt {"license_key":"D5EE-T629K9-1C22-4A66-44F8","username":"admin"} 
[2025-12-10 12:06:32] local.INFO: User login response data {"user_id":51,"data":{"user":{"name":"Bangalore admin","email":"admin@gmail.com","user_code":"USR-ADKU1CW","location_id":3,"location_name":"Electronic City","working_stages":[],"role":{"App\\Models\\user_management\\Role":{"role_id":13,"role_name":"Palnt Admin","role_code":"ROL-ADIN9A3"}},"api_key":"XDdZMI4IrtC0Wc4XsJI5vzjLrVdrY2U4en3me1ckxhKZDGgnge2VUVbeTHJO"},"permissions":{"users":["create.users","view.users","edit.users","delete.users"],"dashboard":["view.dashboard_admin"],"config_settings":["create.config_settings","view.config_settings","edit.config_settings","delete.config_settings"],"products":["view.products","create.products","edit.products","delete.products"],"reports":["view.reports"],"locations":["locations.view","locations.edit"]},"token":"774|XR41moGcliDpVY4NSpf4DrThj3flx6f4KZFBFavieced3ec1"}} 
[2025-12-10 12:06:32] local.INFO: User login successful {"user_id":51,"license_key":"D5EE-T629K9-1C22-4A66-44F8"} 
[2025-12-10 12:06:35] local.INFO: --- CHECK UPDATE CALLED --- {"incoming_request":{"current_version_code":1,"device_id":"d5ee7f87f3ada95d"}} 
[2025-12-10 12:06:35] local.INFO: Validated request {"device_id":"d5ee7f87f3ada95d","current_version_code":1} 
[2025-12-10 12:06:35] local.INFO: Device found {"device_id":"d5ee7f87f3ada95d","registered_version_code":1,"is_update_required_flag":0} 
[2025-12-10 12:06:35] local.INFO: Device is up to date {"device_id":"d5ee7f87f3ada95d","current_version":1} 
[2025-12-10 12:16:14] local.INFO: --- CHECK UPDATE CALLED --- {"incoming_request":{"current_version_code":1,"device_id":"d5ee7f87f3ada95d"}} 
[2025-12-10 12:16:14] local.INFO: Validated request {"device_id":"d5ee7f87f3ada95d","current_version_code":1} 
[2025-12-10 12:16:14] local.INFO: Device found {"device_id":"d5ee7f87f3ada95d","registered_version_code":1,"is_update_required_flag":0} 
[2025-12-10 12:16:14] local.INFO: Device is up to date {"device_id":"d5ee7f87f3ada95d","current_version":1} 
[2025-12-10 12:16:18] local.INFO: User login attempt {"license_key":"D5EE-T629K9-1C22-4A66-44F8","username":"admin"} 
[2025-12-10 12:16:18] local.INFO: User login response data {"user_id":51,"data":{"user":{"name":"Bangalore admin","email":"admin@gmail.com","user_code":"USR-ADKU1CW","location_id":3,"location_name":"Electronic City","working_stages":[],"role":{"App\\Models\\user_management\\Role":{"role_id":13,"role_name":"Palnt Admin","role_code":"ROL-ADIN9A3"}},"api_key":"XDdZMI4IrtC0Wc4XsJI5vzjLrVdrY2U4en3me1ckxhKZDGgnge2VUVbeTHJO"},"permissions":{"users":["create.users","view.users","edit.users","delete.users"],"dashboard":["view.dashboard_admin"],"config_settings":["create.config_settings","view.config_settings","edit.config_settings","delete.config_settings"],"products":["view.products","create.products","edit.products","delete.products"],"reports":["view.reports"],"locations":["locations.view","locations.edit"],"inventory":["view.inventory","create.inventory","edit.inventory","delete.inventory","write.inventory","lock.inventory"]},"token":"775|Veq0parJ3C9hQG2dTC7kasPRwVDrAIx2G6F5CL9qc1828ea1"}} 
[2025-12-10 12:16:18] local.INFO: User login successful {"user_id":51,"license_key":"D5EE-T629K9-1C22-4A66-44F8"} 
[2025-12-10 12:16:21] local.INFO: --- CHECK UPDATE CALLED --- {"incoming_request":{"current_version_code":1,"device_id":"d5ee7f87f3ada95d"}} 
[2025-12-10 12:16:21] local.INFO: Validated request {"device_id":"d5ee7f87f3ada95d","current_version_code":1} 
[2025-12-10 12:16:21] local.INFO: Device found {"device_id":"d5ee7f87f3ada95d","registered_version_code":1,"is_update_required_flag":0} 
[2025-12-10 12:16:21] local.INFO: Device is up to date {"device_id":"d5ee7f87f3ada95d","current_version":1} 
[2025-12-10 12:57:18] local.INFO: --- CHECK UPDATE CALLED --- {"incoming_request":{"current_version_code":1,"device_id":"d5ee7f87f3ada95d"}} 
[2025-12-10 12:57:18] local.INFO: Validated request {"device_id":"d5ee7f87f3ada95d","current_version_code":1} 
[2025-12-10 12:57:18] local.INFO: Device found {"device_id":"d5ee7f87f3ada95d","registered_version_code":1,"is_update_required_flag":0} 
[2025-12-10 12:57:18] local.INFO: Device is up to date {"device_id":"d5ee7f87f3ada95d","current_version":1} 
[2025-12-10 12:57:22] local.INFO: User login attempt {"license_key":"D5EE-T629K9-1C22-4A66-44F8","username":"admin"} 
[2025-12-10 12:57:23] local.INFO: User login response data {"user_id":51,"data":{"user":{"name":"Bangalore admin","email":"admin@gmail.com","user_code":"USR-ADKU1CW","location_id":3,"location_name":"Electronic City","working_stages":[],"role":{"App\\Models\\user_management\\Role":{"role_id":13,"role_name":"Palnt Admin","role_code":"ROL-ADIN9A3"}},"api_key":"XDdZMI4IrtC0Wc4XsJI5vzjLrVdrY2U4en3me1ckxhKZDGgnge2VUVbeTHJO"},"permissions":{"users":["create.users","view.users","edit.users","delete.users"],"dashboard":["view.dashboard_admin"],"config_settings":["create.config_settings","view.config_settings","edit.config_settings","delete.config_settings"],"products":["view.products","create.products","edit.products","delete.products"],"reports":["view.reports"],"locations":["locations.view","locations.edit"],"inventory":["view.inventory","create.inventory","edit.inventory","delete.inventory","write.inventory","lock.inventory"]},"token":"776|KG0UqrhggogTfrMldmNljvnWdewbQdQtJVrvhxcFca700fdb"}} 
[2025-12-10 12:57:23] local.INFO: User login successful {"user_id":51,"license_key":"D5EE-T629K9-1C22-4A66-44F8"} 
[2025-12-10 12:57:25] local.INFO: --- CHECK UPDATE CALLED --- {"incoming_request":{"current_version_code":1,"device_id":"d5ee7f87f3ada95d"}} 
[2025-12-10 12:57:25] local.INFO: Validated request {"device_id":"d5ee7f87f3ada95d","current_version_code":1} 
[2025-12-10 12:57:25] local.INFO: Device found {"device_id":"d5ee7f87f3ada95d","registered_version_code":1,"is_update_required_flag":0} 
[2025-12-10 12:57:25] local.INFO: Device is up to date {"device_id":"d5ee7f87f3ada95d","current_version":1} 
[2025-12-10 12:57:28] local.INFO: getProducts: {"limit":20,"page":1,"search":null,"status":"all"}  
[2025-12-10 12:57:28] local.INFO: Products fetched response [{"id":2,"product_name":"Badsheet","product_code":"SKU-BED-01","category":"Badsheet","price":0,"expected_life_cycles":100,"quantity":3,"last_activity":{"trans_type":"fixed_reader_in","inward":1,"outward":0,"opening_stock":6,"closing_stock":7,"at":"2025-12-09 15:34:54"}},{"id":3,"product_name":"Pillow Cover","product_code":"SKU-BED-02","category":"Pillow Cover","price":0,"expected_life_cycles":101,"quantity":0,"last_activity":{"trans_type":null,"inward":0,"outward":0,"opening_stock":0,"closing_stock":0,"at":null}},{"id":4,"product_name":"Towel","product_code":"SKU-BED-03","category":"Towel","price":0,"expected_life_cycles":102,"quantity":3,"last_activity":{"trans_type":"fixed_reader_in","inward":1,"outward":0,"opening_stock":4,"closing_stock":5,"at":"2025-12-09 15:34:39"}},{"id":5,"product_name":"Blanket","product_code":"SKU-BED-04","category":"Blanket","price":0,"expected_life_cycles":103,"quantity":0,"last_activity":{"trans_type":null,"inward":0,"outward":0,"opening_stock":0,"closing_stock":0,"at":null}},{"id":6,"product_name":"Patient Gown","product_code":"SKU-BED-05","category":"Patient Gown","price":0,"expected_life_cycles":104,"quantity":0,"last_activity":{"trans_type":null,"inward":0,"outward":0,"opening_stock":0,"closing_stock":0,"at":null}},{"id":1,"product_name":"Badsheet2","product_code":"343453S","category":"Badsheet2","price":0,"expected_life_cycles":100,"quantity":0,"last_activity":{"trans_type":null,"inward":0,"outward":0,"opening_stock":0,"closing_stock":0,"at":null}}]  
[2025-12-10 12:59:05] local.INFO: Fetching tag details for EPC: E2004700E4D1662B01EC849D  
[2025-12-10 12:59:12] local.INFO: Fetching tag details for EPC: E2004700E4D1662B01EC849D  
[2025-12-10 12:59:46] local.INFO: --- CHECK UPDATE CALLED --- {"incoming_request":{"current_version_code":1,"device_id":"d5ee7f87f3ada95d"}} 
[2025-12-10 12:59:46] local.INFO: Validated request {"device_id":"d5ee7f87f3ada95d","current_version_code":1} 
[2025-12-10 12:59:46] local.INFO: Device found {"device_id":"d5ee7f87f3ada95d","registered_version_code":1,"is_update_required_flag":0} 
[2025-12-10 12:59:46] local.INFO: Device is up to date {"device_id":"d5ee7f87f3ada95d","current_version":1} 
[2025-12-10 12:59:49] local.INFO: User login attempt {"license_key":"D5EE-T629K9-1C22-4A66-44F8","username":"admin"} 
[2025-12-10 12:59:49] local.INFO: User login response data {"user_id":51,"data":{"user":{"name":"Bangalore admin","email":"admin@gmail.com","user_code":"USR-ADKU1CW","location_id":3,"location_name":"Electronic City","working_stages":[],"role":{"App\\Models\\user_management\\Role":{"role_id":13,"role_name":"Palnt Admin","role_code":"ROL-ADIN9A3"}},"api_key":"XDdZMI4IrtC0Wc4XsJI5vzjLrVdrY2U4en3me1ckxhKZDGgnge2VUVbeTHJO"},"permissions":{"users":["create.users","view.users","edit.users","delete.users"],"dashboard":["view.dashboard_admin"],"config_settings":["create.config_settings","view.config_settings","edit.config_settings","delete.config_settings"],"products":["view.products","create.products","edit.products","delete.products"],"reports":["view.reports"],"locations":["locations.view","locations.edit"],"inventory":["view.inventory","create.inventory","edit.inventory","delete.inventory","write.inventory","lock.inventory"]},"token":"777|MlBAs875F40mJlHJADW7xXesXExbL66rNdYC9BEM92160175"}} 
[2025-12-10 12:59:49] local.INFO: User login successful {"user_id":51,"license_key":"D5EE-T629K9-1C22-4A66-44F8"} 
[2025-12-10 12:59:51] local.INFO: --- CHECK UPDATE CALLED --- {"incoming_request":{"current_version_code":1,"device_id":"d5ee7f87f3ada95d"}} 
[2025-12-10 12:59:51] local.INFO: Validated request {"device_id":"d5ee7f87f3ada95d","current_version_code":1} 
[2025-12-10 12:59:51] local.INFO: Device found {"device_id":"d5ee7f87f3ada95d","registered_version_code":1,"is_update_required_flag":0} 
[2025-12-10 12:59:51] local.INFO: Device is up to date {"device_id":"d5ee7f87f3ada95d","current_version":1} 
[2025-12-10 13:05:10] local.INFO: --- CHECK UPDATE CALLED --- {"incoming_request":{"current_version_code":1,"device_id":"d5ee7f87f3ada95d"}} 
[2025-12-10 13:05:10] local.INFO: Validated request {"device_id":"d5ee7f87f3ada95d","current_version_code":1} 
[2025-12-10 13:05:10] local.INFO: Device found {"device_id":"d5ee7f87f3ada95d","registered_version_code":1,"is_update_required_flag":0} 
[2025-12-10 13:05:10] local.INFO: Device is up to date {"device_id":"d5ee7f87f3ada95d","current_version":1} 
[2025-12-10 13:05:17] local.INFO: --- CHECK UPDATE CALLED --- {"incoming_request":{"current_version_code":1,"device_id":"d5ee7f87f3ada95d"}} 
[2025-12-10 13:05:17] local.INFO: Validated request {"device_id":"d5ee7f87f3ada95d","current_version_code":1} 
[2025-12-10 13:05:17] local.INFO: Device found {"device_id":"d5ee7f87f3ada95d","registered_version_code":1,"is_update_required_flag":0} 
[2025-12-10 13:05:17] local.INFO: Device is up to date {"device_id":"d5ee7f87f3ada95d","current_version":1} 
[2025-12-10 13:11:51] local.INFO: --- CHECK UPDATE CALLED --- {"incoming_request":{"current_version_code":1,"device_id":"d5ee7f87f3ada95d"}} 
[2025-12-10 13:11:51] local.INFO: Validated request {"device_id":"d5ee7f87f3ada95d","current_version_code":1} 
[2025-12-10 13:11:51] local.INFO: Device found {"device_id":"d5ee7f87f3ada95d","registered_version_code":1,"is_update_required_flag":0} 
[2025-12-10 13:11:51] local.INFO: Device is up to date {"device_id":"d5ee7f87f3ada95d","current_version":1} 
[2025-12-10 13:11:54] local.INFO: User login attempt {"license_key":"D5EE-T629K9-1C22-4A66-44F8","username":"admin"} 
[2025-12-10 13:11:54] local.INFO: User login response data {"user_id":51,"data":{"user":{"name":"Bangalore admin","email":"admin@gmail.com","user_code":"USR-ADKU1CW","location_id":3,"location_name":"Electronic City","working_stages":[],"role":{"App\\Models\\user_management\\Role":{"role_id":13,"role_name":"Palnt Admin","role_code":"ROL-ADIN9A3"}},"api_key":"XDdZMI4IrtC0Wc4XsJI5vzjLrVdrY2U4en3me1ckxhKZDGgnge2VUVbeTHJO"},"permissions":{"users":["create.users","view.users","edit.users","delete.users"],"dashboard":["view.dashboard_admin"],"config_settings":["create.config_settings","view.config_settings","edit.config_settings","delete.config_settings"],"products":["view.products","create.products","edit.products","delete.products"],"reports":["view.reports"],"locations":["locations.view","locations.edit"],"inventory":["view.inventory","create.inventory","edit.inventory","delete.inventory","write.inventory","lock.inventory"]},"token":"778|jqcW7tFhAeJelosJDmMDQbY1ed26zAERoDfVRN1Pe4b3ff61"}} 
[2025-12-10 13:11:54] local.INFO: User login successful {"user_id":51,"license_key":"D5EE-T629K9-1C22-4A66-44F8"} 
[2025-12-10 13:11:57] local.INFO: --- CHECK UPDATE CALLED --- {"incoming_request":{"current_version_code":1,"device_id":"d5ee7f87f3ada95d"}} 
[2025-12-10 13:11:57] local.INFO: Validated request {"device_id":"d5ee7f87f3ada95d","current_version_code":1} 
[2025-12-10 13:11:57] local.INFO: Device found {"device_id":"d5ee7f87f3ada95d","registered_version_code":1,"is_update_required_flag":0} 
[2025-12-10 13:11:57] local.INFO: Device is up to date {"device_id":"d5ee7f87f3ada95d","current_version":1} 
[2025-12-10 13:12:28] local.INFO: Fetching tag details for EPC: E280117000000219059F9011  
[2025-12-10 13:13:24] local.INFO: --- CHECK UPDATE CALLED --- {"incoming_request":{"current_version_code":1,"device_id":"d5ee7f87f3ada95d"}} 
[2025-12-10 13:13:24] local.INFO: Validated request {"device_id":"d5ee7f87f3ada95d","current_version_code":1} 
[2025-12-10 13:13:24] local.INFO: Device found {"device_id":"d5ee7f87f3ada95d","registered_version_code":1,"is_update_required_flag":0} 
[2025-12-10 13:13:24] local.INFO: Device is up to date {"device_id":"d5ee7f87f3ada95d","current_version":1} 
[2025-12-10 13:13:30] local.INFO: --- CHECK UPDATE CALLED --- {"incoming_request":{"current_version_code":1,"device_id":"d5ee7f87f3ada95d"}} 
[2025-12-10 13:13:30] local.INFO: Validated request {"device_id":"d5ee7f87f3ada95d","current_version_code":1} 
[2025-12-10 13:13:30] local.INFO: Device found {"device_id":"d5ee7f87f3ada95d","registered_version_code":1,"is_update_required_flag":0} 
[2025-12-10 13:13:30] local.INFO: Device is up to date {"device_id":"d5ee7f87f3ada95d","current_version":1} 
[2025-12-10 13:15:08] local.INFO: --- CHECK UPDATE CALLED --- {"incoming_request":{"current_version_code":1,"device_id":"d5ee7f87f3ada95d"}} 
[2025-12-10 13:15:08] local.INFO: Validated request {"device_id":"d5ee7f87f3ada95d","current_version_code":1} 
[2025-12-10 13:15:08] local.INFO: Device found {"device_id":"d5ee7f87f3ada95d","registered_version_code":1,"is_update_required_flag":0} 
[2025-12-10 13:15:08] local.INFO: Device is up to date {"device_id":"d5ee7f87f3ada95d","current_version":1} 
[2025-12-10 13:15:11] local.INFO: User login attempt {"license_key":"D5EE-T629K9-1C22-4A66-44F8","username":"admin"} 
[2025-12-10 13:15:11] local.INFO: User login response data {"user_id":51,"data":{"user":{"name":"Bangalore admin","email":"admin@gmail.com","user_code":"USR-ADKU1CW","location_id":3,"location_name":"Electronic City","working_stages":[],"role":{"App\\Models\\user_management\\Role":{"role_id":13,"role_name":"Palnt Admin","role_code":"ROL-ADIN9A3"}},"api_key":"XDdZMI4IrtC0Wc4XsJI5vzjLrVdrY2U4en3me1ckxhKZDGgnge2VUVbeTHJO"},"permissions":{"users":["create.users","view.users","edit.users","delete.users"],"dashboard":["view.dashboard_admin"],"config_settings":["create.config_settings","view.config_settings","edit.config_settings","delete.config_settings"],"products":["view.products","create.products","edit.products","delete.products"],"reports":["view.reports"],"locations":["locations.view","locations.edit"],"inventory":["view.inventory","create.inventory","edit.inventory","delete.inventory","write.inventory","lock.inventory"]},"token":"779|JzTlEIkjOV468fBIuXwohLomKcB9b9Vehsu9jPib0ddf61f8"}} 
[2025-12-10 13:15:11] local.INFO: User login successful {"user_id":51,"license_key":"D5EE-T629K9-1C22-4A66-44F8"} 
[2025-12-10 13:15:13] local.INFO: --- CHECK UPDATE CALLED --- {"incoming_request":{"current_version_code":1,"device_id":"d5ee7f87f3ada95d"}} 
[2025-12-10 13:15:13] local.INFO: Validated request {"device_id":"d5ee7f87f3ada95d","current_version_code":1} 
[2025-12-10 13:15:13] local.INFO: Device found {"device_id":"d5ee7f87f3ada95d","registered_version_code":1,"is_update_required_flag":0} 
[2025-12-10 13:15:13] local.INFO: Device is up to date {"device_id":"d5ee7f87f3ada95d","current_version":1} 
[2025-12-10 13:17:30] local.INFO: --- CHECK UPDATE CALLED --- {"incoming_request":{"current_version_code":1,"device_id":"d5ee7f87f3ada95d"}} 
[2025-12-10 13:17:30] local.INFO: Validated request {"device_id":"d5ee7f87f3ada95d","current_version_code":1} 
[2025-12-10 13:17:30] local.INFO: Device found {"device_id":"d5ee7f87f3ada95d","registered_version_code":1,"is_update_required_flag":0} 
[2025-12-10 13:17:30] local.INFO: Device is up to date {"device_id":"d5ee7f87f3ada95d","current_version":1} 
[2025-12-10 13:17:38] local.INFO: User login attempt {"license_key":"D5EE-T629K9-1C22-4A66-44F8","username":"admin"} 
[2025-12-10 13:17:38] local.INFO: User login response data {"user_id":51,"data":{"user":{"name":"Bangalore admin","email":"admin@gmail.com","user_code":"USR-ADKU1CW","location_id":3,"location_name":"Electronic City","working_stages":[],"role":{"App\\Models\\user_management\\Role":{"role_id":13,"role_name":"Palnt Admin","role_code":"ROL-ADIN9A3"}},"api_key":"XDdZMI4IrtC0Wc4XsJI5vzjLrVdrY2U4en3me1ckxhKZDGgnge2VUVbeTHJO"},"permissions":{"users":["create.users","view.users","edit.users","delete.users"],"dashboard":["view.dashboard_admin"],"config_settings":["create.config_settings","view.config_settings","edit.config_settings","delete.config_settings"],"products":["view.products","create.products","edit.products","delete.products"],"reports":["view.reports"],"locations":["locations.view","locations.edit"],"inventory":["view.inventory","create.inventory","edit.inventory","delete.inventory","write.inventory","lock.inventory"]},"token":"780|f9YTfGc27omA2LB6XAAkj9eHvwCw4ZmEXubNx5Pn497cedb5"}} 
[2025-12-10 13:17:38] local.INFO: User login successful {"user_id":51,"license_key":"D5EE-T629K9-1C22-4A66-44F8"} 
[2025-12-10 13:17:40] local.INFO: --- CHECK UPDATE CALLED --- {"incoming_request":{"current_version_code":1,"device_id":"d5ee7f87f3ada95d"}} 
[2025-12-10 13:17:40] local.INFO: Validated request {"device_id":"d5ee7f87f3ada95d","current_version_code":1} 
[2025-12-10 13:17:40] local.INFO: Device found {"device_id":"d5ee7f87f3ada95d","registered_version_code":1,"is_update_required_flag":0} 
[2025-12-10 13:17:40] local.INFO: Device is up to date {"device_id":"d5ee7f87f3ada95d","current_version":1} 
[2025-12-10 13:19:46] local.INFO: --- CHECK UPDATE CALLED --- {"incoming_request":{"current_version_code":1,"device_id":"d5ee7f87f3ada95d"}} 
[2025-12-10 13:19:46] local.INFO: Validated request {"device_id":"d5ee7f87f3ada95d","current_version_code":1} 
[2025-12-10 13:19:46] local.INFO: Device found {"device_id":"d5ee7f87f3ada95d","registered_version_code":1,"is_update_required_flag":0} 
[2025-12-10 13:19:46] local.INFO: Device is up to date {"device_id":"d5ee7f87f3ada95d","current_version":1} 
[2025-12-10 13:19:50] local.INFO: User login attempt {"license_key":"D5EE-T629K9-1C22-4A66-44F8","username":"admin"} 
[2025-12-10 13:19:50] local.INFO: User login response data {"user_id":51,"data":{"user":{"name":"Bangalore admin","email":"admin@gmail.com","user_code":"USR-ADKU1CW","location_id":3,"location_name":"Electronic City","working_stages":[],"role":{"App\\Models\\user_management\\Role":{"role_id":13,"role_name":"Palnt Admin","role_code":"ROL-ADIN9A3"}},"api_key":"XDdZMI4IrtC0Wc4XsJI5vzjLrVdrY2U4en3me1ckxhKZDGgnge2VUVbeTHJO"},"permissions":{"users":["create.users","view.users","edit.users","delete.users"],"dashboard":["view.dashboard_admin"],"config_settings":["create.config_settings","view.config_settings","edit.config_settings","delete.config_settings"],"products":["view.products","create.products","edit.products","delete.products"],"reports":["view.reports"],"locations":["locations.view","locations.edit"],"inventory":["view.inventory","create.inventory","edit.inventory","delete.inventory","write.inventory","lock.inventory"]},"token":"781|VlcFfObd3v2Cl2mB6GZahYJWp7RPmVL0ouN4nOFIc8f0be4e"}} 
[2025-12-10 13:19:50] local.INFO: User login successful {"user_id":51,"license_key":"D5EE-T629K9-1C22-4A66-44F8"} 
[2025-12-10 13:19:52] local.INFO: --- CHECK UPDATE CALLED --- {"incoming_request":{"current_version_code":1,"device_id":"d5ee7f87f3ada95d"}} 
[2025-12-10 13:19:52] local.INFO: Validated request {"device_id":"d5ee7f87f3ada95d","current_version_code":1} 
[2025-12-10 13:19:52] local.INFO: Device found {"device_id":"d5ee7f87f3ada95d","registered_version_code":1,"is_update_required_flag":0} 
[2025-12-10 13:19:52] local.INFO: Device is up to date {"device_id":"d5ee7f87f3ada95d","current_version":1} 
[2025-12-10 13:31:22] local.INFO: --- CHECK UPDATE CALLED --- {"incoming_request":{"current_version_code":1,"device_id":"d5ee7f87f3ada95d"}} 
[2025-12-10 13:31:22] local.INFO: Validated request {"device_id":"d5ee7f87f3ada95d","current_version_code":1} 
[2025-12-10 13:31:22] local.INFO: Device found {"device_id":"d5ee7f87f3ada95d","registered_version_code":1,"is_update_required_flag":0} 
[2025-12-10 13:31:22] local.INFO: Device is up to date {"device_id":"d5ee7f87f3ada95d","current_version":1} 
[2025-12-10 13:31:34] local.INFO: User login attempt {"license_key":"D5EE-T629K9-1C22-4A66-44F8","username":"admin"} 
[2025-12-10 13:31:34] local.INFO: User login response data {"user_id":51,"data":{"user":{"name":"Bangalore admin","email":"admin@gmail.com","user_code":"USR-ADKU1CW","location_id":3,"location_name":"Electronic City","working_stages":[],"role":{"App\\Models\\user_management\\Role":{"role_id":13,"role_name":"Palnt Admin","role_code":"ROL-ADIN9A3"}},"api_key":"XDdZMI4IrtC0Wc4XsJI5vzjLrVdrY2U4en3me1ckxhKZDGgnge2VUVbeTHJO"},"permissions":{"users":["create.users","view.users","edit.users","delete.users"],"dashboard":["view.dashboard_admin"],"config_settings":["create.config_settings","view.config_settings","edit.config_settings","delete.config_settings"],"products":["view.products","create.products","edit.products","delete.products"],"reports":["view.reports"],"locations":["locations.view","locations.edit"],"inventory":["view.inventory","create.inventory","edit.inventory","delete.inventory","write.inventory","lock.inventory"]},"token":"782|xXjV9hKbt0zZlWKFZxlybqsRpgoTTd9IcxUmES2t794f9103"}} 
[2025-12-10 13:31:34] local.INFO: User login successful {"user_id":51,"license_key":"D5EE-T629K9-1C22-4A66-44F8"} 
[2025-12-10 13:31:37] local.INFO: --- CHECK UPDATE CALLED --- {"incoming_request":{"current_version_code":1,"device_id":"d5ee7f87f3ada95d"}} 
[2025-12-10 13:31:37] local.INFO: Validated request {"device_id":"d5ee7f87f3ada95d","current_version_code":1} 
[2025-12-10 13:31:37] local.INFO: Device found {"device_id":"d5ee7f87f3ada95d","registered_version_code":1,"is_update_required_flag":0} 
[2025-12-10 13:31:37] local.INFO: Device is up to date {"device_id":"d5ee7f87f3ada95d","current_version":1} 
[2025-12-10 13:36:19] local.INFO: --- CHECK UPDATE CALLED --- {"incoming_request":{"current_version_code":1,"device_id":"d5ee7f87f3ada95d"}} 
[2025-12-10 13:36:19] local.INFO: Validated request {"device_id":"d5ee7f87f3ada95d","current_version_code":1} 
[2025-12-10 13:36:19] local.INFO: Device found {"device_id":"d5ee7f87f3ada95d","registered_version_code":1,"is_update_required_flag":0} 
[2025-12-10 13:36:19] local.INFO: Device is up to date {"device_id":"d5ee7f87f3ada95d","current_version":1} 
[2025-12-10 13:36:27] local.INFO: User login attempt {"license_key":"D5EE-T629K9-1C22-4A66-44F8","username":"admin"} 
[2025-12-10 13:36:27] local.INFO: User login response data {"user_id":51,"data":{"user":{"name":"Bangalore admin","email":"admin@gmail.com","user_code":"USR-ADKU1CW","location_id":3,"location_name":"Electronic City","working_stages":[],"role":{"App\\Models\\user_management\\Role":{"role_id":13,"role_name":"Palnt Admin","role_code":"ROL-ADIN9A3"}},"api_key":"XDdZMI4IrtC0Wc4XsJI5vzjLrVdrY2U4en3me1ckxhKZDGgnge2VUVbeTHJO"},"permissions":{"users":["create.users","view.users","edit.users","delete.users"],"dashboard":["view.dashboard_admin"],"config_settings":["create.config_settings","view.config_settings","edit.config_settings","delete.config_settings"],"products":["view.products","create.products","edit.products","delete.products"],"reports":["view.reports"],"locations":["locations.view","locations.edit"],"inventory":["view.inventory","create.inventory","edit.inventory","delete.inventory","write.inventory","lock.inventory"]},"token":"783|J3e38Wr9PsY9pLbJKmBOWnzERDuLwMdjbgoJxg8Qcbc6a7f5"}} 
[2025-12-10 13:36:27] local.INFO: User login successful {"user_id":51,"license_key":"D5EE-T629K9-1C22-4A66-44F8"} 
[2025-12-10 13:36:29] local.INFO: --- CHECK UPDATE CALLED --- {"incoming_request":{"current_version_code":1,"device_id":"d5ee7f87f3ada95d"}} 
[2025-12-10 13:36:29] local.INFO: Validated request {"device_id":"d5ee7f87f3ada95d","current_version_code":1} 
[2025-12-10 13:36:29] local.INFO: Device found {"device_id":"d5ee7f87f3ada95d","registered_version_code":1,"is_update_required_flag":0} 
[2025-12-10 13:36:29] local.INFO: Device is up to date {"device_id":"d5ee7f87f3ada95d","current_version":1} 
[2025-12-10 13:37:10] local.INFO: --- CHECK UPDATE CALLED --- {"incoming_request":{"current_version_code":1,"device_id":"d5ee7f87f3ada95d"}} 
[2025-12-10 13:37:10] local.INFO: Validated request {"device_id":"d5ee7f87f3ada95d","current_version_code":1} 
[2025-12-10 13:37:10] local.INFO: Device found {"device_id":"d5ee7f87f3ada95d","registered_version_code":1,"is_update_required_flag":0} 
[2025-12-10 13:37:10] local.INFO: Device is up to date {"device_id":"d5ee7f87f3ada95d","current_version":1} 
[2025-12-10 13:37:18] local.INFO: User login attempt {"license_key":"D5EE-T629K9-1C22-4A66-44F8","username":"admin"} 
[2025-12-10 13:37:18] local.INFO: User login response data {"user_id":51,"data":{"user":{"name":"Bangalore admin","email":"admin@gmail.com","user_code":"USR-ADKU1CW","location_id":3,"location_name":"Electronic City","working_stages":[],"role":{"App\\Models\\user_management\\Role":{"role_id":13,"role_name":"Palnt Admin","role_code":"ROL-ADIN9A3"}},"api_key":"XDdZMI4IrtC0Wc4XsJI5vzjLrVdrY2U4en3me1ckxhKZDGgnge2VUVbeTHJO"},"permissions":{"users":["create.users","view.users","edit.users","delete.users"],"dashboard":["view.dashboard_admin"],"config_settings":["create.config_settings","view.config_settings","edit.config_settings","delete.config_settings"],"products":["view.products","create.products","edit.products","delete.products"],"reports":["view.reports"],"locations":["locations.view","locations.edit"],"inventory":["view.inventory","create.inventory","edit.inventory","delete.inventory","write.inventory","lock.inventory"]},"token":"784|yEAu2oyFzwPESDzaXn0xYYAu5v4BjMR4Pt5EqHNg94e49cb3"}} 
[2025-12-10 13:37:18] local.INFO: User login successful {"user_id":51,"license_key":"D5EE-T629K9-1C22-4A66-44F8"} 
[2025-12-10 13:37:20] local.INFO: --- CHECK UPDATE CALLED --- {"incoming_request":{"current_version_code":1,"device_id":"d5ee7f87f3ada95d"}} 
[2025-12-10 13:37:20] local.INFO: Validated request {"device_id":"d5ee7f87f3ada95d","current_version_code":1} 
[2025-12-10 13:37:20] local.INFO: Device found {"device_id":"d5ee7f87f3ada95d","registered_version_code":1,"is_update_required_flag":0} 
[2025-12-10 13:37:20] local.INFO: Device is up to date {"device_id":"d5ee7f87f3ada95d","current_version":1} 
[2025-12-10 13:40:32] local.INFO: --- CHECK UPDATE CALLED --- {"incoming_request":{"current_version_code":1,"device_id":"d5ee7f87f3ada95d"}} 
[2025-12-10 13:40:32] local.INFO: Validated request {"device_id":"d5ee7f87f3ada95d","current_version_code":1} 
[2025-12-10 13:40:32] local.INFO: Device found {"device_id":"d5ee7f87f3ada95d","registered_version_code":1,"is_update_required_flag":0} 
[2025-12-10 13:40:32] local.INFO: Device is up to date {"device_id":"d5ee7f87f3ada95d","current_version":1} 
[2025-12-10 13:40:38] local.INFO: User login attempt {"license_key":"D5EE-T629K9-1C22-4A66-44F8","username":"admin"} 
[2025-12-10 13:40:38] local.INFO: User login response data {"user_id":51,"data":{"user":{"name":"Bangalore admin","email":"admin@gmail.com","user_code":"USR-ADKU1CW","location_id":3,"location_name":"Electronic City","working_stages":[],"role":{"App\\Models\\user_management\\Role":{"role_id":13,"role_name":"Palnt Admin","role_code":"ROL-ADIN9A3"}},"api_key":"XDdZMI4IrtC0Wc4XsJI5vzjLrVdrY2U4en3me1ckxhKZDGgnge2VUVbeTHJO"},"permissions":{"users":["create.users","view.users","edit.users","delete.users"],"dashboard":["view.dashboard_admin"],"config_settings":["create.config_settings","view.config_settings","edit.config_settings","delete.config_settings"],"products":["view.products","create.products","edit.products","delete.products"],"reports":["view.reports"],"locations":["locations.view","locations.edit"],"inventory":["view.inventory","create.inventory","edit.inventory","delete.inventory","write.inventory","lock.inventory"]},"token":"785|5uOHEG44dirxU6fpm2LWLKIxxGv7aK2RdcYbZlnMc66dd167"}} 
[2025-12-10 13:40:38] local.INFO: User login successful {"user_id":51,"license_key":"D5EE-T629K9-1C22-4A66-44F8"} 
[2025-12-10 13:40:40] local.INFO: --- CHECK UPDATE CALLED --- {"incoming_request":{"current_version_code":1,"device_id":"d5ee7f87f3ada95d"}} 
[2025-12-10 13:40:40] local.INFO: Validated request {"device_id":"d5ee7f87f3ada95d","current_version_code":1} 
[2025-12-10 13:40:40] local.INFO: Device found {"device_id":"d5ee7f87f3ada95d","registered_version_code":1,"is_update_required_flag":0} 
[2025-12-10 13:40:40] local.INFO: Device is up to date {"device_id":"d5ee7f87f3ada95d","current_version":1} 
[2025-12-10 13:40:54] local.INFO: --- CHECK UPDATE CALLED --- {"incoming_request":{"current_version_code":1,"device_id":"d5ee7f87f3ada95d"}} 
[2025-12-10 13:40:54] local.INFO: Validated request {"device_id":"d5ee7f87f3ada95d","current_version_code":1} 
[2025-12-10 13:40:54] local.INFO: Device found {"device_id":"d5ee7f87f3ada95d","registered_version_code":1,"is_update_required_flag":0} 
[2025-12-10 13:40:54] local.INFO: Device is up to date {"device_id":"d5ee7f87f3ada95d","current_version":1} 
[2025-12-10 13:40:58] local.INFO: Fetching tag details for EPC: E2801170000002136AA2DD1F  
[2025-12-10 13:40:58] local.INFO: tagDetailsByEpc response: {"success":true,"message":"Tag details loaded","inventory":{"id":10,"epc_code":"E2801170000002136AA2DD1F","tag_code":null,"product_id":2,"location_id":3,"status":"clean","status_text":"Inactive","last_scanned_at":"2025-12-09T08:28:20.000000Z","mapped_at":"2025-12-05T09:09:41.000000Z","product_name":"Badsheet","product_code":"","category":"Badsheet","sku":"SKU-BED-01"}}  
[2025-12-10 13:41:05] local.INFO: Fetching tag details for EPC: E280117000000219059F9011  
[2025-12-10 13:46:13] local.INFO: --- CHECK UPDATE CALLED --- {"incoming_request":{"current_version_code":1,"device_id":"d5ee7f87f3ada95d"}} 
[2025-12-10 13:46:13] local.INFO: Validated request {"device_id":"d5ee7f87f3ada95d","current_version_code":1} 
[2025-12-10 13:46:13] local.INFO: Device found {"device_id":"d5ee7f87f3ada95d","registered_version_code":1,"is_update_required_flag":0} 
[2025-12-10 13:46:13] local.INFO: Device is up to date {"device_id":"d5ee7f87f3ada95d","current_version":1} 
[2025-12-10 13:46:17] local.INFO: User login attempt {"license_key":"D5EE-T629K9-1C22-4A66-44F8","username":"admin"} 
[2025-12-10 13:46:17] local.INFO: User login response data {"user_id":51,"data":{"user":{"name":"Bangalore admin","email":"admin@gmail.com","user_code":"USR-ADKU1CW","location_id":3,"location_name":"Electronic City","working_stages":[],"role":{"App\\Models\\user_management\\Role":{"role_id":13,"role_name":"Palnt Admin","role_code":"ROL-ADIN9A3"}},"api_key":"XDdZMI4IrtC0Wc4XsJI5vzjLrVdrY2U4en3me1ckxhKZDGgnge2VUVbeTHJO"},"permissions":{"users":["create.users","view.users","edit.users","delete.users"],"dashboard":["view.dashboard_admin"],"config_settings":["create.config_settings","view.config_settings","edit.config_settings","delete.config_settings"],"products":["view.products","create.products","edit.products","delete.products"],"reports":["view.reports"],"locations":["locations.view","locations.edit"],"inventory":["view.inventory","create.inventory","edit.inventory","delete.inventory","write.inventory","lock.inventory"]},"token":"786|nT49lLsU8yduwQgULmLNoKbLZaOfZ4XMJE7qMKkk3ceda9f4"}} 
[2025-12-10 13:46:17] local.INFO: User login successful {"user_id":51,"license_key":"D5EE-T629K9-1C22-4A66-44F8"} 
[2025-12-10 13:46:20] local.INFO: --- CHECK UPDATE CALLED --- {"incoming_request":{"current_version_code":1,"device_id":"d5ee7f87f3ada95d"}} 
[2025-12-10 13:46:20] local.INFO: Validated request {"device_id":"d5ee7f87f3ada95d","current_version_code":1} 
[2025-12-10 13:46:20] local.INFO: Device found {"device_id":"d5ee7f87f3ada95d","registered_version_code":1,"is_update_required_flag":0} 
[2025-12-10 13:46:20] local.INFO: Device is up to date {"device_id":"d5ee7f87f3ada95d","current_version":1} 
[2025-12-10 13:46:31] local.INFO: Fetching tag details for EPC: E2801170000002136AA2C3FF  
[2025-12-10 13:46:31] local.INFO: tagDetailsByEpc response: {"success":true,"message":"Tag details loaded","inventory":{"id":9,"epc_code":"E2801170000002136AA2C3FF","tag_code":null,"product_id":4,"location_id":3,"status":"clean","status_text":"Inactive","last_scanned_at":"2025-12-09T08:31:21.000000Z","mapped_at":"2025-12-05T08:39:20.000000Z","product_name":"Towel","product_code":"","category":"Towel","sku":"SKU-BED-03"}}  
[2025-12-10 13:46:39] local.INFO: User login attempt {"license_key":"D5EE-T629K9-1C22-4A66-44F8","username":"admin"} 
[2025-12-10 13:46:39] local.INFO: User login response data {"user_id":51,"data":{"user":{"name":"Bangalore admin","email":"admin@gmail.com","user_code":"USR-ADKU1CW","location_id":3,"location_name":"Electronic City","working_stages":[],"role":{"App\\Models\\user_management\\Role":{"role_id":13,"role_name":"Palnt Admin","role_code":"ROL-ADIN9A3"}},"api_key":"XDdZMI4IrtC0Wc4XsJI5vzjLrVdrY2U4en3me1ckxhKZDGgnge2VUVbeTHJO"},"permissions":{"users":["create.users","view.users","edit.users","delete.users"],"dashboard":["view.dashboard_admin"],"config_settings":["create.config_settings","view.config_settings","edit.config_settings","delete.config_settings"],"products":["view.products","create.products","edit.products","delete.products"],"reports":["view.reports"],"locations":["locations.view","locations.edit"],"inventory":["view.inventory","create.inventory","edit.inventory","delete.inventory","write.inventory","lock.inventory"]},"token":"787|ofpPqC2sLNTEvGpzdoIQj6qpZlgk9nbtTDV7PhCJa65df206"}} 
[2025-12-10 13:46:39] local.INFO: User login successful {"user_id":51,"license_key":"D5EE-T629K9-1C22-4A66-44F8"} 
[2025-12-10 13:46:41] local.INFO: --- CHECK UPDATE CALLED --- {"incoming_request":{"current_version_code":1,"device_id":"d5ee7f87f3ada95d"}} 
[2025-12-10 13:46:41] local.INFO: Validated request {"device_id":"d5ee7f87f3ada95d","current_version_code":1} 
[2025-12-10 13:46:41] local.INFO: Device found {"device_id":"d5ee7f87f3ada95d","registered_version_code":1,"is_update_required_flag":0} 
[2025-12-10 13:46:41] local.INFO: Device is up to date {"device_id":"d5ee7f87f3ada95d","current_version":1} 
[2025-12-10 13:46:46] local.INFO: Fetching tag details for EPC: E2801170000002136AA2C3FF  
[2025-12-10 13:46:46] local.INFO: tagDetailsByEpc response: {"success":true,"message":"Tag details loaded","inventory":{"id":9,"epc_code":"E2801170000002136AA2C3FF","tag_code":null,"product_id":4,"location_id":3,"status":"clean","status_text":"Inactive","last_scanned_at":"2025-12-09T08:31:21.000000Z","mapped_at":"2025-12-05T08:39:20.000000Z","product_name":"Towel","product_code":"","category":"Towel","sku":"SKU-BED-03"}}  
[2025-12-10 15:16:09] local.INFO: --- CHECK UPDATE CALLED --- {"incoming_request":{"current_version_code":1,"device_id":"d5ee7f87f3ada95d"}} 
[2025-12-10 15:16:09] local.INFO: Validated request {"device_id":"d5ee7f87f3ada95d","current_version_code":1} 
[2025-12-10 15:16:09] local.INFO: Device found {"device_id":"d5ee7f87f3ada95d","registered_version_code":1,"is_update_required_flag":0} 
[2025-12-10 15:16:09] local.INFO: Device is up to date {"device_id":"d5ee7f87f3ada95d","current_version":1} 
[2025-12-10 15:16:15] local.INFO: User login attempt {"license_key":"D5EE-T629K9-1C22-4A66-44F8","username":"admin"} 
[2025-12-10 15:16:15] local.INFO: User login response data {"user_id":51,"data":{"user":{"name":"Bangalore admin","email":"admin@gmail.com","user_code":"USR-ADKU1CW","location_id":3,"location_name":"Electronic City","working_stages":[],"role":{"App\\Models\\user_management\\Role":{"role_id":13,"role_name":"Palnt Admin","role_code":"ROL-ADIN9A3"}},"api_key":"XDdZMI4IrtC0Wc4XsJI5vzjLrVdrY2U4en3me1ckxhKZDGgnge2VUVbeTHJO"},"permissions":{"users":["create.users","view.users","edit.users","delete.users"],"dashboard":["view.dashboard_admin"],"config_settings":["create.config_settings","view.config_settings","edit.config_settings","delete.config_settings"],"products":["view.products","create.products","edit.products","delete.products"],"reports":["view.reports"],"locations":["locations.view","locations.edit"],"inventory":["view.inventory","create.inventory","edit.inventory","delete.inventory","write.inventory","lock.inventory"]},"token":"788|jDPn2Ad2jFAKzeIeiy9qvcorWrvAO3u9gUrH7x7x4e088cfd"}} 
[2025-12-10 15:16:15] local.INFO: User login successful {"user_id":51,"license_key":"D5EE-T629K9-1C22-4A66-44F8"} 
[2025-12-10 15:16:18] local.INFO: --- CHECK UPDATE CALLED --- {"incoming_request":{"current_version_code":1,"device_id":"d5ee7f87f3ada95d"}} 
[2025-12-10 15:16:18] local.INFO: Validated request {"device_id":"d5ee7f87f3ada95d","current_version_code":1} 
[2025-12-10 15:16:18] local.INFO: Device found {"device_id":"d5ee7f87f3ada95d","registered_version_code":1,"is_update_required_flag":0} 
[2025-12-10 15:16:18] local.INFO: Device is up to date {"device_id":"d5ee7f87f3ada95d","current_version":1} 
[2025-12-10 15:16:30] local.INFO: Fetching tag details for EPC: E2801170000002136AA2DD1F  
[2025-12-10 15:16:30] local.INFO: tagDetailsByEpc response: {"success":true,"message":"Tag details loaded","inventory":{"id":10,"epc_code":"E2801170000002136AA2DD1F","tag_code":null,"product_id":2,"location_id":3,"status":"clean","status_text":"Inactive","last_scanned_at":"2025-12-09T08:28:20.000000Z","mapped_at":"2025-12-05T09:09:41.000000Z","product_name":"Badsheet","product_code":"","category":"Badsheet","sku":"SKU-BED-01"}}  
[2025-12-10 15:27:28] local.INFO: --- CHECK UPDATE CALLED --- {"incoming_request":{"current_version_code":1,"device_id":"d5ee7f87f3ada95d"}} 
[2025-12-10 15:27:28] local.INFO: Validated request {"device_id":"d5ee7f87f3ada95d","current_version_code":1} 
[2025-12-10 15:27:28] local.INFO: Device found {"device_id":"d5ee7f87f3ada95d","registered_version_code":1,"is_update_required_flag":0} 
[2025-12-10 15:27:28] local.INFO: Device is up to date {"device_id":"d5ee7f87f3ada95d","current_version":1} 
[2025-12-10 15:27:30] local.INFO: User login attempt {"license_key":"D5EE-T629K9-1C22-4A66-44F8","username":"admin"} 
[2025-12-10 15:27:30] local.INFO: User login response data {"user_id":51,"data":{"user":{"name":"Bangalore admin","email":"admin@gmail.com","user_code":"USR-ADKU1CW","location_id":3,"location_name":"Electronic City","working_stages":[],"role":{"App\\Models\\user_management\\Role":{"role_id":13,"role_name":"Palnt Admin","role_code":"ROL-ADIN9A3"}},"api_key":"XDdZMI4IrtC0Wc4XsJI5vzjLrVdrY2U4en3me1ckxhKZDGgnge2VUVbeTHJO"},"permissions":{"users":["create.users","view.users","edit.users","delete.users"],"dashboard":["view.dashboard_admin"],"config_settings":["create.config_settings","view.config_settings","edit.config_settings","delete.config_settings"],"products":["view.products","create.products","edit.products","delete.products"],"reports":["view.reports"],"locations":["locations.view","locations.edit"],"inventory":["view.inventory","create.inventory","edit.inventory","delete.inventory","write.inventory","lock.inventory"]},"token":"789|RHTLs5hfLBUEgNLrBvCoziEd4ypnoZI4IRJL2uag55037cd9"}} 
[2025-12-10 15:27:30] local.INFO: User login successful {"user_id":51,"license_key":"D5EE-T629K9-1C22-4A66-44F8"} 
[2025-12-10 15:27:33] local.INFO: --- CHECK UPDATE CALLED --- {"incoming_request":{"current_version_code":1,"device_id":"d5ee7f87f3ada95d"}} 
[2025-12-10 15:27:33] local.INFO: Validated request {"device_id":"d5ee7f87f3ada95d","current_version_code":1} 
[2025-12-10 15:27:33] local.INFO: Device found {"device_id":"d5ee7f87f3ada95d","registered_version_code":1,"is_update_required_flag":0} 
[2025-12-10 15:27:33] local.INFO: Device is up to date {"device_id":"d5ee7f87f3ada95d","current_version":1} 
[2025-12-10 15:27:38] local.INFO: Fetching tag details for EPC: E2801170000002136AA2C3FF  
[2025-12-10 15:27:38] local.INFO: tagDetailsByEpc response: {"success":true,"message":"Tag details loaded","inventory":{"id":9,"epc_code":"E2801170000002136AA2C3FF","tag_code":null,"product_id":4,"location_id":3,"status":"clean","status_text":"Inactive","last_scanned_at":"2025-12-09T08:31:21.000000Z","mapped_at":"2025-12-05T08:39:20.000000Z","product_name":"Towel","product_code":"","category":"Towel","sku":"SKU-BED-03"}}  
[2025-12-10 15:27:52] local.INFO: Fetching tag details for EPC: E280689400004024A8B2AC90  
[2025-12-10 15:27:53] local.INFO: Fetching tag details for EPC: E2004700BA31662B01EC81F3  
[2025-12-10 15:27:54] local.INFO: Fetching tag details for EPC: 5555555500000000D3572129  
[2025-12-10 15:27:55] local.INFO: Fetching tag details for EPC: E2801170000002136AA2DD2F  
[2025-12-10 15:27:55] local.INFO: tagDetailsByEpc response: {"success":true,"message":"Tag details loaded","inventory":{"id":11,"epc_code":"E2801170000002136AA2DD2F","tag_code":null,"product_id":2,"location_id":3,"status":"clean","status_text":"Inactive","last_scanned_at":"2025-12-09T08:28:20.000000Z","mapped_at":"2025-12-05T10:38:31.000000Z","product_name":"Badsheet","product_code":"","category":"Badsheet","sku":"SKU-BED-01"}}  
[2025-12-10 15:27:56] local.INFO: Fetching tag details for EPC: E2801170000002136AA2DD1F  
[2025-12-10 15:27:56] local.INFO: tagDetailsByEpc response: {"success":true,"message":"Tag details loaded","inventory":{"id":10,"epc_code":"E2801170000002136AA2DD1F","tag_code":null,"product_id":2,"location_id":3,"status":"clean","status_text":"Inactive","last_scanned_at":"2025-12-09T08:28:20.000000Z","mapped_at":"2025-12-05T09:09:41.000000Z","product_name":"Badsheet","product_code":"","category":"Badsheet","sku":"SKU-BED-01"}}  
[2025-12-10 15:27:57] local.INFO: Fetching tag details for EPC: 313131313131  
[2025-12-10 15:27:59] local.INFO: Fetching tag details for EPC: E2801170000002136AA2C3FF  
[2025-12-10 15:27:59] local.INFO: tagDetailsByEpc response: {"success":true,"message":"Tag details loaded","inventory":{"id":9,"epc_code":"E2801170000002136AA2C3FF","tag_code":null,"product_id":4,"location_id":3,"status":"clean","status_text":"Inactive","last_scanned_at":"2025-12-09T08:31:21.000000Z","mapped_at":"2025-12-05T08:39:20.000000Z","product_name":"Towel","product_code":"","category":"Towel","sku":"SKU-BED-03"}}  
[2025-12-10 15:28:00] local.INFO: Fetching tag details for EPC: E280117000000219059F19A7  
[2025-12-10 15:28:03] local.INFO: Fetching tag details for EPC: E281D0162000F78078867189  
[2025-12-10 15:28:03] local.INFO: tagDetailsByEpc response: {"success":true,"message":"Tag details loaded","inventory":{"id":7,"epc_code":"E281D0162000F78078867189","tag_code":null,"product_id":4,"location_id":3,"status":"new","status_text":"Inactive","last_scanned_at":"2025-12-05T08:17:14.000000Z","mapped_at":"2025-12-05T08:17:14.000000Z","product_name":"Towel","product_code":"","category":"Towel","sku":"SKU-BED-03"}}  
[2025-12-10 15:28:04] local.INFO: Fetching tag details for EPC: E2801170000002136AA2DD2F  
[2025-12-10 15:28:04] local.INFO: tagDetailsByEpc response: {"success":true,"message":"Tag details loaded","inventory":{"id":11,"epc_code":"E2801170000002136AA2DD2F","tag_code":null,"product_id":2,"location_id":3,"status":"clean","status_text":"Inactive","last_scanned_at":"2025-12-09T08:28:20.000000Z","mapped_at":"2025-12-05T10:38:31.000000Z","product_name":"Badsheet","product_code":"","category":"Badsheet","sku":"SKU-BED-01"}}  
[2025-12-10 15:28:05] local.INFO: Fetching tag details for EPC: E2801170000002136AA2C3FF  
[2025-12-10 15:28:05] local.INFO: tagDetailsByEpc response: {"success":true,"message":"Tag details loaded","inventory":{"id":9,"epc_code":"E2801170000002136AA2C3FF","tag_code":null,"product_id":4,"location_id":3,"status":"clean","status_text":"Inactive","last_scanned_at":"2025-12-09T08:31:21.000000Z","mapped_at":"2025-12-05T08:39:20.000000Z","product_name":"Towel","product_code":"","category":"Towel","sku":"SKU-BED-03"}}  
[2025-12-10 15:28:07] local.INFO: Fetching tag details for EPC: E2801170000002136AA2C3FF  
[2025-12-10 15:28:07] local.INFO: tagDetailsByEpc response: {"success":true,"message":"Tag details loaded","inventory":{"id":9,"epc_code":"E2801170000002136AA2C3FF","tag_code":null,"product_id":4,"location_id":3,"status":"clean","status_text":"Inactive","last_scanned_at":"2025-12-09T08:31:21.000000Z","mapped_at":"2025-12-05T08:39:20.000000Z","product_name":"Towel","product_code":"","category":"Towel","sku":"SKU-BED-03"}}  
[2025-12-10 15:28:08] local.INFO: Fetching tag details for EPC: E2801170000002136AA2DD2F  
[2025-12-10 15:28:08] local.INFO: tagDetailsByEpc response: {"success":true,"message":"Tag details loaded","inventory":{"id":11,"epc_code":"E2801170000002136AA2DD2F","tag_code":null,"product_id":2,"location_id":3,"status":"clean","status_text":"Inactive","last_scanned_at":"2025-12-09T08:28:20.000000Z","mapped_at":"2025-12-05T10:38:31.000000Z","product_name":"Badsheet","product_code":"","category":"Badsheet","sku":"SKU-BED-01"}}  
[2025-12-10 15:28:10] local.INFO: Fetching tag details for EPC: E281D0162000F78078867189  
[2025-12-10 15:28:10] local.INFO: tagDetailsByEpc response: {"success":true,"message":"Tag details loaded","inventory":{"id":7,"epc_code":"E281D0162000F78078867189","tag_code":null,"product_id":4,"location_id":3,"status":"new","status_text":"Inactive","last_scanned_at":"2025-12-05T08:17:14.000000Z","mapped_at":"2025-12-05T08:17:14.000000Z","product_name":"Towel","product_code":"","category":"Towel","sku":"SKU-BED-03"}}  
[2025-12-10 15:28:18] local.INFO: Fetching tag details for EPC: 30395DFA82C5BC000014ECCA  
[2025-12-10 15:28:18] local.INFO: tagDetailsByEpc response: {"success":true,"message":"Tag details loaded","inventory":{"id":6,"epc_code":"30395DFA82C5BC000014ECCA","tag_code":null,"product_id":4,"location_id":3,"status":"new","status_text":"Inactive","last_scanned_at":"2025-12-05T08:17:14.000000Z","mapped_at":"2025-12-05T08:17:14.000000Z","product_name":"Towel","product_code":"","category":"Towel","sku":"SKU-BED-03"}}  
[2025-12-10 15:28:20] local.INFO: Fetching tag details for EPC: E281D0162000F78078867189  
[2025-12-10 15:28:20] local.INFO: tagDetailsByEpc response: {"success":true,"message":"Tag details loaded","inventory":{"id":7,"epc_code":"E281D0162000F78078867189","tag_code":null,"product_id":4,"location_id":3,"status":"new","status_text":"Inactive","last_scanned_at":"2025-12-05T08:17:14.000000Z","mapped_at":"2025-12-05T08:17:14.000000Z","product_name":"Towel","product_code":"","category":"Towel","sku":"SKU-BED-03"}}  
[2025-12-10 15:28:20] local.INFO: Fetching tag details for EPC: E2004700BA31662B01EC81F3  
[2025-12-10 15:28:21] local.INFO: Fetching tag details for EPC: E2801170000002136AA2DD4F  
[2025-12-10 15:28:21] local.INFO: tagDetailsByEpc response: {"success":true,"message":"Tag details loaded","inventory":{"id":8,"epc_code":"E2801170000002136AA2DD4F","tag_code":null,"product_id":2,"location_id":3,"status":"clean","status_text":"Inactive","last_scanned_at":"2025-12-09T08:28:20.000000Z","mapped_at":"2025-12-05T08:39:20.000000Z","product_name":"Badsheet","product_code":"","category":"Badsheet","sku":"SKU-BED-01"}}  
[2025-12-10 15:28:22] local.INFO: Fetching tag details for EPC: E2004700BA31662B01EC81F3  
[2025-12-10 15:28:25] local.INFO: Fetching tag details for EPC: E281D0162000F78078867189  
[2025-12-10 15:28:25] local.INFO: tagDetailsByEpc response: {"success":true,"message":"Tag details loaded","inventory":{"id":7,"epc_code":"E281D0162000F78078867189","tag_code":null,"product_id":4,"location_id":3,"status":"new","status_text":"Inactive","last_scanned_at":"2025-12-05T08:17:14.000000Z","mapped_at":"2025-12-05T08:17:14.000000Z","product_name":"Towel","product_code":"","category":"Towel","sku":"SKU-BED-03"}}  
[2025-12-10 15:28:26] local.INFO: Fetching tag details for EPC: E2801170000002136AA2DD4F  
[2025-12-10 15:28:26] local.INFO: tagDetailsByEpc response: {"success":true,"message":"Tag details loaded","inventory":{"id":8,"epc_code":"E2801170000002136AA2DD4F","tag_code":null,"product_id":2,"location_id":3,"status":"clean","status_text":"Inactive","last_scanned_at":"2025-12-09T08:28:20.000000Z","mapped_at":"2025-12-05T08:39:20.000000Z","product_name":"Badsheet","product_code":"","category":"Badsheet","sku":"SKU-BED-01"}}  
[2025-12-10 15:28:27] local.INFO: Fetching tag details for EPC: E2801170000002136AA2DD1F  
[2025-12-10 15:28:27] local.INFO: tagDetailsByEpc response: {"success":true,"message":"Tag details loaded","inventory":{"id":10,"epc_code":"E2801170000002136AA2DD1F","tag_code":null,"product_id":2,"location_id":3,"status":"clean","status_text":"Inactive","last_scanned_at":"2025-12-09T08:28:20.000000Z","mapped_at":"2025-12-05T09:09:41.000000Z","product_name":"Badsheet","product_code":"","category":"Badsheet","sku":"SKU-BED-01"}}  
[2025-12-10 15:28:39] local.INFO: Fetching tag details for EPC: E2801170000002136AA2C3FF  
[2025-12-10 15:28:39] local.INFO: tagDetailsByEpc response: {"success":true,"message":"Tag details loaded","inventory":{"id":9,"epc_code":"E2801170000002136AA2C3FF","tag_code":null,"product_id":4,"location_id":3,"status":"clean","status_text":"Inactive","last_scanned_at":"2025-12-09T08:31:21.000000Z","mapped_at":"2025-12-05T08:39:20.000000Z","product_name":"Towel","product_code":"","category":"Towel","sku":"SKU-BED-03"}}  
[2025-12-10 15:28:41] local.INFO: Fetching tag details for EPC: E2801170000002136AA2C3FF  
[2025-12-10 15:28:41] local.INFO: tagDetailsByEpc response: {"success":true,"message":"Tag details loaded","inventory":{"id":9,"epc_code":"E2801170000002136AA2C3FF","tag_code":null,"product_id":4,"location_id":3,"status":"clean","status_text":"Inactive","last_scanned_at":"2025-12-09T08:31:21.000000Z","mapped_at":"2025-12-05T08:39:20.000000Z","product_name":"Towel","product_code":"","category":"Towel","sku":"SKU-BED-03"}}  
[2025-12-10 15:29:03] local.INFO: Fetching tag details for EPC: E2801170000002136AA2DD1F  
[2025-12-10 15:29:03] local.INFO: tagDetailsByEpc response: {"success":true,"message":"Tag details loaded","inventory":{"id":10,"epc_code":"E2801170000002136AA2DD1F","tag_code":null,"product_id":2,"location_id":3,"status":"clean","status_text":"Inactive","last_scanned_at":"2025-12-09T08:28:20.000000Z","mapped_at":"2025-12-05T09:09:41.000000Z","product_name":"Badsheet","product_code":"","category":"Badsheet","sku":"SKU-BED-01"}}  
[2025-12-10 15:29:05] local.INFO: Fetching tag details for EPC: E2801170000002136AA2DD1F  
[2025-12-10 15:29:05] local.INFO: tagDetailsByEpc response: {"success":true,"message":"Tag details loaded","inventory":{"id":10,"epc_code":"E2801170000002136AA2DD1F","tag_code":null,"product_id":2,"location_id":3,"status":"clean","status_text":"Inactive","last_scanned_at":"2025-12-09T08:28:20.000000Z","mapped_at":"2025-12-05T09:09:41.000000Z","product_name":"Badsheet","product_code":"","category":"Badsheet","sku":"SKU-BED-01"}}  
[2025-12-10 15:29:10] local.INFO: Fetching tag details for EPC: E2801170000002136AA2DD1F  
[2025-12-10 15:29:10] local.INFO: tagDetailsByEpc response: {"success":true,"message":"Tag details loaded","inventory":{"id":10,"epc_code":"E2801170000002136AA2DD1F","tag_code":null,"product_id":2,"location_id":3,"status":"clean","status_text":"Inactive","last_scanned_at":"2025-12-09T08:28:20.000000Z","mapped_at":"2025-12-05T09:09:41.000000Z","product_name":"Badsheet","product_code":"","category":"Badsheet","sku":"SKU-BED-01"}}  
[2025-12-10 15:33:49] local.INFO: Fetching tag details for EPC: E2801170000002136AA2DD1F  
[2025-12-10 15:33:49] local.INFO: tagDetailsByEpc response: {"success":true,"message":"Tag details loaded","inventory":{"id":10,"epc_code":"E2801170000002136AA2DD1F","tag_code":null,"product_id":2,"location_id":3,"status":"clean","status_text":"Inactive","last_scanned_at":"2025-12-09T08:28:20.000000Z","mapped_at":"2025-12-05T09:09:41.000000Z","product_name":"Badsheet","product_code":"","category":"Badsheet","sku":"SKU-BED-01"}}  
[2025-12-10 15:33:50] local.INFO: Fetching tag details for EPC: E2801170000002136AA2C3FF  
[2025-12-10 15:33:50] local.INFO: tagDetailsByEpc response: {"success":true,"message":"Tag details loaded","inventory":{"id":9,"epc_code":"E2801170000002136AA2C3FF","tag_code":null,"product_id":4,"location_id":3,"status":"clean","status_text":"Inactive","last_scanned_at":"2025-12-09T08:31:21.000000Z","mapped_at":"2025-12-05T08:39:20.000000Z","product_name":"Towel","product_code":"","category":"Towel","sku":"SKU-BED-03"}}  
[2025-12-10 15:33:53] local.INFO: Fetching tag details for EPC: E2801170000002136AA2C3FF  
[2025-12-10 15:33:53] local.INFO: tagDetailsByEpc response: {"success":true,"message":"Tag details loaded","inventory":{"id":9,"epc_code":"E2801170000002136AA2C3FF","tag_code":null,"product_id":4,"location_id":3,"status":"clean","status_text":"Inactive","last_scanned_at":"2025-12-09T08:31:21.000000Z","mapped_at":"2025-12-05T08:39:20.000000Z","product_name":"Towel","product_code":"","category":"Towel","sku":"SKU-BED-03"}}  
[2025-12-10 15:33:54] local.INFO: Fetching tag details for EPC: E2801170000002136AA2C3FF  
[2025-12-10 15:33:54] local.INFO: tagDetailsByEpc response: {"success":true,"message":"Tag details loaded","inventory":{"id":9,"epc_code":"E2801170000002136AA2C3FF","tag_code":null,"product_id":4,"location_id":3,"status":"clean","status_text":"Inactive","last_scanned_at":"2025-12-09T08:31:21.000000Z","mapped_at":"2025-12-05T08:39:20.000000Z","product_name":"Towel","product_code":"","category":"Towel","sku":"SKU-BED-03"}}  
[2025-12-10 15:33:57] local.INFO: Fetching tag details for EPC: E2801170000002136AA2DD1F  
[2025-12-10 15:33:57] local.INFO: tagDetailsByEpc response: {"success":true,"message":"Tag details loaded","inventory":{"id":10,"epc_code":"E2801170000002136AA2DD1F","tag_code":null,"product_id":2,"location_id":3,"status":"clean","status_text":"Inactive","last_scanned_at":"2025-12-09T08:28:20.000000Z","mapped_at":"2025-12-05T09:09:41.000000Z","product_name":"Badsheet","product_code":"","category":"Badsheet","sku":"SKU-BED-01"}}  
[2025-12-10 15:34:00] local.INFO: Fetching tag details for EPC: E2801170000002136AA2C3FF  
[2025-12-10 15:34:00] local.INFO: tagDetailsByEpc response: {"success":true,"message":"Tag details loaded","inventory":{"id":9,"epc_code":"E2801170000002136AA2C3FF","tag_code":null,"product_id":4,"location_id":3,"status":"clean","status_text":"Inactive","last_scanned_at":"2025-12-09T08:31:21.000000Z","mapped_at":"2025-12-05T08:39:20.000000Z","product_name":"Towel","product_code":"","category":"Towel","sku":"SKU-BED-03"}}  
[2025-12-10 15:34:23] local.INFO: --- CHECK UPDATE CALLED --- {"incoming_request":{"current_version_code":1,"device_id":"d5ee7f87f3ada95d"}} 
[2025-12-10 15:34:23] local.INFO: Validated request {"device_id":"d5ee7f87f3ada95d","current_version_code":1} 
[2025-12-10 15:34:23] local.INFO: Device found {"device_id":"d5ee7f87f3ada95d","registered_version_code":1,"is_update_required_flag":0} 
[2025-12-10 15:34:23] local.INFO: Device is up to date {"device_id":"d5ee7f87f3ada95d","current_version":1} 
[2025-12-10 15:34:25] local.INFO: User login attempt {"license_key":"D5EE-T629K9-1C22-4A66-44F8","username":"admin"} 
[2025-12-10 15:34:25] local.INFO: User login response data {"user_id":51,"data":{"user":{"name":"Bangalore admin","email":"admin@gmail.com","user_code":"USR-ADKU1CW","location_id":3,"location_name":"Electronic City","working_stages":[],"role":{"App\\Models\\user_management\\Role":{"role_id":13,"role_name":"Palnt Admin","role_code":"ROL-ADIN9A3"}},"api_key":"XDdZMI4IrtC0Wc4XsJI5vzjLrVdrY2U4en3me1ckxhKZDGgnge2VUVbeTHJO"},"permissions":{"users":["create.users","view.users","edit.users","delete.users"],"dashboard":["view.dashboard_admin"],"config_settings":["create.config_settings","view.config_settings","edit.config_settings","delete.config_settings"],"products":["view.products","create.products","edit.products","delete.products"],"reports":["view.reports"],"locations":["locations.view","locations.edit"],"inventory":["view.inventory","create.inventory","edit.inventory","delete.inventory","write.inventory","lock.inventory"]},"token":"790|lXjp5uAkZpV7JYBwCY4I6ez6eDOE58ejEWcTDsd93a6dbdb2"}} 
[2025-12-10 15:34:25] local.INFO: User login successful {"user_id":51,"license_key":"D5EE-T629K9-1C22-4A66-44F8"} 
[2025-12-10 15:34:27] local.INFO: --- CHECK UPDATE CALLED --- {"incoming_request":{"current_version_code":1,"device_id":"d5ee7f87f3ada95d"}} 
[2025-12-10 15:34:27] local.INFO: Validated request {"device_id":"d5ee7f87f3ada95d","current_version_code":1} 
[2025-12-10 15:34:27] local.INFO: Device found {"device_id":"d5ee7f87f3ada95d","registered_version_code":1,"is_update_required_flag":0} 
[2025-12-10 15:34:27] local.INFO: Device is up to date {"device_id":"d5ee7f87f3ada95d","current_version":1} 
[2025-12-10 15:34:33] local.INFO: Fetching tag details for EPC: E2801170000002136AA2DD1F  
[2025-12-10 15:34:33] local.INFO: tagDetailsByEpc response: {"success":true,"message":"Tag details loaded","inventory":{"id":10,"epc_code":"E2801170000002136AA2DD1F","tag_code":null,"product_id":2,"location_id":3,"status":"clean","status_text":"Inactive","last_scanned_at":"2025-12-09T08:28:20.000000Z","mapped_at":"2025-12-05T09:09:41.000000Z","product_name":"Badsheet","product_code":"","category":"Badsheet","sku":"SKU-BED-01"}}  
[2025-12-10 15:38:01] local.INFO: --- CHECK UPDATE CALLED --- {"incoming_request":{"current_version_code":1,"device_id":"d5ee7f87f3ada95d"}} 
[2025-12-10 15:38:01] local.INFO: Validated request {"device_id":"d5ee7f87f3ada95d","current_version_code":1} 
[2025-12-10 15:38:01] local.INFO: Device found {"device_id":"d5ee7f87f3ada95d","registered_version_code":1,"is_update_required_flag":0} 
[2025-12-10 15:38:01] local.INFO: Device is up to date {"device_id":"d5ee7f87f3ada95d","current_version":1} 
[2025-12-10 15:38:05] local.INFO: User login attempt {"license_key":"D5EE-T629K9-1C22-4A66-44F8","username":"admin"} 
[2025-12-10 15:38:05] local.INFO: User login response data {"user_id":51,"data":{"user":{"name":"Bangalore admin","email":"admin@gmail.com","user_code":"USR-ADKU1CW","location_id":3,"location_name":"Electronic City","working_stages":[],"role":{"App\\Models\\user_management\\Role":{"role_id":13,"role_name":"Palnt Admin","role_code":"ROL-ADIN9A3"}},"api_key":"XDdZMI4IrtC0Wc4XsJI5vzjLrVdrY2U4en3me1ckxhKZDGgnge2VUVbeTHJO"},"permissions":{"users":["create.users","view.users","edit.users","delete.users"],"dashboard":["view.dashboard_admin"],"config_settings":["create.config_settings","view.config_settings","edit.config_settings","delete.config_settings"],"products":["view.products","create.products","edit.products","delete.products"],"reports":["view.reports"],"locations":["locations.view","locations.edit"],"inventory":["view.inventory","create.inventory","edit.inventory","delete.inventory","write.inventory","lock.inventory"]},"token":"791|zulJLcepKDlxGWKphrGtpbpx0cmR07o0LCoXryEQe375295d"}} 
[2025-12-10 15:38:05] local.INFO: User login successful {"user_id":51,"license_key":"D5EE-T629K9-1C22-4A66-44F8"} 
[2025-12-10 15:38:08] local.INFO: --- CHECK UPDATE CALLED --- {"incoming_request":{"current_version_code":1,"device_id":"d5ee7f87f3ada95d"}} 
[2025-12-10 15:38:08] local.INFO: Validated request {"device_id":"d5ee7f87f3ada95d","current_version_code":1} 
[2025-12-10 15:38:08] local.INFO: Device found {"device_id":"d5ee7f87f3ada95d","registered_version_code":1,"is_update_required_flag":0} 
[2025-12-10 15:38:08] local.INFO: Device is up to date {"device_id":"d5ee7f87f3ada95d","current_version":1} 
[2025-12-10 15:38:12] local.INFO: Fetching tag details for EPC: E2801170000002136AA2DD1F  
[2025-12-10 15:38:12] local.INFO: tagDetailsByEpc response: {"success":true,"message":"Tag details loaded","inventory":{"id":10,"epc_code":"E2801170000002136AA2DD1F","tag_code":null,"product_id":2,"location_id":3,"status":"clean","status_text":"Inactive","last_scanned_at":"2025-12-09T08:28:20.000000Z","mapped_at":"2025-12-05T09:09:41.000000Z","product_name":"Badsheet","product_code":"","category":"Badsheet","sku":"SKU-BED-01"}}  
[2025-12-10 15:42:18] local.INFO: --- CHECK UPDATE CALLED --- {"incoming_request":{"current_version_code":1,"device_id":"d5ee7f87f3ada95d"}} 
[2025-12-10 15:42:18] local.INFO: Validated request {"device_id":"d5ee7f87f3ada95d","current_version_code":1} 
[2025-12-10 15:42:18] local.INFO: Device found {"device_id":"d5ee7f87f3ada95d","registered_version_code":1,"is_update_required_flag":0} 
[2025-12-10 15:42:18] local.INFO: Device is up to date {"device_id":"d5ee7f87f3ada95d","current_version":1} 
[2025-12-10 15:42:22] local.INFO: User login attempt {"license_key":"D5EE-T629K9-1C22-4A66-44F8","username":"admin"} 
[2025-12-10 15:42:22] local.INFO: User login response data {"user_id":51,"data":{"user":{"name":"Bangalore admin","email":"admin@gmail.com","user_code":"USR-ADKU1CW","location_id":3,"location_name":"Electronic City","working_stages":[],"role":{"App\\Models\\user_management\\Role":{"role_id":13,"role_name":"Palnt Admin","role_code":"ROL-ADIN9A3"}},"api_key":"XDdZMI4IrtC0Wc4XsJI5vzjLrVdrY2U4en3me1ckxhKZDGgnge2VUVbeTHJO"},"permissions":{"users":["create.users","view.users","edit.users","delete.users"],"dashboard":["view.dashboard_admin"],"config_settings":["create.config_settings","view.config_settings","edit.config_settings","delete.config_settings"],"products":["view.products","create.products","edit.products","delete.products"],"reports":["view.reports"],"locations":["locations.view","locations.edit"],"inventory":["view.inventory","create.inventory","edit.inventory","delete.inventory","write.inventory","lock.inventory"]},"token":"792|a3rD5HXvVuOncYWqNItDkJOaRSYI4dfOxz17LuUi49b1dbfa"}} 
[2025-12-10 15:42:22] local.INFO: User login successful {"user_id":51,"license_key":"D5EE-T629K9-1C22-4A66-44F8"} 
[2025-12-10 15:42:25] local.INFO: --- CHECK UPDATE CALLED --- {"incoming_request":{"current_version_code":1,"device_id":"d5ee7f87f3ada95d"}} 
[2025-12-10 15:42:25] local.INFO: Validated request {"device_id":"d5ee7f87f3ada95d","current_version_code":1} 
[2025-12-10 15:42:25] local.INFO: Device found {"device_id":"d5ee7f87f3ada95d","registered_version_code":1,"is_update_required_flag":0} 
[2025-12-10 15:42:25] local.INFO: Device is up to date {"device_id":"d5ee7f87f3ada95d","current_version":1} 
[2025-12-10 15:42:33] local.INFO: Fetching tag details for EPC: E2801170000002136AA2C3FF  
[2025-12-10 15:42:33] local.INFO: tagDetailsByEpc response: {"success":true,"message":"Tag details loaded","inventory":{"id":9,"epc_code":"E2801170000002136AA2C3FF","tag_code":null,"product_id":4,"location_id":3,"status":"clean","status_text":"Inactive","last_scanned_at":"2025-12-09T08:31:21.000000Z","mapped_at":"2025-12-05T08:39:20.000000Z","product_name":"Towel","product_code":"","category":"Towel","sku":"SKU-BED-03"}}  
[2025-12-10 15:42:33] local.INFO: Fetching tag details for EPC: E2801170000002136AA2C3FF  
[2025-12-10 15:42:33] local.INFO: tagDetailsByEpc response: {"success":true,"message":"Tag details loaded","inventory":{"id":9,"epc_code":"E2801170000002136AA2C3FF","tag_code":null,"product_id":4,"location_id":3,"status":"clean","status_text":"Inactive","last_scanned_at":"2025-12-09T08:31:21.000000Z","mapped_at":"2025-12-05T08:39:20.000000Z","product_name":"Towel","product_code":"","category":"Towel","sku":"SKU-BED-03"}}  
[2025-12-10 15:42:42] local.INFO: Fetching tag details for EPC: E2801170000002136AA2C3FF  
[2025-12-10 15:42:42] local.INFO: tagDetailsByEpc response: {"success":true,"message":"Tag details loaded","inventory":{"id":9,"epc_code":"E2801170000002136AA2C3FF","tag_code":null,"product_id":4,"location_id":3,"status":"clean","status_text":"Inactive","last_scanned_at":"2025-12-09T08:31:21.000000Z","mapped_at":"2025-12-05T08:39:20.000000Z","product_name":"Towel","product_code":"","category":"Towel","sku":"SKU-BED-03"}}  
[2025-12-10 15:44:08] local.INFO: Fetching tag details for EPC: E2801170000002136AA2C3FF  
[2025-12-10 15:44:08] local.INFO: tagDetailsByEpc response: {"success":true,"message":"Tag details loaded","inventory":{"id":9,"epc_code":"E2801170000002136AA2C3FF","tag_code":null,"product_id":4,"location_id":3,"status":"clean","status_text":"Inactive","last_scanned_at":"2025-12-09T08:31:21.000000Z","mapped_at":"2025-12-05T08:39:20.000000Z","product_name":"Towel","product_code":"","category":"Towel","sku":"SKU-BED-03"}}  
[2025-12-10 15:46:06] local.INFO: --- CHECK UPDATE CALLED --- {"incoming_request":{"current_version_code":1,"device_id":"d5ee7f87f3ada95d"}} 
[2025-12-10 15:46:06] local.INFO: Validated request {"device_id":"d5ee7f87f3ada95d","current_version_code":1} 
[2025-12-10 15:46:06] local.INFO: Device found {"device_id":"d5ee7f87f3ada95d","registered_version_code":1,"is_update_required_flag":0} 
[2025-12-10 15:46:06] local.INFO: Device is up to date {"device_id":"d5ee7f87f3ada95d","current_version":1} 
[2025-12-10 15:46:09] local.INFO: User login attempt {"license_key":"D5EE-T629K9-1C22-4A66-44F8","username":"admin"} 
[2025-12-10 15:46:09] local.INFO: User login response data {"user_id":51,"data":{"user":{"name":"Bangalore admin","email":"admin@gmail.com","user_code":"USR-ADKU1CW","location_id":3,"location_name":"Electronic City","working_stages":[],"role":{"App\\Models\\user_management\\Role":{"role_id":13,"role_name":"Palnt Admin","role_code":"ROL-ADIN9A3"}},"api_key":"XDdZMI4IrtC0Wc4XsJI5vzjLrVdrY2U4en3me1ckxhKZDGgnge2VUVbeTHJO"},"permissions":{"users":["create.users","view.users","edit.users","delete.users"],"dashboard":["view.dashboard_admin"],"config_settings":["create.config_settings","view.config_settings","edit.config_settings","delete.config_settings"],"products":["view.products","create.products","edit.products","delete.products"],"reports":["view.reports"],"locations":["locations.view","locations.edit"],"inventory":["view.inventory","create.inventory","edit.inventory","delete.inventory","write.inventory","lock.inventory"]},"token":"793|zc2I3Jz8t2hRDkwPVaCmQZpgRFbo0OWIaRUhQz9L47f9d482"}} 
[2025-12-10 15:46:09] local.INFO: User login successful {"user_id":51,"license_key":"D5EE-T629K9-1C22-4A66-44F8"} 
[2025-12-10 15:46:11] local.INFO: --- CHECK UPDATE CALLED --- {"incoming_request":{"current_version_code":1,"device_id":"d5ee7f87f3ada95d"}} 
[2025-12-10 15:46:11] local.INFO: Validated request {"device_id":"d5ee7f87f3ada95d","current_version_code":1} 
[2025-12-10 15:46:11] local.INFO: Device found {"device_id":"d5ee7f87f3ada95d","registered_version_code":1,"is_update_required_flag":0} 
[2025-12-10 15:46:11] local.INFO: Device is up to date {"device_id":"d5ee7f87f3ada95d","current_version":1} 
[2025-12-10 15:46:17] local.INFO: Fetching tag details for EPC: E2801170000002136AA2C3FF  
[2025-12-10 15:46:17] local.INFO: tagDetailsByEpc response: {"success":true,"message":"Tag details loaded","inventory":{"id":9,"epc_code":"E2801170000002136AA2C3FF","tag_code":null,"product_id":4,"location_id":3,"status":"clean","status_text":"Inactive","last_scanned_at":"2025-12-09T08:31:21.000000Z","mapped_at":"2025-12-05T08:39:20.000000Z","product_name":"Towel","product_code":"","category":"Towel","sku":"SKU-BED-03"}}  
[2025-12-10 15:47:13] local.INFO: --- CHECK UPDATE CALLED --- {"incoming_request":{"current_version_code":1,"device_id":"d5ee7f87f3ada95d"}} 
[2025-12-10 15:47:13] local.INFO: Validated request {"device_id":"d5ee7f87f3ada95d","current_version_code":1} 
[2025-12-10 15:47:13] local.INFO: Device found {"device_id":"d5ee7f87f3ada95d","registered_version_code":1,"is_update_required_flag":0} 
[2025-12-10 15:47:13] local.INFO: Device is up to date {"device_id":"d5ee7f87f3ada95d","current_version":1} 
[2025-12-10 15:47:20] local.INFO: User login attempt {"license_key":"D5EE-T629K9-1C22-4A66-44F8","username":"admin"} 
[2025-12-10 15:47:20] local.INFO: User login response data {"user_id":51,"data":{"user":{"name":"Bangalore admin","email":"admin@gmail.com","user_code":"USR-ADKU1CW","location_id":3,"location_name":"Electronic City","working_stages":[],"role":{"App\\Models\\user_management\\Role":{"role_id":13,"role_name":"Palnt Admin","role_code":"ROL-ADIN9A3"}},"api_key":"XDdZMI4IrtC0Wc4XsJI5vzjLrVdrY2U4en3me1ckxhKZDGgnge2VUVbeTHJO"},"permissions":{"users":["create.users","view.users","edit.users","delete.users"],"dashboard":["view.dashboard_admin"],"config_settings":["create.config_settings","view.config_settings","edit.config_settings","delete.config_settings"],"products":["view.products","create.products","edit.products","delete.products"],"reports":["view.reports"],"locations":["locations.view","locations.edit"],"inventory":["view.inventory","create.inventory","edit.inventory","delete.inventory","write.inventory","lock.inventory"]},"token":"794|2lGtwicPZUBNQnYtkYBXTfzYtNHaBfHhRMX9vVvBa570292a"}} 
[2025-12-10 15:47:20] local.INFO: User login successful {"user_id":51,"license_key":"D5EE-T629K9-1C22-4A66-44F8"} 
[2025-12-10 15:47:23] local.INFO: --- CHECK UPDATE CALLED --- {"incoming_request":{"current_version_code":1,"device_id":"d5ee7f87f3ada95d"}} 
[2025-12-10 15:47:23] local.INFO: Validated request {"device_id":"d5ee7f87f3ada95d","current_version_code":1} 
[2025-12-10 15:47:23] local.INFO: Device found {"device_id":"d5ee7f87f3ada95d","registered_version_code":1,"is_update_required_flag":0} 
[2025-12-10 15:47:23] local.INFO: Device is up to date {"device_id":"d5ee7f87f3ada95d","current_version":1} 
[2025-12-10 15:47:31] local.INFO: Fetching tag details for EPC: E2801170000002136AA2DD1F  
[2025-12-10 15:47:31] local.INFO: tagDetailsByEpc response: {"success":true,"message":"Tag details loaded","inventory":{"id":10,"epc_code":"E2801170000002136AA2DD1F","tag_code":null,"product_id":2,"location_id":3,"status":"clean","status_text":"Inactive","last_scanned_at":"2025-12-09T08:28:20.000000Z","mapped_at":"2025-12-05T09:09:41.000000Z","product_name":"Badsheet","product_code":"","category":"Badsheet","sku":"SKU-BED-01"}}  
[2025-12-10 15:50:26] local.INFO: getProducts: {"limit":20,"page":1,"search":null,"status":"all"}  
[2025-12-10 15:50:26] local.INFO: Products fetched response [{"id":2,"product_name":"Badsheet","product_code":"SKU-BED-01","category":"Badsheet","price":0,"expected_life_cycles":100,"quantity":3,"last_activity":{"trans_type":"fixed_reader_in","inward":1,"outward":0,"opening_stock":6,"closing_stock":7,"at":"2025-12-09 15:34:54"}},{"id":3,"product_name":"Pillow Cover","product_code":"SKU-BED-02","category":"Pillow Cover","price":0,"expected_life_cycles":101,"quantity":0,"last_activity":{"trans_type":null,"inward":0,"outward":0,"opening_stock":0,"closing_stock":0,"at":null}},{"id":4,"product_name":"Towel","product_code":"SKU-BED-03","category":"Towel","price":0,"expected_life_cycles":102,"quantity":3,"last_activity":{"trans_type":"fixed_reader_in","inward":1,"outward":0,"opening_stock":4,"closing_stock":5,"at":"2025-12-09 15:34:39"}},{"id":5,"product_name":"Blanket","product_code":"SKU-BED-04","category":"Blanket","price":0,"expected_life_cycles":103,"quantity":0,"last_activity":{"trans_type":null,"inward":0,"outward":0,"opening_stock":0,"closing_stock":0,"at":null}},{"id":6,"product_name":"Patient Gown","product_code":"SKU-BED-05","category":"Patient Gown","price":0,"expected_life_cycles":104,"quantity":0,"last_activity":{"trans_type":null,"inward":0,"outward":0,"opening_stock":0,"closing_stock":0,"at":null}},{"id":1,"product_name":"Badsheet2","product_code":"343453S","category":"Badsheet2","price":0,"expected_life_cycles":100,"quantity":0,"last_activity":{"trans_type":null,"inward":0,"outward":0,"opening_stock":0,"closing_stock":0,"at":null}}]  
[2025-12-10 15:53:54] local.INFO: getProducts: {"limit":20,"page":1,"search":"p","status":"all"}  
[2025-12-10 15:53:54] local.INFO: Products fetched response [{"id":3,"product_name":"Pillow Cover","product_code":"SKU-BED-02","category":"Pillow Cover","price":0,"expected_life_cycles":101,"quantity":0,"last_activity":{"trans_type":null,"inward":0,"outward":0,"opening_stock":0,"closing_stock":0,"at":null}},{"id":6,"product_name":"Patient Gown","product_code":"SKU-BED-05","category":"Patient Gown","price":0,"expected_life_cycles":104,"quantity":0,"last_activity":{"trans_type":null,"inward":0,"outward":0,"opening_stock":0,"closing_stock":0,"at":null}}]  
[2025-12-10 15:53:55] local.INFO: getProducts: {"limit":20,"page":1,"search":"pa","status":"all"}  
[2025-12-10 15:53:55] local.INFO: Products fetched response [{"id":6,"product_name":"Patient Gown","product_code":"SKU-BED-05","category":"Patient Gown","price":0,"expected_life_cycles":104,"quantity":0,"last_activity":{"trans_type":null,"inward":0,"outward":0,"opening_stock":0,"closing_stock":0,"at":null}}]  
[2025-12-10 15:53:56] local.INFO: getProducts: {"limit":20,"page":1,"search":"Patient Gown | SKU-BED-05","status":"all"}  
[2025-12-10 15:53:56] local.INFO: Products fetched response []  
[2025-12-10 15:54:00] local.INFO: tagMapping raw payload: {"epc_codes":["E2801170000002136AA2C3FF","E2801170000002136AA2DD1F"],"product_id":6}  
[2025-12-10 15:54:30] local.INFO: Fetching tag details for EPC: E2801170000002136AA2C3FF  
[2025-12-10 15:54:30] local.INFO: tagDetailsByEpc response: {"success":true,"message":"Tag details loaded","inventory":{"id":9,"epc_code":"E2801170000002136AA2C3FF","tag_code":null,"product_id":6,"location_id":3,"status":"clean","status_text":"Inactive","last_scanned_at":"2025-12-10T10:24:00.000000Z","mapped_at":"2025-12-05T08:39:20.000000Z","product_name":"Patient Gown","product_code":"","category":"Patient Gown","sku":"SKU-BED-05"}}  
[2025-12-10 15:54:33] local.INFO: Fetching tag details for EPC: E2801170000002136AA2C3FF  
[2025-12-10 15:54:33] local.INFO: tagDetailsByEpc response: {"success":true,"message":"Tag details loaded","inventory":{"id":9,"epc_code":"E2801170000002136AA2C3FF","tag_code":null,"product_id":6,"location_id":3,"status":"clean","status_text":"Inactive","last_scanned_at":"2025-12-10T10:24:00.000000Z","mapped_at":"2025-12-05T08:39:20.000000Z","product_name":"Patient Gown","product_code":"","category":"Patient Gown","sku":"SKU-BED-05"}}  
[2025-12-10 15:54:35] local.INFO: Fetching tag details for EPC: E2801170000002136AA2C3FF  
[2025-12-10 15:54:35] local.INFO: tagDetailsByEpc response: {"success":true,"message":"Tag details loaded","inventory":{"id":9,"epc_code":"E2801170000002136AA2C3FF","tag_code":null,"product_id":6,"location_id":3,"status":"clean","status_text":"Inactive","last_scanned_at":"2025-12-10T10:24:00.000000Z","mapped_at":"2025-12-05T08:39:20.000000Z","product_name":"Patient Gown","product_code":"","category":"Patient Gown","sku":"SKU-BED-05"}}  
[2025-12-10 15:54:37] local.INFO: Fetching tag details for EPC: E2801170000002136AA2C3FF  
[2025-12-10 15:54:37] local.INFO: tagDetailsByEpc response: {"success":true,"message":"Tag details loaded","inventory":{"id":9,"epc_code":"E2801170000002136AA2C3FF","tag_code":null,"product_id":6,"location_id":3,"status":"clean","status_text":"Inactive","last_scanned_at":"2025-12-10T10:24:00.000000Z","mapped_at":"2025-12-05T08:39:20.000000Z","product_name":"Patient Gown","product_code":"","category":"Patient Gown","sku":"SKU-BED-05"}}  
[2025-12-10 15:54:38] local.INFO: Fetching tag details for EPC: E2801170000002136AA2C3FF  
[2025-12-10 15:54:38] local.INFO: tagDetailsByEpc response: {"success":true,"message":"Tag details loaded","inventory":{"id":9,"epc_code":"E2801170000002136AA2C3FF","tag_code":null,"product_id":6,"location_id":3,"status":"clean","status_text":"Inactive","last_scanned_at":"2025-12-10T10:24:00.000000Z","mapped_at":"2025-12-05T08:39:20.000000Z","product_name":"Patient Gown","product_code":"","category":"Patient Gown","sku":"SKU-BED-05"}}  
[2025-12-10 15:54:40] local.INFO: Fetching tag details for EPC: E2801170000002136AA2C3FF  
[2025-12-10 15:54:40] local.INFO: tagDetailsByEpc response: {"success":true,"message":"Tag details loaded","inventory":{"id":9,"epc_code":"E2801170000002136AA2C3FF","tag_code":null,"product_id":6,"location_id":3,"status":"clean","status_text":"Inactive","last_scanned_at":"2025-12-10T10:24:00.000000Z","mapped_at":"2025-12-05T08:39:20.000000Z","product_name":"Patient Gown","product_code":"","category":"Patient Gown","sku":"SKU-BED-05"}}  
[2025-12-10 15:54:40] local.INFO: Fetching tag details for EPC: E2801170000002136AA2C3FF  
[2025-12-10 15:54:40] local.INFO: tagDetailsByEpc response: {"success":true,"message":"Tag details loaded","inventory":{"id":9,"epc_code":"E2801170000002136AA2C3FF","tag_code":null,"product_id":6,"location_id":3,"status":"clean","status_text":"Inactive","last_scanned_at":"2025-12-10T10:24:00.000000Z","mapped_at":"2025-12-05T08:39:20.000000Z","product_name":"Patient Gown","product_code":"","category":"Patient Gown","sku":"SKU-BED-05"}}  
[2025-12-10 15:54:42] local.INFO: Fetching tag details for EPC: E2801170000002136AA2C3FF  
[2025-12-10 15:54:42] local.INFO: tagDetailsByEpc response: {"success":true,"message":"Tag details loaded","inventory":{"id":9,"epc_code":"E2801170000002136AA2C3FF","tag_code":null,"product_id":6,"location_id":3,"status":"clean","status_text":"Inactive","last_scanned_at":"2025-12-10T10:24:00.000000Z","mapped_at":"2025-12-05T08:39:20.000000Z","product_name":"Patient Gown","product_code":"","category":"Patient Gown","sku":"SKU-BED-05"}}  
[2025-12-10 16:00:22] local.INFO: getProducts: {"limit":20,"page":1,"search":"p","status":"all"}  
[2025-12-10 16:00:22] local.INFO: Products fetched response [{"id":3,"product_name":"Pillow Cover","product_code":"SKU-BED-02","category":"Pillow Cover","price":0,"expected_life_cycles":101,"quantity":0,"last_activity":{"trans_type":null,"inward":0,"outward":0,"opening_stock":0,"closing_stock":0,"at":null}},{"id":6,"product_name":"Patient Gown","product_code":"SKU-BED-05","category":"Patient Gown","price":0,"expected_life_cycles":104,"quantity":2,"last_activity":{"trans_type":"tag_reassign_in","inward":1,"outward":0,"opening_stock":1,"closing_stock":2,"at":"2025-12-10 15:54:00"}}]  
[2025-12-10 16:00:23] local.INFO: getProducts: {"limit":20,"page":1,"search":"pil","status":"all"}  
[2025-12-10 16:00:23] local.INFO: Products fetched response [{"id":3,"product_name":"Pillow Cover","product_code":"SKU-BED-02","category":"Pillow Cover","price":0,"expected_life_cycles":101,"quantity":0,"last_activity":{"trans_type":null,"inward":0,"outward":0,"opening_stock":0,"closing_stock":0,"at":null}}]  
[2025-12-10 16:00:24] local.INFO: getProducts: {"limit":20,"page":1,"search":"Pillow Cover | SKU-BED-02","status":"all"}  
[2025-12-10 16:00:24] local.INFO: Products fetched response []  
[2025-12-10 16:00:29] local.INFO: tagMapping raw payload: {"epc_codes":["E2801170000002136AA2DD1F","E2801170000002136AA2C3FF"],"product_id":3}  
[2025-12-10 16:00:38] local.INFO: tagMapping raw payload: {"epc_codes":["E2801170000002136AA2C3FF"],"product_id":3}  
[2025-12-10 16:03:43] local.INFO: tagMapping raw payload: {"epc_codes":["E2801170000002136AA2DD4F","E2801170000002136AA2DD1F","E2801170000002136AA2C3FF"],"product_id":3}  
[2025-12-10 16:03:59] local.INFO: tagMapping raw payload: {"epc_codes":["E2801170000002136AA2DD1F","E2801170000002136AA2C3FF","E2801170000002136AA2DD4F"],"product_id":3}  
[2025-12-10 16:04:07] local.INFO: getProducts: {"limit":20,"page":1,"search":null,"status":"all"}  
[2025-12-10 16:04:07] local.INFO: Products fetched response [{"id":2,"product_name":"Badsheet","product_code":"SKU-BED-01","category":"Badsheet","price":0,"expected_life_cycles":100,"quantity":0,"last_activity":{"trans_type":null,"inward":0,"outward":0,"opening_stock":0,"closing_stock":0,"at":null}},{"id":3,"product_name":"Pillow Cover","product_code":"SKU-BED-02","category":"Pillow Cover","price":0,"expected_life_cycles":101,"quantity":3,"last_activity":{"trans_type":"tag_mapping","inward":1,"outward":0,"opening_stock":2,"closing_stock":3,"at":"2025-12-10 16:03:43"}},{"id":4,"product_name":"Towel","product_code":"SKU-BED-03","category":"Towel","price":0,"expected_life_cycles":102,"quantity":0,"last_activity":{"trans_type":null,"inward":0,"outward":0,"opening_stock":0,"closing_stock":0,"at":null}},{"id":5,"product_name":"Blanket","product_code":"SKU-BED-04","category":"Blanket","price":0,"expected_life_cycles":103,"quantity":0,"last_activity":{"trans_type":null,"inward":0,"outward":0,"opening_stock":0,"closing_stock":0,"at":null}},{"id":6,"product_name":"Patient Gown","product_code":"SKU-BED-05","category":"Patient Gown","price":0,"expected_life_cycles":104,"quantity":0,"last_activity":{"trans_type":null,"inward":0,"outward":0,"opening_stock":0,"closing_stock":0,"at":null}},{"id":1,"product_name":"Badsheet2","product_code":"343453S","category":"Badsheet2","price":0,"expected_life_cycles":100,"quantity":0,"last_activity":{"trans_type":null,"inward":0,"outward":0,"opening_stock":0,"closing_stock":0,"at":null}}]  
[2025-12-10 16:04:08] local.INFO: getProducts: {"limit":20,"page":1,"search":"b","status":"all"}  
[2025-12-10 16:04:08] local.INFO: Products fetched response [{"id":2,"product_name":"Badsheet","product_code":"SKU-BED-01","category":"Badsheet","price":0,"expected_life_cycles":100,"quantity":0,"last_activity":{"trans_type":null,"inward":0,"outward":0,"opening_stock":0,"closing_stock":0,"at":null}},{"id":3,"product_name":"Pillow Cover","product_code":"SKU-BED-02","category":"Pillow Cover","price":0,"expected_life_cycles":101,"quantity":3,"last_activity":{"trans_type":"tag_mapping","inward":1,"outward":0,"opening_stock":2,"closing_stock":3,"at":"2025-12-10 16:03:43"}},{"id":4,"product_name":"Towel","product_code":"SKU-BED-03","category":"Towel","price":0,"expected_life_cycles":102,"quantity":0,"last_activity":{"trans_type":null,"inward":0,"outward":0,"opening_stock":0,"closing_stock":0,"at":null}},{"id":5,"product_name":"Blanket","product_code":"SKU-BED-04","category":"Blanket","price":0,"expected_life_cycles":103,"quantity":0,"last_activity":{"trans_type":null,"inward":0,"outward":0,"opening_stock":0,"closing_stock":0,"at":null}},{"id":6,"product_name":"Patient Gown","product_code":"SKU-BED-05","category":"Patient Gown","price":0,"expected_life_cycles":104,"quantity":0,"last_activity":{"trans_type":null,"inward":0,"outward":0,"opening_stock":0,"closing_stock":0,"at":null}},{"id":1,"product_name":"Badsheet2","product_code":"343453S","category":"Badsheet2","price":0,"expected_life_cycles":100,"quantity":0,"last_activity":{"trans_type":null,"inward":0,"outward":0,"opening_stock":0,"closing_stock":0,"at":null}}]  
[2025-12-10 16:04:10] local.INFO: getProducts: {"limit":20,"page":1,"search":"Badsheet2 | 343453S","status":"all"}  
[2025-12-10 16:04:10] local.INFO: Products fetched response []  
[2025-12-10 16:04:14] local.INFO: tagMapping raw payload: {"epc_codes":["E2801170000002136AA2DD1F","E2801170000002136AA2C3FF","E2801170000002136AA2DD4F"],"product_id":1}  
[2025-12-10 16:07:24] local.INFO: getProducts: {"limit":20,"page":1,"search":"Blanket | SKU-BED-04","status":"all"}  
[2025-12-10 16:07:24] local.INFO: Products fetched response []  
[2025-12-10 16:07:54] local.INFO: getProducts: {"limit":20,"page":1,"search":null,"status":"all"}  
[2025-12-10 16:07:54] local.INFO: Products fetched response [{"id":2,"product_name":"Badsheet","product_code":"SKU-BED-01","category":"Badsheet","price":0,"expected_life_cycles":100,"quantity":0,"last_activity":{"trans_type":null,"inward":0,"outward":0,"opening_stock":0,"closing_stock":0,"at":null}},{"id":3,"product_name":"Pillow Cover","product_code":"SKU-BED-02","category":"Pillow Cover","price":0,"expected_life_cycles":101,"quantity":3,"last_activity":{"trans_type":"tag_mapping","inward":1,"outward":0,"opening_stock":2,"closing_stock":3,"at":"2025-12-10 16:03:43"}},{"id":4,"product_name":"Towel","product_code":"SKU-BED-03","category":"Towel","price":0,"expected_life_cycles":102,"quantity":0,"last_activity":{"trans_type":null,"inward":0,"outward":0,"opening_stock":0,"closing_stock":0,"at":null}},{"id":5,"product_name":"Blanket","product_code":"SKU-BED-04","category":"Blanket","price":0,"expected_life_cycles":103,"quantity":0,"last_activity":{"trans_type":null,"inward":0,"outward":0,"opening_stock":0,"closing_stock":0,"at":null}},{"id":6,"product_name":"Patient Gown","product_code":"SKU-BED-05","category":"Patient Gown","price":0,"expected_life_cycles":104,"quantity":0,"last_activity":{"trans_type":null,"inward":0,"outward":0,"opening_stock":0,"closing_stock":0,"at":null}},{"id":1,"product_name":"Badsheet2","product_code":"343453S","category":"Badsheet2","price":0,"expected_life_cycles":100,"quantity":0,"last_activity":{"trans_type":null,"inward":0,"outward":0,"opening_stock":0,"closing_stock":0,"at":null}}]  
[2025-12-10 16:08:03] local.INFO: getProducts: {"limit":20,"page":1,"search":"n","status":"all"}  
[2025-12-10 16:08:03] local.INFO: Products fetched response [{"id":5,"product_name":"Blanket","product_code":"SKU-BED-04","category":"Blanket","price":0,"expected_life_cycles":103,"quantity":0,"last_activity":{"trans_type":null,"inward":0,"outward":0,"opening_stock":0,"closing_stock":0,"at":null}},{"id":6,"product_name":"Patient Gown","product_code":"SKU-BED-05","category":"Patient Gown","price":0,"expected_life_cycles":104,"quantity":0,"last_activity":{"trans_type":null,"inward":0,"outward":0,"opening_stock":0,"closing_stock":0,"at":null}}]  
[2025-12-10 16:08:03] local.INFO: getProducts: {"limit":20,"page":1,"search":"nm","status":"all"}  
[2025-12-10 16:08:03] local.INFO: Products fetched response []  
[2025-12-10 16:08:04] local.INFO: getProducts: {"limit":20,"page":1,"search":null,"status":"all"}  
[2025-12-10 16:08:04] local.INFO: Products fetched response [{"id":2,"product_name":"Badsheet","product_code":"SKU-BED-01","category":"Badsheet","price":0,"expected_life_cycles":100,"quantity":0,"last_activity":{"trans_type":null,"inward":0,"outward":0,"opening_stock":0,"closing_stock":0,"at":null}},{"id":3,"product_name":"Pillow Cover","product_code":"SKU-BED-02","category":"Pillow Cover","price":0,"expected_life_cycles":101,"quantity":3,"last_activity":{"trans_type":"tag_mapping","inward":1,"outward":0,"opening_stock":2,"closing_stock":3,"at":"2025-12-10 16:03:43"}},{"id":4,"product_name":"Towel","product_code":"SKU-BED-03","category":"Towel","price":0,"expected_life_cycles":102,"quantity":0,"last_activity":{"trans_type":null,"inward":0,"outward":0,"opening_stock":0,"closing_stock":0,"at":null}},{"id":5,"product_name":"Blanket","product_code":"SKU-BED-04","category":"Blanket","price":0,"expected_life_cycles":103,"quantity":0,"last_activity":{"trans_type":null,"inward":0,"outward":0,"opening_stock":0,"closing_stock":0,"at":null}},{"id":6,"product_name":"Patient Gown","product_code":"SKU-BED-05","category":"Patient Gown","price":0,"expected_life_cycles":104,"quantity":0,"last_activity":{"trans_type":null,"inward":0,"outward":0,"opening_stock":0,"closing_stock":0,"at":null}},{"id":1,"product_name":"Badsheet2","product_code":"343453S","category":"Badsheet2","price":0,"expected_life_cycles":100,"quantity":0,"last_activity":{"trans_type":null,"inward":0,"outward":0,"opening_stock":0,"closing_stock":0,"at":null}}]  
[2025-12-10 16:08:05] local.INFO: getProducts: {"limit":20,"page":1,"search":"ba","status":"all"}  
[2025-12-10 16:08:05] local.INFO: Products fetched response [{"id":2,"product_name":"Badsheet","product_code":"SKU-BED-01","category":"Badsheet","price":0,"expected_life_cycles":100,"quantity":0,"last_activity":{"trans_type":null,"inward":0,"outward":0,"opening_stock":0,"closing_stock":0,"at":null}},{"id":1,"product_name":"Badsheet2","product_code":"343453S","category":"Badsheet2","price":0,"expected_life_cycles":100,"quantity":0,"last_activity":{"trans_type":null,"inward":0,"outward":0,"opening_stock":0,"closing_stock":0,"at":null}}]  
[2025-12-10 16:08:06] local.INFO: getProducts: {"limit":20,"page":1,"search":"Badsheet | SKU-BED-01","status":"all"}  
[2025-12-10 16:08:06] local.INFO: Products fetched response []  
[2025-12-10 16:08:11] local.INFO: tagMapping raw payload: {"epc_codes":["E2004700BA71662B01EC81F7","E2801170000002136AA2DD4F","E2801170000002136AA2C3FF"],"product_id":2}  
[2025-12-10 16:08:24] local.INFO: tagMapping raw payload: {"epc_codes":["E2801170000002136AA2DD4F","E2004700BA71662B01EC81F7","E2801170000002136AA2C3FF"],"product_id":2}  
[2025-12-10 16:11:44] local.ERROR: Call to undefined method App\Helpers\LocaleHelper::getProductSummaryCounts() {"userId":51,"exception":"[object] (Error(code: 0): Call to undefined method App\\Helpers\\LocaleHelper::getProductSummaryCounts() at /var/www/html/laundryApp/app/Http/Controllers/reports/ReportsController.php:35)
[stacktrace]
#0 /var/www/html/laundryApp/vendor/laravel/framework/src/Illuminate/Routing/Controller.php(54): App\\Http\\Controllers\\reports\\ReportsController->index()
#1 /var/www/html/laundryApp/vendor/laravel/framework/src/Illuminate/Routing/ControllerDispatcher.php(43): Illuminate\\Routing\\Controller->callAction()
#2 /var/www/html/laundryApp/vendor/laravel/framework/src/Illuminate/Routing/Route.php(259): Illuminate\\Routing\\ControllerDispatcher->dispatch()
#3 /var/www/html/laundryApp/vendor/laravel/framework/src/Illuminate/Routing/Route.php(205): Illuminate\\Routing\\Route->runController()
#4 /var/www/html/laundryApp/vendor/laravel/framework/src/Illuminate/Routing/Router.php(806): Illuminate\\Routing\\Route->run()
#5 /var/www/html/laundryApp/vendor/laravel/framework/src/Illuminate/Pipeline/Pipeline.php(144): Illuminate\\Routing\\Router->Illuminate\\Routing\\{closure}()
#6 /var/www/html/laundryApp/app/Http/Middleware/CheckPermission.php(19): Illuminate\\Pipeline\\Pipeline->Illuminate\\Pipeline\\{closure}()
#7 /var/www/html/laundryApp/vendor/laravel/framework/src/Illuminate/Pipeline/Pipeline.php(183): App\\Http\\Middleware\\CheckPermission->handle()
#8 /var/www/html/laundryApp/app/Http/Middleware/PreventBackHistory.php(17): Illuminate\\Pipeline\\Pipeline->Illuminate\\Pipeline\\{closure}()
#9 /var/www/html/laundryApp/vendor/laravel/framework/src/Illuminate/Pipeline/Pipeline.php(183): App\\Http\\Middleware\\PreventBackHistory->handle()
#10 /var/www/html/laundryApp/vendor/laravel/framework/src/Illuminate/Routing/Middleware/SubstituteBindings.php(50): Illuminate\\Pipeline\\Pipeline->Illuminate\\Pipeline\\{closure}()
#11 /var/www/html/laundryApp/vendor/laravel/framework/src/Illuminate/Pipeline/Pipeline.php(183): Illuminate\\Routing\\Middleware\\SubstituteBindings->handle()
#12 /var/www/html/laundryApp/vendor/laravel/framework/src/Illuminate/Auth/Middleware/Authenticate.php(57): Illuminate\\Pipeline\\Pipeline->Illuminate\\Pipeline\\{closure}()
#13 /var/www/html/laundryApp/vendor/laravel/framework/src/Illuminate/Pipeline/Pipeline.php(183): Illuminate\\Auth\\Middleware\\Authenticate->handle()
#14 /var/www/html/laundryApp/vendor/laravel/framework/src/Illuminate/Foundation/Http/Middleware/VerifyCsrfToken.php(78): Illuminate\\Pipeline\\Pipeline->Illuminate\\Pipeline\\{closure}()
#15 /var/www/html/laundryApp/vendor/laravel/framework/src/Illuminate/Pipeline/Pipeline.php(183): Illuminate\\Foundation\\Http\\Middleware\\VerifyCsrfToken->handle()
#16 /var/www/html/laundryApp/vendor/laravel/framework/src/Illuminate/View/Middleware/ShareErrorsFromSession.php(49): Illuminate\\Pipeline\\Pipeline->Illuminate\\Pipeline\\{closure}()
#17 /var/www/html/laundryApp/vendor/laravel/framework/src/Illuminate/Pipeline/Pipeline.php(183): Illuminate\\View\\Middleware\\ShareErrorsFromSession->handle()
#18 /var/www/html/laundryApp/vendor/laravel/framework/src/Illuminate/Session/Middleware/StartSession.php(121): Illuminate\\Pipeline\\Pipeline->Illuminate\\Pipeline\\{closure}()
#19 /var/www/html/laundryApp/vendor/laravel/framework/src/Illuminate/Session/Middleware/StartSession.php(64): Illuminate\\Session\\Middleware\\StartSession->handleStatefulRequest()
#20 /var/www/html/laundryApp/vendor/laravel/framework/src/Illuminate/Pipeline/Pipeline.php(183): Illuminate\\Session\\Middleware\\StartSession->handle()
#21 /var/www/html/laundryApp/vendor/laravel/framework/src/Illuminate/Cookie/Middleware/AddQueuedCookiesToResponse.php(37): Illuminate\\Pipeline\\Pipeline->Illuminate\\Pipeline\\{closure}()
#22 /var/www/html/laundryApp/vendor/laravel/framework/src/Illuminate/Pipeline/Pipeline.php(183): Illuminate\\Cookie\\Middleware\\AddQueuedCookiesToResponse->handle()
#23 /var/www/html/laundryApp/vendor/laravel/framework/src/Illuminate/Cookie/Middleware/EncryptCookies.php(67): Illuminate\\Pipeline\\Pipeline->Illuminate\\Pipeline\\{closure}()
#24 /var/www/html/laundryApp/vendor/laravel/framework/src/Illuminate/Pipeline/Pipeline.php(183): Illuminate\\Cookie\\Middleware\\EncryptCookies->handle()
#25 /var/www/html/laundryApp/vendor/laravel/framework/src/Illuminate/Pipeline/Pipeline.php(119): Illuminate\\Pipeline\\Pipeline->Illuminate\\Pipeline\\{closure}()
#26 /var/www/html/laundryApp/vendor/laravel/framework/src/Illuminate/Routing/Router.php(805): Illuminate\\Pipeline\\Pipeline->then()
#27 /var/www/html/laundryApp/vendor/laravel/framework/src/Illuminate/Routing/Router.php(784): Illuminate\\Routing\\Router->runRouteWithinStack()
#28 /var/www/html/laundryApp/vendor/laravel/framework/src/Illuminate/Routing/Router.php(748): Illuminate\\Routing\\Router->runRoute()
#29 /var/www/html/laundryApp/vendor/laravel/framework/src/Illuminate/Routing/Router.php(737): Illuminate\\Routing\\Router->dispatchToRoute()
#30 /var/www/html/laundryApp/vendor/laravel/framework/src/Illuminate/Foundation/Http/Kernel.php(200): Illuminate\\Routing\\Router->dispatch()
#31 /var/www/html/laundryApp/vendor/laravel/framework/src/Illuminate/Pipeline/Pipeline.php(144): Illuminate\\Foundation\\Http\\Kernel->Illuminate\\Foundation\\Http\\{closure}()
#32 /var/www/html/laundryApp/vendor/laravel/framework/src/Illuminate/Foundation/Http/Middleware/TransformsRequest.php(21): Illuminate\\Pipeline\\Pipeline->Illuminate\\Pipeline\\{closure}()
#33 /var/www/html/laundryApp/vendor/laravel/framework/src/Illuminate/Foundation/Http/Middleware/ConvertEmptyStringsToNull.php(31): Illuminate\\Foundation\\Http\\Middleware\\TransformsRequest->handle()
#34 /var/www/html/laundryApp/vendor/laravel/framework/src/Illuminate/Pipeline/Pipeline.php(183): Illuminate\\Foundation\\Http\\Middleware\\ConvertEmptyStringsToNull->handle()
#35 /var/www/html/laundryApp/vendor/laravel/framework/src/Illuminate/Foundation/Http/Middleware/TransformsRequest.php(21): Illuminate\\Pipeline\\Pipeline->Illuminate\\Pipeline\\{closure}()
#36 /var/www/html/laundryApp/vendor/laravel/framework/src/Illuminate/Foundation/Http/Middleware/TrimStrings.php(40): Illuminate\\Foundation\\Http\\Middleware\\TransformsRequest->handle()
#37 /var/www/html/laundryApp/vendor/laravel/framework/src/Illuminate/Pipeline/Pipeline.php(183): Illuminate\\Foundation\\Http\\Middleware\\TrimStrings->handle()
#38 /var/www/html/laundryApp/vendor/laravel/framework/src/Illuminate/Foundation/Http/Middleware/ValidatePostSize.php(27): Illuminate\\Pipeline\\Pipeline->Illuminate\\Pipeline\\{closure}()
#39 /var/www/html/laundryApp/vendor/laravel/framework/src/Illuminate/Pipeline/Pipeline.php(183): Illuminate\\Foundation\\Http\\Middleware\\ValidatePostSize->handle()
#40 /var/www/html/laundryApp/vendor/laravel/framework/src/Illuminate/Foundation/Http/Middleware/PreventRequestsDuringMaintenance.php(99): Illuminate\\Pipeline\\Pipeline->Illuminate\\Pipeline\\{closure}()
#41 /var/www/html/laundryApp/vendor/laravel/framework/src/Illuminate/Pipeline/Pipeline.php(183): Illuminate\\Foundation\\Http\\Middleware\\PreventRequestsDuringMaintenance->handle()
#42 /var/www/html/laundryApp/vendor/laravel/framework/src/Illuminate/Http/Middleware/HandleCors.php(49): Illuminate\\Pipeline\\Pipeline->Illuminate\\Pipeline\\{closure}()
#43 /var/www/html/laundryApp/vendor/laravel/framework/src/Illuminate/Pipeline/Pipeline.php(183): Illuminate\\Http\\Middleware\\HandleCors->handle()
#44 /var/www/html/laundryApp/vendor/laravel/framework/src/Illuminate/Http/Middleware/TrustProxies.php(39): Illuminate\\Pipeline\\Pipeline->Illuminate\\Pipeline\\{closure}()
#45 /var/www/html/laundryApp/vendor/laravel/framework/src/Illuminate/Pipeline/Pipeline.php(183): Illuminate\\Http\\Middleware\\TrustProxies->handle()
#46 /var/www/html/laundryApp/vendor/laravel/framework/src/Illuminate/Pipeline/Pipeline.php(119): Illuminate\\Pipeline\\Pipeline->Illuminate\\Pipeline\\{closure}()
#47 /var/www/html/laundryApp/vendor/laravel/framework/src/Illuminate/Foundation/Http/Kernel.php(175): Illuminate\\Pipeline\\Pipeline->then()
#48 /var/www/html/laundryApp/vendor/laravel/framework/src/Illuminate/Foundation/Http/Kernel.php(144): Illuminate\\Foundation\\Http\\Kernel->sendRequestThroughRouter()
#49 /var/www/html/laundryApp/public/index.php(51): Illuminate\\Foundation\\Http\\Kernel->handle()
#50 /var/www/html/laundryApp/vendor/laravel/framework/src/Illuminate/Foundation/resources/server.php(16): require_once('...')
#51 {main}
"} 
[2025-12-10 16:22:12] local.ERROR: Call to undefined method App\Helpers\LocaleHelper::getProductSummaryCounts() {"userId":51,"exception":"[object] (Error(code: 0): Call to undefined method App\\Helpers\\LocaleHelper::getProductSummaryCounts() at /var/www/html/laundryApp/app/Http/Controllers/reports/ReportsController.php:35)
[stacktrace]
#0 /var/www/html/laundryApp/vendor/laravel/framework/src/Illuminate/Routing/Controller.php(54): App\\Http\\Controllers\\reports\\ReportsController->index()
#1 /var/www/html/laundryApp/vendor/laravel/framework/src/Illuminate/Routing/ControllerDispatcher.php(43): Illuminate\\Routing\\Controller->callAction()
#2 /var/www/html/laundryApp/vendor/laravel/framework/src/Illuminate/Routing/Route.php(259): Illuminate\\Routing\\ControllerDispatcher->dispatch()
#3 /var/www/html/laundryApp/vendor/laravel/framework/src/Illuminate/Routing/Route.php(205): Illuminate\\Routing\\Route->runController()
#4 /var/www/html/laundryApp/vendor/laravel/framework/src/Illuminate/Routing/Router.php(806): Illuminate\\Routing\\Route->run()
#5 /var/www/html/laundryApp/vendor/laravel/framework/src/Illuminate/Pipeline/Pipeline.php(144): Illuminate\\Routing\\Router->Illuminate\\Routing\\{closure}()
#6 /var/www/html/laundryApp/app/Http/Middleware/CheckPermission.php(19): Illuminate\\Pipeline\\Pipeline->Illuminate\\Pipeline\\{closure}()
#7 /var/www/html/laundryApp/vendor/laravel/framework/src/Illuminate/Pipeline/Pipeline.php(183): App\\Http\\Middleware\\CheckPermission->handle()
#8 /var/www/html/laundryApp/app/Http/Middleware/PreventBackHistory.php(17): Illuminate\\Pipeline\\Pipeline->Illuminate\\Pipeline\\{closure}()
#9 /var/www/html/laundryApp/vendor/laravel/framework/src/Illuminate/Pipeline/Pipeline.php(183): App\\Http\\Middleware\\PreventBackHistory->handle()
#10 /var/www/html/laundryApp/vendor/laravel/framework/src/Illuminate/Routing/Middleware/SubstituteBindings.php(50): Illuminate\\Pipeline\\Pipeline->Illuminate\\Pipeline\\{closure}()
#11 /var/www/html/laundryApp/vendor/laravel/framework/src/Illuminate/Pipeline/Pipeline.php(183): Illuminate\\Routing\\Middleware\\SubstituteBindings->handle()
#12 /var/www/html/laundryApp/vendor/laravel/framework/src/Illuminate/Auth/Middleware/Authenticate.php(57): Illuminate\\Pipeline\\Pipeline->Illuminate\\Pipeline\\{closure}()
#13 /var/www/html/laundryApp/vendor/laravel/framework/src/Illuminate/Pipeline/Pipeline.php(183): Illuminate\\Auth\\Middleware\\Authenticate->handle()
#14 /var/www/html/laundryApp/vendor/laravel/framework/src/Illuminate/Foundation/Http/Middleware/VerifyCsrfToken.php(78): Illuminate\\Pipeline\\Pipeline->Illuminate\\Pipeline\\{closure}()
#15 /var/www/html/laundryApp/vendor/laravel/framework/src/Illuminate/Pipeline/Pipeline.php(183): Illuminate\\Foundation\\Http\\Middleware\\VerifyCsrfToken->handle()
#16 /var/www/html/laundryApp/vendor/laravel/framework/src/Illuminate/View/Middleware/ShareErrorsFromSession.php(49): Illuminate\\Pipeline\\Pipeline->Illuminate\\Pipeline\\{closure}()
#17 /var/www/html/laundryApp/vendor/laravel/framework/src/Illuminate/Pipeline/Pipeline.php(183): Illuminate\\View\\Middleware\\ShareErrorsFromSession->handle()
#18 /var/www/html/laundryApp/vendor/laravel/framework/src/Illuminate/Session/Middleware/StartSession.php(121): Illuminate\\Pipeline\\Pipeline->Illuminate\\Pipeline\\{closure}()
#19 /var/www/html/laundryApp/vendor/laravel/framework/src/Illuminate/Session/Middleware/StartSession.php(64): Illuminate\\Session\\Middleware\\StartSession->handleStatefulRequest()
#20 /var/www/html/laundryApp/vendor/laravel/framework/src/Illuminate/Pipeline/Pipeline.php(183): Illuminate\\Session\\Middleware\\StartSession->handle()
#21 /var/www/html/laundryApp/vendor/laravel/framework/src/Illuminate/Cookie/Middleware/AddQueuedCookiesToResponse.php(37): Illuminate\\Pipeline\\Pipeline->Illuminate\\Pipeline\\{closure}()
#22 /var/www/html/laundryApp/vendor/laravel/framework/src/Illuminate/Pipeline/Pipeline.php(183): Illuminate\\Cookie\\Middleware\\AddQueuedCookiesToResponse->handle()
#23 /var/www/html/laundryApp/vendor/laravel/framework/src/Illuminate/Cookie/Middleware/EncryptCookies.php(67): Illuminate\\Pipeline\\Pipeline->Illuminate\\Pipeline\\{closure}()
#24 /var/www/html/laundryApp/vendor/laravel/framework/src/Illuminate/Pipeline/Pipeline.php(183): Illuminate\\Cookie\\Middleware\\EncryptCookies->handle()
#25 /var/www/html/laundryApp/vendor/laravel/framework/src/Illuminate/Pipeline/Pipeline.php(119): Illuminate\\Pipeline\\Pipeline->Illuminate\\Pipeline\\{closure}()
#26 /var/www/html/laundryApp/vendor/laravel/framework/src/Illuminate/Routing/Router.php(805): Illuminate\\Pipeline\\Pipeline->then()
#27 /var/www/html/laundryApp/vendor/laravel/framework/src/Illuminate/Routing/Router.php(784): Illuminate\\Routing\\Router->runRouteWithinStack()
#28 /var/www/html/laundryApp/vendor/laravel/framework/src/Illuminate/Routing/Router.php(748): Illuminate\\Routing\\Router->runRoute()
#29 /var/www/html/laundryApp/vendor/laravel/framework/src/Illuminate/Routing/Router.php(737): Illuminate\\Routing\\Router->dispatchToRoute()
#30 /var/www/html/laundryApp/vendor/laravel/framework/src/Illuminate/Foundation/Http/Kernel.php(200): Illuminate\\Routing\\Router->dispatch()
#31 /var/www/html/laundryApp/vendor/laravel/framework/src/Illuminate/Pipeline/Pipeline.php(144): Illuminate\\Foundation\\Http\\Kernel->Illuminate\\Foundation\\Http\\{closure}()
#32 /var/www/html/laundryApp/vendor/laravel/framework/src/Illuminate/Foundation/Http/Middleware/TransformsRequest.php(21): Illuminate\\Pipeline\\Pipeline->Illuminate\\Pipeline\\{closure}()
#33 /var/www/html/laundryApp/vendor/laravel/framework/src/Illuminate/Foundation/Http/Middleware/ConvertEmptyStringsToNull.php(31): Illuminate\\Foundation\\Http\\Middleware\\TransformsRequest->handle()
#34 /var/www/html/laundryApp/vendor/laravel/framework/src/Illuminate/Pipeline/Pipeline.php(183): Illuminate\\Foundation\\Http\\Middleware\\ConvertEmptyStringsToNull->handle()
#35 /var/www/html/laundryApp/vendor/laravel/framework/src/Illuminate/Foundation/Http/Middleware/TransformsRequest.php(21): Illuminate\\Pipeline\\Pipeline->Illuminate\\Pipeline\\{closure}()
#36 /var/www/html/laundryApp/vendor/laravel/framework/src/Illuminate/Foundation/Http/Middleware/TrimStrings.php(40): Illuminate\\Foundation\\Http\\Middleware\\TransformsRequest->handle()
#37 /var/www/html/laundryApp/vendor/laravel/framework/src/Illuminate/Pipeline/Pipeline.php(183): Illuminate\\Foundation\\Http\\Middleware\\TrimStrings->handle()
#38 /var/www/html/laundryApp/vendor/laravel/framework/src/Illuminate/Foundation/Http/Middleware/ValidatePostSize.php(27): Illuminate\\Pipeline\\Pipeline->Illuminate\\Pipeline\\{closure}()
#39 /var/www/html/laundryApp/vendor/laravel/framework/src/Illuminate/Pipeline/Pipeline.php(183): Illuminate\\Foundation\\Http\\Middleware\\ValidatePostSize->handle()
#40 /var/www/html/laundryApp/vendor/laravel/framework/src/Illuminate/Foundation/Http/Middleware/PreventRequestsDuringMaintenance.php(99): Illuminate\\Pipeline\\Pipeline->Illuminate\\Pipeline\\{closure}()
#41 /var/www/html/laundryApp/vendor/laravel/framework/src/Illuminate/Pipeline/Pipeline.php(183): Illuminate\\Foundation\\Http\\Middleware\\PreventRequestsDuringMaintenance->handle()
#42 /var/www/html/laundryApp/vendor/laravel/framework/src/Illuminate/Http/Middleware/HandleCors.php(49): Illuminate\\Pipeline\\Pipeline->Illuminate\\Pipeline\\{closure}()
#43 /var/www/html/laundryApp/vendor/laravel/framework/src/Illuminate/Pipeline/Pipeline.php(183): Illuminate\\Http\\Middleware\\HandleCors->handle()
#44 /var/www/html/laundryApp/vendor/laravel/framework/src/Illuminate/Http/Middleware/TrustProxies.php(39): Illuminate\\Pipeline\\Pipeline->Illuminate\\Pipeline\\{closure}()
#45 /var/www/html/laundryApp/vendor/laravel/framework/src/Illuminate/Pipeline/Pipeline.php(183): Illuminate\\Http\\Middleware\\TrustProxies->handle()
#46 /var/www/html/laundryApp/vendor/laravel/framework/src/Illuminate/Pipeline/Pipeline.php(119): Illuminate\\Pipeline\\Pipeline->Illuminate\\Pipeline\\{closure}()
#47 /var/www/html/laundryApp/vendor/laravel/framework/src/Illuminate/Foundation/Http/Kernel.php(175): Illuminate\\Pipeline\\Pipeline->then()
#48 /var/www/html/laundryApp/vendor/laravel/framework/src/Illuminate/Foundation/Http/Kernel.php(144): Illuminate\\Foundation\\Http\\Kernel->sendRequestThroughRouter()
#49 /var/www/html/laundryApp/public/index.php(51): Illuminate\\Foundation\\Http\\Kernel->handle()
#50 /var/www/html/laundryApp/vendor/laravel/framework/src/Illuminate/Foundation/resources/server.php(16): require_once('...')
#51 {main}
"} 
[2025-12-10 16:52:16] local.INFO: User login attempt {"license_key":"D5EE-T629K9-1C22-4A66-44F8","username":"admin"} 
[2025-12-10 16:52:16] local.INFO: User login response data {"user_id":51,"data":{"user":{"name":"Bangalore admin","email":"admin@gmail.com","user_code":"USR-ADKU1CW","location_id":3,"location_name":"Electronic City","working_stages":[],"role":{"App\\Models\\user_management\\Role":{"role_id":13,"role_name":"Palnt Admin","role_code":"ROL-ADIN9A3"}},"api_key":"XDdZMI4IrtC0Wc4XsJI5vzjLrVdrY2U4en3me1ckxhKZDGgnge2VUVbeTHJO"},"permissions":{"users":["create.users","view.users","edit.users","delete.users"],"dashboard":["view.dashboard_admin"],"config_settings":["create.config_settings","view.config_settings","edit.config_settings","delete.config_settings"],"products":["view.products","create.products","edit.products","delete.products"],"reports":["view.reports"],"locations":["locations.view","locations.edit"],"inventory":["view.inventory","create.inventory","edit.inventory","delete.inventory","write.inventory","lock.inventory"]},"token":"795|NZqmcdCi3udeLnsbh6ZK6cArBNS67jSB9HZK3r72afc6ad66"}} 
[2025-12-10 16:52:16] local.INFO: User login successful {"user_id":51,"license_key":"D5EE-T629K9-1C22-4A66-44F8"} 
[2025-12-10 16:52:18] local.INFO: --- CHECK UPDATE CALLED --- {"incoming_request":{"current_version_code":1,"device_id":"d5ee7f87f3ada95d"}} 
[2025-12-10 16:52:18] local.INFO: Validated request {"device_id":"d5ee7f87f3ada95d","current_version_code":1} 
[2025-12-10 16:52:18] local.INFO: Device found {"device_id":"d5ee7f87f3ada95d","registered_version_code":1,"is_update_required_flag":0} 
[2025-12-10 16:52:18] local.INFO: Device is up to date {"device_id":"d5ee7f87f3ada95d","current_version":1} 
[2025-12-10 16:52:30] local.INFO: Fetching tag details for EPC: E2801170000002136AA2DD2F  
[2025-12-10 16:52:59] local.INFO: getProducts: {"limit":20,"page":1,"search":"bad","status":"all"}  
[2025-12-10 16:52:59] local.INFO: Products fetched response [{"id":2,"product_name":"Badsheet","product_code":"SKU-BED-01","category":"Badsheet","price":0,"expected_life_cycles":100,"quantity":0,"last_activity":{"trans_type":null,"inward":0,"outward":0,"opening_stock":0,"closing_stock":0,"at":null}},{"id":1,"product_name":"Badsheet2","product_code":"343453S","category":"Badsheet2","price":0,"expected_life_cycles":100,"quantity":0,"last_activity":{"trans_type":null,"inward":0,"outward":0,"opening_stock":0,"closing_stock":0,"at":null}}]  
[2025-12-10 16:53:02] local.INFO: getProducts: {"limit":20,"page":1,"search":"b","status":"all"}  
[2025-12-10 16:53:02] local.INFO: Products fetched response [{"id":2,"product_name":"Badsheet","product_code":"SKU-BED-01","category":"Badsheet","price":0,"expected_life_cycles":100,"quantity":0,"last_activity":{"trans_type":null,"inward":0,"outward":0,"opening_stock":0,"closing_stock":0,"at":null}},{"id":3,"product_name":"Pillow Cover","product_code":"SKU-BED-02","category":"Pillow Cover","price":0,"expected_life_cycles":101,"quantity":0,"last_activity":{"trans_type":null,"inward":0,"outward":0,"opening_stock":0,"closing_stock":0,"at":null}},{"id":4,"product_name":"Towel","product_code":"SKU-BED-03","category":"Towel","price":0,"expected_life_cycles":102,"quantity":0,"last_activity":{"trans_type":null,"inward":0,"outward":0,"opening_stock":0,"closing_stock":0,"at":null}},{"id":5,"product_name":"Blanket","product_code":"SKU-BED-04","category":"Blanket","price":0,"expected_life_cycles":103,"quantity":0,"last_activity":{"trans_type":null,"inward":0,"outward":0,"opening_stock":0,"closing_stock":0,"at":null}},{"id":6,"product_name":"Patient Gown","product_code":"SKU-BED-05","category":"Patient Gown","price":0,"expected_life_cycles":104,"quantity":0,"last_activity":{"trans_type":null,"inward":0,"outward":0,"opening_stock":0,"closing_stock":0,"at":null}},{"id":1,"product_name":"Badsheet2","product_code":"343453S","category":"Badsheet2","price":0,"expected_life_cycles":100,"quantity":0,"last_activity":{"trans_type":null,"inward":0,"outward":0,"opening_stock":0,"closing_stock":0,"at":null}}]  
[2025-12-10 16:53:05] local.INFO: getProducts: {"limit":20,"page":1,"search":"Badsheet | SKU-BED-01","status":"all"}  
[2025-12-10 16:53:05] local.INFO: Products fetched response []  
[2025-12-10 16:53:20] local.INFO: getProducts: {"limit":20,"page":1,"search":"Badsheet | SKU-BED-01","status":"all"}  
[2025-12-10 16:53:20] local.INFO: Products fetched response []  
[2025-12-10 16:53:24] local.INFO: getProducts: {"limit":20,"page":1,"search":null,"status":"all"}  
[2025-12-10 16:53:24] local.INFO: Products fetched response [{"id":2,"product_name":"Badsheet","product_code":"SKU-BED-01","category":"Badsheet","price":0,"expected_life_cycles":100,"quantity":0,"last_activity":{"trans_type":null,"inward":0,"outward":0,"opening_stock":0,"closing_stock":0,"at":null}},{"id":3,"product_name":"Pillow Cover","product_code":"SKU-BED-02","category":"Pillow Cover","price":0,"expected_life_cycles":101,"quantity":0,"last_activity":{"trans_type":null,"inward":0,"outward":0,"opening_stock":0,"closing_stock":0,"at":null}},{"id":4,"product_name":"Towel","product_code":"SKU-BED-03","category":"Towel","price":0,"expected_life_cycles":102,"quantity":0,"last_activity":{"trans_type":null,"inward":0,"outward":0,"opening_stock":0,"closing_stock":0,"at":null}},{"id":5,"product_name":"Blanket","product_code":"SKU-BED-04","category":"Blanket","price":0,"expected_life_cycles":103,"quantity":0,"last_activity":{"trans_type":null,"inward":0,"outward":0,"opening_stock":0,"closing_stock":0,"at":null}},{"id":6,"product_name":"Patient Gown","product_code":"SKU-BED-05","category":"Patient Gown","price":0,"expected_life_cycles":104,"quantity":0,"last_activity":{"trans_type":null,"inward":0,"outward":0,"opening_stock":0,"closing_stock":0,"at":null}},{"id":1,"product_name":"Badsheet2","product_code":"343453S","category":"Badsheet2","price":0,"expected_life_cycles":100,"quantity":0,"last_activity":{"trans_type":null,"inward":0,"outward":0,"opening_stock":0,"closing_stock":0,"at":null}}]  
[2025-12-10 16:53:29] local.INFO: getProducts: {"limit":20,"page":1,"search":"b","status":"all"}  
[2025-12-10 16:53:29] local.INFO: Products fetched response [{"id":2,"product_name":"Badsheet","product_code":"SKU-BED-01","category":"Badsheet","price":0,"expected_life_cycles":100,"quantity":0,"last_activity":{"trans_type":null,"inward":0,"outward":0,"opening_stock":0,"closing_stock":0,"at":null}},{"id":3,"product_name":"Pillow Cover","product_code":"SKU-BED-02","category":"Pillow Cover","price":0,"expected_life_cycles":101,"quantity":0,"last_activity":{"trans_type":null,"inward":0,"outward":0,"opening_stock":0,"closing_stock":0,"at":null}},{"id":4,"product_name":"Towel","product_code":"SKU-BED-03","category":"Towel","price":0,"expected_life_cycles":102,"quantity":0,"last_activity":{"trans_type":null,"inward":0,"outward":0,"opening_stock":0,"closing_stock":0,"at":null}},{"id":5,"product_name":"Blanket","product_code":"SKU-BED-04","category":"Blanket","price":0,"expected_life_cycles":103,"quantity":0,"last_activity":{"trans_type":null,"inward":0,"outward":0,"opening_stock":0,"closing_stock":0,"at":null}},{"id":6,"product_name":"Patient Gown","product_code":"SKU-BED-05","category":"Patient Gown","price":0,"expected_life_cycles":104,"quantity":0,"last_activity":{"trans_type":null,"inward":0,"outward":0,"opening_stock":0,"closing_stock":0,"at":null}},{"id":1,"product_name":"Badsheet2","product_code":"343453S","category":"Badsheet2","price":0,"expected_life_cycles":100,"quantity":0,"last_activity":{"trans_type":null,"inward":0,"outward":0,"opening_stock":0,"closing_stock":0,"at":null}}]  
[2025-12-10 16:53:31] local.INFO: getProducts: {"limit":20,"page":1,"search":"Blanket | SKU-BED-04","status":"all"}  
[2025-12-10 16:53:31] local.INFO: Products fetched response []  
[2025-12-10 16:53:38] local.INFO: tagMapping raw payload: {"epc_codes":["E2806A9600005016A4D2E8C9","E2806A960000502D20A3BC7B","E2806A9600004016A4D34675"],"product_id":5}  
[2025-12-10 16:55:10] local.INFO: getProducts: {"limit":20,"page":1,"search":null,"status":"all"}  
[2025-12-10 16:55:10] local.INFO: Products fetched response [{"id":2,"product_name":"Badsheet","product_code":"SKU-BED-01","category":"Badsheet","price":0,"expected_life_cycles":100,"quantity":0,"last_activity":{"trans_type":null,"inward":0,"outward":0,"opening_stock":0,"closing_stock":0,"at":null}},{"id":3,"product_name":"Pillow Cover","product_code":"SKU-BED-02","category":"Pillow Cover","price":0,"expected_life_cycles":101,"quantity":0,"last_activity":{"trans_type":null,"inward":0,"outward":0,"opening_stock":0,"closing_stock":0,"at":null}},{"id":4,"product_name":"Towel","product_code":"SKU-BED-03","category":"Towel","price":0,"expected_life_cycles":102,"quantity":0,"last_activity":{"trans_type":null,"inward":0,"outward":0,"opening_stock":0,"closing_stock":0,"at":null}},{"id":5,"product_name":"Blanket","product_code":"SKU-BED-04","category":"Blanket","price":0,"expected_life_cycles":103,"quantity":3,"last_activity":{"trans_type":"tag_mapping","inward":1,"outward":0,"opening_stock":2,"closing_stock":3,"at":"2025-12-10 16:53:38"}},{"id":6,"product_name":"Patient Gown","product_code":"SKU-BED-05","category":"Patient Gown","price":0,"expected_life_cycles":104,"quantity":0,"last_activity":{"trans_type":null,"inward":0,"outward":0,"opening_stock":0,"closing_stock":0,"at":null}},{"id":1,"product_name":"Badsheet2","product_code":"343453S","category":"Badsheet2","price":0,"expected_life_cycles":100,"quantity":0,"last_activity":{"trans_type":null,"inward":0,"outward":0,"opening_stock":0,"closing_stock":0,"at":null}}]  
[2025-12-10 16:55:18] local.INFO: Fetching tag details for EPC: E2806A9600005016A4D2E8C9  
[2025-12-10 16:55:18] local.INFO: tagDetailsByEpc response: {"success":true,"message":"Tag details loaded","inventory":{"id":16,"epc_code":"E2806A9600005016A4D2E8C9","tag_code":null,"product_id":5,"location_id":3,"status":"new","status_text":"Inactive","last_scanned_at":"2025-12-10T11:23:38.000000Z","mapped_at":"2025-12-10T11:23:38.000000Z","product_name":"Blanket","product_code":"","category":"Blanket","sku":"SKU-BED-04"}}  
[2025-12-10 16:55:29] local.INFO: Fetching tag details for EPC: E2806A9600005016A4D2E8C9  
[2025-12-10 16:55:29] local.INFO: tagDetailsByEpc response: {"success":true,"message":"Tag details loaded","inventory":{"id":16,"epc_code":"E2806A9600005016A4D2E8C9","tag_code":null,"product_id":5,"location_id":3,"status":"new","status_text":"Inactive","last_scanned_at":"2025-12-10T11:23:38.000000Z","mapped_at":"2025-12-10T11:23:38.000000Z","product_name":"Blanket","product_code":"","category":"Blanket","sku":"SKU-BED-04"}}  
[2025-12-10 16:55:54] local.INFO: Fetching tag details for EPC: E2806A9600005016A4D2E8C9  
[2025-12-10 16:55:54] local.INFO: tagDetailsByEpc response: {"success":true,"message":"Tag details loaded","inventory":{"id":16,"epc_code":"E2806A9600005016A4D2E8C9","tag_code":null,"product_id":5,"location_id":3,"status":"new","status_text":"Inactive","last_scanned_at":"2025-12-10T11:23:38.000000Z","mapped_at":"2025-12-10T11:23:38.000000Z","product_name":"Blanket","product_code":"","category":"Blanket","sku":"SKU-BED-04"}}  
[2025-12-10 17:38:43] local.INFO: --- CHECK UPDATE CALLED --- {"incoming_request":{"current_version_code":1,"device_id":"d5ee7f87f3ada95d"}} 
[2025-12-10 17:38:43] local.INFO: Validated request {"device_id":"d5ee7f87f3ada95d","current_version_code":1} 
[2025-12-10 17:38:43] local.INFO: Device found {"device_id":"d5ee7f87f3ada95d","registered_version_code":1,"is_update_required_flag":0} 
[2025-12-10 17:38:43] local.INFO: Device is up to date {"device_id":"d5ee7f87f3ada95d","current_version":1} 
[2025-12-10 17:38:46] local.INFO: User login attempt {"license_key":"D5EE-T629K9-1C22-4A66-44F8","username":"admin"} 
[2025-12-10 17:38:47] local.INFO: User login response data {"user_id":51,"data":{"user":{"name":"Bangalore admin","email":"admin@gmail.com","user_code":"USR-ADKU1CW","location_id":3,"location_name":"Electronic City","working_stages":[],"role":{"App\\Models\\user_management\\Role":{"role_id":13,"role_name":"Palnt Admin","role_code":"ROL-ADIN9A3"}},"api_key":"XDdZMI4IrtC0Wc4XsJI5vzjLrVdrY2U4en3me1ckxhKZDGgnge2VUVbeTHJO"},"permissions":{"users":["create.users","view.users","edit.users","delete.users"],"dashboard":["view.dashboard_admin"],"config_settings":["create.config_settings","view.config_settings","edit.config_settings","delete.config_settings"],"products":["view.products","create.products","edit.products","delete.products"],"reports":["view.reports"],"locations":["locations.view","locations.edit"],"inventory":["view.inventory","create.inventory","edit.inventory","delete.inventory","write.inventory","lock.inventory"]},"token":"796|PC4eLvn4M1sWBvsz6EyaRxvPCvo8kDGokIPAE4nUc93d975a"}} 
[2025-12-10 17:38:47] local.INFO: User login successful {"user_id":51,"license_key":"D5EE-T629K9-1C22-4A66-44F8"} 
[2025-12-10 17:38:49] local.INFO: --- CHECK UPDATE CALLED --- {"incoming_request":{"current_version_code":1,"device_id":"d5ee7f87f3ada95d"}} 
[2025-12-10 17:38:49] local.INFO: Validated request {"device_id":"d5ee7f87f3ada95d","current_version_code":1} 
[2025-12-10 17:38:49] local.INFO: Device found {"device_id":"d5ee7f87f3ada95d","registered_version_code":1,"is_update_required_flag":0} 
[2025-12-10 17:38:49] local.INFO: Device is up to date {"device_id":"d5ee7f87f3ada95d","current_version":1} 
[2025-12-10 17:47:28] local.INFO: fixedReaderScan called {"reader_code":"GATE_A_01","movement":"inward","reads":[{"epc":"E2801170000002136AA2C3FF","read_time":"2025-12-10T12:17:26.848496900Z","qty":1}]}  
[2025-12-10 17:47:28] local.INFO: fixedReaderScan payload: {"reader_code":"GATE_A_01","movement":"inward","reads":[{"epc":"E2801170000002136AA2C3FF","read_time":"2025-12-10T12:17:26.848496900Z","qty":1}]}  
[2025-12-10 17:47:36] local.INFO: fixedReaderScan called {"reader_code":"GATE_A_01","movement":"inward","reads":[{"epc":"E2801170000002136AA2DD4F","read_time":"2025-12-10T12:17:35.616806200Z","qty":1}]}  
[2025-12-10 17:47:36] local.INFO: fixedReaderScan payload: {"reader_code":"GATE_A_01","movement":"inward","reads":[{"epc":"E2801170000002136AA2DD4F","read_time":"2025-12-10T12:17:35.616806200Z","qty":1}]}  
[2025-12-10 17:47:50] local.INFO: fixedReaderScan called {"reader_code":"GATE_A_01","movement":"inward","reads":[{"epc":"E2004700BA71662B01EC81F7","read_time":"2025-12-10T12:17:47.620395900Z","qty":1}]}  
[2025-12-10 17:47:50] local.INFO: fixedReaderScan payload: {"reader_code":"GATE_A_01","movement":"inward","reads":[{"epc":"E2004700BA71662B01EC81F7","read_time":"2025-12-10T12:17:47.620395900Z","qty":1}]}  
[2025-12-10 17:48:20] local.INFO: fixedReaderScan called {"reader_code":"GATE_A_01","movement":"inward","reads":[{"epc":"E2806A9600004016A4D34675","read_time":"2025-12-10T12:18:17.629875600Z","qty":1}]}  
[2025-12-10 17:48:20] local.INFO: fixedReaderScan payload: {"reader_code":"GATE_A_01","movement":"inward","reads":[{"epc":"E2806A9600004016A4D34675","read_time":"2025-12-10T12:18:17.629875600Z","qty":1}]}  
[2025-12-10 17:48:52] local.INFO: fixedReaderScan called {"reader_code":"GATE_A_01","movement":"inward","reads":[{"epc":"E2806A960000502D20A3BC7B","read_time":"2025-12-10T12:18:50.679465600Z","qty":1},{"epc":"E2806A9600004016A4D34675","read_time":"2025-12-10T12:18:50.679465600Z","qty":1}]}  
[2025-12-10 17:48:52] local.INFO: fixedReaderScan payload: {"reader_code":"GATE_A_01","movement":"inward","reads":[{"epc":"E2806A960000502D20A3BC7B","read_time":"2025-12-10T12:18:50.679465600Z","qty":1},{"epc":"E2806A9600004016A4D34675","read_time":"2025-12-10T12:18:50.679465600Z","qty":1}]}  
[2025-12-10 17:50:28] local.INFO: fixedReaderScan called {"reader_code":"GATE_A_01","movement":"inward","reads":[{"epc":"E2806A9600004016A4D34675","read_time":"2025-12-10T12:20:26.945619100Z","qty":1}]}  
[2025-12-10 17:50:28] local.INFO: fixedReaderScan payload: {"reader_code":"GATE_A_01","movement":"inward","reads":[{"epc":"E2806A9600004016A4D34675","read_time":"2025-12-10T12:20:26.945619100Z","qty":1}]}  
[2025-12-10 17:50:44] local.INFO: fixedReaderScan called {"reader_code":"GATE_A_01","movement":"inward","reads":[{"epc":"E2806A9600004016A4D34675","read_time":"2025-12-10T12:20:41.979129200Z","qty":1}]}  
[2025-12-10 17:50:44] local.INFO: fixedReaderScan payload: {"reader_code":"GATE_A_01","movement":"inward","reads":[{"epc":"E2806A9600004016A4D34675","read_time":"2025-12-10T12:20:41.979129200Z","qty":1}]}  
[2025-12-10 17:50:52] local.INFO: fixedReaderScan called {"reader_code":"GATE_A_01","movement":"inward","reads":[{"epc":"E2806A960000502D20A3BC7B","read_time":"2025-12-10T12:20:50.993573700Z","qty":1}]}  
[2025-12-10 17:50:52] local.INFO: fixedReaderScan payload: {"reader_code":"GATE_A_01","movement":"inward","reads":[{"epc":"E2806A960000502D20A3BC7B","read_time":"2025-12-10T12:20:50.993573700Z","qty":1}]}  
[2025-12-10 17:51:00] local.INFO: fixedReaderScan called {"reader_code":"GATE_A_01","movement":"inward","reads":[{"epc":"E2806A9600005016A4D2E8C9","read_time":"2025-12-10T12:21:00.017189800Z","qty":1}]}  
[2025-12-10 17:51:00] local.INFO: fixedReaderScan payload: {"reader_code":"GATE_A_01","movement":"inward","reads":[{"epc":"E2806A9600005016A4D2E8C9","read_time":"2025-12-10T12:21:00.017189800Z","qty":1}]}  
[2025-12-10 17:51:31] local.INFO: fixedReaderScan called {"reader_code":"GATE_A_01","movement":"inward","reads":[{"epc":"E2806A9600005016A4D2E8C9","read_time":"2025-12-10T12:21:30.086649700Z","qty":1}]}  
[2025-12-10 17:51:31] local.INFO: fixedReaderScan payload: {"reader_code":"GATE_A_01","movement":"inward","reads":[{"epc":"E2806A9600005016A4D2E8C9","read_time":"2025-12-10T12:21:30.086649700Z","qty":1}]}  
[2025-12-10 17:59:56] local.INFO: fixedReaderScan called {"reader_code":"GATE_A_01","movement":"inward","reads":[{"epc":"E2806A9600004016A4D34675","read_time":"2025-12-10T12:29:55.465648Z","qty":1}]}  
[2025-12-10 17:59:56] local.INFO: fixedReaderScan payload: {"reader_code":"GATE_A_01","movement":"inward","reads":[{"epc":"E2806A9600004016A4D34675","read_time":"2025-12-10T12:29:55.465648Z","qty":1}]}  
[2025-12-10 17:59:59] local.INFO: fixedReaderScan called {"reader_code":"GATE_A_01","movement":"inward","reads":[{"epc":"E2806A9600004016A4D34675","read_time":"2025-12-10T12:29:58.473192500Z","qty":1}]}  
[2025-12-10 17:59:59] local.INFO: fixedReaderScan payload: {"reader_code":"GATE_A_01","movement":"inward","reads":[{"epc":"E2806A9600004016A4D34675","read_time":"2025-12-10T12:29:58.473192500Z","qty":1}]}  
[2025-12-10 18:00:02] local.INFO: fixedReaderScan called {"reader_code":"GATE_A_01","movement":"inward","reads":[{"epc":"E2806A9600004016A4D34675","read_time":"2025-12-10T12:30:01.481093600Z","qty":1}]}  
[2025-12-10 18:00:02] local.INFO: fixedReaderScan payload: {"reader_code":"GATE_A_01","movement":"inward","reads":[{"epc":"E2806A9600004016A4D34675","read_time":"2025-12-10T12:30:01.481093600Z","qty":1}]}  
[2025-12-10 18:00:05] local.INFO: fixedReaderScan called {"reader_code":"GATE_A_01","movement":"inward","reads":[{"epc":"E2806A9600004016A4D34675","read_time":"2025-12-10T12:30:04.485378100Z","qty":1}]}  
[2025-12-10 18:00:05] local.INFO: fixedReaderScan payload: {"reader_code":"GATE_A_01","movement":"inward","reads":[{"epc":"E2806A9600004016A4D34675","read_time":"2025-12-10T12:30:04.485378100Z","qty":1}]}  
[2025-12-10 18:00:08] local.INFO: fixedReaderScan called {"reader_code":"GATE_A_01","movement":"inward","reads":[{"epc":"E2806A9600004016A4D34675","read_time":"2025-12-10T12:30:07.500512700Z","qty":1}]}  
[2025-12-10 18:00:08] local.INFO: fixedReaderScan payload: {"reader_code":"GATE_A_01","movement":"inward","reads":[{"epc":"E2806A9600004016A4D34675","read_time":"2025-12-10T12:30:07.500512700Z","qty":1}]}  
[2025-12-10 18:00:11] local.INFO: fixedReaderScan called {"reader_code":"GATE_A_01","movement":"inward","reads":[{"epc":"E2806A9600004016A4D34675","read_time":"2025-12-10T12:30:10.508476700Z","qty":1}]}  
[2025-12-10 18:00:11] local.INFO: fixedReaderScan payload: {"reader_code":"GATE_A_01","movement":"inward","reads":[{"epc":"E2806A9600004016A4D34675","read_time":"2025-12-10T12:30:10.508476700Z","qty":1}]}  
[2025-12-10 18:00:14] local.INFO: fixedReaderScan called {"reader_code":"GATE_A_01","movement":"inward","reads":[{"epc":"E2806A9600004016A4D34675","read_time":"2025-12-10T12:30:13.523580200Z","qty":1}]}  
[2025-12-10 18:00:14] local.INFO: fixedReaderScan payload: {"reader_code":"GATE_A_01","movement":"inward","reads":[{"epc":"E2806A9600004016A4D34675","read_time":"2025-12-10T12:30:13.523580200Z","qty":1}]}  
[2025-12-10 18:00:17] local.INFO: fixedReaderScan called {"reader_code":"GATE_A_01","movement":"inward","reads":[{"epc":"E2806A9600004016A4D34675","read_time":"2025-12-10T12:30:16.538779Z","qty":1}]}  
[2025-12-10 18:00:17] local.INFO: fixedReaderScan payload: {"reader_code":"GATE_A_01","movement":"inward","reads":[{"epc":"E2806A9600004016A4D34675","read_time":"2025-12-10T12:30:16.538779Z","qty":1}]}  
[2025-12-10 18:00:20] local.INFO: fixedReaderScan called {"reader_code":"GATE_A_01","movement":"inward","reads":[{"epc":"E2806A9600004016A4D34675","read_time":"2025-12-10T12:30:19.542590200Z","qty":1}]}  
[2025-12-10 18:00:20] local.INFO: fixedReaderScan payload: {"reader_code":"GATE_A_01","movement":"inward","reads":[{"epc":"E2806A9600004016A4D34675","read_time":"2025-12-10T12:30:19.542590200Z","qty":1}]}  
[2025-12-10 18:00:23] local.INFO: fixedReaderScan called {"reader_code":"GATE_A_01","movement":"inward","reads":[{"epc":"E2806A9600004016A4D34675","read_time":"2025-12-10T12:30:22.544952700Z","qty":1}]}  
[2025-12-10 18:00:23] local.INFO: fixedReaderScan payload: {"reader_code":"GATE_A_01","movement":"inward","reads":[{"epc":"E2806A9600004016A4D34675","read_time":"2025-12-10T12:30:22.544952700Z","qty":1}]}  
[2025-12-10 18:00:26] local.INFO: fixedReaderScan called {"reader_code":"GATE_A_01","movement":"inward","reads":[{"epc":"E2806A9600004016A4D34675","read_time":"2025-12-10T12:30:25.556498700Z","qty":1}]}  
[2025-12-10 18:00:26] local.INFO: fixedReaderScan payload: {"reader_code":"GATE_A_01","movement":"inward","reads":[{"epc":"E2806A9600004016A4D34675","read_time":"2025-12-10T12:30:25.556498700Z","qty":1}]}  
[2025-12-10 18:00:29] local.INFO: fixedReaderScan called {"reader_code":"GATE_A_01","movement":"inward","reads":[{"epc":"E2806A9600004016A4D34675","read_time":"2025-12-10T12:30:28.562856500Z","qty":1}]}  
[2025-12-10 18:00:29] local.INFO: fixedReaderScan payload: {"reader_code":"GATE_A_01","movement":"inward","reads":[{"epc":"E2806A9600004016A4D34675","read_time":"2025-12-10T12:30:28.562856500Z","qty":1}]}  
[2025-12-10 18:00:32] local.INFO: fixedReaderScan called {"reader_code":"GATE_A_01","movement":"inward","reads":[{"epc":"E2806A9600004016A4D34675","read_time":"2025-12-10T12:30:31.564257Z","qty":1}]}  
[2025-12-10 18:00:32] local.INFO: fixedReaderScan payload: {"reader_code":"GATE_A_01","movement":"inward","reads":[{"epc":"E2806A9600004016A4D34675","read_time":"2025-12-10T12:30:31.564257Z","qty":1}]}  
[2025-12-10 18:00:35] local.INFO: fixedReaderScan called {"reader_code":"GATE_A_01","movement":"inward","reads":[{"epc":"E2806A9600004016A4D34675","read_time":"2025-12-10T12:30:34.578025900Z","qty":1}]}  
[2025-12-10 18:00:35] local.INFO: fixedReaderScan payload: {"reader_code":"GATE_A_01","movement":"inward","reads":[{"epc":"E2806A9600004016A4D34675","read_time":"2025-12-10T12:30:34.578025900Z","qty":1}]}  
[2025-12-10 18:00:38] local.INFO: fixedReaderScan called {"reader_code":"GATE_A_01","movement":"inward","reads":[{"epc":"E2806A960000502D20A3BC7B","read_time":"2025-12-10T12:30:37.581225900Z","qty":1}]}  
[2025-12-10 18:00:38] local.INFO: fixedReaderScan payload: {"reader_code":"GATE_A_01","movement":"inward","reads":[{"epc":"E2806A960000502D20A3BC7B","read_time":"2025-12-10T12:30:37.581225900Z","qty":1}]}  
[2025-12-10 18:00:41] local.INFO: fixedReaderScan called {"reader_code":"GATE_A_01","movement":"inward","reads":[{"epc":"E2806A9600005016A4D2E8C9","read_time":"2025-12-10T12:30:40.583831500Z","qty":1},{"epc":"E2806A960000502D20A3BC7B","read_time":"2025-12-10T12:30:40.583831500Z","qty":1}]}  
[2025-12-10 18:00:41] local.INFO: fixedReaderScan payload: {"reader_code":"GATE_A_01","movement":"inward","reads":[{"epc":"E2806A9600005016A4D2E8C9","read_time":"2025-12-10T12:30:40.583831500Z","qty":1},{"epc":"E2806A960000502D20A3BC7B","read_time":"2025-12-10T12:30:40.583831500Z","qty":1}]}  
[2025-12-10 18:00:44] local.INFO: fixedReaderScan called {"reader_code":"GATE_A_01","movement":"inward","reads":[{"epc":"E2806A9600005016A4D2E8C9","read_time":"2025-12-10T12:30:43.591810600Z","qty":1},{"epc":"E2806A960000502D20A3BC7B","read_time":"2025-12-10T12:30:43.591810600Z","qty":1},{"epc":"E2806A9600004016A4D34675","read_time":"2025-12-10T12:30:43.591810600Z","qty":1}]}  
[2025-12-10 18:00:44] local.INFO: fixedReaderScan payload: {"reader_code":"GATE_A_01","movement":"inward","reads":[{"epc":"E2806A9600005016A4D2E8C9","read_time":"2025-12-10T12:30:43.591810600Z","qty":1},{"epc":"E2806A960000502D20A3BC7B","read_time":"2025-12-10T12:30:43.591810600Z","qty":1},{"epc":"E2806A9600004016A4D34675","read_time":"2025-12-10T12:30:43.591810600Z","qty":1}]}  
[2025-12-10 18:00:47] local.INFO: fixedReaderScan called {"reader_code":"GATE_A_01","movement":"inward","reads":[{"epc":"E2806A9600005016A4D2E8C9","read_time":"2025-12-10T12:30:46.604685600Z","qty":1},{"epc":"E2806A960000502D20A3BC7B","read_time":"2025-12-10T12:30:46.604685600Z","qty":1}]}  
[2025-12-10 18:00:47] local.INFO: fixedReaderScan payload: {"reader_code":"GATE_A_01","movement":"inward","reads":[{"epc":"E2806A9600005016A4D2E8C9","read_time":"2025-12-10T12:30:46.604685600Z","qty":1},{"epc":"E2806A960000502D20A3BC7B","read_time":"2025-12-10T12:30:46.604685600Z","qty":1}]}  
[2025-12-10 18:00:50] local.INFO: fixedReaderScan called {"reader_code":"GATE_A_01","movement":"inward","reads":[{"epc":"E2806A9600005016A4D2E8C9","read_time":"2025-12-10T12:30:49.611216600Z","qty":1},{"epc":"E2806A960000502D20A3BC7B","read_time":"2025-12-10T12:30:49.611216600Z","qty":1}]}  
[2025-12-10 18:00:50] local.INFO: fixedReaderScan payload: {"reader_code":"GATE_A_01","movement":"inward","reads":[{"epc":"E2806A9600005016A4D2E8C9","read_time":"2025-12-10T12:30:49.611216600Z","qty":1},{"epc":"E2806A960000502D20A3BC7B","read_time":"2025-12-10T12:30:49.611216600Z","qty":1}]}  
[2025-12-10 18:00:53] local.INFO: fixedReaderScan called {"reader_code":"GATE_A_01","movement":"inward","reads":[{"epc":"E2806A9600004016A4D34675","read_time":"2025-12-10T12:30:52.616013800Z","qty":1}]}  
[2025-12-10 18:00:53] local.INFO: fixedReaderScan payload: {"reader_code":"GATE_A_01","movement":"inward","reads":[{"epc":"E2806A9600004016A4D34675","read_time":"2025-12-10T12:30:52.616013800Z","qty":1}]}  
[2025-12-10 18:00:56] local.INFO: fixedReaderScan called {"reader_code":"GATE_A_01","movement":"inward","reads":[{"epc":"E2806A960000502D20A3BC7B","read_time":"2025-12-10T12:30:55.623651700Z","qty":1}]}  
[2025-12-10 18:00:56] local.INFO: fixedReaderScan payload: {"reader_code":"GATE_A_01","movement":"inward","reads":[{"epc":"E2806A960000502D20A3BC7B","read_time":"2025-12-10T12:30:55.623651700Z","qty":1}]}  
[2025-12-10 18:00:59] local.INFO: fixedReaderScan called {"reader_code":"GATE_A_01","movement":"inward","reads":[{"epc":"E2806A960000502D20A3BC7B","read_time":"2025-12-10T12:30:58.624424600Z","qty":1}]}  
[2025-12-10 18:00:59] local.INFO: fixedReaderScan payload: {"reader_code":"GATE_A_01","movement":"inward","reads":[{"epc":"E2806A960000502D20A3BC7B","read_time":"2025-12-10T12:30:58.624424600Z","qty":1}]}  
[2025-12-10 18:01:02] local.INFO: fixedReaderScan called {"reader_code":"GATE_A_01","movement":"inward","reads":[{"epc":"E2806A960000502D20A3BC7B","read_time":"2025-12-10T12:31:01.628255Z","qty":1}]}  
[2025-12-10 18:01:02] local.INFO: fixedReaderScan payload: {"reader_code":"GATE_A_01","movement":"inward","reads":[{"epc":"E2806A960000502D20A3BC7B","read_time":"2025-12-10T12:31:01.628255Z","qty":1}]}  
[2025-12-10 18:01:05] local.INFO: fixedReaderScan called {"reader_code":"GATE_A_01","movement":"inward","reads":[{"epc":"E2806A960000502D20A3BC7B","read_time":"2025-12-10T12:31:04.629536400Z","qty":1}]}  
[2025-12-10 18:01:05] local.INFO: fixedReaderScan payload: {"reader_code":"GATE_A_01","movement":"inward","reads":[{"epc":"E2806A960000502D20A3BC7B","read_time":"2025-12-10T12:31:04.629536400Z","qty":1}]}  
[2025-12-10 18:01:11] local.INFO: fixedReaderScan called {"reader_code":"GATE_A_01","movement":"inward","reads":[{"epc":"E2806A960000502D20A3BC7B","read_time":"2025-12-10T12:31:10.638564600Z","qty":1}]}  
[2025-12-10 18:01:11] local.INFO: fixedReaderScan payload: {"reader_code":"GATE_A_01","movement":"inward","reads":[{"epc":"E2806A960000502D20A3BC7B","read_time":"2025-12-10T12:31:10.638564600Z","qty":1}]}  
[2025-12-10 18:01:17] local.INFO: fixedReaderScan called {"reader_code":"GATE_A_01","movement":"inward","reads":[{"epc":"E2806A960000502D20A3BC7B","read_time":"2025-12-10T12:31:16.655560Z","qty":1}]}  
[2025-12-10 18:01:17] local.INFO: fixedReaderScan payload: {"reader_code":"GATE_A_01","movement":"inward","reads":[{"epc":"E2806A960000502D20A3BC7B","read_time":"2025-12-10T12:31:16.655560Z","qty":1}]}  
[2025-12-10 18:01:20] local.INFO: fixedReaderScan called {"reader_code":"GATE_A_01","movement":"inward","reads":[{"epc":"E2806A960000502D20A3BC7B","read_time":"2025-12-10T12:31:19.658564300Z","qty":1}]}  
[2025-12-10 18:01:20] local.INFO: fixedReaderScan payload: {"reader_code":"GATE_A_01","movement":"inward","reads":[{"epc":"E2806A960000502D20A3BC7B","read_time":"2025-12-10T12:31:19.658564300Z","qty":1}]}  
[2025-12-10 18:04:22] local.ERROR: Undefined property: stdClass::$status {"userId":51,"exception":"[object] (ErrorException(code: 0): Undefined property: stdClass::$status at /var/www/html/laundryApp/app/Http/Controllers/dashboard/DashboardController.php:116)
[stacktrace]
#0 /var/www/html/laundryApp/vendor/laravel/framework/src/Illuminate/Foundation/Bootstrap/HandleExceptions.php(255): Illuminate\\Foundation\\Bootstrap\\HandleExceptions->handleError()
#1 /var/www/html/laundryApp/app/Http/Controllers/dashboard/DashboardController.php(116): Illuminate\\Foundation\\Bootstrap\\HandleExceptions->Illuminate\\Foundation\\Bootstrap\\{closure}()
#2 /var/www/html/laundryApp/app/Http/Controllers/dashboard/DashboardController.php(248): App\\Http\\Controllers\\dashboard\\DashboardController->tableHeaderRowData()
#3 /var/www/html/laundryApp/vendor/laravel/framework/src/Illuminate/Routing/Controller.php(54): App\\Http\\Controllers\\dashboard\\DashboardController->list()
#4 /var/www/html/laundryApp/vendor/laravel/framework/src/Illuminate/Routing/ControllerDispatcher.php(43): Illuminate\\Routing\\Controller->callAction()
#5 /var/www/html/laundryApp/vendor/laravel/framework/src/Illuminate/Routing/Route.php(259): Illuminate\\Routing\\ControllerDispatcher->dispatch()
#6 /var/www/html/laundryApp/vendor/laravel/framework/src/Illuminate/Routing/Route.php(205): Illuminate\\Routing\\Route->runController()
#7 /var/www/html/laundryApp/vendor/laravel/framework/src/Illuminate/Routing/Router.php(806): Illuminate\\Routing\\Route->run()
#8 /var/www/html/laundryApp/vendor/laravel/framework/src/Illuminate/Pipeline/Pipeline.php(144): Illuminate\\Routing\\Router->Illuminate\\Routing\\{closure}()
#9 /var/www/html/laundryApp/app/Http/Middleware/PreventBackHistory.php(17): Illuminate\\Pipeline\\Pipeline->Illuminate\\Pipeline\\{closure}()
#10 /var/www/html/laundryApp/vendor/laravel/framework/src/Illuminate/Pipeline/Pipeline.php(183): App\\Http\\Middleware\\PreventBackHistory->handle()
#11 /var/www/html/laundryApp/vendor/laravel/framework/src/Illuminate/Routing/Middleware/SubstituteBindings.php(50): Illuminate\\Pipeline\\Pipeline->Illuminate\\Pipeline\\{closure}()
#12 /var/www/html/laundryApp/vendor/laravel/framework/src/Illuminate/Pipeline/Pipeline.php(183): Illuminate\\Routing\\Middleware\\SubstituteBindings->handle()
#13 /var/www/html/laundryApp/vendor/laravel/framework/src/Illuminate/Auth/Middleware/Authenticate.php(57): Illuminate\\Pipeline\\Pipeline->Illuminate\\Pipeline\\{closure}()
#14 /var/www/html/laundryApp/vendor/laravel/framework/src/Illuminate/Pipeline/Pipeline.php(183): Illuminate\\Auth\\Middleware\\Authenticate->handle()
#15 /var/www/html/laundryApp/vendor/laravel/framework/src/Illuminate/Foundation/Http/Middleware/VerifyCsrfToken.php(78): Illuminate\\Pipeline\\Pipeline->Illuminate\\Pipeline\\{closure}()
#16 /var/www/html/laundryApp/vendor/laravel/framework/src/Illuminate/Pipeline/Pipeline.php(183): Illuminate\\Foundation\\Http\\Middleware\\VerifyCsrfToken->handle()
#17 /var/www/html/laundryApp/vendor/laravel/framework/src/Illuminate/View/Middleware/ShareErrorsFromSession.php(49): Illuminate\\Pipeline\\Pipeline->Illuminate\\Pipeline\\{closure}()
#18 /var/www/html/laundryApp/vendor/laravel/framework/src/Illuminate/Pipeline/Pipeline.php(183): Illuminate\\View\\Middleware\\ShareErrorsFromSession->handle()
#19 /var/www/html/laundryApp/vendor/laravel/framework/src/Illuminate/Session/Middleware/StartSession.php(121): Illuminate\\Pipeline\\Pipeline->Illuminate\\Pipeline\\{closure}()
#20 /var/www/html/laundryApp/vendor/laravel/framework/src/Illuminate/Session/Middleware/StartSession.php(64): Illuminate\\Session\\Middleware\\StartSession->handleStatefulRequest()
#21 /var/www/html/laundryApp/vendor/laravel/framework/src/Illuminate/Pipeline/Pipeline.php(183): Illuminate\\Session\\Middleware\\StartSession->handle()
#22 /var/www/html/laundryApp/vendor/laravel/framework/src/Illuminate/Cookie/Middleware/AddQueuedCookiesToResponse.php(37): Illuminate\\Pipeline\\Pipeline->Illuminate\\Pipeline\\{closure}()
#23 /var/www/html/laundryApp/vendor/laravel/framework/src/Illuminate/Pipeline/Pipeline.php(183): Illuminate\\Cookie\\Middleware\\AddQueuedCookiesToResponse->handle()
#24 /var/www/html/laundryApp/vendor/laravel/framework/src/Illuminate/Cookie/Middleware/EncryptCookies.php(67): Illuminate\\Pipeline\\Pipeline->Illuminate\\Pipeline\\{closure}()
#25 /var/www/html/laundryApp/vendor/laravel/framework/src/Illuminate/Pipeline/Pipeline.php(183): Illuminate\\Cookie\\Middleware\\EncryptCookies->handle()
#26 /var/www/html/laundryApp/vendor/laravel/framework/src/Illuminate/Pipeline/Pipeline.php(119): Illuminate\\Pipeline\\Pipeline->Illuminate\\Pipeline\\{closure}()
#27 /var/www/html/laundryApp/vendor/laravel/framework/src/Illuminate/Routing/Router.php(805): Illuminate\\Pipeline\\Pipeline->then()
#28 /var/www/html/laundryApp/vendor/laravel/framework/src/Illuminate/Routing/Router.php(784): Illuminate\\Routing\\Router->runRouteWithinStack()
#29 /var/www/html/laundryApp/vendor/laravel/framework/src/Illuminate/Routing/Router.php(748): Illuminate\\Routing\\Router->runRoute()
#30 /var/www/html/laundryApp/vendor/laravel/framework/src/Illuminate/Routing/Router.php(737): Illuminate\\Routing\\Router->dispatchToRoute()
#31 /var/www/html/laundryApp/vendor/laravel/framework/src/Illuminate/Foundation/Http/Kernel.php(200): Illuminate\\Routing\\Router->dispatch()
#32 /var/www/html/laundryApp/vendor/laravel/framework/src/Illuminate/Pipeline/Pipeline.php(144): Illuminate\\Foundation\\Http\\Kernel->Illuminate\\Foundation\\Http\\{closure}()
#33 /var/www/html/laundryApp/vendor/laravel/framework/src/Illuminate/Foundation/Http/Middleware/TransformsRequest.php(21): Illuminate\\Pipeline\\Pipeline->Illuminate\\Pipeline\\{closure}()
#34 /var/www/html/laundryApp/vendor/laravel/framework/src/Illuminate/Foundation/Http/Middleware/ConvertEmptyStringsToNull.php(31): Illuminate\\Foundation\\Http\\Middleware\\TransformsRequest->handle()
#35 /var/www/html/laundryApp/vendor/laravel/framework/src/Illuminate/Pipeline/Pipeline.php(183): Illuminate\\Foundation\\Http\\Middleware\\ConvertEmptyStringsToNull->handle()
#36 /var/www/html/laundryApp/vendor/laravel/framework/src/Illuminate/Foundation/Http/Middleware/TransformsRequest.php(21): Illuminate\\Pipeline\\Pipeline->Illuminate\\Pipeline\\{closure}()
#37 /var/www/html/laundryApp/vendor/laravel/framework/src/Illuminate/Foundation/Http/Middleware/TrimStrings.php(40): Illuminate\\Foundation\\Http\\Middleware\\TransformsRequest->handle()
#38 /var/www/html/laundryApp/vendor/laravel/framework/src/Illuminate/Pipeline/Pipeline.php(183): Illuminate\\Foundation\\Http\\Middleware\\TrimStrings->handle()
#39 /var/www/html/laundryApp/vendor/laravel/framework/src/Illuminate/Foundation/Http/Middleware/ValidatePostSize.php(27): Illuminate\\Pipeline\\Pipeline->Illuminate\\Pipeline\\{closure}()
#40 /var/www/html/laundryApp/vendor/laravel/framework/src/Illuminate/Pipeline/Pipeline.php(183): Illuminate\\Foundation\\Http\\Middleware\\ValidatePostSize->handle()
#41 /var/www/html/laundryApp/vendor/laravel/framework/src/Illuminate/Foundation/Http/Middleware/PreventRequestsDuringMaintenance.php(99): Illuminate\\Pipeline\\Pipeline->Illuminate\\Pipeline\\{closure}()
#42 /var/www/html/laundryApp/vendor/laravel/framework/src/Illuminate/Pipeline/Pipeline.php(183): Illuminate\\Foundation\\Http\\Middleware\\PreventRequestsDuringMaintenance->handle()
#43 /var/www/html/laundryApp/vendor/laravel/framework/src/Illuminate/Http/Middleware/HandleCors.php(49): Illuminate\\Pipeline\\Pipeline->Illuminate\\Pipeline\\{closure}()
#44 /var/www/html/laundryApp/vendor/laravel/framework/src/Illuminate/Pipeline/Pipeline.php(183): Illuminate\\Http\\Middleware\\HandleCors->handle()
#45 /var/www/html/laundryApp/vendor/laravel/framework/src/Illuminate/Http/Middleware/TrustProxies.php(39): Illuminate\\Pipeline\\Pipeline->Illuminate\\Pipeline\\{closure}()
#46 /var/www/html/laundryApp/vendor/laravel/framework/src/Illuminate/Pipeline/Pipeline.php(183): Illuminate\\Http\\Middleware\\TrustProxies->handle()
#47 /var/www/html/laundryApp/vendor/laravel/framework/src/Illuminate/Pipeline/Pipeline.php(119): Illuminate\\Pipeline\\Pipeline->Illuminate\\Pipeline\\{closure}()
#48 /var/www/html/laundryApp/vendor/laravel/framework/src/Illuminate/Foundation/Http/Kernel.php(175): Illuminate\\Pipeline\\Pipeline->then()
#49 /var/www/html/laundryApp/vendor/laravel/framework/src/Illuminate/Foundation/Http/Kernel.php(144): Illuminate\\Foundation\\Http\\Kernel->sendRequestThroughRouter()
#50 /var/www/html/laundryApp/public/index.php(51): Illuminate\\Foundation\\Http\\Kernel->handle()
#51 /var/www/html/laundryApp/vendor/laravel/framework/src/Illuminate/Foundation/resources/server.php(16): require_once('...')
#52 {main}
"} 
[2025-12-10 18:05:16] local.ERROR: Undefined property: stdClass::$status {"userId":51,"exception":"[object] (ErrorException(code: 0): Undefined property: stdClass::$status at /var/www/html/laundryApp/app/Http/Controllers/dashboard/DashboardController.php:116)
[stacktrace]
#0 /var/www/html/laundryApp/vendor/laravel/framework/src/Illuminate/Foundation/Bootstrap/HandleExceptions.php(255): Illuminate\\Foundation\\Bootstrap\\HandleExceptions->handleError()
#1 /var/www/html/laundryApp/app/Http/Controllers/dashboard/DashboardController.php(116): Illuminate\\Foundation\\Bootstrap\\HandleExceptions->Illuminate\\Foundation\\Bootstrap\\{closure}()
#2 /var/www/html/laundryApp/app/Http/Controllers/dashboard/DashboardController.php(248): App\\Http\\Controllers\\dashboard\\DashboardController->tableHeaderRowData()
#3 /var/www/html/laundryApp/vendor/laravel/framework/src/Illuminate/Routing/Controller.php(54): App\\Http\\Controllers\\dashboard\\DashboardController->list()
#4 /var/www/html/laundryApp/vendor/laravel/framework/src/Illuminate/Routing/ControllerDispatcher.php(43): Illuminate\\Routing\\Controller->callAction()
#5 /var/www/html/laundryApp/vendor/laravel/framework/src/Illuminate/Routing/Route.php(259): Illuminate\\Routing\\ControllerDispatcher->dispatch()
#6 /var/www/html/laundryApp/vendor/laravel/framework/src/Illuminate/Routing/Route.php(205): Illuminate\\Routing\\Route->runController()
#7 /var/www/html/laundryApp/vendor/laravel/framework/src/Illuminate/Routing/Router.php(806): Illuminate\\Routing\\Route->run()
#8 /var/www/html/laundryApp/vendor/laravel/framework/src/Illuminate/Pipeline/Pipeline.php(144): Illuminate\\Routing\\Router->Illuminate\\Routing\\{closure}()
#9 /var/www/html/laundryApp/app/Http/Middleware/PreventBackHistory.php(17): Illuminate\\Pipeline\\Pipeline->Illuminate\\Pipeline\\{closure}()
#10 /var/www/html/laundryApp/vendor/laravel/framework/src/Illuminate/Pipeline/Pipeline.php(183): App\\Http\\Middleware\\PreventBackHistory->handle()
#11 /var/www/html/laundryApp/vendor/laravel/framework/src/Illuminate/Routing/Middleware/SubstituteBindings.php(50): Illuminate\\Pipeline\\Pipeline->Illuminate\\Pipeline\\{closure}()
#12 /var/www/html/laundryApp/vendor/laravel/framework/src/Illuminate/Pipeline/Pipeline.php(183): Illuminate\\Routing\\Middleware\\SubstituteBindings->handle()
#13 /var/www/html/laundryApp/vendor/laravel/framework/src/Illuminate/Auth/Middleware/Authenticate.php(57): Illuminate\\Pipeline\\Pipeline->Illuminate\\Pipeline\\{closure}()
#14 /var/www/html/laundryApp/vendor/laravel/framework/src/Illuminate/Pipeline/Pipeline.php(183): Illuminate\\Auth\\Middleware\\Authenticate->handle()
#15 /var/www/html/laundryApp/vendor/laravel/framework/src/Illuminate/Foundation/Http/Middleware/VerifyCsrfToken.php(78): Illuminate\\Pipeline\\Pipeline->Illuminate\\Pipeline\\{closure}()
#16 /var/www/html/laundryApp/vendor/laravel/framework/src/Illuminate/Pipeline/Pipeline.php(183): Illuminate\\Foundation\\Http\\Middleware\\VerifyCsrfToken->handle()
#17 /var/www/html/laundryApp/vendor/laravel/framework/src/Illuminate/View/Middleware/ShareErrorsFromSession.php(49): Illuminate\\Pipeline\\Pipeline->Illuminate\\Pipeline\\{closure}()
#18 /var/www/html/laundryApp/vendor/laravel/framework/src/Illuminate/Pipeline/Pipeline.php(183): Illuminate\\View\\Middleware\\ShareErrorsFromSession->handle()
#19 /var/www/html/laundryApp/vendor/laravel/framework/src/Illuminate/Session/Middleware/StartSession.php(121): Illuminate\\Pipeline\\Pipeline->Illuminate\\Pipeline\\{closure}()
#20 /var/www/html/laundryApp/vendor/laravel/framework/src/Illuminate/Session/Middleware/StartSession.php(64): Illuminate\\Session\\Middleware\\StartSession->handleStatefulRequest()
#21 /var/www/html/laundryApp/vendor/laravel/framework/src/Illuminate/Pipeline/Pipeline.php(183): Illuminate\\Session\\Middleware\\StartSession->handle()
#22 /var/www/html/laundryApp/vendor/laravel/framework/src/Illuminate/Cookie/Middleware/AddQueuedCookiesToResponse.php(37): Illuminate\\Pipeline\\Pipeline->Illuminate\\Pipeline\\{closure}()
#23 /var/www/html/laundryApp/vendor/laravel/framework/src/Illuminate/Pipeline/Pipeline.php(183): Illuminate\\Cookie\\Middleware\\AddQueuedCookiesToResponse->handle()
#24 /var/www/html/laundryApp/vendor/laravel/framework/src/Illuminate/Cookie/Middleware/EncryptCookies.php(67): Illuminate\\Pipeline\\Pipeline->Illuminate\\Pipeline\\{closure}()
#25 /var/www/html/laundryApp/vendor/laravel/framework/src/Illuminate/Pipeline/Pipeline.php(183): Illuminate\\Cookie\\Middleware\\EncryptCookies->handle()
#26 /var/www/html/laundryApp/vendor/laravel/framework/src/Illuminate/Pipeline/Pipeline.php(119): Illuminate\\Pipeline\\Pipeline->Illuminate\\Pipeline\\{closure}()
#27 /var/www/html/laundryApp/vendor/laravel/framework/src/Illuminate/Routing/Router.php(805): Illuminate\\Pipeline\\Pipeline->then()
#28 /var/www/html/laundryApp/vendor/laravel/framework/src/Illuminate/Routing/Router.php(784): Illuminate\\Routing\\Router->runRouteWithinStack()
#29 /var/www/html/laundryApp/vendor/laravel/framework/src/Illuminate/Routing/Router.php(748): Illuminate\\Routing\\Router->runRoute()
#30 /var/www/html/laundryApp/vendor/laravel/framework/src/Illuminate/Routing/Router.php(737): Illuminate\\Routing\\Router->dispatchToRoute()
#31 /var/www/html/laundryApp/vendor/laravel/framework/src/Illuminate/Foundation/Http/Kernel.php(200): Illuminate\\Routing\\Router->dispatch()
#32 /var/www/html/laundryApp/vendor/laravel/framework/src/Illuminate/Pipeline/Pipeline.php(144): Illuminate\\Foundation\\Http\\Kernel->Illuminate\\Foundation\\Http\\{closure}()
#33 /var/www/html/laundryApp/vendor/laravel/framework/src/Illuminate/Foundation/Http/Middleware/TransformsRequest.php(21): Illuminate\\Pipeline\\Pipeline->Illuminate\\Pipeline\\{closure}()
#34 /var/www/html/laundryApp/vendor/laravel/framework/src/Illuminate/Foundation/Http/Middleware/ConvertEmptyStringsToNull.php(31): Illuminate\\Foundation\\Http\\Middleware\\TransformsRequest->handle()
#35 /var/www/html/laundryApp/vendor/laravel/framework/src/Illuminate/Pipeline/Pipeline.php(183): Illuminate\\Foundation\\Http\\Middleware\\ConvertEmptyStringsToNull->handle()
#36 /var/www/html/laundryApp/vendor/laravel/framework/src/Illuminate/Foundation/Http/Middleware/TransformsRequest.php(21): Illuminate\\Pipeline\\Pipeline->Illuminate\\Pipeline\\{closure}()
#37 /var/www/html/laundryApp/vendor/laravel/framework/src/Illuminate/Foundation/Http/Middleware/TrimStrings.php(40): Illuminate\\Foundation\\Http\\Middleware\\TransformsRequest->handle()
#38 /var/www/html/laundryApp/vendor/laravel/framework/src/Illuminate/Pipeline/Pipeline.php(183): Illuminate\\Foundation\\Http\\Middleware\\TrimStrings->handle()
#39 /var/www/html/laundryApp/vendor/laravel/framework/src/Illuminate/Foundation/Http/Middleware/ValidatePostSize.php(27): Illuminate\\Pipeline\\Pipeline->Illuminate\\Pipeline\\{closure}()
#40 /var/www/html/laundryApp/vendor/laravel/framework/src/Illuminate/Pipeline/Pipeline.php(183): Illuminate\\Foundation\\Http\\Middleware\\ValidatePostSize->handle()
#41 /var/www/html/laundryApp/vendor/laravel/framework/src/Illuminate/Foundation/Http/Middleware/PreventRequestsDuringMaintenance.php(99): Illuminate\\Pipeline\\Pipeline->Illuminate\\Pipeline\\{closure}()
#42 /var/www/html/laundryApp/vendor/laravel/framework/src/Illuminate/Pipeline/Pipeline.php(183): Illuminate\\Foundation\\Http\\Middleware\\PreventRequestsDuringMaintenance->handle()
#43 /var/www/html/laundryApp/vendor/laravel/framework/src/Illuminate/Http/Middleware/HandleCors.php(49): Illuminate\\Pipeline\\Pipeline->Illuminate\\Pipeline\\{closure}()
#44 /var/www/html/laundryApp/vendor/laravel/framework/src/Illuminate/Pipeline/Pipeline.php(183): Illuminate\\Http\\Middleware\\HandleCors->handle()
#45 /var/www/html/laundryApp/vendor/laravel/framework/src/Illuminate/Http/Middleware/TrustProxies.php(39): Illuminate\\Pipeline\\Pipeline->Illuminate\\Pipeline\\{closure}()
#46 /var/www/html/laundryApp/vendor/laravel/framework/src/Illuminate/Pipeline/Pipeline.php(183): Illuminate\\Http\\Middleware\\TrustProxies->handle()
#47 /var/www/html/laundryApp/vendor/laravel/framework/src/Illuminate/Pipeline/Pipeline.php(119): Illuminate\\Pipeline\\Pipeline->Illuminate\\Pipeline\\{closure}()
#48 /var/www/html/laundryApp/vendor/laravel/framework/src/Illuminate/Foundation/Http/Kernel.php(175): Illuminate\\Pipeline\\Pipeline->then()
#49 /var/www/html/laundryApp/vendor/laravel/framework/src/Illuminate/Foundation/Http/Kernel.php(144): Illuminate\\Foundation\\Http\\Kernel->sendRequestThroughRouter()
#50 /var/www/html/laundryApp/public/index.php(51): Illuminate\\Foundation\\Http\\Kernel->handle()
#51 /var/www/html/laundryApp/vendor/laravel/framework/src/Illuminate/Foundation/resources/server.php(16): require_once('...')
#52 {main}
"} 
[2025-12-10 19:21:10] local.INFO: getProducts: {"limit":20,"page":1,"search":"b","status":"all"}  
[2025-12-10 19:21:10] local.INFO: Products fetched response [{"id":2,"product_name":"Badsheet","product_code":"SKU-BED-01","category":"Badsheet","price":0,"expected_life_cycles":100,"quantity":0,"last_activity":{"trans_type":null,"inward":0,"outward":0,"opening_stock":0,"closing_stock":0,"at":null}},{"id":3,"product_name":"Pillow Cover","product_code":"SKU-BED-02","category":"Pillow Cover","price":0,"expected_life_cycles":101,"quantity":0,"last_activity":{"trans_type":null,"inward":0,"outward":0,"opening_stock":0,"closing_stock":0,"at":null}},{"id":4,"product_name":"Towel","product_code":"SKU-BED-03","category":"Towel","price":0,"expected_life_cycles":102,"quantity":0,"last_activity":{"trans_type":null,"inward":0,"outward":0,"opening_stock":0,"closing_stock":0,"at":null}},{"id":5,"product_name":"Blanket","product_code":"SKU-BED-04","category":"Blanket","price":0,"expected_life_cycles":103,"quantity":3,"last_activity":{"trans_type":"status_dirty_in","inward":1,"outward":0,"opening_stock":5,"closing_stock":6,"at":"2025-12-10 18:01:20"}},{"id":6,"product_name":"Patient Gown","product_code":"SKU-BED-05","category":"Patient Gown","price":0,"expected_life_cycles":104,"quantity":0,"last_activity":{"trans_type":null,"inward":0,"outward":0,"opening_stock":0,"closing_stock":0,"at":null}},{"id":1,"product_name":"Badsheet2","product_code":"343453S","category":"Badsheet2","price":0,"expected_life_cycles":100,"quantity":0,"last_activity":{"trans_type":null,"inward":0,"outward":0,"opening_stock":0,"closing_stock":0,"at":null}}]  
[2025-12-10 19:21:11] local.INFO: getProducts: {"limit":20,"page":1,"search":"ba","status":"all"}  
[2025-12-10 19:21:11] local.INFO: Products fetched response [{"id":2,"product_name":"Badsheet","product_code":"SKU-BED-01","category":"Badsheet","price":0,"expected_life_cycles":100,"quantity":0,"last_activity":{"trans_type":null,"inward":0,"outward":0,"opening_stock":0,"closing_stock":0,"at":null}},{"id":1,"product_name":"Badsheet2","product_code":"343453S","category":"Badsheet2","price":0,"expected_life_cycles":100,"quantity":0,"last_activity":{"trans_type":null,"inward":0,"outward":0,"opening_stock":0,"closing_stock":0,"at":null}}]  
[2025-12-10 19:21:12] local.INFO: getProducts: {"limit":20,"page":1,"search":"bad","status":"all"}  
[2025-12-10 19:21:12] local.INFO: Products fetched response [{"id":2,"product_name":"Badsheet","product_code":"SKU-BED-01","category":"Badsheet","price":0,"expected_life_cycles":100,"quantity":0,"last_activity":{"trans_type":null,"inward":0,"outward":0,"opening_stock":0,"closing_stock":0,"at":null}},{"id":1,"product_name":"Badsheet2","product_code":"343453S","category":"Badsheet2","price":0,"expected_life_cycles":100,"quantity":0,"last_activity":{"trans_type":null,"inward":0,"outward":0,"opening_stock":0,"closing_stock":0,"at":null}}]  
[2025-12-10 19:21:14] local.INFO: getProducts: {"limit":20,"page":1,"search":"Badsheet | SKU-BED-01","status":"all"}  
[2025-12-10 19:21:14] local.INFO: Products fetched response []  
[2025-12-10 19:21:24] local.INFO: getProducts: {"limit":20,"page":1,"search":"Badsheet | SKU-BED-01","status":"all"}  
[2025-12-10 19:21:24] local.INFO: Products fetched response []  
[2025-12-10 19:21:44] local.INFO: getProducts: {"limit":20,"page":1,"search":"Badsheet | SKU-BED-01","status":"all"}  
[2025-12-10 19:21:44] local.INFO: Products fetched response []  
[2025-12-10 19:21:46] local.INFO: getProducts: {"limit":20,"page":1,"search":"Badsheet2 | 343453S","status":"all"}  
[2025-12-10 19:21:46] local.INFO: Products fetched response []  
[2025-12-10 19:21:47] local.INFO: getProducts: {"limit":20,"page":1,"search":"Badsheet | SKU-BED-01","status":"all"}  
[2025-12-10 19:21:47] local.INFO: Products fetched response []  
[2025-12-10 19:22:06] local.INFO: getProducts: {"limit":20,"page":1,"search":null,"status":"all"}  
[2025-12-10 19:22:06] local.INFO: Products fetched response [{"id":2,"product_name":"Badsheet","product_code":"SKU-BED-01","category":"Badsheet","price":0,"expected_life_cycles":100,"quantity":0,"last_activity":{"trans_type":null,"inward":0,"outward":0,"opening_stock":0,"closing_stock":0,"at":null}},{"id":3,"product_name":"Pillow Cover","product_code":"SKU-BED-02","category":"Pillow Cover","price":0,"expected_life_cycles":101,"quantity":0,"last_activity":{"trans_type":null,"inward":0,"outward":0,"opening_stock":0,"closing_stock":0,"at":null}},{"id":4,"product_name":"Towel","product_code":"SKU-BED-03","category":"Towel","price":0,"expected_life_cycles":102,"quantity":0,"last_activity":{"trans_type":null,"inward":0,"outward":0,"opening_stock":0,"closing_stock":0,"at":null}},{"id":5,"product_name":"Blanket","product_code":"SKU-BED-04","category":"Blanket","price":0,"expected_life_cycles":103,"quantity":3,"last_activity":{"trans_type":"status_dirty_in","inward":1,"outward":0,"opening_stock":5,"closing_stock":6,"at":"2025-12-10 18:01:20"}},{"id":6,"product_name":"Patient Gown","product_code":"SKU-BED-05","category":"Patient Gown","price":0,"expected_life_cycles":104,"quantity":0,"last_activity":{"trans_type":null,"inward":0,"outward":0,"opening_stock":0,"closing_stock":0,"at":null}},{"id":1,"product_name":"Badsheet2","product_code":"343453S","category":"Badsheet2","price":0,"expected_life_cycles":100,"quantity":0,"last_activity":{"trans_type":null,"inward":0,"outward":0,"opening_stock":0,"closing_stock":0,"at":null}}]  
[2025-12-10 19:22:09] local.INFO: getProducts: {"limit":20,"page":1,"search":"res","status":"all"}  
[2025-12-10 19:22:09] local.INFO: Products fetched response []  
[2025-12-10 19:22:24] local.INFO: getProducts: {"limit":20,"page":1,"search":null,"status":"all"}  
[2025-12-10 19:22:24] local.INFO: Products fetched response [{"id":2,"product_name":"Badsheet","product_code":"SKU-BED-01","category":"Badsheet","price":0,"expected_life_cycles":100,"quantity":0,"last_activity":{"trans_type":null,"inward":0,"outward":0,"opening_stock":0,"closing_stock":0,"at":null}},{"id":3,"product_name":"Pillow Cover","product_code":"SKU-BED-02","category":"Pillow Cover","price":0,"expected_life_cycles":101,"quantity":0,"last_activity":{"trans_type":null,"inward":0,"outward":0,"opening_stock":0,"closing_stock":0,"at":null}},{"id":4,"product_name":"Towel","product_code":"SKU-BED-03","category":"Towel","price":0,"expected_life_cycles":102,"quantity":0,"last_activity":{"trans_type":null,"inward":0,"outward":0,"opening_stock":0,"closing_stock":0,"at":null}},{"id":5,"product_name":"Blanket","product_code":"SKU-BED-04","category":"Blanket","price":0,"expected_life_cycles":103,"quantity":3,"last_activity":{"trans_type":"status_dirty_in","inward":1,"outward":0,"opening_stock":5,"closing_stock":6,"at":"2025-12-10 18:01:20"}},{"id":6,"product_name":"Patient Gown","product_code":"SKU-BED-05","category":"Patient Gown","price":0,"expected_life_cycles":104,"quantity":0,"last_activity":{"trans_type":null,"inward":0,"outward":0,"opening_stock":0,"closing_stock":0,"at":null}},{"id":1,"product_name":"Badsheet2","product_code":"343453S","category":"Badsheet2","price":0,"expected_life_cycles":100,"quantity":0,"last_activity":{"trans_type":null,"inward":0,"outward":0,"opening_stock":0,"closing_stock":0,"at":null}}]  
[2025-12-10 19:22:26] local.INFO: getProducts: {"limit":20,"page":1,"search":"rest","status":"all"}  
[2025-12-10 19:22:26] local.INFO: Products fetched response []  
[2025-12-10 19:22:31] local.INFO: getProducts: {"limit":20,"page":1,"search":null,"status":"all"}  
[2025-12-10 19:22:31] local.INFO: Products fetched response [{"id":2,"product_name":"Badsheet","product_code":"SKU-BED-01","category":"Badsheet","price":0,"expected_life_cycles":100,"quantity":0,"last_activity":{"trans_type":null,"inward":0,"outward":0,"opening_stock":0,"closing_stock":0,"at":null}},{"id":3,"product_name":"Pillow Cover","product_code":"SKU-BED-02","category":"Pillow Cover","price":0,"expected_life_cycles":101,"quantity":0,"last_activity":{"trans_type":null,"inward":0,"outward":0,"opening_stock":0,"closing_stock":0,"at":null}},{"id":4,"product_name":"Towel","product_code":"SKU-BED-03","category":"Towel","price":0,"expected_life_cycles":102,"quantity":0,"last_activity":{"trans_type":null,"inward":0,"outward":0,"opening_stock":0,"closing_stock":0,"at":null}},{"id":5,"product_name":"Blanket","product_code":"SKU-BED-04","category":"Blanket","price":0,"expected_life_cycles":103,"quantity":3,"last_activity":{"trans_type":"status_dirty_in","inward":1,"outward":0,"opening_stock":5,"closing_stock":6,"at":"2025-12-10 18:01:20"}},{"id":6,"product_name":"Patient Gown","product_code":"SKU-BED-05","category":"Patient Gown","price":0,"expected_life_cycles":104,"quantity":0,"last_activity":{"trans_type":null,"inward":0,"outward":0,"opening_stock":0,"closing_stock":0,"at":null}},{"id":1,"product_name":"Badsheet2","product_code":"343453S","category":"Badsheet2","price":0,"expected_life_cycles":100,"quantity":0,"last_activity":{"trans_type":null,"inward":0,"outward":0,"opening_stock":0,"closing_stock":0,"at":null}}]  
[2025-12-10 19:22:33] local.INFO: getProducts: {"limit":20,"page":1,"search":"Test","status":"all"}  
[2025-12-10 19:22:33] local.INFO: Products fetched response []  
[2025-12-10 19:22:40] local.INFO: getProducts: {"limit":20,"page":1,"search":null,"status":"all"}  
[2025-12-10 19:22:40] local.INFO: Products fetched response [{"id":2,"product_name":"Badsheet","product_code":"SKU-BED-01","category":"Badsheet","price":0,"expected_life_cycles":100,"quantity":0,"last_activity":{"trans_type":null,"inward":0,"outward":0,"opening_stock":0,"closing_stock":0,"at":null}},{"id":3,"product_name":"Pillow Cover","product_code":"SKU-BED-02","category":"Pillow Cover","price":0,"expected_life_cycles":101,"quantity":0,"last_activity":{"trans_type":null,"inward":0,"outward":0,"opening_stock":0,"closing_stock":0,"at":null}},{"id":4,"product_name":"Towel","product_code":"SKU-BED-03","category":"Towel","price":0,"expected_life_cycles":102,"quantity":0,"last_activity":{"trans_type":null,"inward":0,"outward":0,"opening_stock":0,"closing_stock":0,"at":null}},{"id":5,"product_name":"Blanket","product_code":"SKU-BED-04","category":"Blanket","price":0,"expected_life_cycles":103,"quantity":3,"last_activity":{"trans_type":"status_dirty_in","inward":1,"outward":0,"opening_stock":5,"closing_stock":6,"at":"2025-12-10 18:01:20"}},{"id":6,"product_name":"Patient Gown","product_code":"SKU-BED-05","category":"Patient Gown","price":0,"expected_life_cycles":104,"quantity":0,"last_activity":{"trans_type":null,"inward":0,"outward":0,"opening_stock":0,"closing_stock":0,"at":null}},{"id":1,"product_name":"Badsheet2","product_code":"343453S","category":"Badsheet2","price":0,"expected_life_cycles":100,"quantity":0,"last_activity":{"trans_type":null,"inward":0,"outward":0,"opening_stock":0,"closing_stock":0,"at":null}}]  
[2025-12-10 19:22:41] local.INFO: getProducts: {"limit":20,"page":1,"search":"pi","status":"all"}  
[2025-12-10 19:22:41] local.INFO: Products fetched response [{"id":3,"product_name":"Pillow Cover","product_code":"SKU-BED-02","category":"Pillow Cover","price":0,"expected_life_cycles":101,"quantity":0,"last_activity":{"trans_type":null,"inward":0,"outward":0,"opening_stock":0,"closing_stock":0,"at":null}}]  
[2025-12-10 19:22:42] local.INFO: getProducts: {"limit":20,"page":1,"search":"Pillow Cover | SKU-BED-02","status":"all"}  
[2025-12-10 19:22:42] local.INFO: Products fetched response []  
[2025-12-10 19:22:59] local.INFO: getProducts: {"limit":20,"page":1,"search":"Pillow Cover | SKU-BED-02","status":"all"}  
[2025-12-10 19:22:59] local.INFO: Products fetched response []  
[2025-12-10 19:24:04] local.INFO: getProducts: {"limit":20,"page":1,"search":"Pillow Cover | SKU-BED-02","status":"all"}  
[2025-12-10 19:24:04] local.INFO: Products fetched response []  
[2025-12-10 19:24:24] local.INFO: getProducts: {"limit":20,"page":1,"search":null,"status":"all"}  
[2025-12-10 19:24:24] local.INFO: Products fetched response [{"id":2,"product_name":"Badsheet","product_code":"SKU-BED-01","category":"Badsheet","price":0,"expected_life_cycles":100,"quantity":0,"last_activity":{"trans_type":null,"inward":0,"outward":0,"opening_stock":0,"closing_stock":0,"at":null}},{"id":3,"product_name":"Pillow Cover","product_code":"SKU-BED-02","category":"Pillow Cover","price":0,"expected_life_cycles":101,"quantity":0,"last_activity":{"trans_type":null,"inward":0,"outward":0,"opening_stock":0,"closing_stock":0,"at":null}},{"id":4,"product_name":"Towel","product_code":"SKU-BED-03","category":"Towel","price":0,"expected_life_cycles":102,"quantity":0,"last_activity":{"trans_type":null,"inward":0,"outward":0,"opening_stock":0,"closing_stock":0,"at":null}},{"id":5,"product_name":"Blanket","product_code":"SKU-BED-04","category":"Blanket","price":0,"expected_life_cycles":103,"quantity":3,"last_activity":{"trans_type":"status_dirty_in","inward":1,"outward":0,"opening_stock":5,"closing_stock":6,"at":"2025-12-10 18:01:20"}},{"id":6,"product_name":"Patient Gown","product_code":"SKU-BED-05","category":"Patient Gown","price":0,"expected_life_cycles":104,"quantity":0,"last_activity":{"trans_type":null,"inward":0,"outward":0,"opening_stock":0,"closing_stock":0,"at":null}},{"id":1,"product_name":"Badsheet2","product_code":"343453S","category":"Badsheet2","price":0,"expected_life_cycles":100,"quantity":0,"last_activity":{"trans_type":null,"inward":0,"outward":0,"opening_stock":0,"closing_stock":0,"at":null}}]  
[2025-12-10 19:24:25] local.INFO: getProducts: {"limit":20,"page":1,"search":"bst","status":"all"}  
[2025-12-10 19:24:25] local.INFO: Products fetched response []  
[2025-12-10 19:24:30] local.INFO: getProducts: {"limit":20,"page":1,"search":"b","status":"all"}  
[2025-12-10 19:24:30] local.INFO: Products fetched response [{"id":2,"product_name":"Badsheet","product_code":"SKU-BED-01","category":"Badsheet","price":0,"expected_life_cycles":100,"quantity":0,"last_activity":{"trans_type":null,"inward":0,"outward":0,"opening_stock":0,"closing_stock":0,"at":null}},{"id":3,"product_name":"Pillow Cover","product_code":"SKU-BED-02","category":"Pillow Cover","price":0,"expected_life_cycles":101,"quantity":0,"last_activity":{"trans_type":null,"inward":0,"outward":0,"opening_stock":0,"closing_stock":0,"at":null}},{"id":4,"product_name":"Towel","product_code":"SKU-BED-03","category":"Towel","price":0,"expected_life_cycles":102,"quantity":0,"last_activity":{"trans_type":null,"inward":0,"outward":0,"opening_stock":0,"closing_stock":0,"at":null}},{"id":5,"product_name":"Blanket","product_code":"SKU-BED-04","category":"Blanket","price":0,"expected_life_cycles":103,"quantity":3,"last_activity":{"trans_type":"status_dirty_in","inward":1,"outward":0,"opening_stock":5,"closing_stock":6,"at":"2025-12-10 18:01:20"}},{"id":6,"product_name":"Patient Gown","product_code":"SKU-BED-05","category":"Patient Gown","price":0,"expected_life_cycles":104,"quantity":0,"last_activity":{"trans_type":null,"inward":0,"outward":0,"opening_stock":0,"closing_stock":0,"at":null}},{"id":1,"product_name":"Badsheet2","product_code":"343453S","category":"Badsheet2","price":0,"expected_life_cycles":100,"quantity":0,"last_activity":{"trans_type":null,"inward":0,"outward":0,"opening_stock":0,"closing_stock":0,"at":null}}]  
[2025-12-10 19:24:30] local.INFO: getProducts: {"limit":20,"page":1,"search":"bay","status":"all"}  
[2025-12-10 19:24:30] local.INFO: Products fetched response []  
[2025-12-10 19:24:31] local.INFO: getProducts: {"limit":20,"page":1,"search":null,"status":"all"}  
[2025-12-10 19:24:31] local.INFO: Products fetched response [{"id":2,"product_name":"Badsheet","product_code":"SKU-BED-01","category":"Badsheet","price":0,"expected_life_cycles":100,"quantity":0,"last_activity":{"trans_type":null,"inward":0,"outward":0,"opening_stock":0,"closing_stock":0,"at":null}},{"id":3,"product_name":"Pillow Cover","product_code":"SKU-BED-02","category":"Pillow Cover","price":0,"expected_life_cycles":101,"quantity":0,"last_activity":{"trans_type":null,"inward":0,"outward":0,"opening_stock":0,"closing_stock":0,"at":null}},{"id":4,"product_name":"Towel","product_code":"SKU-BED-03","category":"Towel","price":0,"expected_life_cycles":102,"quantity":0,"last_activity":{"trans_type":null,"inward":0,"outward":0,"opening_stock":0,"closing_stock":0,"at":null}},{"id":5,"product_name":"Blanket","product_code":"SKU-BED-04","category":"Blanket","price":0,"expected_life_cycles":103,"quantity":3,"last_activity":{"trans_type":"status_dirty_in","inward":1,"outward":0,"opening_stock":5,"closing_stock":6,"at":"2025-12-10 18:01:20"}},{"id":6,"product_name":"Patient Gown","product_code":"SKU-BED-05","category":"Patient Gown","price":0,"expected_life_cycles":104,"quantity":0,"last_activity":{"trans_type":null,"inward":0,"outward":0,"opening_stock":0,"closing_stock":0,"at":null}},{"id":1,"product_name":"Badsheet2","product_code":"343453S","category":"Badsheet2","price":0,"expected_life_cycles":100,"quantity":0,"last_activity":{"trans_type":null,"inward":0,"outward":0,"opening_stock":0,"closing_stock":0,"at":null}}]  
[2025-12-10 19:24:32] local.INFO: getProducts: {"limit":20,"page":1,"search":"b","status":"all"}  
[2025-12-10 19:24:32] local.INFO: Products fetched response [{"id":2,"product_name":"Badsheet","product_code":"SKU-BED-01","category":"Badsheet","price":0,"expected_life_cycles":100,"quantity":0,"last_activity":{"trans_type":null,"inward":0,"outward":0,"opening_stock":0,"closing_stock":0,"at":null}},{"id":3,"product_name":"Pillow Cover","product_code":"SKU-BED-02","category":"Pillow Cover","price":0,"expected_life_cycles":101,"quantity":0,"last_activity":{"trans_type":null,"inward":0,"outward":0,"opening_stock":0,"closing_stock":0,"at":null}},{"id":4,"product_name":"Towel","product_code":"SKU-BED-03","category":"Towel","price":0,"expected_life_cycles":102,"quantity":0,"last_activity":{"trans_type":null,"inward":0,"outward":0,"opening_stock":0,"closing_stock":0,"at":null}},{"id":5,"product_name":"Blanket","product_code":"SKU-BED-04","category":"Blanket","price":0,"expected_life_cycles":103,"quantity":3,"last_activity":{"trans_type":"status_dirty_in","inward":1,"outward":0,"opening_stock":5,"closing_stock":6,"at":"2025-12-10 18:01:20"}},{"id":6,"product_name":"Patient Gown","product_code":"SKU-BED-05","category":"Patient Gown","price":0,"expected_life_cycles":104,"quantity":0,"last_activity":{"trans_type":null,"inward":0,"outward":0,"opening_stock":0,"closing_stock":0,"at":null}},{"id":1,"product_name":"Badsheet2","product_code":"343453S","category":"Badsheet2","price":0,"expected_life_cycles":100,"quantity":0,"last_activity":{"trans_type":null,"inward":0,"outward":0,"opening_stock":0,"closing_stock":0,"at":null}}]  
[2025-12-10 19:24:36] local.INFO: getProducts: {"limit":20,"page":1,"search":"Blanket | SKU-BED-04","status":"all"}  
[2025-12-10 19:24:36] local.INFO: Products fetched response []  
[2025-12-10 19:52:30] local.INFO: getProducts: {"limit":20,"page":1,"search":"Blanket | SKU-BED-04","status":"all"}  
[2025-12-10 19:52:30] local.INFO: Products fetched response []  
[2025-12-10 19:52:36] local.INFO: getProducts: {"limit":20,"page":1,"search":"Blanket | SKU-BED-04","status":"all"}  
[2025-12-10 19:52:36] local.INFO: Products fetched response []  
[2025-12-10 19:55:03] local.INFO: --- CHECK UPDATE CALLED --- {"incoming_request":{"current_version_code":1,"device_id":"d5ee7f87f3ada95d"}} 
[2025-12-10 19:55:03] local.INFO: Validated request {"device_id":"d5ee7f87f3ada95d","current_version_code":1} 
[2025-12-10 19:55:03] local.INFO: Device found {"device_id":"d5ee7f87f3ada95d","registered_version_code":1,"is_update_required_flag":0} 
[2025-12-10 19:55:03] local.INFO: Device is up to date {"device_id":"d5ee7f87f3ada95d","current_version":1} 
[2025-12-10 19:55:06] local.INFO: User login attempt {"license_key":"D5EE-T629K9-1C22-4A66-44F8","username":"admin"} 
[2025-12-10 19:55:06] local.INFO: User login response data {"user_id":51,"data":{"user":{"name":"Bangalore admin","email":"admin@gmail.com","user_code":"USR-ADKU1CW","location_id":3,"location_name":"Electronic City","working_stages":[],"role":{"App\\Models\\user_management\\Role":{"role_id":13,"role_name":"Palnt Admin","role_code":"ROL-ADIN9A3"}},"api_key":"XDdZMI4IrtC0Wc4XsJI5vzjLrVdrY2U4en3me1ckxhKZDGgnge2VUVbeTHJO"},"permissions":{"users":["create.users","view.users","edit.users","delete.users"],"dashboard":["view.dashboard_admin"],"config_settings":["create.config_settings","view.config_settings","edit.config_settings","delete.config_settings"],"products":["view.products","create.products","edit.products","delete.products"],"reports":["view.reports"],"locations":["locations.view","locations.edit"],"inventory":["view.inventory","create.inventory","edit.inventory","delete.inventory","write.inventory","lock.inventory"]},"token":"797|oc5oXRQoUnzTZ9PMErfohYpJJRLRmYhp734xl3Ow50fab4e0"}} 
[2025-12-10 19:55:06] local.INFO: User login successful {"user_id":51,"license_key":"D5EE-T629K9-1C22-4A66-44F8"} 
[2025-12-10 19:55:09] local.INFO: --- CHECK UPDATE CALLED --- {"incoming_request":{"current_version_code":1,"device_id":"d5ee7f87f3ada95d"}} 
[2025-12-10 19:55:09] local.INFO: Validated request {"device_id":"d5ee7f87f3ada95d","current_version_code":1} 
[2025-12-10 19:55:09] local.INFO: Device found {"device_id":"d5ee7f87f3ada95d","registered_version_code":1,"is_update_required_flag":0} 
[2025-12-10 19:55:09] local.INFO: Device is up to date {"device_id":"d5ee7f87f3ada95d","current_version":1} 
[2025-12-10 19:55:21] local.INFO: getProducts: {"limit":20,"page":1,"search":"ba","status":"all"}  
[2025-12-10 19:55:21] local.INFO: Products fetched response [{"id":2,"product_name":"Badsheet","product_code":"SKU-BED-01","category":"Badsheet","price":0,"expected_life_cycles":100,"quantity":0,"last_activity":{"trans_type":null,"inward":0,"outward":0,"opening_stock":0,"closing_stock":0,"at":null}},{"id":1,"product_name":"Badsheet2","product_code":"343453S","category":"Badsheet2","price":0,"expected_life_cycles":100,"quantity":0,"last_activity":{"trans_type":null,"inward":0,"outward":0,"opening_stock":0,"closing_stock":0,"at":null}}]  
[2025-12-10 19:55:22] local.INFO: getProducts: {"limit":20,"page":1,"search":"bad","status":"all"}  
[2025-12-10 19:55:22] local.INFO: Products fetched response [{"id":2,"product_name":"Badsheet","product_code":"SKU-BED-01","category":"Badsheet","price":0,"expected_life_cycles":100,"quantity":0,"last_activity":{"trans_type":null,"inward":0,"outward":0,"opening_stock":0,"closing_stock":0,"at":null}},{"id":1,"product_name":"Badsheet2","product_code":"343453S","category":"Badsheet2","price":0,"expected_life_cycles":100,"quantity":0,"last_activity":{"trans_type":null,"inward":0,"outward":0,"opening_stock":0,"closing_stock":0,"at":null}}]  
[2025-12-10 19:55:22] local.INFO: getProducts: {"limit":20,"page":1,"search":"Badsheet | SKU-BED-01","status":"all"}  
[2025-12-10 19:55:22] local.INFO: Products fetched response []  
[2025-12-10 19:55:37] local.INFO: getProducts: {"limit":20,"page":1,"search":"Badsheet | SKU-BED-01","status":"all"}  
[2025-12-10 19:55:37] local.INFO: Products fetched response []  
[2025-12-10 19:55:39] local.INFO: getProducts: {"limit":20,"page":1,"search":"Badsheet2 | 343453S","status":"all"}  
[2025-12-10 19:55:39] local.INFO: Products fetched response []  
[2025-12-10 19:55:44] local.INFO: getProducts: {"limit":20,"page":1,"search":null,"status":"all"}  
[2025-12-10 19:55:44] local.INFO: Products fetched response [{"id":2,"product_name":"Badsheet","product_code":"SKU-BED-01","category":"Badsheet","price":0,"expected_life_cycles":100,"quantity":0,"last_activity":{"trans_type":null,"inward":0,"outward":0,"opening_stock":0,"closing_stock":0,"at":null}},{"id":3,"product_name":"Pillow Cover","product_code":"SKU-BED-02","category":"Pillow Cover","price":0,"expected_life_cycles":101,"quantity":0,"last_activity":{"trans_type":null,"inward":0,"outward":0,"opening_stock":0,"closing_stock":0,"at":null}},{"id":4,"product_name":"Towel","product_code":"SKU-BED-03","category":"Towel","price":0,"expected_life_cycles":102,"quantity":0,"last_activity":{"trans_type":null,"inward":0,"outward":0,"opening_stock":0,"closing_stock":0,"at":null}},{"id":5,"product_name":"Blanket","product_code":"SKU-BED-04","category":"Blanket","price":0,"expected_life_cycles":103,"quantity":3,"last_activity":{"trans_type":"status_dirty_in","inward":1,"outward":0,"opening_stock":5,"closing_stock":6,"at":"2025-12-10 18:01:20"}},{"id":6,"product_name":"Patient Gown","product_code":"SKU-BED-05","category":"Patient Gown","price":0,"expected_life_cycles":104,"quantity":0,"last_activity":{"trans_type":null,"inward":0,"outward":0,"opening_stock":0,"closing_stock":0,"at":null}},{"id":1,"product_name":"Badsheet2","product_code":"343453S","category":"Badsheet2","price":0,"expected_life_cycles":100,"quantity":0,"last_activity":{"trans_type":null,"inward":0,"outward":0,"opening_stock":0,"closing_stock":0,"at":null}}]  
[2025-12-10 19:55:47] local.INFO: getProducts: {"limit":20,"page":1,"search":"pi","status":"all"}  
[2025-12-10 19:55:47] local.INFO: Products fetched response [{"id":3,"product_name":"Pillow Cover","product_code":"SKU-BED-02","category":"Pillow Cover","price":0,"expected_life_cycles":101,"quantity":0,"last_activity":{"trans_type":null,"inward":0,"outward":0,"opening_stock":0,"closing_stock":0,"at":null}}]  
[2025-12-10 19:55:48] local.INFO: getProducts: {"limit":20,"page":1,"search":"Pillow Cover | SKU-BED-02","status":"all"}  
[2025-12-10 19:55:48] local.INFO: Products fetched response []  
[2025-12-10 19:56:22] local.INFO: getProducts: {"limit":20,"page":1,"search":null,"status":"all"}  
[2025-12-10 19:56:22] local.INFO: Products fetched response [{"id":2,"product_name":"Badsheet","product_code":"SKU-BED-01","category":"Badsheet","price":0,"expected_life_cycles":100,"quantity":0,"last_activity":{"trans_type":null,"inward":0,"outward":0,"opening_stock":0,"closing_stock":0,"at":null}},{"id":3,"product_name":"Pillow Cover","product_code":"SKU-BED-02","category":"Pillow Cover","price":0,"expected_life_cycles":101,"quantity":0,"last_activity":{"trans_type":null,"inward":0,"outward":0,"opening_stock":0,"closing_stock":0,"at":null}},{"id":4,"product_name":"Towel","product_code":"SKU-BED-03","category":"Towel","price":0,"expected_life_cycles":102,"quantity":0,"last_activity":{"trans_type":null,"inward":0,"outward":0,"opening_stock":0,"closing_stock":0,"at":null}},{"id":5,"product_name":"Blanket","product_code":"SKU-BED-04","category":"Blanket","price":0,"expected_life_cycles":103,"quantity":3,"last_activity":{"trans_type":"status_dirty_in","inward":1,"outward":0,"opening_stock":5,"closing_stock":6,"at":"2025-12-10 18:01:20"}},{"id":6,"product_name":"Patient Gown","product_code":"SKU-BED-05","category":"Patient Gown","price":0,"expected_life_cycles":104,"quantity":0,"last_activity":{"trans_type":null,"inward":0,"outward":0,"opening_stock":0,"closing_stock":0,"at":null}},{"id":1,"product_name":"Badsheet2","product_code":"343453S","category":"Badsheet2","price":0,"expected_life_cycles":100,"quantity":0,"last_activity":{"trans_type":null,"inward":0,"outward":0,"opening_stock":0,"closing_stock":0,"at":null}}]  
[2025-12-10 19:56:23] local.INFO: getProducts: {"limit":20,"page":1,"search":"b","status":"all"}  
[2025-12-10 19:56:23] local.INFO: Products fetched response [{"id":2,"product_name":"Badsheet","product_code":"SKU-BED-01","category":"Badsheet","price":0,"expected_life_cycles":100,"quantity":0,"last_activity":{"trans_type":null,"inward":0,"outward":0,"opening_stock":0,"closing_stock":0,"at":null}},{"id":3,"product_name":"Pillow Cover","product_code":"SKU-BED-02","category":"Pillow Cover","price":0,"expected_life_cycles":101,"quantity":0,"last_activity":{"trans_type":null,"inward":0,"outward":0,"opening_stock":0,"closing_stock":0,"at":null}},{"id":4,"product_name":"Towel","product_code":"SKU-BED-03","category":"Towel","price":0,"expected_life_cycles":102,"quantity":0,"last_activity":{"trans_type":null,"inward":0,"outward":0,"opening_stock":0,"closing_stock":0,"at":null}},{"id":5,"product_name":"Blanket","product_code":"SKU-BED-04","category":"Blanket","price":0,"expected_life_cycles":103,"quantity":3,"last_activity":{"trans_type":"status_dirty_in","inward":1,"outward":0,"opening_stock":5,"closing_stock":6,"at":"2025-12-10 18:01:20"}},{"id":6,"product_name":"Patient Gown","product_code":"SKU-BED-05","category":"Patient Gown","price":0,"expected_life_cycles":104,"quantity":0,"last_activity":{"trans_type":null,"inward":0,"outward":0,"opening_stock":0,"closing_stock":0,"at":null}},{"id":1,"product_name":"Badsheet2","product_code":"343453S","category":"Badsheet2","price":0,"expected_life_cycles":100,"quantity":0,"last_activity":{"trans_type":null,"inward":0,"outward":0,"opening_stock":0,"closing_stock":0,"at":null}}]  
[2025-12-10 19:56:24] local.INFO: getProducts: {"limit":20,"page":1,"search":"Blanket | SKU-BED-04","status":"all"}  
[2025-12-10 19:56:24] local.INFO: Products fetched response []  
[2025-12-10 19:56:46] local.INFO: getProducts: {"limit":20,"page":1,"search":"Blanket | SKU-BED-04","status":"all"}  
[2025-12-10 19:56:46] local.INFO: Products fetched response []  
[2025-12-10 19:57:57] local.INFO: Fetching tag details for EPC: E2801170000002136AA2DD4F  
[2025-12-10 19:59:25] local.INFO: --- CHECK UPDATE CALLED --- {"incoming_request":{"current_version_code":1,"device_id":"d5ee7f87f3ada95d"}} 
[2025-12-10 19:59:25] local.INFO: Validated request {"device_id":"d5ee7f87f3ada95d","current_version_code":1} 
[2025-12-10 19:59:25] local.INFO: Device found {"device_id":"d5ee7f87f3ada95d","registered_version_code":1,"is_update_required_flag":0} 
[2025-12-10 19:59:25] local.INFO: Device is up to date {"device_id":"d5ee7f87f3ada95d","current_version":1} 
[2025-12-10 19:59:29] local.INFO: User login attempt {"license_key":"D5EE-T629K9-1C22-4A66-44F8","username":"admin"} 
[2025-12-10 19:59:29] local.INFO: User login response data {"user_id":51,"data":{"user":{"name":"Bangalore admin","email":"admin@gmail.com","user_code":"USR-ADKU1CW","location_id":3,"location_name":"Electronic City","working_stages":[],"role":{"App\\Models\\user_management\\Role":{"role_id":13,"role_name":"Palnt Admin","role_code":"ROL-ADIN9A3"}},"api_key":"XDdZMI4IrtC0Wc4XsJI5vzjLrVdrY2U4en3me1ckxhKZDGgnge2VUVbeTHJO"},"permissions":{"users":["create.users","view.users","edit.users","delete.users"],"dashboard":["view.dashboard_admin"],"config_settings":["create.config_settings","view.config_settings","edit.config_settings","delete.config_settings"],"products":["view.products","create.products","edit.products","delete.products"],"reports":["view.reports"],"locations":["locations.view","locations.edit"],"inventory":["view.inventory","create.inventory","edit.inventory","delete.inventory","write.inventory","lock.inventory"]},"token":"798|EWDrwogIUoKnW2xlGtk0fzU1Oido3qwavmHsDWnD706611d5"}} 
[2025-12-10 19:59:29] local.INFO: User login successful {"user_id":51,"license_key":"D5EE-T629K9-1C22-4A66-44F8"} 
[2025-12-10 19:59:32] local.INFO: --- CHECK UPDATE CALLED --- {"incoming_request":{"current_version_code":1,"device_id":"d5ee7f87f3ada95d"}} 
[2025-12-10 19:59:32] local.INFO: Validated request {"device_id":"d5ee7f87f3ada95d","current_version_code":1} 
[2025-12-10 19:59:32] local.INFO: Device found {"device_id":"d5ee7f87f3ada95d","registered_version_code":1,"is_update_required_flag":0} 
[2025-12-10 19:59:32] local.INFO: Device is up to date {"device_id":"d5ee7f87f3ada95d","current_version":1} 
[2025-12-10 20:00:04] local.INFO: Fetching tag details for EPC: E2801170000002136AA2DD4F  
[2025-12-10 20:01:03] local.INFO: --- CHECK UPDATE CALLED --- {"incoming_request":{"current_version_code":1,"device_id":"d5ee7f87f3ada95d"}} 
[2025-12-10 20:01:03] local.INFO: Validated request {"device_id":"d5ee7f87f3ada95d","current_version_code":1} 
[2025-12-10 20:01:03] local.INFO: Device found {"device_id":"d5ee7f87f3ada95d","registered_version_code":1,"is_update_required_flag":0} 
[2025-12-10 20:01:03] local.INFO: Device is up to date {"device_id":"d5ee7f87f3ada95d","current_version":1} 
[2025-12-10 20:01:08] local.INFO: User login attempt {"license_key":"D5EE-T629K9-1C22-4A66-44F8","username":"admin"} 
[2025-12-10 20:01:08] local.INFO: User login response data {"user_id":51,"data":{"user":{"name":"Bangalore admin","email":"admin@gmail.com","user_code":"USR-ADKU1CW","location_id":3,"location_name":"Electronic City","working_stages":[],"role":{"App\\Models\\user_management\\Role":{"role_id":13,"role_name":"Palnt Admin","role_code":"ROL-ADIN9A3"}},"api_key":"XDdZMI4IrtC0Wc4XsJI5vzjLrVdrY2U4en3me1ckxhKZDGgnge2VUVbeTHJO"},"permissions":{"users":["create.users","view.users","edit.users","delete.users"],"dashboard":["view.dashboard_admin"],"config_settings":["create.config_settings","view.config_settings","edit.config_settings","delete.config_settings"],"products":["view.products","create.products","edit.products","delete.products"],"reports":["view.reports"],"locations":["locations.view","locations.edit"],"inventory":["view.inventory","create.inventory","edit.inventory","delete.inventory","write.inventory","lock.inventory"]},"token":"799|Z48zapIbadItPm6qMKmg04gBBfhM8TsmoV1LMMzs44183b97"}} 
[2025-12-10 20:01:08] local.INFO: User login successful {"user_id":51,"license_key":"D5EE-T629K9-1C22-4A66-44F8"} 
[2025-12-10 20:01:10] local.INFO: --- CHECK UPDATE CALLED --- {"incoming_request":{"current_version_code":1,"device_id":"d5ee7f87f3ada95d"}} 
[2025-12-10 20:01:10] local.INFO: Validated request {"device_id":"d5ee7f87f3ada95d","current_version_code":1} 
[2025-12-10 20:01:10] local.INFO: Device found {"device_id":"d5ee7f87f3ada95d","registered_version_code":1,"is_update_required_flag":0} 
[2025-12-10 20:01:10] local.INFO: Device is up to date {"device_id":"d5ee7f87f3ada95d","current_version":1} 
[2025-12-10 20:01:17] local.INFO: Fetching tag details for EPC: E2801170000002136AA2DD4F  
[2025-12-10 20:01:18] local.INFO: Fetching tag details for EPC: E2801170000002136AA2DD4F  
[2025-12-10 20:01:51] local.INFO: --- CHECK UPDATE CALLED --- {"incoming_request":{"current_version_code":1,"device_id":"d5ee7f87f3ada95d"}} 
[2025-12-10 20:01:51] local.INFO: Validated request {"device_id":"d5ee7f87f3ada95d","current_version_code":1} 
[2025-12-10 20:01:51] local.INFO: Device found {"device_id":"d5ee7f87f3ada95d","registered_version_code":1,"is_update_required_flag":0} 
[2025-12-10 20:01:51] local.INFO: Device is up to date {"device_id":"d5ee7f87f3ada95d","current_version":1} 
[2025-12-10 20:02:05] local.INFO: User login attempt {"license_key":"D5EE-T629K9-1C22-4A66-44F8","username":"admin"} 
[2025-12-10 20:02:05] local.INFO: User login response data {"user_id":51,"data":{"user":{"name":"Bangalore admin","email":"admin@gmail.com","user_code":"USR-ADKU1CW","location_id":3,"location_name":"Electronic City","working_stages":[],"role":{"App\\Models\\user_management\\Role":{"role_id":13,"role_name":"Palnt Admin","role_code":"ROL-ADIN9A3"}},"api_key":"XDdZMI4IrtC0Wc4XsJI5vzjLrVdrY2U4en3me1ckxhKZDGgnge2VUVbeTHJO"},"permissions":{"users":["create.users","view.users","edit.users","delete.users"],"dashboard":["view.dashboard_admin"],"config_settings":["create.config_settings","view.config_settings","edit.config_settings","delete.config_settings"],"products":["view.products","create.products","edit.products","delete.products"],"reports":["view.reports"],"locations":["locations.view","locations.edit"],"inventory":["view.inventory","create.inventory","edit.inventory","delete.inventory","write.inventory","lock.inventory"]},"token":"800|Y4vRFssP1maXyaxDi0BvOagO2s7YTA4MGBuO9QeR5017e6dd"}} 
[2025-12-10 20:02:05] local.INFO: User login successful {"user_id":51,"license_key":"D5EE-T629K9-1C22-4A66-44F8"} 
[2025-12-10 20:02:08] local.INFO: User login attempt {"license_key":"D5EE-T629K9-1C22-4A66-44F8","username":"admin"} 
[2025-12-10 20:02:08] local.INFO: User login response data {"user_id":51,"data":{"user":{"name":"Bangalore admin","email":"admin@gmail.com","user_code":"USR-ADKU1CW","location_id":3,"location_name":"Electronic City","working_stages":[],"role":{"App\\Models\\user_management\\Role":{"role_id":13,"role_name":"Palnt Admin","role_code":"ROL-ADIN9A3"}},"api_key":"XDdZMI4IrtC0Wc4XsJI5vzjLrVdrY2U4en3me1ckxhKZDGgnge2VUVbeTHJO"},"permissions":{"users":["create.users","view.users","edit.users","delete.users"],"dashboard":["view.dashboard_admin"],"config_settings":["create.config_settings","view.config_settings","edit.config_settings","delete.config_settings"],"products":["view.products","create.products","edit.products","delete.products"],"reports":["view.reports"],"locations":["locations.view","locations.edit"],"inventory":["view.inventory","create.inventory","edit.inventory","delete.inventory","write.inventory","lock.inventory"]},"token":"801|72BNF5gPLtFoqcnLKOUhTvyVD3e52SOaffB2GoYW4a6e8b10"}} 
[2025-12-10 20:02:08] local.INFO: User login successful {"user_id":51,"license_key":"D5EE-T629K9-1C22-4A66-44F8"} 
[2025-12-10 20:02:08] local.INFO: --- CHECK UPDATE CALLED --- {"incoming_request":{"current_version_code":1,"device_id":"d5ee7f87f3ada95d"}} 
[2025-12-10 20:02:08] local.INFO: Validated request {"device_id":"d5ee7f87f3ada95d","current_version_code":1} 
[2025-12-10 20:02:08] local.INFO: Device found {"device_id":"d5ee7f87f3ada95d","registered_version_code":1,"is_update_required_flag":0} 
[2025-12-10 20:02:08] local.INFO: Device is up to date {"device_id":"d5ee7f87f3ada95d","current_version":1} 
[2025-12-10 20:02:10] local.INFO: --- CHECK UPDATE CALLED --- {"incoming_request":{"current_version_code":1,"device_id":"d5ee7f87f3ada95d"}} 
[2025-12-10 20:02:10] local.INFO: Validated request {"device_id":"d5ee7f87f3ada95d","current_version_code":1} 
[2025-12-10 20:02:10] local.INFO: Device found {"device_id":"d5ee7f87f3ada95d","registered_version_code":1,"is_update_required_flag":0} 
[2025-12-10 20:02:10] local.INFO: Device is up to date {"device_id":"d5ee7f87f3ada95d","current_version":1} 
[2025-12-10 20:02:16] local.INFO: Fetching tag details for EPC: E2801170000002136AA2DD1F  
