[2025-12-11 12:20:50] local.INFO: --- CHECK UPDATE CALLED --- {"incoming_request":{"current_version_code":1,"device_id":"d5ee7f87f3ada95d"}} 
[2025-12-11 12:20:50] local.INFO: Validated request {"device_id":"d5ee7f87f3ada95d","current_version_code":1} 
[2025-12-11 12:20:50] local.INFO: Device found {"device_id":"d5ee7f87f3ada95d","registered_version_code":1,"is_update_required_flag":0} 
[2025-12-11 12:20:50] local.INFO: Device is up to date {"device_id":"d5ee7f87f3ada95d","current_version":1} 
[2025-12-11 12:21:12] local.INFO: User login attempt {"license_key":"D5EE-T629K9-1C22-4A66-44F8","username":"admin"} 
[2025-12-11 12:21:12] local.INFO: User login response data {"user_id":51,"data":{"user":{"name":"Bangalore admin","email":"admin@gmail.com","user_code":"USR-ADKU1CW","location_id":3,"location_name":"Electronic City","working_stages":[],"role":{"App\\Models\\user_management\\Role":{"role_id":13,"role_name":"Palnt Admin","role_code":"ROL-ADIN9A3"}},"api_key":"XDdZMI4IrtC0Wc4XsJI5vzjLrVdrY2U4en3me1ckxhKZDGgnge2VUVbeTHJO"},"permissions":{"users":["create.users","view.users","edit.users","delete.users"],"dashboard":["view.dashboard_admin"],"config_settings":["create.config_settings","view.config_settings","edit.config_settings","delete.config_settings"],"products":["view.products","create.products","edit.products","delete.products"],"reports":["view.reports"],"locations":["locations.view","locations.edit"],"inventory":["view.inventory","create.inventory","edit.inventory","delete.inventory","write.inventory","lock.inventory"]},"token":"802|wUPZyoxwKR6VX7pQQTAT4ypMZaGhsZYdxo4bLvSdb07c8fd9"}} 
[2025-12-11 12:21:12] local.INFO: User login successful {"user_id":51,"license_key":"D5EE-T629K9-1C22-4A66-44F8"} 
[2025-12-11 12:21:14] local.INFO: --- CHECK UPDATE CALLED --- {"incoming_request":{"current_version_code":1,"device_id":"d5ee7f87f3ada95d"}} 
[2025-12-11 12:21:14] local.INFO: Validated request {"device_id":"d5ee7f87f3ada95d","current_version_code":1} 
[2025-12-11 12:21:14] local.INFO: Device found {"device_id":"d5ee7f87f3ada95d","registered_version_code":1,"is_update_required_flag":0} 
[2025-12-11 12:21:14] local.INFO: Device is up to date {"device_id":"d5ee7f87f3ada95d","current_version":1} 
[2025-12-11 12:22:40] local.INFO: Fetching tag details for EPC: E2806A960000502D20A3BC7B  
[2025-12-11 12:22:40] local.INFO: tagDetailsByEpc response: {"success":true,"message":"Tag details loaded","inventory":{"id":17,"epc_code":"E2806A960000502D20A3BC7B","tag_code":null,"product_id":5,"location_id":3,"status":"dirty","status_text":"Inactive","last_scanned_at":"2025-12-10T07:01:19.000000Z","mapped_at":"2025-12-10T11:23:38.000000Z","product_name":"Blanket","product_code":"","category":"Blanket","sku":"SKU-BED-04"}}  
[2025-12-11 12:22:40] local.INFO: Fetching tag details for EPC: E2806A960000502D20A3BC7B  
[2025-12-11 12:22:40] local.INFO: tagDetailsByEpc response: {"success":true,"message":"Tag details loaded","inventory":{"id":17,"epc_code":"E2806A960000502D20A3BC7B","tag_code":null,"product_id":5,"location_id":3,"status":"dirty","status_text":"Inactive","last_scanned_at":"2025-12-10T07:01:19.000000Z","mapped_at":"2025-12-10T11:23:38.000000Z","product_name":"Blanket","product_code":"","category":"Blanket","sku":"SKU-BED-04"}}  
[2025-12-11 13:36:12] local.ERROR: Product save error: SQLSTATE[HY000]: General error: 1364 Field 'location_id' doesn't have a default value (Connection: mysql, SQL: insert into `products` (`product_name`, `sku`, `description`, `status`, `updated_at`, `created_at`) values (Test 2324, 55555555, Maggi, 1, 2025-12-11 13:36:12, 2025-12-11 13:36:12))  
[2025-12-11 13:36:19] local.ERROR: Product save error: SQLSTATE[HY000]: General error: 1364 Field 'location_id' doesn't have a default value (Connection: mysql, SQL: insert into `products` (`product_name`, `sku`, `description`, `status`, `updated_at`, `created_at`) values (Test 2324, 55555555, Maggi, 1, 2025-12-11 13:36:19, 2025-12-11 13:36:19))  
[2025-12-11 13:45:55] local.ERROR: Undefined variable $loginuser_location_ids {"view":{"view":"/var/www/html/laundryApp/resources/views/content/products/create.blade.php","data":[]},"userId":51,"exception":"[object] (Spatie\\LaravelIgnition\\Exceptions\\ViewException(code: 0): Undefined variable $loginuser_location_ids at /var/www/html/laundryApp/resources/views/content/products/create.blade.php:71)
[stacktrace]
#0 /var/www/html/laundryApp/vendor/laravel/framework/src/Illuminate/Filesystem/Filesystem.php(123): require('...')
#1 /var/www/html/laundryApp/vendor/laravel/framework/src/Illuminate/Filesystem/Filesystem.php(124): Illuminate\\Filesystem\\Filesystem::Illuminate\\Filesystem\\{closure}()
#2 /var/www/html/laundryApp/vendor/laravel/framework/src/Illuminate/View/Engines/PhpEngine.php(58): Illuminate\\Filesystem\\Filesystem->getRequire()
#3 /var/www/html/laundryApp/vendor/laravel/framework/src/Illuminate/View/Engines/CompilerEngine.php(72): Illuminate\\View\\Engines\\PhpEngine->evaluatePath()
#4 /var/www/html/laundryApp/vendor/laravel/framework/src/Illuminate/View/View.php(207): Illuminate\\View\\Engines\\CompilerEngine->get()
#5 /var/www/html/laundryApp/vendor/laravel/framework/src/Illuminate/View/View.php(190): Illuminate\\View\\View->getContents()
#6 /var/www/html/laundryApp/vendor/laravel/framework/src/Illuminate/View/View.php(159): Illuminate\\View\\View->renderContents()
#7 /var/www/html/laundryApp/vendor/laravel/framework/src/Illuminate/Http/Response.php(69): Illuminate\\View\\View->render()
#8 /var/www/html/laundryApp/vendor/laravel/framework/src/Illuminate/Http/Response.php(35): Illuminate\\Http\\Response->setContent()
#9 /var/www/html/laundryApp/vendor/laravel/framework/src/Illuminate/Routing/Router.php(918): Illuminate\\Http\\Response->__construct()
#10 /var/www/html/laundryApp/vendor/laravel/framework/src/Illuminate/Routing/Router.php(885): Illuminate\\Routing\\Router::toResponse()
#11 /var/www/html/laundryApp/vendor/laravel/framework/src/Illuminate/Routing/Router.php(805): Illuminate\\Routing\\Router->prepareResponse()
#12 /var/www/html/laundryApp/vendor/laravel/framework/src/Illuminate/Pipeline/Pipeline.php(144): Illuminate\\Routing\\Router->Illuminate\\Routing\\{closure}()
#13 /var/www/html/laundryApp/app/Http/Middleware/CheckPermission.php(19): Illuminate\\Pipeline\\Pipeline->Illuminate\\Pipeline\\{closure}()
#14 /var/www/html/laundryApp/vendor/laravel/framework/src/Illuminate/Pipeline/Pipeline.php(183): App\\Http\\Middleware\\CheckPermission->handle()
#15 /var/www/html/laundryApp/app/Http/Middleware/PreventBackHistory.php(17): Illuminate\\Pipeline\\Pipeline->Illuminate\\Pipeline\\{closure}()
#16 /var/www/html/laundryApp/vendor/laravel/framework/src/Illuminate/Pipeline/Pipeline.php(183): App\\Http\\Middleware\\PreventBackHistory->handle()
#17 /var/www/html/laundryApp/vendor/laravel/framework/src/Illuminate/Routing/Middleware/SubstituteBindings.php(50): Illuminate\\Pipeline\\Pipeline->Illuminate\\Pipeline\\{closure}()
#18 /var/www/html/laundryApp/vendor/laravel/framework/src/Illuminate/Pipeline/Pipeline.php(183): Illuminate\\Routing\\Middleware\\SubstituteBindings->handle()
#19 /var/www/html/laundryApp/vendor/laravel/framework/src/Illuminate/Auth/Middleware/Authenticate.php(57): Illuminate\\Pipeline\\Pipeline->Illuminate\\Pipeline\\{closure}()
#20 /var/www/html/laundryApp/vendor/laravel/framework/src/Illuminate/Pipeline/Pipeline.php(183): Illuminate\\Auth\\Middleware\\Authenticate->handle()
#21 /var/www/html/laundryApp/vendor/laravel/framework/src/Illuminate/Foundation/Http/Middleware/VerifyCsrfToken.php(78): Illuminate\\Pipeline\\Pipeline->Illuminate\\Pipeline\\{closure}()
#22 /var/www/html/laundryApp/vendor/laravel/framework/src/Illuminate/Pipeline/Pipeline.php(183): Illuminate\\Foundation\\Http\\Middleware\\VerifyCsrfToken->handle()
#23 /var/www/html/laundryApp/vendor/laravel/framework/src/Illuminate/View/Middleware/ShareErrorsFromSession.php(49): Illuminate\\Pipeline\\Pipeline->Illuminate\\Pipeline\\{closure}()
#24 /var/www/html/laundryApp/vendor/laravel/framework/src/Illuminate/Pipeline/Pipeline.php(183): Illuminate\\View\\Middleware\\ShareErrorsFromSession->handle()
#25 /var/www/html/laundryApp/vendor/laravel/framework/src/Illuminate/Session/Middleware/StartSession.php(121): Illuminate\\Pipeline\\Pipeline->Illuminate\\Pipeline\\{closure}()
#26 /var/www/html/laundryApp/vendor/laravel/framework/src/Illuminate/Session/Middleware/StartSession.php(64): Illuminate\\Session\\Middleware\\StartSession->handleStatefulRequest()
#27 /var/www/html/laundryApp/vendor/laravel/framework/src/Illuminate/Pipeline/Pipeline.php(183): Illuminate\\Session\\Middleware\\StartSession->handle()
#28 /var/www/html/laundryApp/vendor/laravel/framework/src/Illuminate/Cookie/Middleware/AddQueuedCookiesToResponse.php(37): Illuminate\\Pipeline\\Pipeline->Illuminate\\Pipeline\\{closure}()
#29 /var/www/html/laundryApp/vendor/laravel/framework/src/Illuminate/Pipeline/Pipeline.php(183): Illuminate\\Cookie\\Middleware\\AddQueuedCookiesToResponse->handle()
#30 /var/www/html/laundryApp/vendor/laravel/framework/src/Illuminate/Cookie/Middleware/EncryptCookies.php(67): Illuminate\\Pipeline\\Pipeline->Illuminate\\Pipeline\\{closure}()
#31 /var/www/html/laundryApp/vendor/laravel/framework/src/Illuminate/Pipeline/Pipeline.php(183): Illuminate\\Cookie\\Middleware\\EncryptCookies->handle()
#32 /var/www/html/laundryApp/vendor/laravel/framework/src/Illuminate/Pipeline/Pipeline.php(119): Illuminate\\Pipeline\\Pipeline->Illuminate\\Pipeline\\{closure}()
#33 /var/www/html/laundryApp/vendor/laravel/framework/src/Illuminate/Routing/Router.php(805): Illuminate\\Pipeline\\Pipeline->then()
#34 /var/www/html/laundryApp/vendor/laravel/framework/src/Illuminate/Routing/Router.php(784): Illuminate\\Routing\\Router->runRouteWithinStack()
#35 /var/www/html/laundryApp/vendor/laravel/framework/src/Illuminate/Routing/Router.php(748): Illuminate\\Routing\\Router->runRoute()
#36 /var/www/html/laundryApp/vendor/laravel/framework/src/Illuminate/Routing/Router.php(737): Illuminate\\Routing\\Router->dispatchToRoute()
#37 /var/www/html/laundryApp/vendor/laravel/framework/src/Illuminate/Foundation/Http/Kernel.php(200): Illuminate\\Routing\\Router->dispatch()
#38 /var/www/html/laundryApp/vendor/laravel/framework/src/Illuminate/Pipeline/Pipeline.php(144): Illuminate\\Foundation\\Http\\Kernel->Illuminate\\Foundation\\Http\\{closure}()
#39 /var/www/html/laundryApp/vendor/laravel/framework/src/Illuminate/Foundation/Http/Middleware/TransformsRequest.php(21): Illuminate\\Pipeline\\Pipeline->Illuminate\\Pipeline\\{closure}()
#40 /var/www/html/laundryApp/vendor/laravel/framework/src/Illuminate/Foundation/Http/Middleware/ConvertEmptyStringsToNull.php(31): Illuminate\\Foundation\\Http\\Middleware\\TransformsRequest->handle()
#41 /var/www/html/laundryApp/vendor/laravel/framework/src/Illuminate/Pipeline/Pipeline.php(183): Illuminate\\Foundation\\Http\\Middleware\\ConvertEmptyStringsToNull->handle()
#42 /var/www/html/laundryApp/vendor/laravel/framework/src/Illuminate/Foundation/Http/Middleware/TransformsRequest.php(21): Illuminate\\Pipeline\\Pipeline->Illuminate\\Pipeline\\{closure}()
#43 /var/www/html/laundryApp/vendor/laravel/framework/src/Illuminate/Foundation/Http/Middleware/TrimStrings.php(40): Illuminate\\Foundation\\Http\\Middleware\\TransformsRequest->handle()
#44 /var/www/html/laundryApp/vendor/laravel/framework/src/Illuminate/Pipeline/Pipeline.php(183): Illuminate\\Foundation\\Http\\Middleware\\TrimStrings->handle()
#45 /var/www/html/laundryApp/vendor/laravel/framework/src/Illuminate/Foundation/Http/Middleware/ValidatePostSize.php(27): Illuminate\\Pipeline\\Pipeline->Illuminate\\Pipeline\\{closure}()
#46 /var/www/html/laundryApp/vendor/laravel/framework/src/Illuminate/Pipeline/Pipeline.php(183): Illuminate\\Foundation\\Http\\Middleware\\ValidatePostSize->handle()
#47 /var/www/html/laundryApp/vendor/laravel/framework/src/Illuminate/Foundation/Http/Middleware/PreventRequestsDuringMaintenance.php(99): Illuminate\\Pipeline\\Pipeline->Illuminate\\Pipeline\\{closure}()
#48 /var/www/html/laundryApp/vendor/laravel/framework/src/Illuminate/Pipeline/Pipeline.php(183): Illuminate\\Foundation\\Http\\Middleware\\PreventRequestsDuringMaintenance->handle()
#49 /var/www/html/laundryApp/vendor/laravel/framework/src/Illuminate/Http/Middleware/HandleCors.php(49): Illuminate\\Pipeline\\Pipeline->Illuminate\\Pipeline\\{closure}()
#50 /var/www/html/laundryApp/vendor/laravel/framework/src/Illuminate/Pipeline/Pipeline.php(183): Illuminate\\Http\\Middleware\\HandleCors->handle()
#51 /var/www/html/laundryApp/vendor/laravel/framework/src/Illuminate/Http/Middleware/TrustProxies.php(39): Illuminate\\Pipeline\\Pipeline->Illuminate\\Pipeline\\{closure}()
#52 /var/www/html/laundryApp/vendor/laravel/framework/src/Illuminate/Pipeline/Pipeline.php(183): Illuminate\\Http\\Middleware\\TrustProxies->handle()
#53 /var/www/html/laundryApp/vendor/laravel/framework/src/Illuminate/Pipeline/Pipeline.php(119): Illuminate\\Pipeline\\Pipeline->Illuminate\\Pipeline\\{closure}()
#54 /var/www/html/laundryApp/vendor/laravel/framework/src/Illuminate/Foundation/Http/Kernel.php(175): Illuminate\\Pipeline\\Pipeline->then()
#55 /var/www/html/laundryApp/vendor/laravel/framework/src/Illuminate/Foundation/Http/Kernel.php(144): Illuminate\\Foundation\\Http\\Kernel->sendRequestThroughRouter()
#56 /var/www/html/laundryApp/public/index.php(51): Illuminate\\Foundation\\Http\\Kernel->handle()
#57 /var/www/html/laundryApp/vendor/laravel/framework/src/Illuminate/Foundation/resources/server.php(16): require_once('...')
#58 {main}

[previous exception] [object] (ErrorException(code: 0): Undefined variable $loginuser_location_ids at /var/www/html/laundryApp/storage/framework/views/39d8c71bb286002c68b4a00c9707f339.php:104)
[stacktrace]
#0 /var/www/html/laundryApp/vendor/laravel/framework/src/Illuminate/Foundation/Bootstrap/HandleExceptions.php(255): Illuminate\\Foundation\\Bootstrap\\HandleExceptions->handleError()
#1 /var/www/html/laundryApp/storage/framework/views/39d8c71bb286002c68b4a00c9707f339.php(104): Illuminate\\Foundation\\Bootstrap\\HandleExceptions->Illuminate\\Foundation\\Bootstrap\\{closure}()
#2 /var/www/html/laundryApp/vendor/laravel/framework/src/Illuminate/Filesystem/Filesystem.php(123): require('...')
#3 /var/www/html/laundryApp/vendor/laravel/framework/src/Illuminate/Filesystem/Filesystem.php(124): Illuminate\\Filesystem\\Filesystem::Illuminate\\Filesystem\\{closure}()
#4 /var/www/html/laundryApp/vendor/laravel/framework/src/Illuminate/View/Engines/PhpEngine.php(58): Illuminate\\Filesystem\\Filesystem->getRequire()
#5 /var/www/html/laundryApp/vendor/laravel/framework/src/Illuminate/View/Engines/CompilerEngine.php(72): Illuminate\\View\\Engines\\PhpEngine->evaluatePath()
#6 /var/www/html/laundryApp/vendor/laravel/framework/src/Illuminate/View/View.php(207): Illuminate\\View\\Engines\\CompilerEngine->get()
#7 /var/www/html/laundryApp/vendor/laravel/framework/src/Illuminate/View/View.php(190): Illuminate\\View\\View->getContents()
#8 /var/www/html/laundryApp/vendor/laravel/framework/src/Illuminate/View/View.php(159): Illuminate\\View\\View->renderContents()
#9 /var/www/html/laundryApp/vendor/laravel/framework/src/Illuminate/Http/Response.php(69): Illuminate\\View\\View->render()
#10 /var/www/html/laundryApp/vendor/laravel/framework/src/Illuminate/Http/Response.php(35): Illuminate\\Http\\Response->setContent()
#11 /var/www/html/laundryApp/vendor/laravel/framework/src/Illuminate/Routing/Router.php(918): Illuminate\\Http\\Response->__construct()
#12 /var/www/html/laundryApp/vendor/laravel/framework/src/Illuminate/Routing/Router.php(885): Illuminate\\Routing\\Router::toResponse()
#13 /var/www/html/laundryApp/vendor/laravel/framework/src/Illuminate/Routing/Router.php(805): Illuminate\\Routing\\Router->prepareResponse()
#14 /var/www/html/laundryApp/vendor/laravel/framework/src/Illuminate/Pipeline/Pipeline.php(144): Illuminate\\Routing\\Router->Illuminate\\Routing\\{closure}()
#15 /var/www/html/laundryApp/app/Http/Middleware/CheckPermission.php(19): Illuminate\\Pipeline\\Pipeline->Illuminate\\Pipeline\\{closure}()
#16 /var/www/html/laundryApp/vendor/laravel/framework/src/Illuminate/Pipeline/Pipeline.php(183): App\\Http\\Middleware\\CheckPermission->handle()
#17 /var/www/html/laundryApp/app/Http/Middleware/PreventBackHistory.php(17): Illuminate\\Pipeline\\Pipeline->Illuminate\\Pipeline\\{closure}()
#18 /var/www/html/laundryApp/vendor/laravel/framework/src/Illuminate/Pipeline/Pipeline.php(183): App\\Http\\Middleware\\PreventBackHistory->handle()
#19 /var/www/html/laundryApp/vendor/laravel/framework/src/Illuminate/Routing/Middleware/SubstituteBindings.php(50): Illuminate\\Pipeline\\Pipeline->Illuminate\\Pipeline\\{closure}()
#20 /var/www/html/laundryApp/vendor/laravel/framework/src/Illuminate/Pipeline/Pipeline.php(183): Illuminate\\Routing\\Middleware\\SubstituteBindings->handle()
#21 /var/www/html/laundryApp/vendor/laravel/framework/src/Illuminate/Auth/Middleware/Authenticate.php(57): Illuminate\\Pipeline\\Pipeline->Illuminate\\Pipeline\\{closure}()
#22 /var/www/html/laundryApp/vendor/laravel/framework/src/Illuminate/Pipeline/Pipeline.php(183): Illuminate\\Auth\\Middleware\\Authenticate->handle()
#23 /var/www/html/laundryApp/vendor/laravel/framework/src/Illuminate/Foundation/Http/Middleware/VerifyCsrfToken.php(78): Illuminate\\Pipeline\\Pipeline->Illuminate\\Pipeline\\{closure}()
#24 /var/www/html/laundryApp/vendor/laravel/framework/src/Illuminate/Pipeline/Pipeline.php(183): Illuminate\\Foundation\\Http\\Middleware\\VerifyCsrfToken->handle()
#25 /var/www/html/laundryApp/vendor/laravel/framework/src/Illuminate/View/Middleware/ShareErrorsFromSession.php(49): Illuminate\\Pipeline\\Pipeline->Illuminate\\Pipeline\\{closure}()
#26 /var/www/html/laundryApp/vendor/laravel/framework/src/Illuminate/Pipeline/Pipeline.php(183): Illuminate\\View\\Middleware\\ShareErrorsFromSession->handle()
#27 /var/www/html/laundryApp/vendor/laravel/framework/src/Illuminate/Session/Middleware/StartSession.php(121): Illuminate\\Pipeline\\Pipeline->Illuminate\\Pipeline\\{closure}()
#28 /var/www/html/laundryApp/vendor/laravel/framework/src/Illuminate/Session/Middleware/StartSession.php(64): Illuminate\\Session\\Middleware\\StartSession->handleStatefulRequest()
#29 /var/www/html/laundryApp/vendor/laravel/framework/src/Illuminate/Pipeline/Pipeline.php(183): Illuminate\\Session\\Middleware\\StartSession->handle()
#30 /var/www/html/laundryApp/vendor/laravel/framework/src/Illuminate/Cookie/Middleware/AddQueuedCookiesToResponse.php(37): Illuminate\\Pipeline\\Pipeline->Illuminate\\Pipeline\\{closure}()
#31 /var/www/html/laundryApp/vendor/laravel/framework/src/Illuminate/Pipeline/Pipeline.php(183): Illuminate\\Cookie\\Middleware\\AddQueuedCookiesToResponse->handle()
#32 /var/www/html/laundryApp/vendor/laravel/framework/src/Illuminate/Cookie/Middleware/EncryptCookies.php(67): Illuminate\\Pipeline\\Pipeline->Illuminate\\Pipeline\\{closure}()
#33 /var/www/html/laundryApp/vendor/laravel/framework/src/Illuminate/Pipeline/Pipeline.php(183): Illuminate\\Cookie\\Middleware\\EncryptCookies->handle()
#34 /var/www/html/laundryApp/vendor/laravel/framework/src/Illuminate/Pipeline/Pipeline.php(119): Illuminate\\Pipeline\\Pipeline->Illuminate\\Pipeline\\{closure}()
#35 /var/www/html/laundryApp/vendor/laravel/framework/src/Illuminate/Routing/Router.php(805): Illuminate\\Pipeline\\Pipeline->then()
#36 /var/www/html/laundryApp/vendor/laravel/framework/src/Illuminate/Routing/Router.php(784): Illuminate\\Routing\\Router->runRouteWithinStack()
#37 /var/www/html/laundryApp/vendor/laravel/framework/src/Illuminate/Routing/Router.php(748): Illuminate\\Routing\\Router->runRoute()
#38 /var/www/html/laundryApp/vendor/laravel/framework/src/Illuminate/Routing/Router.php(737): Illuminate\\Routing\\Router->dispatchToRoute()
#39 /var/www/html/laundryApp/vendor/laravel/framework/src/Illuminate/Foundation/Http/Kernel.php(200): Illuminate\\Routing\\Router->dispatch()
#40 /var/www/html/laundryApp/vendor/laravel/framework/src/Illuminate/Pipeline/Pipeline.php(144): Illuminate\\Foundation\\Http\\Kernel->Illuminate\\Foundation\\Http\\{closure}()
#41 /var/www/html/laundryApp/vendor/laravel/framework/src/Illuminate/Foundation/Http/Middleware/TransformsRequest.php(21): Illuminate\\Pipeline\\Pipeline->Illuminate\\Pipeline\\{closure}()
#42 /var/www/html/laundryApp/vendor/laravel/framework/src/Illuminate/Foundation/Http/Middleware/ConvertEmptyStringsToNull.php(31): Illuminate\\Foundation\\Http\\Middleware\\TransformsRequest->handle()
#43 /var/www/html/laundryApp/vendor/laravel/framework/src/Illuminate/Pipeline/Pipeline.php(183): Illuminate\\Foundation\\Http\\Middleware\\ConvertEmptyStringsToNull->handle()
#44 /var/www/html/laundryApp/vendor/laravel/framework/src/Illuminate/Foundation/Http/Middleware/TransformsRequest.php(21): Illuminate\\Pipeline\\Pipeline->Illuminate\\Pipeline\\{closure}()
#45 /var/www/html/laundryApp/vendor/laravel/framework/src/Illuminate/Foundation/Http/Middleware/TrimStrings.php(40): Illuminate\\Foundation\\Http\\Middleware\\TransformsRequest->handle()
#46 /var/www/html/laundryApp/vendor/laravel/framework/src/Illuminate/Pipeline/Pipeline.php(183): Illuminate\\Foundation\\Http\\Middleware\\TrimStrings->handle()
#47 /var/www/html/laundryApp/vendor/laravel/framework/src/Illuminate/Foundation/Http/Middleware/ValidatePostSize.php(27): Illuminate\\Pipeline\\Pipeline->Illuminate\\Pipeline\\{closure}()
#48 /var/www/html/laundryApp/vendor/laravel/framework/src/Illuminate/Pipeline/Pipeline.php(183): Illuminate\\Foundation\\Http\\Middleware\\ValidatePostSize->handle()
#49 /var/www/html/laundryApp/vendor/laravel/framework/src/Illuminate/Foundation/Http/Middleware/PreventRequestsDuringMaintenance.php(99): Illuminate\\Pipeline\\Pipeline->Illuminate\\Pipeline\\{closure}()
#50 /var/www/html/laundryApp/vendor/laravel/framework/src/Illuminate/Pipeline/Pipeline.php(183): Illuminate\\Foundation\\Http\\Middleware\\PreventRequestsDuringMaintenance->handle()
#51 /var/www/html/laundryApp/vendor/laravel/framework/src/Illuminate/Http/Middleware/HandleCors.php(49): Illuminate\\Pipeline\\Pipeline->Illuminate\\Pipeline\\{closure}()
#52 /var/www/html/laundryApp/vendor/laravel/framework/src/Illuminate/Pipeline/Pipeline.php(183): Illuminate\\Http\\Middleware\\HandleCors->handle()
#53 /var/www/html/laundryApp/vendor/laravel/framework/src/Illuminate/Http/Middleware/TrustProxies.php(39): Illuminate\\Pipeline\\Pipeline->Illuminate\\Pipeline\\{closure}()
#54 /var/www/html/laundryApp/vendor/laravel/framework/src/Illuminate/Pipeline/Pipeline.php(183): Illuminate\\Http\\Middleware\\TrustProxies->handle()
#55 /var/www/html/laundryApp/vendor/laravel/framework/src/Illuminate/Pipeline/Pipeline.php(119): Illuminate\\Pipeline\\Pipeline->Illuminate\\Pipeline\\{closure}()
#56 /var/www/html/laundryApp/vendor/laravel/framework/src/Illuminate/Foundation/Http/Kernel.php(175): Illuminate\\Pipeline\\Pipeline->then()
#57 /var/www/html/laundryApp/vendor/laravel/framework/src/Illuminate/Foundation/Http/Kernel.php(144): Illuminate\\Foundation\\Http\\Kernel->sendRequestThroughRouter()
#58 /var/www/html/laundryApp/public/index.php(51): Illuminate\\Foundation\\Http\\Kernel->handle()
#59 /var/www/html/laundryApp/vendor/laravel/framework/src/Illuminate/Foundation/resources/server.php(16): require_once('...')
#60 {main}
"} 
[2025-12-11 13:54:19] local.ERROR: Product save error: SQLSTATE[HY000]: General error: 1364 Field 'location_id' doesn't have a default value (Connection: mysql, SQL: insert into `products` (`product_name`, `sku`, `description`, `status`, `updated_at`, `created_at`) values (Test 2324, 55555555, Maggi, 1, 2025-12-11 13:54:19, 2025-12-11 13:54:19))  
[2025-12-11 13:54:26] local.ERROR: Product save error: SQLSTATE[HY000]: General error: 1364 Field 'location_id' doesn't have a default value (Connection: mysql, SQL: insert into `products` (`product_name`, `sku`, `description`, `status`, `updated_at`, `created_at`) values (Test 2324, 55555555, Maggi, 1, 2025-12-11 13:54:26, 2025-12-11 13:54:26))  
[2025-12-11 14:44:45] local.INFO: User login attempt {"license_key":"D5EE-T629K9-1C22-4A66-44F8","username":"admin"} 
[2025-12-11 14:44:45] local.INFO: User login response data {"user_id":51,"data":{"user":{"name":"Bangalore admin","email":"admin@gmail.com","user_code":"USR-ADKU1CW","location_id":3,"location_name":"Electronic City","working_stages":[],"role":{"App\\Models\\user_management\\Role":{"role_id":13,"role_name":"Palnt Admin","role_code":"ROL-ADIN9A3"}},"api_key":"XDdZMI4IrtC0Wc4XsJI5vzjLrVdrY2U4en3me1ckxhKZDGgnge2VUVbeTHJO"},"permissions":{"users":["create.users","view.users","edit.users","delete.users"],"dashboard":["view.dashboard_admin"],"config_settings":["create.config_settings","view.config_settings","edit.config_settings","delete.config_settings"],"products":["view.products","create.products","edit.products","delete.products"],"reports":["view.reports"],"locations":["locations.view","locations.edit"],"inventory":["view.inventory","create.inventory","edit.inventory","delete.inventory","write.inventory","lock.inventory"]},"token":"803|GVar1py7RMoCU7UNDAG4CL8fulUikxl7dEkK3jvw8deb0490"}} 
[2025-12-11 14:44:45] local.INFO: User login successful {"user_id":51,"license_key":"D5EE-T629K9-1C22-4A66-44F8"} 
[2025-12-11 14:44:47] local.INFO: --- CHECK UPDATE CALLED --- {"incoming_request":{"current_version_code":1,"device_id":"d5ee7f87f3ada95d"}} 
[2025-12-11 14:44:47] local.INFO: Validated request {"device_id":"d5ee7f87f3ada95d","current_version_code":1} 
[2025-12-11 14:44:47] local.INFO: Device found {"device_id":"d5ee7f87f3ada95d","registered_version_code":1,"is_update_required_flag":0} 
[2025-12-11 14:44:47] local.INFO: Device is up to date {"device_id":"d5ee7f87f3ada95d","current_version":1} 
[2025-12-11 14:45:35] local.INFO: getProducts: {"limit":20,"page":1,"search":"ta","status":"all"}  
[2025-12-11 14:45:35] local.INFO: Products fetched response []  
[2025-12-11 14:45:37] local.INFO: getProducts: {"limit":20,"page":1,"search":null,"status":"all"}  
[2025-12-11 14:45:37] local.INFO: Products fetched response [{"id":2,"product_name":"Badsheet","product_code":"SKU-BED-01","category":"Badsheet","price":0,"expected_life_cycles":1000,"quantity":0,"last_activity":{"trans_type":null,"inward":0,"outward":0,"opening_stock":0,"closing_stock":0,"at":null}},{"id":3,"product_name":"Pillow Cover","product_code":"SKU-BED-02","category":"Pillow Cover","price":0,"expected_life_cycles":1000,"quantity":0,"last_activity":{"trans_type":null,"inward":0,"outward":0,"opening_stock":0,"closing_stock":0,"at":null}},{"id":4,"product_name":"Towel","product_code":"SKU-BED-03","category":"Towel","price":0,"expected_life_cycles":1000,"quantity":0,"last_activity":{"trans_type":null,"inward":0,"outward":0,"opening_stock":0,"closing_stock":0,"at":null}},{"id":5,"product_name":"Blanket","product_code":"SKU-BED-04","category":"Blanket","price":0,"expected_life_cycles":1000,"quantity":3,"last_activity":{"trans_type":"status_dirty_in","inward":1,"outward":0,"opening_stock":5,"closing_stock":6,"at":"2025-12-10 18:01:20"}},{"id":6,"product_name":"Patient Gown","product_code":"SKU-BED-05","category":"Patient Gown","price":0,"expected_life_cycles":1000,"quantity":0,"last_activity":{"trans_type":null,"inward":0,"outward":0,"opening_stock":0,"closing_stock":0,"at":null}},{"id":1,"product_name":"Badsheet2","product_code":"343453S","category":"Badsheet2","price":0,"expected_life_cycles":1000,"quantity":0,"last_activity":{"trans_type":null,"inward":0,"outward":0,"opening_stock":0,"closing_stock":0,"at":null}}]  
[2025-12-11 14:45:38] local.INFO: getProducts: {"limit":20,"page":1,"search":"ba","status":"all"}  
[2025-12-11 14:45:38] local.INFO: Products fetched response [{"id":2,"product_name":"Badsheet","product_code":"SKU-BED-01","category":"Badsheet","price":0,"expected_life_cycles":1000,"quantity":0,"last_activity":{"trans_type":null,"inward":0,"outward":0,"opening_stock":0,"closing_stock":0,"at":null}},{"id":1,"product_name":"Badsheet2","product_code":"343453S","category":"Badsheet2","price":0,"expected_life_cycles":1000,"quantity":0,"last_activity":{"trans_type":null,"inward":0,"outward":0,"opening_stock":0,"closing_stock":0,"at":null}}]  
[2025-12-11 14:45:40] local.INFO: getProducts: {"limit":20,"page":1,"search":"Badsheet | SKU-BED-01","status":"all"}  
[2025-12-11 14:45:40] local.INFO: Products fetched response []  
[2025-12-11 14:49:07] local.INFO: Fetching tag details for EPC: E2806A960000502D20A3BC7B  
[2025-12-11 14:49:07] local.INFO: tagDetailsByEpc response: {"success":true,"message":"Tag details loaded","inventory":{"id":17,"epc_code":"E2806A960000502D20A3BC7B","tag_code":null,"product_id":5,"location_id":3,"status":"dirty","status_text":"Inactive","last_scanned_at":"2025-12-10T07:01:19.000000Z","mapped_at":"2025-12-10T11:23:38.000000Z","product_name":"Blanket","product_code":"","category":"Blanket","sku":"SKU-BED-04"}}  
[2025-12-11 14:50:13] local.INFO: getProducts: {"limit":20,"page":1,"search":null,"status":"all"}  
[2025-12-11 14:50:13] local.INFO: Products fetched response [{"id":2,"product_name":"Badsheet","product_code":"SKU-BED-01","category":"Badsheet","price":0,"expected_life_cycles":1000,"quantity":0,"last_activity":{"trans_type":null,"inward":0,"outward":0,"opening_stock":0,"closing_stock":0,"at":null}},{"id":3,"product_name":"Pillow Cover","product_code":"SKU-BED-02","category":"Pillow Cover","price":0,"expected_life_cycles":1000,"quantity":0,"last_activity":{"trans_type":null,"inward":0,"outward":0,"opening_stock":0,"closing_stock":0,"at":null}},{"id":4,"product_name":"Towel","product_code":"SKU-BED-03","category":"Towel","price":0,"expected_life_cycles":1000,"quantity":0,"last_activity":{"trans_type":null,"inward":0,"outward":0,"opening_stock":0,"closing_stock":0,"at":null}},{"id":5,"product_name":"Blanket","product_code":"SKU-BED-04","category":"Blanket","price":0,"expected_life_cycles":1000,"quantity":3,"last_activity":{"trans_type":"status_dirty_in","inward":1,"outward":0,"opening_stock":5,"closing_stock":6,"at":"2025-12-10 18:01:20"}},{"id":6,"product_name":"Patient Gown","product_code":"SKU-BED-05","category":"Patient Gown","price":0,"expected_life_cycles":1000,"quantity":0,"last_activity":{"trans_type":null,"inward":0,"outward":0,"opening_stock":0,"closing_stock":0,"at":null}},{"id":1,"product_name":"Badsheet2","product_code":"343453S","category":"Badsheet2","price":0,"expected_life_cycles":1000,"quantity":0,"last_activity":{"trans_type":null,"inward":0,"outward":0,"opening_stock":0,"closing_stock":0,"at":null}}]  
[2025-12-11 14:58:23] local.INFO: User login attempt {"license_key":"D5EE-T629K9-1C22-4A66-44F8","username":"admin"} 
[2025-12-11 14:58:23] local.INFO: User login response data {"user_id":51,"data":{"user":{"name":"Bangalore admin","email":"admin@gmail.com","user_code":"USR-ADKU1CW","location_id":3,"location_name":"Electronic City","working_stages":[],"role":{"App\\Models\\user_management\\Role":{"role_id":13,"role_name":"Palnt Admin","role_code":"ROL-ADIN9A3"}},"api_key":"XDdZMI4IrtC0Wc4XsJI5vzjLrVdrY2U4en3me1ckxhKZDGgnge2VUVbeTHJO"},"permissions":{"users":["create.users","view.users","edit.users","delete.users"],"dashboard":["view.dashboard_admin"],"config_settings":["create.config_settings","view.config_settings","edit.config_settings","delete.config_settings"],"products":["view.products","create.products","edit.products","delete.products"],"reports":["view.reports"],"locations":["locations.view","locations.edit"],"inventory":["view.inventory","create.inventory","edit.inventory","delete.inventory","write.inventory","lock.inventory"]},"token":"804|TOyNLub6WrJCV6wEaAetzj43NvowwnIFjJsBwomW64d803a3"}} 
[2025-12-11 14:58:23] local.INFO: User login successful {"user_id":51,"license_key":"D5EE-T629K9-1C22-4A66-44F8"} 
[2025-12-11 14:58:25] local.INFO: --- CHECK UPDATE CALLED --- {"incoming_request":{"current_version_code":1,"device_id":"d5ee7f87f3ada95d"}} 
[2025-12-11 14:58:25] local.INFO: Validated request {"device_id":"d5ee7f87f3ada95d","current_version_code":1} 
[2025-12-11 14:58:25] local.INFO: Device found {"device_id":"d5ee7f87f3ada95d","registered_version_code":1,"is_update_required_flag":0} 
[2025-12-11 14:58:25] local.INFO: Device is up to date {"device_id":"d5ee7f87f3ada95d","current_version":1} 
[2025-12-11 14:59:41] local.INFO: --- CHECK UPDATE CALLED --- {"incoming_request":{"current_version_code":1,"device_id":"d5ee7f87f3ada95d"}} 
[2025-12-11 14:59:41] local.INFO: Validated request {"device_id":"d5ee7f87f3ada95d","current_version_code":1} 
[2025-12-11 14:59:41] local.INFO: Device found {"device_id":"d5ee7f87f3ada95d","registered_version_code":1,"is_update_required_flag":0} 
[2025-12-11 14:59:41] local.INFO: Device is up to date {"device_id":"d5ee7f87f3ada95d","current_version":1} 
[2025-12-11 14:59:45] local.INFO: User login attempt {"license_key":"D5EE-T629K9-1C22-4A66-44F8","username":"admin"} 
[2025-12-11 14:59:45] local.INFO: User login response data {"user_id":51,"data":{"user":{"name":"Bangalore admin","email":"admin@gmail.com","user_code":"USR-ADKU1CW","location_id":3,"location_name":"Electronic City","working_stages":[],"role":{"App\\Models\\user_management\\Role":{"role_id":13,"role_name":"Palnt Admin","role_code":"ROL-ADIN9A3"}},"api_key":"XDdZMI4IrtC0Wc4XsJI5vzjLrVdrY2U4en3me1ckxhKZDGgnge2VUVbeTHJO"},"permissions":{"users":["create.users","view.users","edit.users","delete.users"],"dashboard":["view.dashboard_admin"],"config_settings":["create.config_settings","view.config_settings","edit.config_settings","delete.config_settings"],"products":["view.products","create.products","edit.products","delete.products"],"reports":["view.reports"],"locations":["locations.view","locations.edit"],"inventory":["view.inventory","create.inventory","edit.inventory","delete.inventory","write.inventory","lock.inventory"]},"token":"805|kj5m6YZ4Pay2B8BWYuiaU1QRCBAU48LMedRNTARj2e6db3f4"}} 
[2025-12-11 14:59:45] local.INFO: User login successful {"user_id":51,"license_key":"D5EE-T629K9-1C22-4A66-44F8"} 
[2025-12-11 14:59:49] local.INFO: --- CHECK UPDATE CALLED --- {"incoming_request":{"current_version_code":1,"device_id":"d5ee7f87f3ada95d"}} 
[2025-12-11 14:59:49] local.INFO: Validated request {"device_id":"d5ee7f87f3ada95d","current_version_code":1} 
[2025-12-11 14:59:49] local.INFO: Device found {"device_id":"d5ee7f87f3ada95d","registered_version_code":1,"is_update_required_flag":0} 
[2025-12-11 14:59:49] local.INFO: Device is up to date {"device_id":"d5ee7f87f3ada95d","current_version":1} 
[2025-12-11 14:59:53] local.INFO: User login attempt {"license_key":"D5EE-T629K9-1C22-4A66-44F8","username":"admin"} 
[2025-12-11 14:59:53] local.INFO: User login response data {"user_id":51,"data":{"user":{"name":"Bangalore admin","email":"admin@gmail.com","user_code":"USR-ADKU1CW","location_id":3,"location_name":"Electronic City","working_stages":[],"role":{"App\\Models\\user_management\\Role":{"role_id":13,"role_name":"Palnt Admin","role_code":"ROL-ADIN9A3"}},"api_key":"XDdZMI4IrtC0Wc4XsJI5vzjLrVdrY2U4en3me1ckxhKZDGgnge2VUVbeTHJO"},"permissions":{"users":["create.users","view.users","edit.users","delete.users"],"dashboard":["view.dashboard_admin"],"config_settings":["create.config_settings","view.config_settings","edit.config_settings","delete.config_settings"],"products":["view.products","create.products","edit.products","delete.products"],"reports":["view.reports"],"locations":["locations.view","locations.edit"],"inventory":["view.inventory","create.inventory","edit.inventory","delete.inventory","write.inventory","lock.inventory"]},"token":"806|Fo5CuLnbyw2Q44cyQlYe51Ee2vfdeVfNBEUqneFhd2468fb3"}} 
[2025-12-11 14:59:53] local.INFO: User login successful {"user_id":51,"license_key":"D5EE-T629K9-1C22-4A66-44F8"} 
[2025-12-11 14:59:55] local.INFO: --- CHECK UPDATE CALLED --- {"incoming_request":{"current_version_code":1,"device_id":"d5ee7f87f3ada95d"}} 
[2025-12-11 14:59:55] local.INFO: Validated request {"device_id":"d5ee7f87f3ada95d","current_version_code":1} 
[2025-12-11 14:59:55] local.INFO: Device found {"device_id":"d5ee7f87f3ada95d","registered_version_code":1,"is_update_required_flag":0} 
[2025-12-11 14:59:55] local.INFO: Device is up to date {"device_id":"d5ee7f87f3ada95d","current_version":1} 
[2025-12-11 15:00:12] local.INFO: getProducts: {"limit":20,"page":1,"search":null,"status":"all"}  
[2025-12-11 15:00:12] local.INFO: Products fetched response [{"id":2,"product_name":"Badsheet","product_code":"SKU-BED-01","category":"Badsheet","price":0,"expected_life_cycles":1000,"quantity":0,"last_activity":{"trans_type":null,"inward":0,"outward":0,"opening_stock":0,"closing_stock":0,"at":null}},{"id":3,"product_name":"Pillow Cover","product_code":"SKU-BED-02","category":"Pillow Cover","price":0,"expected_life_cycles":1000,"quantity":0,"last_activity":{"trans_type":null,"inward":0,"outward":0,"opening_stock":0,"closing_stock":0,"at":null}},{"id":4,"product_name":"Towel","product_code":"SKU-BED-03","category":"Towel","price":0,"expected_life_cycles":1000,"quantity":0,"last_activity":{"trans_type":null,"inward":0,"outward":0,"opening_stock":0,"closing_stock":0,"at":null}},{"id":5,"product_name":"Blanket","product_code":"SKU-BED-04","category":"Blanket","price":0,"expected_life_cycles":1000,"quantity":3,"last_activity":{"trans_type":"status_dirty_in","inward":1,"outward":0,"opening_stock":5,"closing_stock":6,"at":"2025-12-10 18:01:20"}},{"id":6,"product_name":"Patient Gown","product_code":"SKU-BED-05","category":"Patient Gown","price":0,"expected_life_cycles":1000,"quantity":0,"last_activity":{"trans_type":null,"inward":0,"outward":0,"opening_stock":0,"closing_stock":0,"at":null}},{"id":1,"product_name":"Badsheet2","product_code":"343453S","category":"Badsheet2","price":0,"expected_life_cycles":1000,"quantity":0,"last_activity":{"trans_type":null,"inward":0,"outward":0,"opening_stock":0,"closing_stock":0,"at":null}}]  
[2025-12-11 15:04:35] local.INFO: --- CHECK UPDATE CALLED --- {"incoming_request":{"current_version_code":1,"device_id":"d5ee7f87f3ada95d"}} 
[2025-12-11 15:04:35] local.INFO: Validated request {"device_id":"d5ee7f87f3ada95d","current_version_code":1} 
[2025-12-11 15:04:35] local.INFO: Device found {"device_id":"d5ee7f87f3ada95d","registered_version_code":1,"is_update_required_flag":0} 
[2025-12-11 15:04:35] local.INFO: Device is up to date {"device_id":"d5ee7f87f3ada95d","current_version":1} 
[2025-12-11 15:04:40] local.INFO: User login attempt {"license_key":"D5EE-T629K9-1C22-4A66-44F8","username":"admin"} 
[2025-12-11 15:04:40] local.INFO: User login response data {"user_id":51,"data":{"user":{"name":"Bangalore admin","email":"admin@gmail.com","user_code":"USR-ADKU1CW","location_id":3,"location_name":"Electronic City","working_stages":[],"role":{"App\\Models\\user_management\\Role":{"role_id":13,"role_name":"Palnt Admin","role_code":"ROL-ADIN9A3"}},"api_key":"XDdZMI4IrtC0Wc4XsJI5vzjLrVdrY2U4en3me1ckxhKZDGgnge2VUVbeTHJO"},"permissions":{"users":["create.users","view.users","edit.users","delete.users"],"dashboard":["view.dashboard_admin"],"config_settings":["create.config_settings","view.config_settings","edit.config_settings","delete.config_settings"],"products":["view.products","create.products","edit.products","delete.products"],"reports":["view.reports"],"locations":["locations.view","locations.edit"],"inventory":["view.inventory","create.inventory","edit.inventory","delete.inventory","write.inventory","lock.inventory"]},"token":"807|9IVDlysfmYA6YZJXjxHbTyzzsV2AbRBUkK5yFsVq6e6c05c2"}} 
[2025-12-11 15:04:40] local.INFO: User login successful {"user_id":51,"license_key":"D5EE-T629K9-1C22-4A66-44F8"} 
[2025-12-11 15:04:42] local.INFO: --- CHECK UPDATE CALLED --- {"incoming_request":{"current_version_code":1,"device_id":"d5ee7f87f3ada95d"}} 
[2025-12-11 15:04:42] local.INFO: Validated request {"device_id":"d5ee7f87f3ada95d","current_version_code":1} 
[2025-12-11 15:04:42] local.INFO: Device found {"device_id":"d5ee7f87f3ada95d","registered_version_code":1,"is_update_required_flag":0} 
[2025-12-11 15:04:42] local.INFO: Device is up to date {"device_id":"d5ee7f87f3ada95d","current_version":1} 
[2025-12-11 15:04:47] local.INFO: getProducts: {"limit":20,"page":1,"search":null,"status":"all"}  
[2025-12-11 15:04:47] local.INFO: Products fetched response [{"id":2,"product_name":"Badsheet","product_code":"SKU-BED-01","category":"Badsheet","price":0,"expected_life_cycles":1000,"quantity":0,"last_activity":{"trans_type":null,"inward":0,"outward":0,"opening_stock":0,"closing_stock":0,"at":null}},{"id":3,"product_name":"Pillow Cover","product_code":"SKU-BED-02","category":"Pillow Cover","price":0,"expected_life_cycles":1000,"quantity":0,"last_activity":{"trans_type":null,"inward":0,"outward":0,"opening_stock":0,"closing_stock":0,"at":null}},{"id":4,"product_name":"Towel","product_code":"SKU-BED-03","category":"Towel","price":0,"expected_life_cycles":1000,"quantity":0,"last_activity":{"trans_type":null,"inward":0,"outward":0,"opening_stock":0,"closing_stock":0,"at":null}},{"id":5,"product_name":"Blanket","product_code":"SKU-BED-04","category":"Blanket","price":0,"expected_life_cycles":1000,"quantity":3,"last_activity":{"trans_type":"status_dirty_in","inward":1,"outward":0,"opening_stock":5,"closing_stock":6,"at":"2025-12-10 18:01:20"}},{"id":6,"product_name":"Patient Gown","product_code":"SKU-BED-05","category":"Patient Gown","price":0,"expected_life_cycles":1000,"quantity":0,"last_activity":{"trans_type":null,"inward":0,"outward":0,"opening_stock":0,"closing_stock":0,"at":null}},{"id":1,"product_name":"Badsheet2","product_code":"343453S","category":"Badsheet2","price":0,"expected_life_cycles":1000,"quantity":0,"last_activity":{"trans_type":null,"inward":0,"outward":0,"opening_stock":0,"closing_stock":0,"at":null}}]  
[2025-12-11 15:10:07] local.INFO: --- CHECK UPDATE CALLED --- {"incoming_request":{"current_version_code":1,"device_id":"d5ee7f87f3ada95d"}} 
[2025-12-11 15:10:07] local.INFO: Validated request {"device_id":"d5ee7f87f3ada95d","current_version_code":1} 
[2025-12-11 15:10:07] local.INFO: Device found {"device_id":"d5ee7f87f3ada95d","registered_version_code":1,"is_update_required_flag":0} 
[2025-12-11 15:10:07] local.INFO: Device is up to date {"device_id":"d5ee7f87f3ada95d","current_version":1} 
[2025-12-11 15:10:11] local.INFO: User login attempt {"license_key":"D5EE-T629K9-1C22-4A66-44F8","username":"admin"} 
[2025-12-11 15:10:12] local.INFO: User login response data {"user_id":51,"data":{"user":{"name":"Bangalore admin","email":"admin@gmail.com","user_code":"USR-ADKU1CW","location_id":3,"location_name":"Electronic City","working_stages":[],"role":{"App\\Models\\user_management\\Role":{"role_id":13,"role_name":"Palnt Admin","role_code":"ROL-ADIN9A3"}},"api_key":"XDdZMI4IrtC0Wc4XsJI5vzjLrVdrY2U4en3me1ckxhKZDGgnge2VUVbeTHJO"},"permissions":{"users":["create.users","view.users","edit.users","delete.users"],"dashboard":["view.dashboard_admin"],"config_settings":["create.config_settings","view.config_settings","edit.config_settings","delete.config_settings"],"products":["view.products","create.products","edit.products","delete.products"],"reports":["view.reports"],"locations":["locations.view","locations.edit"],"inventory":["view.inventory","create.inventory","edit.inventory","delete.inventory","write.inventory","lock.inventory"]},"token":"808|NkOfCJFbuhYzexwJ6OoFIhbYDDGkuzwJ5cpUBvdL91871ec6"}} 
[2025-12-11 15:10:12] local.INFO: User login successful {"user_id":51,"license_key":"D5EE-T629K9-1C22-4A66-44F8"} 
[2025-12-11 15:10:14] local.INFO: --- CHECK UPDATE CALLED --- {"incoming_request":{"current_version_code":1,"device_id":"d5ee7f87f3ada95d"}} 
[2025-12-11 15:10:14] local.INFO: Validated request {"device_id":"d5ee7f87f3ada95d","current_version_code":1} 
[2025-12-11 15:10:14] local.INFO: Device found {"device_id":"d5ee7f87f3ada95d","registered_version_code":1,"is_update_required_flag":0} 
[2025-12-11 15:10:14] local.INFO: Device is up to date {"device_id":"d5ee7f87f3ada95d","current_version":1} 
[2025-12-11 15:10:18] local.INFO: getProducts: {"limit":20,"page":1,"search":null,"status":"all"}  
[2025-12-11 15:10:18] local.INFO: Products fetched response [{"id":2,"product_name":"Badsheet","product_code":"SKU-BED-01","category":"Badsheet","price":0,"expected_life_cycles":1000,"quantity":0,"last_activity":{"trans_type":null,"inward":0,"outward":0,"opening_stock":0,"closing_stock":0,"at":null}},{"id":3,"product_name":"Pillow Cover","product_code":"SKU-BED-02","category":"Pillow Cover","price":0,"expected_life_cycles":1000,"quantity":0,"last_activity":{"trans_type":null,"inward":0,"outward":0,"opening_stock":0,"closing_stock":0,"at":null}},{"id":4,"product_name":"Towel","product_code":"SKU-BED-03","category":"Towel","price":0,"expected_life_cycles":1000,"quantity":0,"last_activity":{"trans_type":null,"inward":0,"outward":0,"opening_stock":0,"closing_stock":0,"at":null}},{"id":5,"product_name":"Blanket","product_code":"SKU-BED-04","category":"Blanket","price":0,"expected_life_cycles":1000,"quantity":3,"last_activity":{"trans_type":"status_dirty_in","inward":1,"outward":0,"opening_stock":5,"closing_stock":6,"at":"2025-12-10 18:01:20"}},{"id":6,"product_name":"Patient Gown","product_code":"SKU-BED-05","category":"Patient Gown","price":0,"expected_life_cycles":1000,"quantity":0,"last_activity":{"trans_type":null,"inward":0,"outward":0,"opening_stock":0,"closing_stock":0,"at":null}},{"id":1,"product_name":"Badsheet2","product_code":"343453S","category":"Badsheet2","price":0,"expected_life_cycles":1000,"quantity":0,"last_activity":{"trans_type":null,"inward":0,"outward":0,"opening_stock":0,"closing_stock":0,"at":null}}]  
[2025-12-11 15:11:36] local.INFO: --- CHECK UPDATE CALLED --- {"incoming_request":{"current_version_code":1,"device_id":"d5ee7f87f3ada95d"}} 
[2025-12-11 15:11:36] local.INFO: Validated request {"device_id":"d5ee7f87f3ada95d","current_version_code":1} 
[2025-12-11 15:11:36] local.INFO: Device found {"device_id":"d5ee7f87f3ada95d","registered_version_code":1,"is_update_required_flag":0} 
[2025-12-11 15:11:36] local.INFO: Device is up to date {"device_id":"d5ee7f87f3ada95d","current_version":1} 
[2025-12-11 15:11:40] local.INFO: User login attempt {"license_key":"D5EE-T629K9-1C22-4A66-44F8","username":"admin"} 
[2025-12-11 15:11:40] local.INFO: User login response data {"user_id":51,"data":{"user":{"name":"Bangalore admin","email":"admin@gmail.com","user_code":"USR-ADKU1CW","location_id":3,"location_name":"Electronic City","working_stages":[],"role":{"App\\Models\\user_management\\Role":{"role_id":13,"role_name":"Palnt Admin","role_code":"ROL-ADIN9A3"}},"api_key":"XDdZMI4IrtC0Wc4XsJI5vzjLrVdrY2U4en3me1ckxhKZDGgnge2VUVbeTHJO"},"permissions":{"users":["create.users","view.users","edit.users","delete.users"],"dashboard":["view.dashboard_admin"],"config_settings":["create.config_settings","view.config_settings","edit.config_settings","delete.config_settings"],"products":["view.products","create.products","edit.products","delete.products"],"reports":["view.reports"],"locations":["locations.view","locations.edit"],"inventory":["view.inventory","create.inventory","edit.inventory","delete.inventory","write.inventory","lock.inventory"]},"token":"809|xi63VvtZIyMWHT0LUUX3ajMGcnqKhoqDuIQowAkf1df1f2b4"}} 
[2025-12-11 15:11:40] local.INFO: User login successful {"user_id":51,"license_key":"D5EE-T629K9-1C22-4A66-44F8"} 
[2025-12-11 15:11:42] local.INFO: User login attempt {"license_key":"D5EE-T629K9-1C22-4A66-44F8","username":"admin"} 
[2025-12-11 15:11:42] local.INFO: User login response data {"user_id":51,"data":{"user":{"name":"Bangalore admin","email":"admin@gmail.com","user_code":"USR-ADKU1CW","location_id":3,"location_name":"Electronic City","working_stages":[],"role":{"App\\Models\\user_management\\Role":{"role_id":13,"role_name":"Palnt Admin","role_code":"ROL-ADIN9A3"}},"api_key":"XDdZMI4IrtC0Wc4XsJI5vzjLrVdrY2U4en3me1ckxhKZDGgnge2VUVbeTHJO"},"permissions":{"users":["create.users","view.users","edit.users","delete.users"],"dashboard":["view.dashboard_admin"],"config_settings":["create.config_settings","view.config_settings","edit.config_settings","delete.config_settings"],"products":["view.products","create.products","edit.products","delete.products"],"reports":["view.reports"],"locations":["locations.view","locations.edit"],"inventory":["view.inventory","create.inventory","edit.inventory","delete.inventory","write.inventory","lock.inventory"]},"token":"810|GKjmUGOYQwXUYFRUuSzNkHIhPA5vgnMAD8bnkoUm0254ec50"}} 
[2025-12-11 15:11:42] local.INFO: User login successful {"user_id":51,"license_key":"D5EE-T629K9-1C22-4A66-44F8"} 
[2025-12-11 15:11:42] local.INFO: --- CHECK UPDATE CALLED --- {"incoming_request":{"current_version_code":1,"device_id":"d5ee7f87f3ada95d"}} 
[2025-12-11 15:11:42] local.INFO: Validated request {"device_id":"d5ee7f87f3ada95d","current_version_code":1} 
[2025-12-11 15:11:42] local.INFO: Device found {"device_id":"d5ee7f87f3ada95d","registered_version_code":1,"is_update_required_flag":0} 
[2025-12-11 15:11:42] local.INFO: Device is up to date {"device_id":"d5ee7f87f3ada95d","current_version":1} 
[2025-12-11 15:11:44] local.INFO: --- CHECK UPDATE CALLED --- {"incoming_request":{"current_version_code":1,"device_id":"d5ee7f87f3ada95d"}} 
[2025-12-11 15:11:44] local.INFO: Validated request {"device_id":"d5ee7f87f3ada95d","current_version_code":1} 
[2025-12-11 15:11:44] local.INFO: Device found {"device_id":"d5ee7f87f3ada95d","registered_version_code":1,"is_update_required_flag":0} 
[2025-12-11 15:11:44] local.INFO: Device is up to date {"device_id":"d5ee7f87f3ada95d","current_version":1} 
[2025-12-11 15:11:47] local.INFO: getProducts: {"limit":20,"page":1,"search":null,"status":"all"}  
[2025-12-11 15:11:47] local.INFO: Products fetched response [{"id":2,"product_name":"Badsheet","product_code":"SKU-BED-01","category":"Badsheet","price":0,"expected_life_cycles":1000,"quantity":0,"last_activity":{"trans_type":null,"inward":0,"outward":0,"opening_stock":0,"closing_stock":0,"at":null}},{"id":3,"product_name":"Pillow Cover","product_code":"SKU-BED-02","category":"Pillow Cover","price":0,"expected_life_cycles":1000,"quantity":0,"last_activity":{"trans_type":null,"inward":0,"outward":0,"opening_stock":0,"closing_stock":0,"at":null}},{"id":4,"product_name":"Towel","product_code":"SKU-BED-03","category":"Towel","price":0,"expected_life_cycles":1000,"quantity":0,"last_activity":{"trans_type":null,"inward":0,"outward":0,"opening_stock":0,"closing_stock":0,"at":null}},{"id":5,"product_name":"Blanket","product_code":"SKU-BED-04","category":"Blanket","price":0,"expected_life_cycles":1000,"quantity":3,"last_activity":{"trans_type":"status_dirty_in","inward":1,"outward":0,"opening_stock":5,"closing_stock":6,"at":"2025-12-10 18:01:20"}},{"id":6,"product_name":"Patient Gown","product_code":"SKU-BED-05","category":"Patient Gown","price":0,"expected_life_cycles":1000,"quantity":0,"last_activity":{"trans_type":null,"inward":0,"outward":0,"opening_stock":0,"closing_stock":0,"at":null}},{"id":1,"product_name":"Badsheet2","product_code":"343453S","category":"Badsheet2","price":0,"expected_life_cycles":1000,"quantity":0,"last_activity":{"trans_type":null,"inward":0,"outward":0,"opening_stock":0,"closing_stock":0,"at":null}}]  
[2025-12-11 15:14:24] local.INFO: --- CHECK UPDATE CALLED --- {"incoming_request":{"current_version_code":1,"device_id":"d5ee7f87f3ada95d"}} 
[2025-12-11 15:14:24] local.INFO: Validated request {"device_id":"d5ee7f87f3ada95d","current_version_code":1} 
[2025-12-11 15:14:24] local.INFO: Device found {"device_id":"d5ee7f87f3ada95d","registered_version_code":1,"is_update_required_flag":0} 
[2025-12-11 15:14:24] local.INFO: Device is up to date {"device_id":"d5ee7f87f3ada95d","current_version":1} 
[2025-12-11 15:14:28] local.INFO: User login attempt {"license_key":"D5EE-T629K9-1C22-4A66-44F8","username":"admin"} 
[2025-12-11 15:14:28] local.INFO: User login response data {"user_id":51,"data":{"user":{"name":"Bangalore admin","email":"admin@gmail.com","user_code":"USR-ADKU1CW","location_id":3,"location_name":"Electronic City","working_stages":[],"role":{"App\\Models\\user_management\\Role":{"role_id":13,"role_name":"Palnt Admin","role_code":"ROL-ADIN9A3"}},"api_key":"XDdZMI4IrtC0Wc4XsJI5vzjLrVdrY2U4en3me1ckxhKZDGgnge2VUVbeTHJO"},"permissions":{"users":["create.users","view.users","edit.users","delete.users"],"dashboard":["view.dashboard_admin"],"config_settings":["create.config_settings","view.config_settings","edit.config_settings","delete.config_settings"],"products":["view.products","create.products","edit.products","delete.products"],"reports":["view.reports"],"locations":["locations.view","locations.edit"],"inventory":["view.inventory","create.inventory","edit.inventory","delete.inventory","write.inventory","lock.inventory"]},"token":"811|OW2zc7UYYKyx7WYTdV8YRrqyHYgHIO54pWp5ChfS854a00b4"}} 
[2025-12-11 15:14:28] local.INFO: User login successful {"user_id":51,"license_key":"D5EE-T629K9-1C22-4A66-44F8"} 
[2025-12-11 15:14:30] local.INFO: --- CHECK UPDATE CALLED --- {"incoming_request":{"current_version_code":1,"device_id":"d5ee7f87f3ada95d"}} 
[2025-12-11 15:14:30] local.INFO: Validated request {"device_id":"d5ee7f87f3ada95d","current_version_code":1} 
[2025-12-11 15:14:30] local.INFO: Device found {"device_id":"d5ee7f87f3ada95d","registered_version_code":1,"is_update_required_flag":0} 
[2025-12-11 15:14:30] local.INFO: Device is up to date {"device_id":"d5ee7f87f3ada95d","current_version":1} 
[2025-12-11 15:14:33] local.INFO: getProducts: {"limit":20,"page":1,"search":null,"status":"all"}  
[2025-12-11 15:14:33] local.INFO: Products fetched response [{"id":2,"product_name":"Badsheet","product_code":"SKU-BED-01","category":"Badsheet","price":0,"expected_life_cycles":1000,"quantity":0,"last_activity":{"trans_type":null,"inward":0,"outward":0,"opening_stock":0,"closing_stock":0,"at":null}},{"id":3,"product_name":"Pillow Cover","product_code":"SKU-BED-02","category":"Pillow Cover","price":0,"expected_life_cycles":1000,"quantity":0,"last_activity":{"trans_type":null,"inward":0,"outward":0,"opening_stock":0,"closing_stock":0,"at":null}},{"id":4,"product_name":"Towel","product_code":"SKU-BED-03","category":"Towel","price":0,"expected_life_cycles":1000,"quantity":0,"last_activity":{"trans_type":null,"inward":0,"outward":0,"opening_stock":0,"closing_stock":0,"at":null}},{"id":5,"product_name":"Blanket","product_code":"SKU-BED-04","category":"Blanket","price":0,"expected_life_cycles":1000,"quantity":3,"last_activity":{"trans_type":"status_dirty_in","inward":1,"outward":0,"opening_stock":5,"closing_stock":6,"at":"2025-12-10 18:01:20"}},{"id":6,"product_name":"Patient Gown","product_code":"SKU-BED-05","category":"Patient Gown","price":0,"expected_life_cycles":1000,"quantity":0,"last_activity":{"trans_type":null,"inward":0,"outward":0,"opening_stock":0,"closing_stock":0,"at":null}},{"id":1,"product_name":"Badsheet2","product_code":"343453S","category":"Badsheet2","price":0,"expected_life_cycles":1000,"quantity":0,"last_activity":{"trans_type":null,"inward":0,"outward":0,"opening_stock":0,"closing_stock":0,"at":null}}]  
[2025-12-11 15:14:38] local.INFO: --- CHECK UPDATE CALLED --- {"incoming_request":{"current_version_code":1,"device_id":"d5ee7f87f3ada95d"}} 
[2025-12-11 15:14:38] local.INFO: Validated request {"device_id":"d5ee7f87f3ada95d","current_version_code":1} 
[2025-12-11 15:14:38] local.INFO: Device found {"device_id":"d5ee7f87f3ada95d","registered_version_code":1,"is_update_required_flag":0} 
[2025-12-11 15:14:38] local.INFO: Device is up to date {"device_id":"d5ee7f87f3ada95d","current_version":1} 
[2025-12-11 15:14:41] local.INFO: getProducts: {"limit":20,"page":1,"search":null,"status":"all"}  
[2025-12-11 15:14:41] local.INFO: Products fetched response [{"id":2,"product_name":"Badsheet","product_code":"SKU-BED-01","category":"Badsheet","price":0,"expected_life_cycles":1000,"quantity":0,"last_activity":{"trans_type":null,"inward":0,"outward":0,"opening_stock":0,"closing_stock":0,"at":null}},{"id":3,"product_name":"Pillow Cover","product_code":"SKU-BED-02","category":"Pillow Cover","price":0,"expected_life_cycles":1000,"quantity":0,"last_activity":{"trans_type":null,"inward":0,"outward":0,"opening_stock":0,"closing_stock":0,"at":null}},{"id":4,"product_name":"Towel","product_code":"SKU-BED-03","category":"Towel","price":0,"expected_life_cycles":1000,"quantity":0,"last_activity":{"trans_type":null,"inward":0,"outward":0,"opening_stock":0,"closing_stock":0,"at":null}},{"id":5,"product_name":"Blanket","product_code":"SKU-BED-04","category":"Blanket","price":0,"expected_life_cycles":1000,"quantity":3,"last_activity":{"trans_type":"status_dirty_in","inward":1,"outward":0,"opening_stock":5,"closing_stock":6,"at":"2025-12-10 18:01:20"}},{"id":6,"product_name":"Patient Gown","product_code":"SKU-BED-05","category":"Patient Gown","price":0,"expected_life_cycles":1000,"quantity":0,"last_activity":{"trans_type":null,"inward":0,"outward":0,"opening_stock":0,"closing_stock":0,"at":null}},{"id":1,"product_name":"Badsheet2","product_code":"343453S","category":"Badsheet2","price":0,"expected_life_cycles":1000,"quantity":0,"last_activity":{"trans_type":null,"inward":0,"outward":0,"opening_stock":0,"closing_stock":0,"at":null}}]  
[2025-12-11 16:06:56] local.INFO: User login attempt {"license_key":"D5EE-T629K9-1C22-4A66-44F8","username":"admin"} 
[2025-12-11 16:06:56] local.INFO: User login response data {"user_id":51,"data":{"user":{"name":"Bangalore admin","email":"admin@gmail.com","user_code":"USR-ADKU1CW","location_id":3,"location_name":"Electronic City","working_stages":[],"role":{"App\\Models\\user_management\\Role":{"role_id":13,"role_name":"Palnt Admin","role_code":"ROL-ADIN9A3"}},"api_key":"XDdZMI4IrtC0Wc4XsJI5vzjLrVdrY2U4en3me1ckxhKZDGgnge2VUVbeTHJO"},"permissions":{"users":["create.users","view.users","edit.users","delete.users"],"dashboard":["view.dashboard_admin"],"config_settings":["create.config_settings","view.config_settings","edit.config_settings","delete.config_settings"],"products":["view.products","create.products","edit.products","delete.products"],"reports":["view.reports"],"locations":["locations.view","locations.edit"],"inventory":["view.inventory","create.inventory","edit.inventory","delete.inventory","write.inventory","lock.inventory"]},"token":"812|fkxJirxBMeXlf7v1mSW6bqNcUNVKlqHCAGovKIrd9d3f7c40"}} 
[2025-12-11 16:06:56] local.INFO: User login successful {"user_id":51,"license_key":"D5EE-T629K9-1C22-4A66-44F8"} 
[2025-12-11 16:06:58] local.INFO: --- CHECK UPDATE CALLED --- {"incoming_request":{"current_version_code":1,"device_id":"d5ee7f87f3ada95d"}} 
[2025-12-11 16:06:58] local.INFO: Validated request {"device_id":"d5ee7f87f3ada95d","current_version_code":1} 
[2025-12-11 16:06:58] local.INFO: Device found {"device_id":"d5ee7f87f3ada95d","registered_version_code":1,"is_update_required_flag":0} 
[2025-12-11 16:06:58] local.INFO: Device is up to date {"device_id":"d5ee7f87f3ada95d","current_version":1} 
[2025-12-11 16:17:01] local.INFO: --- CHECK UPDATE CALLED --- {"incoming_request":{"current_version_code":1,"device_id":"d5ee7f87f3ada95d"}} 
[2025-12-11 16:17:01] local.INFO: Validated request {"device_id":"d5ee7f87f3ada95d","current_version_code":1} 
[2025-12-11 16:17:01] local.INFO: Device found {"device_id":"d5ee7f87f3ada95d","registered_version_code":1,"is_update_required_flag":0} 
[2025-12-11 16:17:01] local.INFO: Device is up to date {"device_id":"d5ee7f87f3ada95d","current_version":1} 
[2025-12-11 16:17:05] local.INFO: User login attempt {"license_key":"D5EE-T629K9-1C22-4A66-44F8","username":"admin"} 
[2025-12-11 16:17:05] local.INFO: User login response data {"user_id":51,"data":{"user":{"name":"Bangalore admin","email":"admin@gmail.com","user_code":"USR-ADKU1CW","location_id":3,"location_name":"Electronic City","working_stages":[],"role":{"App\\Models\\user_management\\Role":{"role_id":13,"role_name":"Palnt Admin","role_code":"ROL-ADIN9A3"}},"api_key":"XDdZMI4IrtC0Wc4XsJI5vzjLrVdrY2U4en3me1ckxhKZDGgnge2VUVbeTHJO"},"permissions":{"users":["create.users","view.users","edit.users","delete.users"],"dashboard":["view.dashboard_admin"],"config_settings":["create.config_settings","view.config_settings","edit.config_settings","delete.config_settings"],"products":["view.products","create.products","edit.products","delete.products"],"reports":["view.reports"],"locations":["locations.view","locations.edit"],"inventory":["view.inventory","create.inventory","edit.inventory","delete.inventory","write.inventory","lock.inventory"]},"token":"813|HPFdbQhnNeQWIUidS7TPCgPd3h3lnzbAaCVGotpd03558f41"}} 
[2025-12-11 16:17:05] local.INFO: User login successful {"user_id":51,"license_key":"D5EE-T629K9-1C22-4A66-44F8"} 
[2025-12-11 16:17:07] local.INFO: --- CHECK UPDATE CALLED --- {"incoming_request":{"current_version_code":1,"device_id":"d5ee7f87f3ada95d"}} 
[2025-12-11 16:17:07] local.INFO: Validated request {"device_id":"d5ee7f87f3ada95d","current_version_code":1} 
[2025-12-11 16:17:07] local.INFO: Device found {"device_id":"d5ee7f87f3ada95d","registered_version_code":1,"is_update_required_flag":0} 
[2025-12-11 16:17:07] local.INFO: Device is up to date {"device_id":"d5ee7f87f3ada95d","current_version":1} 
[2025-12-11 16:18:22] local.INFO: Fetching tag details for EPC: E2806A9600005016A4D2E8C9  
[2025-12-11 16:18:22] local.INFO: tagDetailsByEpc response: {"success":true,"message":"Tag details loaded","inventory":{"id":16,"epc_code":"E2806A9600005016A4D2E8C9","tag_code":null,"product_id":5,"location_id":3,"status":"dirty","status_text":"Inactive","last_scanned_at":"2025-12-10T07:00:49.000000Z","mapped_at":"2025-12-10T11:23:38.000000Z","product_name":"Blanket","product_code":"","category":"Blanket","sku":"SKU-BED-04"}}  
[2025-12-11 16:18:33] local.INFO: Fetching tag details for EPC: E2806A9600004016A4D34675  
[2025-12-11 16:18:33] local.INFO: tagDetailsByEpc response: {"success":true,"message":"Tag details loaded","inventory":{"id":18,"epc_code":"E2806A9600004016A4D34675","tag_code":null,"product_id":5,"location_id":3,"status":"dirty","status_text":"Inactive","last_scanned_at":"2025-12-10T07:00:52.000000Z","mapped_at":"2025-12-10T11:23:38.000000Z","product_name":"Blanket","product_code":"","category":"Blanket","sku":"SKU-BED-04"}}  
[2025-12-11 16:18:44] local.INFO: Fetching tag details for EPC: E2806A960000502D213985D0  
[2025-12-11 16:18:53] local.INFO: Fetching tag details for EPC: E2806A960000502D20A3BC7B  
[2025-12-11 16:18:53] local.INFO: tagDetailsByEpc response: {"success":true,"message":"Tag details loaded","inventory":{"id":17,"epc_code":"E2806A960000502D20A3BC7B","tag_code":null,"product_id":5,"location_id":3,"status":"dirty","status_text":"Inactive","last_scanned_at":"2025-12-10T07:01:19.000000Z","mapped_at":"2025-12-10T11:23:38.000000Z","product_name":"Blanket","product_code":"","category":"Blanket","sku":"SKU-BED-04"}}  
[2025-12-11 16:31:31] local.ERROR: SQLSTATE[42S22]: Column not found: 1054 Unknown column 'l.name' in 'field list' (Connection: mysql, SQL: select DATE_FORMAT(ia.created_at, '%Y-%m-%d %H:%i:%s') as updated_date, `p`.`product_name`, `p`.`sku`, `t`.`epc_code`, `l`.`name` as `location_name`, `ia`.`trans_type`, `ia`.`opening_stock`, `ia`.`inward`, `ia`.`outward`, `ia`.`adjust_qty`, `ia`.`closing_stock`, `ia`.`remarks`, `ia`.`status`, `t`.`life_cycles`, `ia`.`id` as `activity_id` from `inventory_activity` as `ia` inner join `products` as `p` on `p`.`id` = `ia`.`product_id` left join `rfid_tags` as `t` on `t`.`id` = `ia`.`inventory_id` left join `locations` as `l` on `l`.`id` = `ia`.`location_id` where `ia`.`created_at` between 2025-11-11 00:00:00 and 2025-12-11 23:59:59 order by `ia`.`created_at` desc limit 100 offset 0) {"userId":51,"exception":"[object] (Illuminate\\Database\\QueryException(code: 42S22): SQLSTATE[42S22]: Column not found: 1054 Unknown column 'l.name' in 'field list' (Connection: mysql, SQL: select DATE_FORMAT(ia.created_at, '%Y-%m-%d %H:%i:%s') as updated_date, `p`.`product_name`, `p`.`sku`, `t`.`epc_code`, `l`.`name` as `location_name`, `ia`.`trans_type`, `ia`.`opening_stock`, `ia`.`inward`, `ia`.`outward`, `ia`.`adjust_qty`, `ia`.`closing_stock`, `ia`.`remarks`, `ia`.`status`, `t`.`life_cycles`, `ia`.`id` as `activity_id` from `inventory_activity` as `ia` inner join `products` as `p` on `p`.`id` = `ia`.`product_id` left join `rfid_tags` as `t` on `t`.`id` = `ia`.`inventory_id` left join `locations` as `l` on `l`.`id` = `ia`.`location_id` where `ia`.`created_at` between 2025-11-11 00:00:00 and 2025-12-11 23:59:59 order by `ia`.`created_at` desc limit 100 offset 0) at /var/www/html/laundryApp/vendor/laravel/framework/src/Illuminate/Database/Connection.php:829)
[stacktrace]
#0 /var/www/html/laundryApp/vendor/laravel/framework/src/Illuminate/Database/Connection.php(783): Illuminate\\Database\\Connection->runQueryCallback()
#1 /var/www/html/laundryApp/vendor/laravel/framework/src/Illuminate/Database/Connection.php(414): Illuminate\\Database\\Connection->run()
#2 /var/www/html/laundryApp/vendor/laravel/framework/src/Illuminate/Database/Query/Builder.php(2913): Illuminate\\Database\\Connection->select()
#3 /var/www/html/laundryApp/vendor/laravel/framework/src/Illuminate/Database/Query/Builder.php(2902): Illuminate\\Database\\Query\\Builder->runSelect()
#4 /var/www/html/laundryApp/vendor/laravel/framework/src/Illuminate/Database/Query/Builder.php(3456): Illuminate\\Database\\Query\\Builder->Illuminate\\Database\\Query\\{closure}()
#5 /var/www/html/laundryApp/vendor/laravel/framework/src/Illuminate/Database/Query/Builder.php(2901): Illuminate\\Database\\Query\\Builder->onceWithColumns()
#6 /var/www/html/laundryApp/app/Http/Controllers/dashboard/DashboardController.php(229): Illuminate\\Database\\Query\\Builder->get()
#7 /var/www/html/laundryApp/vendor/laravel/framework/src/Illuminate/Routing/Controller.php(54): App\\Http\\Controllers\\dashboard\\DashboardController->list()
#8 /var/www/html/laundryApp/vendor/laravel/framework/src/Illuminate/Routing/ControllerDispatcher.php(43): Illuminate\\Routing\\Controller->callAction()
#9 /var/www/html/laundryApp/vendor/laravel/framework/src/Illuminate/Routing/Route.php(259): Illuminate\\Routing\\ControllerDispatcher->dispatch()
#10 /var/www/html/laundryApp/vendor/laravel/framework/src/Illuminate/Routing/Route.php(205): Illuminate\\Routing\\Route->runController()
#11 /var/www/html/laundryApp/vendor/laravel/framework/src/Illuminate/Routing/Router.php(806): Illuminate\\Routing\\Route->run()
#12 /var/www/html/laundryApp/vendor/laravel/framework/src/Illuminate/Pipeline/Pipeline.php(144): Illuminate\\Routing\\Router->Illuminate\\Routing\\{closure}()
#13 /var/www/html/laundryApp/app/Http/Middleware/PreventBackHistory.php(17): Illuminate\\Pipeline\\Pipeline->Illuminate\\Pipeline\\{closure}()
#14 /var/www/html/laundryApp/vendor/laravel/framework/src/Illuminate/Pipeline/Pipeline.php(183): App\\Http\\Middleware\\PreventBackHistory->handle()
#15 /var/www/html/laundryApp/vendor/laravel/framework/src/Illuminate/Routing/Middleware/SubstituteBindings.php(50): Illuminate\\Pipeline\\Pipeline->Illuminate\\Pipeline\\{closure}()
#16 /var/www/html/laundryApp/vendor/laravel/framework/src/Illuminate/Pipeline/Pipeline.php(183): Illuminate\\Routing\\Middleware\\SubstituteBindings->handle()
#17 /var/www/html/laundryApp/vendor/laravel/framework/src/Illuminate/Auth/Middleware/Authenticate.php(57): Illuminate\\Pipeline\\Pipeline->Illuminate\\Pipeline\\{closure}()
#18 /var/www/html/laundryApp/vendor/laravel/framework/src/Illuminate/Pipeline/Pipeline.php(183): Illuminate\\Auth\\Middleware\\Authenticate->handle()
#19 /var/www/html/laundryApp/vendor/laravel/framework/src/Illuminate/Foundation/Http/Middleware/VerifyCsrfToken.php(78): Illuminate\\Pipeline\\Pipeline->Illuminate\\Pipeline\\{closure}()
#20 /var/www/html/laundryApp/vendor/laravel/framework/src/Illuminate/Pipeline/Pipeline.php(183): Illuminate\\Foundation\\Http\\Middleware\\VerifyCsrfToken->handle()
#21 /var/www/html/laundryApp/vendor/laravel/framework/src/Illuminate/View/Middleware/ShareErrorsFromSession.php(49): Illuminate\\Pipeline\\Pipeline->Illuminate\\Pipeline\\{closure}()
#22 /var/www/html/laundryApp/vendor/laravel/framework/src/Illuminate/Pipeline/Pipeline.php(183): Illuminate\\View\\Middleware\\ShareErrorsFromSession->handle()
#23 /var/www/html/laundryApp/vendor/laravel/framework/src/Illuminate/Session/Middleware/StartSession.php(121): Illuminate\\Pipeline\\Pipeline->Illuminate\\Pipeline\\{closure}()
#24 /var/www/html/laundryApp/vendor/laravel/framework/src/Illuminate/Session/Middleware/StartSession.php(64): Illuminate\\Session\\Middleware\\StartSession->handleStatefulRequest()
#25 /var/www/html/laundryApp/vendor/laravel/framework/src/Illuminate/Pipeline/Pipeline.php(183): Illuminate\\Session\\Middleware\\StartSession->handle()
#26 /var/www/html/laundryApp/vendor/laravel/framework/src/Illuminate/Cookie/Middleware/AddQueuedCookiesToResponse.php(37): Illuminate\\Pipeline\\Pipeline->Illuminate\\Pipeline\\{closure}()
#27 /var/www/html/laundryApp/vendor/laravel/framework/src/Illuminate/Pipeline/Pipeline.php(183): Illuminate\\Cookie\\Middleware\\AddQueuedCookiesToResponse->handle()
#28 /var/www/html/laundryApp/vendor/laravel/framework/src/Illuminate/Cookie/Middleware/EncryptCookies.php(67): Illuminate\\Pipeline\\Pipeline->Illuminate\\Pipeline\\{closure}()
#29 /var/www/html/laundryApp/vendor/laravel/framework/src/Illuminate/Pipeline/Pipeline.php(183): Illuminate\\Cookie\\Middleware\\EncryptCookies->handle()
#30 /var/www/html/laundryApp/vendor/laravel/framework/src/Illuminate/Pipeline/Pipeline.php(119): Illuminate\\Pipeline\\Pipeline->Illuminate\\Pipeline\\{closure}()
#31 /var/www/html/laundryApp/vendor/laravel/framework/src/Illuminate/Routing/Router.php(805): Illuminate\\Pipeline\\Pipeline->then()
#32 /var/www/html/laundryApp/vendor/laravel/framework/src/Illuminate/Routing/Router.php(784): Illuminate\\Routing\\Router->runRouteWithinStack()
#33 /var/www/html/laundryApp/vendor/laravel/framework/src/Illuminate/Routing/Router.php(748): Illuminate\\Routing\\Router->runRoute()
#34 /var/www/html/laundryApp/vendor/laravel/framework/src/Illuminate/Routing/Router.php(737): Illuminate\\Routing\\Router->dispatchToRoute()
#35 /var/www/html/laundryApp/vendor/laravel/framework/src/Illuminate/Foundation/Http/Kernel.php(200): Illuminate\\Routing\\Router->dispatch()
#36 /var/www/html/laundryApp/vendor/laravel/framework/src/Illuminate/Pipeline/Pipeline.php(144): Illuminate\\Foundation\\Http\\Kernel->Illuminate\\Foundation\\Http\\{closure}()
#37 /var/www/html/laundryApp/vendor/laravel/framework/src/Illuminate/Foundation/Http/Middleware/TransformsRequest.php(21): Illuminate\\Pipeline\\Pipeline->Illuminate\\Pipeline\\{closure}()
#38 /var/www/html/laundryApp/vendor/laravel/framework/src/Illuminate/Foundation/Http/Middleware/ConvertEmptyStringsToNull.php(31): Illuminate\\Foundation\\Http\\Middleware\\TransformsRequest->handle()
#39 /var/www/html/laundryApp/vendor/laravel/framework/src/Illuminate/Pipeline/Pipeline.php(183): Illuminate\\Foundation\\Http\\Middleware\\ConvertEmptyStringsToNull->handle()
#40 /var/www/html/laundryApp/vendor/laravel/framework/src/Illuminate/Foundation/Http/Middleware/TransformsRequest.php(21): Illuminate\\Pipeline\\Pipeline->Illuminate\\Pipeline\\{closure}()
#41 /var/www/html/laundryApp/vendor/laravel/framework/src/Illuminate/Foundation/Http/Middleware/TrimStrings.php(40): Illuminate\\Foundation\\Http\\Middleware\\TransformsRequest->handle()
#42 /var/www/html/laundryApp/vendor/laravel/framework/src/Illuminate/Pipeline/Pipeline.php(183): Illuminate\\Foundation\\Http\\Middleware\\TrimStrings->handle()
#43 /var/www/html/laundryApp/vendor/laravel/framework/src/Illuminate/Foundation/Http/Middleware/ValidatePostSize.php(27): Illuminate\\Pipeline\\Pipeline->Illuminate\\Pipeline\\{closure}()
#44 /var/www/html/laundryApp/vendor/laravel/framework/src/Illuminate/Pipeline/Pipeline.php(183): Illuminate\\Foundation\\Http\\Middleware\\ValidatePostSize->handle()
#45 /var/www/html/laundryApp/vendor/laravel/framework/src/Illuminate/Foundation/Http/Middleware/PreventRequestsDuringMaintenance.php(99): Illuminate\\Pipeline\\Pipeline->Illuminate\\Pipeline\\{closure}()
#46 /var/www/html/laundryApp/vendor/laravel/framework/src/Illuminate/Pipeline/Pipeline.php(183): Illuminate\\Foundation\\Http\\Middleware\\PreventRequestsDuringMaintenance->handle()
#47 /var/www/html/laundryApp/vendor/laravel/framework/src/Illuminate/Http/Middleware/HandleCors.php(49): Illuminate\\Pipeline\\Pipeline->Illuminate\\Pipeline\\{closure}()
#48 /var/www/html/laundryApp/vendor/laravel/framework/src/Illuminate/Pipeline/Pipeline.php(183): Illuminate\\Http\\Middleware\\HandleCors->handle()
#49 /var/www/html/laundryApp/vendor/laravel/framework/src/Illuminate/Http/Middleware/TrustProxies.php(39): Illuminate\\Pipeline\\Pipeline->Illuminate\\Pipeline\\{closure}()
#50 /var/www/html/laundryApp/vendor/laravel/framework/src/Illuminate/Pipeline/Pipeline.php(183): Illuminate\\Http\\Middleware\\TrustProxies->handle()
#51 /var/www/html/laundryApp/vendor/laravel/framework/src/Illuminate/Pipeline/Pipeline.php(119): Illuminate\\Pipeline\\Pipeline->Illuminate\\Pipeline\\{closure}()
#52 /var/www/html/laundryApp/vendor/laravel/framework/src/Illuminate/Foundation/Http/Kernel.php(175): Illuminate\\Pipeline\\Pipeline->then()
#53 /var/www/html/laundryApp/vendor/laravel/framework/src/Illuminate/Foundation/Http/Kernel.php(144): Illuminate\\Foundation\\Http\\Kernel->sendRequestThroughRouter()
#54 /var/www/html/laundryApp/public/index.php(51): Illuminate\\Foundation\\Http\\Kernel->handle()
#55 /var/www/html/laundryApp/vendor/laravel/framework/src/Illuminate/Foundation/resources/server.php(16): require_once('...')
#56 {main}

[previous exception] [object] (PDOException(code: 42S22): SQLSTATE[42S22]: Column not found: 1054 Unknown column 'l.name' in 'field list' at /var/www/html/laundryApp/vendor/laravel/framework/src/Illuminate/Database/Connection.php:423)
[stacktrace]
#0 /var/www/html/laundryApp/vendor/laravel/framework/src/Illuminate/Database/Connection.php(423): PDO->prepare()
#1 /var/www/html/laundryApp/vendor/laravel/framework/src/Illuminate/Database/Connection.php(816): Illuminate\\Database\\Connection->Illuminate\\Database\\{closure}()
#2 /var/www/html/laundryApp/vendor/laravel/framework/src/Illuminate/Database/Connection.php(783): Illuminate\\Database\\Connection->runQueryCallback()
#3 /var/www/html/laundryApp/vendor/laravel/framework/src/Illuminate/Database/Connection.php(414): Illuminate\\Database\\Connection->run()
#4 /var/www/html/laundryApp/vendor/laravel/framework/src/Illuminate/Database/Query/Builder.php(2913): Illuminate\\Database\\Connection->select()
#5 /var/www/html/laundryApp/vendor/laravel/framework/src/Illuminate/Database/Query/Builder.php(2902): Illuminate\\Database\\Query\\Builder->runSelect()
#6 /var/www/html/laundryApp/vendor/laravel/framework/src/Illuminate/Database/Query/Builder.php(3456): Illuminate\\Database\\Query\\Builder->Illuminate\\Database\\Query\\{closure}()
#7 /var/www/html/laundryApp/vendor/laravel/framework/src/Illuminate/Database/Query/Builder.php(2901): Illuminate\\Database\\Query\\Builder->onceWithColumns()
#8 /var/www/html/laundryApp/app/Http/Controllers/dashboard/DashboardController.php(229): Illuminate\\Database\\Query\\Builder->get()
#9 /var/www/html/laundryApp/vendor/laravel/framework/src/Illuminate/Routing/Controller.php(54): App\\Http\\Controllers\\dashboard\\DashboardController->list()
#10 /var/www/html/laundryApp/vendor/laravel/framework/src/Illuminate/Routing/ControllerDispatcher.php(43): Illuminate\\Routing\\Controller->callAction()
#11 /var/www/html/laundryApp/vendor/laravel/framework/src/Illuminate/Routing/Route.php(259): Illuminate\\Routing\\ControllerDispatcher->dispatch()
#12 /var/www/html/laundryApp/vendor/laravel/framework/src/Illuminate/Routing/Route.php(205): Illuminate\\Routing\\Route->runController()
#13 /var/www/html/laundryApp/vendor/laravel/framework/src/Illuminate/Routing/Router.php(806): Illuminate\\Routing\\Route->run()
#14 /var/www/html/laundryApp/vendor/laravel/framework/src/Illuminate/Pipeline/Pipeline.php(144): Illuminate\\Routing\\Router->Illuminate\\Routing\\{closure}()
#15 /var/www/html/laundryApp/app/Http/Middleware/PreventBackHistory.php(17): Illuminate\\Pipeline\\Pipeline->Illuminate\\Pipeline\\{closure}()
#16 /var/www/html/laundryApp/vendor/laravel/framework/src/Illuminate/Pipeline/Pipeline.php(183): App\\Http\\Middleware\\PreventBackHistory->handle()
#17 /var/www/html/laundryApp/vendor/laravel/framework/src/Illuminate/Routing/Middleware/SubstituteBindings.php(50): Illuminate\\Pipeline\\Pipeline->Illuminate\\Pipeline\\{closure}()
#18 /var/www/html/laundryApp/vendor/laravel/framework/src/Illuminate/Pipeline/Pipeline.php(183): Illuminate\\Routing\\Middleware\\SubstituteBindings->handle()
#19 /var/www/html/laundryApp/vendor/laravel/framework/src/Illuminate/Auth/Middleware/Authenticate.php(57): Illuminate\\Pipeline\\Pipeline->Illuminate\\Pipeline\\{closure}()
#20 /var/www/html/laundryApp/vendor/laravel/framework/src/Illuminate/Pipeline/Pipeline.php(183): Illuminate\\Auth\\Middleware\\Authenticate->handle()
#21 /var/www/html/laundryApp/vendor/laravel/framework/src/Illuminate/Foundation/Http/Middleware/VerifyCsrfToken.php(78): Illuminate\\Pipeline\\Pipeline->Illuminate\\Pipeline\\{closure}()
#22 /var/www/html/laundryApp/vendor/laravel/framework/src/Illuminate/Pipeline/Pipeline.php(183): Illuminate\\Foundation\\Http\\Middleware\\VerifyCsrfToken->handle()
#23 /var/www/html/laundryApp/vendor/laravel/framework/src/Illuminate/View/Middleware/ShareErrorsFromSession.php(49): Illuminate\\Pipeline\\Pipeline->Illuminate\\Pipeline\\{closure}()
#24 /var/www/html/laundryApp/vendor/laravel/framework/src/Illuminate/Pipeline/Pipeline.php(183): Illuminate\\View\\Middleware\\ShareErrorsFromSession->handle()
#25 /var/www/html/laundryApp/vendor/laravel/framework/src/Illuminate/Session/Middleware/StartSession.php(121): Illuminate\\Pipeline\\Pipeline->Illuminate\\Pipeline\\{closure}()
#26 /var/www/html/laundryApp/vendor/laravel/framework/src/Illuminate/Session/Middleware/StartSession.php(64): Illuminate\\Session\\Middleware\\StartSession->handleStatefulRequest()
#27 /var/www/html/laundryApp/vendor/laravel/framework/src/Illuminate/Pipeline/Pipeline.php(183): Illuminate\\Session\\Middleware\\StartSession->handle()
#28 /var/www/html/laundryApp/vendor/laravel/framework/src/Illuminate/Cookie/Middleware/AddQueuedCookiesToResponse.php(37): Illuminate\\Pipeline\\Pipeline->Illuminate\\Pipeline\\{closure}()
#29 /var/www/html/laundryApp/vendor/laravel/framework/src/Illuminate/Pipeline/Pipeline.php(183): Illuminate\\Cookie\\Middleware\\AddQueuedCookiesToResponse->handle()
#30 /var/www/html/laundryApp/vendor/laravel/framework/src/Illuminate/Cookie/Middleware/EncryptCookies.php(67): Illuminate\\Pipeline\\Pipeline->Illuminate\\Pipeline\\{closure}()
#31 /var/www/html/laundryApp/vendor/laravel/framework/src/Illuminate/Pipeline/Pipeline.php(183): Illuminate\\Cookie\\Middleware\\EncryptCookies->handle()
#32 /var/www/html/laundryApp/vendor/laravel/framework/src/Illuminate/Pipeline/Pipeline.php(119): Illuminate\\Pipeline\\Pipeline->Illuminate\\Pipeline\\{closure}()
#33 /var/www/html/laundryApp/vendor/laravel/framework/src/Illuminate/Routing/Router.php(805): Illuminate\\Pipeline\\Pipeline->then()
#34 /var/www/html/laundryApp/vendor/laravel/framework/src/Illuminate/Routing/Router.php(784): Illuminate\\Routing\\Router->runRouteWithinStack()
#35 /var/www/html/laundryApp/vendor/laravel/framework/src/Illuminate/Routing/Router.php(748): Illuminate\\Routing\\Router->runRoute()
#36 /var/www/html/laundryApp/vendor/laravel/framework/src/Illuminate/Routing/Router.php(737): Illuminate\\Routing\\Router->dispatchToRoute()
#37 /var/www/html/laundryApp/vendor/laravel/framework/src/Illuminate/Foundation/Http/Kernel.php(200): Illuminate\\Routing\\Router->dispatch()
#38 /var/www/html/laundryApp/vendor/laravel/framework/src/Illuminate/Pipeline/Pipeline.php(144): Illuminate\\Foundation\\Http\\Kernel->Illuminate\\Foundation\\Http\\{closure}()
#39 /var/www/html/laundryApp/vendor/laravel/framework/src/Illuminate/Foundation/Http/Middleware/TransformsRequest.php(21): Illuminate\\Pipeline\\Pipeline->Illuminate\\Pipeline\\{closure}()
#40 /var/www/html/laundryApp/vendor/laravel/framework/src/Illuminate/Foundation/Http/Middleware/ConvertEmptyStringsToNull.php(31): Illuminate\\Foundation\\Http\\Middleware\\TransformsRequest->handle()
#41 /var/www/html/laundryApp/vendor/laravel/framework/src/Illuminate/Pipeline/Pipeline.php(183): Illuminate\\Foundation\\Http\\Middleware\\ConvertEmptyStringsToNull->handle()
#42 /var/www/html/laundryApp/vendor/laravel/framework/src/Illuminate/Foundation/Http/Middleware/TransformsRequest.php(21): Illuminate\\Pipeline\\Pipeline->Illuminate\\Pipeline\\{closure}()
#43 /var/www/html/laundryApp/vendor/laravel/framework/src/Illuminate/Foundation/Http/Middleware/TrimStrings.php(40): Illuminate\\Foundation\\Http\\Middleware\\TransformsRequest->handle()
#44 /var/www/html/laundryApp/vendor/laravel/framework/src/Illuminate/Pipeline/Pipeline.php(183): Illuminate\\Foundation\\Http\\Middleware\\TrimStrings->handle()
#45 /var/www/html/laundryApp/vendor/laravel/framework/src/Illuminate/Foundation/Http/Middleware/ValidatePostSize.php(27): Illuminate\\Pipeline\\Pipeline->Illuminate\\Pipeline\\{closure}()
#46 /var/www/html/laundryApp/vendor/laravel/framework/src/Illuminate/Pipeline/Pipeline.php(183): Illuminate\\Foundation\\Http\\Middleware\\ValidatePostSize->handle()
#47 /var/www/html/laundryApp/vendor/laravel/framework/src/Illuminate/Foundation/Http/Middleware/PreventRequestsDuringMaintenance.php(99): Illuminate\\Pipeline\\Pipeline->Illuminate\\Pipeline\\{closure}()
#48 /var/www/html/laundryApp/vendor/laravel/framework/src/Illuminate/Pipeline/Pipeline.php(183): Illuminate\\Foundation\\Http\\Middleware\\PreventRequestsDuringMaintenance->handle()
#49 /var/www/html/laundryApp/vendor/laravel/framework/src/Illuminate/Http/Middleware/HandleCors.php(49): Illuminate\\Pipeline\\Pipeline->Illuminate\\Pipeline\\{closure}()
#50 /var/www/html/laundryApp/vendor/laravel/framework/src/Illuminate/Pipeline/Pipeline.php(183): Illuminate\\Http\\Middleware\\HandleCors->handle()
#51 /var/www/html/laundryApp/vendor/laravel/framework/src/Illuminate/Http/Middleware/TrustProxies.php(39): Illuminate\\Pipeline\\Pipeline->Illuminate\\Pipeline\\{closure}()
#52 /var/www/html/laundryApp/vendor/laravel/framework/src/Illuminate/Pipeline/Pipeline.php(183): Illuminate\\Http\\Middleware\\TrustProxies->handle()
#53 /var/www/html/laundryApp/vendor/laravel/framework/src/Illuminate/Pipeline/Pipeline.php(119): Illuminate\\Pipeline\\Pipeline->Illuminate\\Pipeline\\{closure}()
#54 /var/www/html/laundryApp/vendor/laravel/framework/src/Illuminate/Foundation/Http/Kernel.php(175): Illuminate\\Pipeline\\Pipeline->then()
#55 /var/www/html/laundryApp/vendor/laravel/framework/src/Illuminate/Foundation/Http/Kernel.php(144): Illuminate\\Foundation\\Http\\Kernel->sendRequestThroughRouter()
#56 /var/www/html/laundryApp/public/index.php(51): Illuminate\\Foundation\\Http\\Kernel->handle()
#57 /var/www/html/laundryApp/vendor/laravel/framework/src/Illuminate/Foundation/resources/server.php(16): require_once('...')
#58 {main}
"} 
[2025-12-11 16:31:40] local.ERROR: SQLSTATE[42S22]: Column not found: 1054 Unknown column 'l.name' in 'field list' (Connection: mysql, SQL: select DATE_FORMAT(ia.created_at, '%Y-%m-%d %H:%i:%s') as updated_date, `p`.`product_name`, `p`.`sku`, `t`.`epc_code`, `l`.`name` as `location_name`, `ia`.`trans_type`, `ia`.`opening_stock`, `ia`.`inward`, `ia`.`outward`, `ia`.`adjust_qty`, `ia`.`closing_stock`, `ia`.`remarks`, `ia`.`status`, `t`.`life_cycles`, `ia`.`id` as `activity_id` from `inventory_activity` as `ia` inner join `products` as `p` on `p`.`id` = `ia`.`product_id` left join `rfid_tags` as `t` on `t`.`id` = `ia`.`inventory_id` left join `locations` as `l` on `l`.`id` = `ia`.`location_id` where `ia`.`created_at` between 2025-11-11 00:00:00 and 2025-12-11 23:59:59 order by `ia`.`created_at` desc limit 100 offset 0) {"userId":51,"exception":"[object] (Illuminate\\Database\\QueryException(code: 42S22): SQLSTATE[42S22]: Column not found: 1054 Unknown column 'l.name' in 'field list' (Connection: mysql, SQL: select DATE_FORMAT(ia.created_at, '%Y-%m-%d %H:%i:%s') as updated_date, `p`.`product_name`, `p`.`sku`, `t`.`epc_code`, `l`.`name` as `location_name`, `ia`.`trans_type`, `ia`.`opening_stock`, `ia`.`inward`, `ia`.`outward`, `ia`.`adjust_qty`, `ia`.`closing_stock`, `ia`.`remarks`, `ia`.`status`, `t`.`life_cycles`, `ia`.`id` as `activity_id` from `inventory_activity` as `ia` inner join `products` as `p` on `p`.`id` = `ia`.`product_id` left join `rfid_tags` as `t` on `t`.`id` = `ia`.`inventory_id` left join `locations` as `l` on `l`.`id` = `ia`.`location_id` where `ia`.`created_at` between 2025-11-11 00:00:00 and 2025-12-11 23:59:59 order by `ia`.`created_at` desc limit 100 offset 0) at /var/www/html/laundryApp/vendor/laravel/framework/src/Illuminate/Database/Connection.php:829)
[stacktrace]
#0 /var/www/html/laundryApp/vendor/laravel/framework/src/Illuminate/Database/Connection.php(783): Illuminate\\Database\\Connection->runQueryCallback()
#1 /var/www/html/laundryApp/vendor/laravel/framework/src/Illuminate/Database/Connection.php(414): Illuminate\\Database\\Connection->run()
#2 /var/www/html/laundryApp/vendor/laravel/framework/src/Illuminate/Database/Query/Builder.php(2913): Illuminate\\Database\\Connection->select()
#3 /var/www/html/laundryApp/vendor/laravel/framework/src/Illuminate/Database/Query/Builder.php(2902): Illuminate\\Database\\Query\\Builder->runSelect()
#4 /var/www/html/laundryApp/vendor/laravel/framework/src/Illuminate/Database/Query/Builder.php(3456): Illuminate\\Database\\Query\\Builder->Illuminate\\Database\\Query\\{closure}()
#5 /var/www/html/laundryApp/vendor/laravel/framework/src/Illuminate/Database/Query/Builder.php(2901): Illuminate\\Database\\Query\\Builder->onceWithColumns()
#6 /var/www/html/laundryApp/app/Http/Controllers/dashboard/DashboardController.php(229): Illuminate\\Database\\Query\\Builder->get()
#7 /var/www/html/laundryApp/vendor/laravel/framework/src/Illuminate/Routing/Controller.php(54): App\\Http\\Controllers\\dashboard\\DashboardController->list()
#8 /var/www/html/laundryApp/vendor/laravel/framework/src/Illuminate/Routing/ControllerDispatcher.php(43): Illuminate\\Routing\\Controller->callAction()
#9 /var/www/html/laundryApp/vendor/laravel/framework/src/Illuminate/Routing/Route.php(259): Illuminate\\Routing\\ControllerDispatcher->dispatch()
#10 /var/www/html/laundryApp/vendor/laravel/framework/src/Illuminate/Routing/Route.php(205): Illuminate\\Routing\\Route->runController()
#11 /var/www/html/laundryApp/vendor/laravel/framework/src/Illuminate/Routing/Router.php(806): Illuminate\\Routing\\Route->run()
#12 /var/www/html/laundryApp/vendor/laravel/framework/src/Illuminate/Pipeline/Pipeline.php(144): Illuminate\\Routing\\Router->Illuminate\\Routing\\{closure}()
#13 /var/www/html/laundryApp/app/Http/Middleware/PreventBackHistory.php(17): Illuminate\\Pipeline\\Pipeline->Illuminate\\Pipeline\\{closure}()
#14 /var/www/html/laundryApp/vendor/laravel/framework/src/Illuminate/Pipeline/Pipeline.php(183): App\\Http\\Middleware\\PreventBackHistory->handle()
#15 /var/www/html/laundryApp/vendor/laravel/framework/src/Illuminate/Routing/Middleware/SubstituteBindings.php(50): Illuminate\\Pipeline\\Pipeline->Illuminate\\Pipeline\\{closure}()
#16 /var/www/html/laundryApp/vendor/laravel/framework/src/Illuminate/Pipeline/Pipeline.php(183): Illuminate\\Routing\\Middleware\\SubstituteBindings->handle()
#17 /var/www/html/laundryApp/vendor/laravel/framework/src/Illuminate/Auth/Middleware/Authenticate.php(57): Illuminate\\Pipeline\\Pipeline->Illuminate\\Pipeline\\{closure}()
#18 /var/www/html/laundryApp/vendor/laravel/framework/src/Illuminate/Pipeline/Pipeline.php(183): Illuminate\\Auth\\Middleware\\Authenticate->handle()
#19 /var/www/html/laundryApp/vendor/laravel/framework/src/Illuminate/Foundation/Http/Middleware/VerifyCsrfToken.php(78): Illuminate\\Pipeline\\Pipeline->Illuminate\\Pipeline\\{closure}()
#20 /var/www/html/laundryApp/vendor/laravel/framework/src/Illuminate/Pipeline/Pipeline.php(183): Illuminate\\Foundation\\Http\\Middleware\\VerifyCsrfToken->handle()
#21 /var/www/html/laundryApp/vendor/laravel/framework/src/Illuminate/View/Middleware/ShareErrorsFromSession.php(49): Illuminate\\Pipeline\\Pipeline->Illuminate\\Pipeline\\{closure}()
#22 /var/www/html/laundryApp/vendor/laravel/framework/src/Illuminate/Pipeline/Pipeline.php(183): Illuminate\\View\\Middleware\\ShareErrorsFromSession->handle()
#23 /var/www/html/laundryApp/vendor/laravel/framework/src/Illuminate/Session/Middleware/StartSession.php(121): Illuminate\\Pipeline\\Pipeline->Illuminate\\Pipeline\\{closure}()
#24 /var/www/html/laundryApp/vendor/laravel/framework/src/Illuminate/Session/Middleware/StartSession.php(64): Illuminate\\Session\\Middleware\\StartSession->handleStatefulRequest()
#25 /var/www/html/laundryApp/vendor/laravel/framework/src/Illuminate/Pipeline/Pipeline.php(183): Illuminate\\Session\\Middleware\\StartSession->handle()
#26 /var/www/html/laundryApp/vendor/laravel/framework/src/Illuminate/Cookie/Middleware/AddQueuedCookiesToResponse.php(37): Illuminate\\Pipeline\\Pipeline->Illuminate\\Pipeline\\{closure}()
#27 /var/www/html/laundryApp/vendor/laravel/framework/src/Illuminate/Pipeline/Pipeline.php(183): Illuminate\\Cookie\\Middleware\\AddQueuedCookiesToResponse->handle()
#28 /var/www/html/laundryApp/vendor/laravel/framework/src/Illuminate/Cookie/Middleware/EncryptCookies.php(67): Illuminate\\Pipeline\\Pipeline->Illuminate\\Pipeline\\{closure}()
#29 /var/www/html/laundryApp/vendor/laravel/framework/src/Illuminate/Pipeline/Pipeline.php(183): Illuminate\\Cookie\\Middleware\\EncryptCookies->handle()
#30 /var/www/html/laundryApp/vendor/laravel/framework/src/Illuminate/Pipeline/Pipeline.php(119): Illuminate\\Pipeline\\Pipeline->Illuminate\\Pipeline\\{closure}()
#31 /var/www/html/laundryApp/vendor/laravel/framework/src/Illuminate/Routing/Router.php(805): Illuminate\\Pipeline\\Pipeline->then()
#32 /var/www/html/laundryApp/vendor/laravel/framework/src/Illuminate/Routing/Router.php(784): Illuminate\\Routing\\Router->runRouteWithinStack()
#33 /var/www/html/laundryApp/vendor/laravel/framework/src/Illuminate/Routing/Router.php(748): Illuminate\\Routing\\Router->runRoute()
#34 /var/www/html/laundryApp/vendor/laravel/framework/src/Illuminate/Routing/Router.php(737): Illuminate\\Routing\\Router->dispatchToRoute()
#35 /var/www/html/laundryApp/vendor/laravel/framework/src/Illuminate/Foundation/Http/Kernel.php(200): Illuminate\\Routing\\Router->dispatch()
#36 /var/www/html/laundryApp/vendor/laravel/framework/src/Illuminate/Pipeline/Pipeline.php(144): Illuminate\\Foundation\\Http\\Kernel->Illuminate\\Foundation\\Http\\{closure}()
#37 /var/www/html/laundryApp/vendor/laravel/framework/src/Illuminate/Foundation/Http/Middleware/TransformsRequest.php(21): Illuminate\\Pipeline\\Pipeline->Illuminate\\Pipeline\\{closure}()
#38 /var/www/html/laundryApp/vendor/laravel/framework/src/Illuminate/Foundation/Http/Middleware/ConvertEmptyStringsToNull.php(31): Illuminate\\Foundation\\Http\\Middleware\\TransformsRequest->handle()
#39 /var/www/html/laundryApp/vendor/laravel/framework/src/Illuminate/Pipeline/Pipeline.php(183): Illuminate\\Foundation\\Http\\Middleware\\ConvertEmptyStringsToNull->handle()
#40 /var/www/html/laundryApp/vendor/laravel/framework/src/Illuminate/Foundation/Http/Middleware/TransformsRequest.php(21): Illuminate\\Pipeline\\Pipeline->Illuminate\\Pipeline\\{closure}()
#41 /var/www/html/laundryApp/vendor/laravel/framework/src/Illuminate/Foundation/Http/Middleware/TrimStrings.php(40): Illuminate\\Foundation\\Http\\Middleware\\TransformsRequest->handle()
#42 /var/www/html/laundryApp/vendor/laravel/framework/src/Illuminate/Pipeline/Pipeline.php(183): Illuminate\\Foundation\\Http\\Middleware\\TrimStrings->handle()
#43 /var/www/html/laundryApp/vendor/laravel/framework/src/Illuminate/Foundation/Http/Middleware/ValidatePostSize.php(27): Illuminate\\Pipeline\\Pipeline->Illuminate\\Pipeline\\{closure}()
#44 /var/www/html/laundryApp/vendor/laravel/framework/src/Illuminate/Pipeline/Pipeline.php(183): Illuminate\\Foundation\\Http\\Middleware\\ValidatePostSize->handle()
#45 /var/www/html/laundryApp/vendor/laravel/framework/src/Illuminate/Foundation/Http/Middleware/PreventRequestsDuringMaintenance.php(99): Illuminate\\Pipeline\\Pipeline->Illuminate\\Pipeline\\{closure}()
#46 /var/www/html/laundryApp/vendor/laravel/framework/src/Illuminate/Pipeline/Pipeline.php(183): Illuminate\\Foundation\\Http\\Middleware\\PreventRequestsDuringMaintenance->handle()
#47 /var/www/html/laundryApp/vendor/laravel/framework/src/Illuminate/Http/Middleware/HandleCors.php(49): Illuminate\\Pipeline\\Pipeline->Illuminate\\Pipeline\\{closure}()
#48 /var/www/html/laundryApp/vendor/laravel/framework/src/Illuminate/Pipeline/Pipeline.php(183): Illuminate\\Http\\Middleware\\HandleCors->handle()
#49 /var/www/html/laundryApp/vendor/laravel/framework/src/Illuminate/Http/Middleware/TrustProxies.php(39): Illuminate\\Pipeline\\Pipeline->Illuminate\\Pipeline\\{closure}()
#50 /var/www/html/laundryApp/vendor/laravel/framework/src/Illuminate/Pipeline/Pipeline.php(183): Illuminate\\Http\\Middleware\\TrustProxies->handle()
#51 /var/www/html/laundryApp/vendor/laravel/framework/src/Illuminate/Pipeline/Pipeline.php(119): Illuminate\\Pipeline\\Pipeline->Illuminate\\Pipeline\\{closure}()
#52 /var/www/html/laundryApp/vendor/laravel/framework/src/Illuminate/Foundation/Http/Kernel.php(175): Illuminate\\Pipeline\\Pipeline->then()
#53 /var/www/html/laundryApp/vendor/laravel/framework/src/Illuminate/Foundation/Http/Kernel.php(144): Illuminate\\Foundation\\Http\\Kernel->sendRequestThroughRouter()
#54 /var/www/html/laundryApp/public/index.php(51): Illuminate\\Foundation\\Http\\Kernel->handle()
#55 /var/www/html/laundryApp/vendor/laravel/framework/src/Illuminate/Foundation/resources/server.php(16): require_once('...')
#56 {main}

[previous exception] [object] (PDOException(code: 42S22): SQLSTATE[42S22]: Column not found: 1054 Unknown column 'l.name' in 'field list' at /var/www/html/laundryApp/vendor/laravel/framework/src/Illuminate/Database/Connection.php:423)
[stacktrace]
#0 /var/www/html/laundryApp/vendor/laravel/framework/src/Illuminate/Database/Connection.php(423): PDO->prepare()
#1 /var/www/html/laundryApp/vendor/laravel/framework/src/Illuminate/Database/Connection.php(816): Illuminate\\Database\\Connection->Illuminate\\Database\\{closure}()
#2 /var/www/html/laundryApp/vendor/laravel/framework/src/Illuminate/Database/Connection.php(783): Illuminate\\Database\\Connection->runQueryCallback()
#3 /var/www/html/laundryApp/vendor/laravel/framework/src/Illuminate/Database/Connection.php(414): Illuminate\\Database\\Connection->run()
#4 /var/www/html/laundryApp/vendor/laravel/framework/src/Illuminate/Database/Query/Builder.php(2913): Illuminate\\Database\\Connection->select()
#5 /var/www/html/laundryApp/vendor/laravel/framework/src/Illuminate/Database/Query/Builder.php(2902): Illuminate\\Database\\Query\\Builder->runSelect()
#6 /var/www/html/laundryApp/vendor/laravel/framework/src/Illuminate/Database/Query/Builder.php(3456): Illuminate\\Database\\Query\\Builder->Illuminate\\Database\\Query\\{closure}()
#7 /var/www/html/laundryApp/vendor/laravel/framework/src/Illuminate/Database/Query/Builder.php(2901): Illuminate\\Database\\Query\\Builder->onceWithColumns()
#8 /var/www/html/laundryApp/app/Http/Controllers/dashboard/DashboardController.php(229): Illuminate\\Database\\Query\\Builder->get()
#9 /var/www/html/laundryApp/vendor/laravel/framework/src/Illuminate/Routing/Controller.php(54): App\\Http\\Controllers\\dashboard\\DashboardController->list()
#10 /var/www/html/laundryApp/vendor/laravel/framework/src/Illuminate/Routing/ControllerDispatcher.php(43): Illuminate\\Routing\\Controller->callAction()
#11 /var/www/html/laundryApp/vendor/laravel/framework/src/Illuminate/Routing/Route.php(259): Illuminate\\Routing\\ControllerDispatcher->dispatch()
#12 /var/www/html/laundryApp/vendor/laravel/framework/src/Illuminate/Routing/Route.php(205): Illuminate\\Routing\\Route->runController()
#13 /var/www/html/laundryApp/vendor/laravel/framework/src/Illuminate/Routing/Router.php(806): Illuminate\\Routing\\Route->run()
#14 /var/www/html/laundryApp/vendor/laravel/framework/src/Illuminate/Pipeline/Pipeline.php(144): Illuminate\\Routing\\Router->Illuminate\\Routing\\{closure}()
#15 /var/www/html/laundryApp/app/Http/Middleware/PreventBackHistory.php(17): Illuminate\\Pipeline\\Pipeline->Illuminate\\Pipeline\\{closure}()
#16 /var/www/html/laundryApp/vendor/laravel/framework/src/Illuminate/Pipeline/Pipeline.php(183): App\\Http\\Middleware\\PreventBackHistory->handle()
#17 /var/www/html/laundryApp/vendor/laravel/framework/src/Illuminate/Routing/Middleware/SubstituteBindings.php(50): Illuminate\\Pipeline\\Pipeline->Illuminate\\Pipeline\\{closure}()
#18 /var/www/html/laundryApp/vendor/laravel/framework/src/Illuminate/Pipeline/Pipeline.php(183): Illuminate\\Routing\\Middleware\\SubstituteBindings->handle()
#19 /var/www/html/laundryApp/vendor/laravel/framework/src/Illuminate/Auth/Middleware/Authenticate.php(57): Illuminate\\Pipeline\\Pipeline->Illuminate\\Pipeline\\{closure}()
#20 /var/www/html/laundryApp/vendor/laravel/framework/src/Illuminate/Pipeline/Pipeline.php(183): Illuminate\\Auth\\Middleware\\Authenticate->handle()
#21 /var/www/html/laundryApp/vendor/laravel/framework/src/Illuminate/Foundation/Http/Middleware/VerifyCsrfToken.php(78): Illuminate\\Pipeline\\Pipeline->Illuminate\\Pipeline\\{closure}()
#22 /var/www/html/laundryApp/vendor/laravel/framework/src/Illuminate/Pipeline/Pipeline.php(183): Illuminate\\Foundation\\Http\\Middleware\\VerifyCsrfToken->handle()
#23 /var/www/html/laundryApp/vendor/laravel/framework/src/Illuminate/View/Middleware/ShareErrorsFromSession.php(49): Illuminate\\Pipeline\\Pipeline->Illuminate\\Pipeline\\{closure}()
#24 /var/www/html/laundryApp/vendor/laravel/framework/src/Illuminate/Pipeline/Pipeline.php(183): Illuminate\\View\\Middleware\\ShareErrorsFromSession->handle()
#25 /var/www/html/laundryApp/vendor/laravel/framework/src/Illuminate/Session/Middleware/StartSession.php(121): Illuminate\\Pipeline\\Pipeline->Illuminate\\Pipeline\\{closure}()
#26 /var/www/html/laundryApp/vendor/laravel/framework/src/Illuminate/Session/Middleware/StartSession.php(64): Illuminate\\Session\\Middleware\\StartSession->handleStatefulRequest()
#27 /var/www/html/laundryApp/vendor/laravel/framework/src/Illuminate/Pipeline/Pipeline.php(183): Illuminate\\Session\\Middleware\\StartSession->handle()
#28 /var/www/html/laundryApp/vendor/laravel/framework/src/Illuminate/Cookie/Middleware/AddQueuedCookiesToResponse.php(37): Illuminate\\Pipeline\\Pipeline->Illuminate\\Pipeline\\{closure}()
#29 /var/www/html/laundryApp/vendor/laravel/framework/src/Illuminate/Pipeline/Pipeline.php(183): Illuminate\\Cookie\\Middleware\\AddQueuedCookiesToResponse->handle()
#30 /var/www/html/laundryApp/vendor/laravel/framework/src/Illuminate/Cookie/Middleware/EncryptCookies.php(67): Illuminate\\Pipeline\\Pipeline->Illuminate\\Pipeline\\{closure}()
#31 /var/www/html/laundryApp/vendor/laravel/framework/src/Illuminate/Pipeline/Pipeline.php(183): Illuminate\\Cookie\\Middleware\\EncryptCookies->handle()
#32 /var/www/html/laundryApp/vendor/laravel/framework/src/Illuminate/Pipeline/Pipeline.php(119): Illuminate\\Pipeline\\Pipeline->Illuminate\\Pipeline\\{closure}()
#33 /var/www/html/laundryApp/vendor/laravel/framework/src/Illuminate/Routing/Router.php(805): Illuminate\\Pipeline\\Pipeline->then()
#34 /var/www/html/laundryApp/vendor/laravel/framework/src/Illuminate/Routing/Router.php(784): Illuminate\\Routing\\Router->runRouteWithinStack()
#35 /var/www/html/laundryApp/vendor/laravel/framework/src/Illuminate/Routing/Router.php(748): Illuminate\\Routing\\Router->runRoute()
#36 /var/www/html/laundryApp/vendor/laravel/framework/src/Illuminate/Routing/Router.php(737): Illuminate\\Routing\\Router->dispatchToRoute()
#37 /var/www/html/laundryApp/vendor/laravel/framework/src/Illuminate/Foundation/Http/Kernel.php(200): Illuminate\\Routing\\Router->dispatch()
#38 /var/www/html/laundryApp/vendor/laravel/framework/src/Illuminate/Pipeline/Pipeline.php(144): Illuminate\\Foundation\\Http\\Kernel->Illuminate\\Foundation\\Http\\{closure}()
#39 /var/www/html/laundryApp/vendor/laravel/framework/src/Illuminate/Foundation/Http/Middleware/TransformsRequest.php(21): Illuminate\\Pipeline\\Pipeline->Illuminate\\Pipeline\\{closure}()
#40 /var/www/html/laundryApp/vendor/laravel/framework/src/Illuminate/Foundation/Http/Middleware/ConvertEmptyStringsToNull.php(31): Illuminate\\Foundation\\Http\\Middleware\\TransformsRequest->handle()
#41 /var/www/html/laundryApp/vendor/laravel/framework/src/Illuminate/Pipeline/Pipeline.php(183): Illuminate\\Foundation\\Http\\Middleware\\ConvertEmptyStringsToNull->handle()
#42 /var/www/html/laundryApp/vendor/laravel/framework/src/Illuminate/Foundation/Http/Middleware/TransformsRequest.php(21): Illuminate\\Pipeline\\Pipeline->Illuminate\\Pipeline\\{closure}()
#43 /var/www/html/laundryApp/vendor/laravel/framework/src/Illuminate/Foundation/Http/Middleware/TrimStrings.php(40): Illuminate\\Foundation\\Http\\Middleware\\TransformsRequest->handle()
#44 /var/www/html/laundryApp/vendor/laravel/framework/src/Illuminate/Pipeline/Pipeline.php(183): Illuminate\\Foundation\\Http\\Middleware\\TrimStrings->handle()
#45 /var/www/html/laundryApp/vendor/laravel/framework/src/Illuminate/Foundation/Http/Middleware/ValidatePostSize.php(27): Illuminate\\Pipeline\\Pipeline->Illuminate\\Pipeline\\{closure}()
#46 /var/www/html/laundryApp/vendor/laravel/framework/src/Illuminate/Pipeline/Pipeline.php(183): Illuminate\\Foundation\\Http\\Middleware\\ValidatePostSize->handle()
#47 /var/www/html/laundryApp/vendor/laravel/framework/src/Illuminate/Foundation/Http/Middleware/PreventRequestsDuringMaintenance.php(99): Illuminate\\Pipeline\\Pipeline->Illuminate\\Pipeline\\{closure}()
#48 /var/www/html/laundryApp/vendor/laravel/framework/src/Illuminate/Pipeline/Pipeline.php(183): Illuminate\\Foundation\\Http\\Middleware\\PreventRequestsDuringMaintenance->handle()
#49 /var/www/html/laundryApp/vendor/laravel/framework/src/Illuminate/Http/Middleware/HandleCors.php(49): Illuminate\\Pipeline\\Pipeline->Illuminate\\Pipeline\\{closure}()
#50 /var/www/html/laundryApp/vendor/laravel/framework/src/Illuminate/Pipeline/Pipeline.php(183): Illuminate\\Http\\Middleware\\HandleCors->handle()
#51 /var/www/html/laundryApp/vendor/laravel/framework/src/Illuminate/Http/Middleware/TrustProxies.php(39): Illuminate\\Pipeline\\Pipeline->Illuminate\\Pipeline\\{closure}()
#52 /var/www/html/laundryApp/vendor/laravel/framework/src/Illuminate/Pipeline/Pipeline.php(183): Illuminate\\Http\\Middleware\\TrustProxies->handle()
#53 /var/www/html/laundryApp/vendor/laravel/framework/src/Illuminate/Pipeline/Pipeline.php(119): Illuminate\\Pipeline\\Pipeline->Illuminate\\Pipeline\\{closure}()
#54 /var/www/html/laundryApp/vendor/laravel/framework/src/Illuminate/Foundation/Http/Kernel.php(175): Illuminate\\Pipeline\\Pipeline->then()
#55 /var/www/html/laundryApp/vendor/laravel/framework/src/Illuminate/Foundation/Http/Kernel.php(144): Illuminate\\Foundation\\Http\\Kernel->sendRequestThroughRouter()
#56 /var/www/html/laundryApp/public/index.php(51): Illuminate\\Foundation\\Http\\Kernel->handle()
#57 /var/www/html/laundryApp/vendor/laravel/framework/src/Illuminate/Foundation/resources/server.php(16): require_once('...')
#58 {main}
"} 
[2025-12-11 16:32:01] local.ERROR: SQLSTATE[42S22]: Column not found: 1054 Unknown column 'ia.id' in 'field list' (Connection: mysql, SQL: select DATE_FORMAT(ia.created_at, '%Y-%m-%d %H:%i:%s') as updated_date, `p`.`product_name`, `p`.`sku`, `t`.`epc_code`, `l`.`location_name` as `location_name`, `ia`.`trans_type`, `ia`.`opening_stock`, `ia`.`inward`, `ia`.`outward`, `ia`.`adjust_qty`, `ia`.`closing_stock`, `ia`.`remarks`, `ia`.`status`, `t`.`life_cycles`, `ia`.`id` as `activity_id` from `inventory_activity` as `ia` inner join `products` as `p` on `p`.`id` = `ia`.`product_id` left join `rfid_tags` as `t` on `t`.`id` = `ia`.`inventory_id` left join `locations` as `l` on `l`.`id` = `ia`.`location_id` where `ia`.`created_at` between 2025-11-11 00:00:00 and 2025-12-11 23:59:59 order by `ia`.`created_at` desc limit 100 offset 0) {"userId":51,"exception":"[object] (Illuminate\\Database\\QueryException(code: 42S22): SQLSTATE[42S22]: Column not found: 1054 Unknown column 'ia.id' in 'field list' (Connection: mysql, SQL: select DATE_FORMAT(ia.created_at, '%Y-%m-%d %H:%i:%s') as updated_date, `p`.`product_name`, `p`.`sku`, `t`.`epc_code`, `l`.`location_name` as `location_name`, `ia`.`trans_type`, `ia`.`opening_stock`, `ia`.`inward`, `ia`.`outward`, `ia`.`adjust_qty`, `ia`.`closing_stock`, `ia`.`remarks`, `ia`.`status`, `t`.`life_cycles`, `ia`.`id` as `activity_id` from `inventory_activity` as `ia` inner join `products` as `p` on `p`.`id` = `ia`.`product_id` left join `rfid_tags` as `t` on `t`.`id` = `ia`.`inventory_id` left join `locations` as `l` on `l`.`id` = `ia`.`location_id` where `ia`.`created_at` between 2025-11-11 00:00:00 and 2025-12-11 23:59:59 order by `ia`.`created_at` desc limit 100 offset 0) at /var/www/html/laundryApp/vendor/laravel/framework/src/Illuminate/Database/Connection.php:829)
[stacktrace]
#0 /var/www/html/laundryApp/vendor/laravel/framework/src/Illuminate/Database/Connection.php(783): Illuminate\\Database\\Connection->runQueryCallback()
#1 /var/www/html/laundryApp/vendor/laravel/framework/src/Illuminate/Database/Connection.php(414): Illuminate\\Database\\Connection->run()
#2 /var/www/html/laundryApp/vendor/laravel/framework/src/Illuminate/Database/Query/Builder.php(2913): Illuminate\\Database\\Connection->select()
#3 /var/www/html/laundryApp/vendor/laravel/framework/src/Illuminate/Database/Query/Builder.php(2902): Illuminate\\Database\\Query\\Builder->runSelect()
#4 /var/www/html/laundryApp/vendor/laravel/framework/src/Illuminate/Database/Query/Builder.php(3456): Illuminate\\Database\\Query\\Builder->Illuminate\\Database\\Query\\{closure}()
#5 /var/www/html/laundryApp/vendor/laravel/framework/src/Illuminate/Database/Query/Builder.php(2901): Illuminate\\Database\\Query\\Builder->onceWithColumns()
#6 /var/www/html/laundryApp/app/Http/Controllers/dashboard/DashboardController.php(229): Illuminate\\Database\\Query\\Builder->get()
#7 /var/www/html/laundryApp/vendor/laravel/framework/src/Illuminate/Routing/Controller.php(54): App\\Http\\Controllers\\dashboard\\DashboardController->list()
#8 /var/www/html/laundryApp/vendor/laravel/framework/src/Illuminate/Routing/ControllerDispatcher.php(43): Illuminate\\Routing\\Controller->callAction()
#9 /var/www/html/laundryApp/vendor/laravel/framework/src/Illuminate/Routing/Route.php(259): Illuminate\\Routing\\ControllerDispatcher->dispatch()
#10 /var/www/html/laundryApp/vendor/laravel/framework/src/Illuminate/Routing/Route.php(205): Illuminate\\Routing\\Route->runController()
#11 /var/www/html/laundryApp/vendor/laravel/framework/src/Illuminate/Routing/Router.php(806): Illuminate\\Routing\\Route->run()
#12 /var/www/html/laundryApp/vendor/laravel/framework/src/Illuminate/Pipeline/Pipeline.php(144): Illuminate\\Routing\\Router->Illuminate\\Routing\\{closure}()
#13 /var/www/html/laundryApp/app/Http/Middleware/PreventBackHistory.php(17): Illuminate\\Pipeline\\Pipeline->Illuminate\\Pipeline\\{closure}()
#14 /var/www/html/laundryApp/vendor/laravel/framework/src/Illuminate/Pipeline/Pipeline.php(183): App\\Http\\Middleware\\PreventBackHistory->handle()
#15 /var/www/html/laundryApp/vendor/laravel/framework/src/Illuminate/Routing/Middleware/SubstituteBindings.php(50): Illuminate\\Pipeline\\Pipeline->Illuminate\\Pipeline\\{closure}()
#16 /var/www/html/laundryApp/vendor/laravel/framework/src/Illuminate/Pipeline/Pipeline.php(183): Illuminate\\Routing\\Middleware\\SubstituteBindings->handle()
#17 /var/www/html/laundryApp/vendor/laravel/framework/src/Illuminate/Auth/Middleware/Authenticate.php(57): Illuminate\\Pipeline\\Pipeline->Illuminate\\Pipeline\\{closure}()
#18 /var/www/html/laundryApp/vendor/laravel/framework/src/Illuminate/Pipeline/Pipeline.php(183): Illuminate\\Auth\\Middleware\\Authenticate->handle()
#19 /var/www/html/laundryApp/vendor/laravel/framework/src/Illuminate/Foundation/Http/Middleware/VerifyCsrfToken.php(78): Illuminate\\Pipeline\\Pipeline->Illuminate\\Pipeline\\{closure}()
#20 /var/www/html/laundryApp/vendor/laravel/framework/src/Illuminate/Pipeline/Pipeline.php(183): Illuminate\\Foundation\\Http\\Middleware\\VerifyCsrfToken->handle()
#21 /var/www/html/laundryApp/vendor/laravel/framework/src/Illuminate/View/Middleware/ShareErrorsFromSession.php(49): Illuminate\\Pipeline\\Pipeline->Illuminate\\Pipeline\\{closure}()
#22 /var/www/html/laundryApp/vendor/laravel/framework/src/Illuminate/Pipeline/Pipeline.php(183): Illuminate\\View\\Middleware\\ShareErrorsFromSession->handle()
#23 /var/www/html/laundryApp/vendor/laravel/framework/src/Illuminate/Session/Middleware/StartSession.php(121): Illuminate\\Pipeline\\Pipeline->Illuminate\\Pipeline\\{closure}()
#24 /var/www/html/laundryApp/vendor/laravel/framework/src/Illuminate/Session/Middleware/StartSession.php(64): Illuminate\\Session\\Middleware\\StartSession->handleStatefulRequest()
#25 /var/www/html/laundryApp/vendor/laravel/framework/src/Illuminate/Pipeline/Pipeline.php(183): Illuminate\\Session\\Middleware\\StartSession->handle()
#26 /var/www/html/laundryApp/vendor/laravel/framework/src/Illuminate/Cookie/Middleware/AddQueuedCookiesToResponse.php(37): Illuminate\\Pipeline\\Pipeline->Illuminate\\Pipeline\\{closure}()
#27 /var/www/html/laundryApp/vendor/laravel/framework/src/Illuminate/Pipeline/Pipeline.php(183): Illuminate\\Cookie\\Middleware\\AddQueuedCookiesToResponse->handle()
#28 /var/www/html/laundryApp/vendor/laravel/framework/src/Illuminate/Cookie/Middleware/EncryptCookies.php(67): Illuminate\\Pipeline\\Pipeline->Illuminate\\Pipeline\\{closure}()
#29 /var/www/html/laundryApp/vendor/laravel/framework/src/Illuminate/Pipeline/Pipeline.php(183): Illuminate\\Cookie\\Middleware\\EncryptCookies->handle()
#30 /var/www/html/laundryApp/vendor/laravel/framework/src/Illuminate/Pipeline/Pipeline.php(119): Illuminate\\Pipeline\\Pipeline->Illuminate\\Pipeline\\{closure}()
#31 /var/www/html/laundryApp/vendor/laravel/framework/src/Illuminate/Routing/Router.php(805): Illuminate\\Pipeline\\Pipeline->then()
#32 /var/www/html/laundryApp/vendor/laravel/framework/src/Illuminate/Routing/Router.php(784): Illuminate\\Routing\\Router->runRouteWithinStack()
#33 /var/www/html/laundryApp/vendor/laravel/framework/src/Illuminate/Routing/Router.php(748): Illuminate\\Routing\\Router->runRoute()
#34 /var/www/html/laundryApp/vendor/laravel/framework/src/Illuminate/Routing/Router.php(737): Illuminate\\Routing\\Router->dispatchToRoute()
#35 /var/www/html/laundryApp/vendor/laravel/framework/src/Illuminate/Foundation/Http/Kernel.php(200): Illuminate\\Routing\\Router->dispatch()
#36 /var/www/html/laundryApp/vendor/laravel/framework/src/Illuminate/Pipeline/Pipeline.php(144): Illuminate\\Foundation\\Http\\Kernel->Illuminate\\Foundation\\Http\\{closure}()
#37 /var/www/html/laundryApp/vendor/laravel/framework/src/Illuminate/Foundation/Http/Middleware/TransformsRequest.php(21): Illuminate\\Pipeline\\Pipeline->Illuminate\\Pipeline\\{closure}()
#38 /var/www/html/laundryApp/vendor/laravel/framework/src/Illuminate/Foundation/Http/Middleware/ConvertEmptyStringsToNull.php(31): Illuminate\\Foundation\\Http\\Middleware\\TransformsRequest->handle()
#39 /var/www/html/laundryApp/vendor/laravel/framework/src/Illuminate/Pipeline/Pipeline.php(183): Illuminate\\Foundation\\Http\\Middleware\\ConvertEmptyStringsToNull->handle()
#40 /var/www/html/laundryApp/vendor/laravel/framework/src/Illuminate/Foundation/Http/Middleware/TransformsRequest.php(21): Illuminate\\Pipeline\\Pipeline->Illuminate\\Pipeline\\{closure}()
#41 /var/www/html/laundryApp/vendor/laravel/framework/src/Illuminate/Foundation/Http/Middleware/TrimStrings.php(40): Illuminate\\Foundation\\Http\\Middleware\\TransformsRequest->handle()
#42 /var/www/html/laundryApp/vendor/laravel/framework/src/Illuminate/Pipeline/Pipeline.php(183): Illuminate\\Foundation\\Http\\Middleware\\TrimStrings->handle()
#43 /var/www/html/laundryApp/vendor/laravel/framework/src/Illuminate/Foundation/Http/Middleware/ValidatePostSize.php(27): Illuminate\\Pipeline\\Pipeline->Illuminate\\Pipeline\\{closure}()
#44 /var/www/html/laundryApp/vendor/laravel/framework/src/Illuminate/Pipeline/Pipeline.php(183): Illuminate\\Foundation\\Http\\Middleware\\ValidatePostSize->handle()
#45 /var/www/html/laundryApp/vendor/laravel/framework/src/Illuminate/Foundation/Http/Middleware/PreventRequestsDuringMaintenance.php(99): Illuminate\\Pipeline\\Pipeline->Illuminate\\Pipeline\\{closure}()
#46 /var/www/html/laundryApp/vendor/laravel/framework/src/Illuminate/Pipeline/Pipeline.php(183): Illuminate\\Foundation\\Http\\Middleware\\PreventRequestsDuringMaintenance->handle()
#47 /var/www/html/laundryApp/vendor/laravel/framework/src/Illuminate/Http/Middleware/HandleCors.php(49): Illuminate\\Pipeline\\Pipeline->Illuminate\\Pipeline\\{closure}()
#48 /var/www/html/laundryApp/vendor/laravel/framework/src/Illuminate/Pipeline/Pipeline.php(183): Illuminate\\Http\\Middleware\\HandleCors->handle()
#49 /var/www/html/laundryApp/vendor/laravel/framework/src/Illuminate/Http/Middleware/TrustProxies.php(39): Illuminate\\Pipeline\\Pipeline->Illuminate\\Pipeline\\{closure}()
#50 /var/www/html/laundryApp/vendor/laravel/framework/src/Illuminate/Pipeline/Pipeline.php(183): Illuminate\\Http\\Middleware\\TrustProxies->handle()
#51 /var/www/html/laundryApp/vendor/laravel/framework/src/Illuminate/Pipeline/Pipeline.php(119): Illuminate\\Pipeline\\Pipeline->Illuminate\\Pipeline\\{closure}()
#52 /var/www/html/laundryApp/vendor/laravel/framework/src/Illuminate/Foundation/Http/Kernel.php(175): Illuminate\\Pipeline\\Pipeline->then()
#53 /var/www/html/laundryApp/vendor/laravel/framework/src/Illuminate/Foundation/Http/Kernel.php(144): Illuminate\\Foundation\\Http\\Kernel->sendRequestThroughRouter()
#54 /var/www/html/laundryApp/public/index.php(51): Illuminate\\Foundation\\Http\\Kernel->handle()
#55 /var/www/html/laundryApp/vendor/laravel/framework/src/Illuminate/Foundation/resources/server.php(16): require_once('...')
#56 {main}

[previous exception] [object] (PDOException(code: 42S22): SQLSTATE[42S22]: Column not found: 1054 Unknown column 'ia.id' in 'field list' at /var/www/html/laundryApp/vendor/laravel/framework/src/Illuminate/Database/Connection.php:423)
[stacktrace]
#0 /var/www/html/laundryApp/vendor/laravel/framework/src/Illuminate/Database/Connection.php(423): PDO->prepare()
#1 /var/www/html/laundryApp/vendor/laravel/framework/src/Illuminate/Database/Connection.php(816): Illuminate\\Database\\Connection->Illuminate\\Database\\{closure}()
#2 /var/www/html/laundryApp/vendor/laravel/framework/src/Illuminate/Database/Connection.php(783): Illuminate\\Database\\Connection->runQueryCallback()
#3 /var/www/html/laundryApp/vendor/laravel/framework/src/Illuminate/Database/Connection.php(414): Illuminate\\Database\\Connection->run()
#4 /var/www/html/laundryApp/vendor/laravel/framework/src/Illuminate/Database/Query/Builder.php(2913): Illuminate\\Database\\Connection->select()
#5 /var/www/html/laundryApp/vendor/laravel/framework/src/Illuminate/Database/Query/Builder.php(2902): Illuminate\\Database\\Query\\Builder->runSelect()
#6 /var/www/html/laundryApp/vendor/laravel/framework/src/Illuminate/Database/Query/Builder.php(3456): Illuminate\\Database\\Query\\Builder->Illuminate\\Database\\Query\\{closure}()
#7 /var/www/html/laundryApp/vendor/laravel/framework/src/Illuminate/Database/Query/Builder.php(2901): Illuminate\\Database\\Query\\Builder->onceWithColumns()
#8 /var/www/html/laundryApp/app/Http/Controllers/dashboard/DashboardController.php(229): Illuminate\\Database\\Query\\Builder->get()
#9 /var/www/html/laundryApp/vendor/laravel/framework/src/Illuminate/Routing/Controller.php(54): App\\Http\\Controllers\\dashboard\\DashboardController->list()
#10 /var/www/html/laundryApp/vendor/laravel/framework/src/Illuminate/Routing/ControllerDispatcher.php(43): Illuminate\\Routing\\Controller->callAction()
#11 /var/www/html/laundryApp/vendor/laravel/framework/src/Illuminate/Routing/Route.php(259): Illuminate\\Routing\\ControllerDispatcher->dispatch()
#12 /var/www/html/laundryApp/vendor/laravel/framework/src/Illuminate/Routing/Route.php(205): Illuminate\\Routing\\Route->runController()
#13 /var/www/html/laundryApp/vendor/laravel/framework/src/Illuminate/Routing/Router.php(806): Illuminate\\Routing\\Route->run()
#14 /var/www/html/laundryApp/vendor/laravel/framework/src/Illuminate/Pipeline/Pipeline.php(144): Illuminate\\Routing\\Router->Illuminate\\Routing\\{closure}()
#15 /var/www/html/laundryApp/app/Http/Middleware/PreventBackHistory.php(17): Illuminate\\Pipeline\\Pipeline->Illuminate\\Pipeline\\{closure}()
#16 /var/www/html/laundryApp/vendor/laravel/framework/src/Illuminate/Pipeline/Pipeline.php(183): App\\Http\\Middleware\\PreventBackHistory->handle()
#17 /var/www/html/laundryApp/vendor/laravel/framework/src/Illuminate/Routing/Middleware/SubstituteBindings.php(50): Illuminate\\Pipeline\\Pipeline->Illuminate\\Pipeline\\{closure}()
#18 /var/www/html/laundryApp/vendor/laravel/framework/src/Illuminate/Pipeline/Pipeline.php(183): Illuminate\\Routing\\Middleware\\SubstituteBindings->handle()
#19 /var/www/html/laundryApp/vendor/laravel/framework/src/Illuminate/Auth/Middleware/Authenticate.php(57): Illuminate\\Pipeline\\Pipeline->Illuminate\\Pipeline\\{closure}()
#20 /var/www/html/laundryApp/vendor/laravel/framework/src/Illuminate/Pipeline/Pipeline.php(183): Illuminate\\Auth\\Middleware\\Authenticate->handle()
#21 /var/www/html/laundryApp/vendor/laravel/framework/src/Illuminate/Foundation/Http/Middleware/VerifyCsrfToken.php(78): Illuminate\\Pipeline\\Pipeline->Illuminate\\Pipeline\\{closure}()
#22 /var/www/html/laundryApp/vendor/laravel/framework/src/Illuminate/Pipeline/Pipeline.php(183): Illuminate\\Foundation\\Http\\Middleware\\VerifyCsrfToken->handle()
#23 /var/www/html/laundryApp/vendor/laravel/framework/src/Illuminate/View/Middleware/ShareErrorsFromSession.php(49): Illuminate\\Pipeline\\Pipeline->Illuminate\\Pipeline\\{closure}()
#24 /var/www/html/laundryApp/vendor/laravel/framework/src/Illuminate/Pipeline/Pipeline.php(183): Illuminate\\View\\Middleware\\ShareErrorsFromSession->handle()
#25 /var/www/html/laundryApp/vendor/laravel/framework/src/Illuminate/Session/Middleware/StartSession.php(121): Illuminate\\Pipeline\\Pipeline->Illuminate\\Pipeline\\{closure}()
#26 /var/www/html/laundryApp/vendor/laravel/framework/src/Illuminate/Session/Middleware/StartSession.php(64): Illuminate\\Session\\Middleware\\StartSession->handleStatefulRequest()
#27 /var/www/html/laundryApp/vendor/laravel/framework/src/Illuminate/Pipeline/Pipeline.php(183): Illuminate\\Session\\Middleware\\StartSession->handle()
#28 /var/www/html/laundryApp/vendor/laravel/framework/src/Illuminate/Cookie/Middleware/AddQueuedCookiesToResponse.php(37): Illuminate\\Pipeline\\Pipeline->Illuminate\\Pipeline\\{closure}()
#29 /var/www/html/laundryApp/vendor/laravel/framework/src/Illuminate/Pipeline/Pipeline.php(183): Illuminate\\Cookie\\Middleware\\AddQueuedCookiesToResponse->handle()
#30 /var/www/html/laundryApp/vendor/laravel/framework/src/Illuminate/Cookie/Middleware/EncryptCookies.php(67): Illuminate\\Pipeline\\Pipeline->Illuminate\\Pipeline\\{closure}()
#31 /var/www/html/laundryApp/vendor/laravel/framework/src/Illuminate/Pipeline/Pipeline.php(183): Illuminate\\Cookie\\Middleware\\EncryptCookies->handle()
#32 /var/www/html/laundryApp/vendor/laravel/framework/src/Illuminate/Pipeline/Pipeline.php(119): Illuminate\\Pipeline\\Pipeline->Illuminate\\Pipeline\\{closure}()
#33 /var/www/html/laundryApp/vendor/laravel/framework/src/Illuminate/Routing/Router.php(805): Illuminate\\Pipeline\\Pipeline->then()
#34 /var/www/html/laundryApp/vendor/laravel/framework/src/Illuminate/Routing/Router.php(784): Illuminate\\Routing\\Router->runRouteWithinStack()
#35 /var/www/html/laundryApp/vendor/laravel/framework/src/Illuminate/Routing/Router.php(748): Illuminate\\Routing\\Router->runRoute()
#36 /var/www/html/laundryApp/vendor/laravel/framework/src/Illuminate/Routing/Router.php(737): Illuminate\\Routing\\Router->dispatchToRoute()
#37 /var/www/html/laundryApp/vendor/laravel/framework/src/Illuminate/Foundation/Http/Kernel.php(200): Illuminate\\Routing\\Router->dispatch()
#38 /var/www/html/laundryApp/vendor/laravel/framework/src/Illuminate/Pipeline/Pipeline.php(144): Illuminate\\Foundation\\Http\\Kernel->Illuminate\\Foundation\\Http\\{closure}()
#39 /var/www/html/laundryApp/vendor/laravel/framework/src/Illuminate/Foundation/Http/Middleware/TransformsRequest.php(21): Illuminate\\Pipeline\\Pipeline->Illuminate\\Pipeline\\{closure}()
#40 /var/www/html/laundryApp/vendor/laravel/framework/src/Illuminate/Foundation/Http/Middleware/ConvertEmptyStringsToNull.php(31): Illuminate\\Foundation\\Http\\Middleware\\TransformsRequest->handle()
#41 /var/www/html/laundryApp/vendor/laravel/framework/src/Illuminate/Pipeline/Pipeline.php(183): Illuminate\\Foundation\\Http\\Middleware\\ConvertEmptyStringsToNull->handle()
#42 /var/www/html/laundryApp/vendor/laravel/framework/src/Illuminate/Foundation/Http/Middleware/TransformsRequest.php(21): Illuminate\\Pipeline\\Pipeline->Illuminate\\Pipeline\\{closure}()
#43 /var/www/html/laundryApp/vendor/laravel/framework/src/Illuminate/Foundation/Http/Middleware/TrimStrings.php(40): Illuminate\\Foundation\\Http\\Middleware\\TransformsRequest->handle()
#44 /var/www/html/laundryApp/vendor/laravel/framework/src/Illuminate/Pipeline/Pipeline.php(183): Illuminate\\Foundation\\Http\\Middleware\\TrimStrings->handle()
#45 /var/www/html/laundryApp/vendor/laravel/framework/src/Illuminate/Foundation/Http/Middleware/ValidatePostSize.php(27): Illuminate\\Pipeline\\Pipeline->Illuminate\\Pipeline\\{closure}()
#46 /var/www/html/laundryApp/vendor/laravel/framework/src/Illuminate/Pipeline/Pipeline.php(183): Illuminate\\Foundation\\Http\\Middleware\\ValidatePostSize->handle()
#47 /var/www/html/laundryApp/vendor/laravel/framework/src/Illuminate/Foundation/Http/Middleware/PreventRequestsDuringMaintenance.php(99): Illuminate\\Pipeline\\Pipeline->Illuminate\\Pipeline\\{closure}()
#48 /var/www/html/laundryApp/vendor/laravel/framework/src/Illuminate/Pipeline/Pipeline.php(183): Illuminate\\Foundation\\Http\\Middleware\\PreventRequestsDuringMaintenance->handle()
#49 /var/www/html/laundryApp/vendor/laravel/framework/src/Illuminate/Http/Middleware/HandleCors.php(49): Illuminate\\Pipeline\\Pipeline->Illuminate\\Pipeline\\{closure}()
#50 /var/www/html/laundryApp/vendor/laravel/framework/src/Illuminate/Pipeline/Pipeline.php(183): Illuminate\\Http\\Middleware\\HandleCors->handle()
#51 /var/www/html/laundryApp/vendor/laravel/framework/src/Illuminate/Http/Middleware/TrustProxies.php(39): Illuminate\\Pipeline\\Pipeline->Illuminate\\Pipeline\\{closure}()
#52 /var/www/html/laundryApp/vendor/laravel/framework/src/Illuminate/Pipeline/Pipeline.php(183): Illuminate\\Http\\Middleware\\TrustProxies->handle()
#53 /var/www/html/laundryApp/vendor/laravel/framework/src/Illuminate/Pipeline/Pipeline.php(119): Illuminate\\Pipeline\\Pipeline->Illuminate\\Pipeline\\{closure}()
#54 /var/www/html/laundryApp/vendor/laravel/framework/src/Illuminate/Foundation/Http/Kernel.php(175): Illuminate\\Pipeline\\Pipeline->then()
#55 /var/www/html/laundryApp/vendor/laravel/framework/src/Illuminate/Foundation/Http/Kernel.php(144): Illuminate\\Foundation\\Http\\Kernel->sendRequestThroughRouter()
#56 /var/www/html/laundryApp/public/index.php(51): Illuminate\\Foundation\\Http\\Kernel->handle()
#57 /var/www/html/laundryApp/vendor/laravel/framework/src/Illuminate/Foundation/resources/server.php(16): require_once('...')
#58 {main}
"} 
[2025-12-11 16:32:51] local.ERROR: SQLSTATE[42S22]: Column not found: 1054 Unknown column 'ia.id' in 'field list' (Connection: mysql, SQL: select DATE_FORMAT(ia.created_at, '%Y-%m-%d %H:%i:%s') as updated_date, `p`.`product_name`, `p`.`sku`, `t`.`epc_code`, `l`.`location_name` as `location_name`, `ia`.`trans_type`, `ia`.`opening_stock`, `ia`.`inward`, `ia`.`outward`, `ia`.`adjust_qty`, `ia`.`closing_stock`, `ia`.`remarks`, `ia`.`status`, `t`.`life_cycles`, `ia`.`id` as `activity_id` from `inventory_activity` as `ia` inner join `products` as `p` on `p`.`id` = `ia`.`product_id` left join `rfid_tags` as `t` on `t`.`id` = `ia`.`inventory_id` left join `locations` as `l` on `l`.`location_id` = `ia`.`location_id` where `ia`.`created_at` between 2025-11-11 00:00:00 and 2025-12-11 23:59:59 order by `ia`.`created_at` desc limit 100 offset 0) {"userId":51,"exception":"[object] (Illuminate\\Database\\QueryException(code: 42S22): SQLSTATE[42S22]: Column not found: 1054 Unknown column 'ia.id' in 'field list' (Connection: mysql, SQL: select DATE_FORMAT(ia.created_at, '%Y-%m-%d %H:%i:%s') as updated_date, `p`.`product_name`, `p`.`sku`, `t`.`epc_code`, `l`.`location_name` as `location_name`, `ia`.`trans_type`, `ia`.`opening_stock`, `ia`.`inward`, `ia`.`outward`, `ia`.`adjust_qty`, `ia`.`closing_stock`, `ia`.`remarks`, `ia`.`status`, `t`.`life_cycles`, `ia`.`id` as `activity_id` from `inventory_activity` as `ia` inner join `products` as `p` on `p`.`id` = `ia`.`product_id` left join `rfid_tags` as `t` on `t`.`id` = `ia`.`inventory_id` left join `locations` as `l` on `l`.`location_id` = `ia`.`location_id` where `ia`.`created_at` between 2025-11-11 00:00:00 and 2025-12-11 23:59:59 order by `ia`.`created_at` desc limit 100 offset 0) at /var/www/html/laundryApp/vendor/laravel/framework/src/Illuminate/Database/Connection.php:829)
[stacktrace]
#0 /var/www/html/laundryApp/vendor/laravel/framework/src/Illuminate/Database/Connection.php(783): Illuminate\\Database\\Connection->runQueryCallback()
#1 /var/www/html/laundryApp/vendor/laravel/framework/src/Illuminate/Database/Connection.php(414): Illuminate\\Database\\Connection->run()
#2 /var/www/html/laundryApp/vendor/laravel/framework/src/Illuminate/Database/Query/Builder.php(2913): Illuminate\\Database\\Connection->select()
#3 /var/www/html/laundryApp/vendor/laravel/framework/src/Illuminate/Database/Query/Builder.php(2902): Illuminate\\Database\\Query\\Builder->runSelect()
#4 /var/www/html/laundryApp/vendor/laravel/framework/src/Illuminate/Database/Query/Builder.php(3456): Illuminate\\Database\\Query\\Builder->Illuminate\\Database\\Query\\{closure}()
#5 /var/www/html/laundryApp/vendor/laravel/framework/src/Illuminate/Database/Query/Builder.php(2901): Illuminate\\Database\\Query\\Builder->onceWithColumns()
#6 /var/www/html/laundryApp/app/Http/Controllers/dashboard/DashboardController.php(229): Illuminate\\Database\\Query\\Builder->get()
#7 /var/www/html/laundryApp/vendor/laravel/framework/src/Illuminate/Routing/Controller.php(54): App\\Http\\Controllers\\dashboard\\DashboardController->list()
#8 /var/www/html/laundryApp/vendor/laravel/framework/src/Illuminate/Routing/ControllerDispatcher.php(43): Illuminate\\Routing\\Controller->callAction()
#9 /var/www/html/laundryApp/vendor/laravel/framework/src/Illuminate/Routing/Route.php(259): Illuminate\\Routing\\ControllerDispatcher->dispatch()
#10 /var/www/html/laundryApp/vendor/laravel/framework/src/Illuminate/Routing/Route.php(205): Illuminate\\Routing\\Route->runController()
#11 /var/www/html/laundryApp/vendor/laravel/framework/src/Illuminate/Routing/Router.php(806): Illuminate\\Routing\\Route->run()
#12 /var/www/html/laundryApp/vendor/laravel/framework/src/Illuminate/Pipeline/Pipeline.php(144): Illuminate\\Routing\\Router->Illuminate\\Routing\\{closure}()
#13 /var/www/html/laundryApp/app/Http/Middleware/PreventBackHistory.php(17): Illuminate\\Pipeline\\Pipeline->Illuminate\\Pipeline\\{closure}()
#14 /var/www/html/laundryApp/vendor/laravel/framework/src/Illuminate/Pipeline/Pipeline.php(183): App\\Http\\Middleware\\PreventBackHistory->handle()
#15 /var/www/html/laundryApp/vendor/laravel/framework/src/Illuminate/Routing/Middleware/SubstituteBindings.php(50): Illuminate\\Pipeline\\Pipeline->Illuminate\\Pipeline\\{closure}()
#16 /var/www/html/laundryApp/vendor/laravel/framework/src/Illuminate/Pipeline/Pipeline.php(183): Illuminate\\Routing\\Middleware\\SubstituteBindings->handle()
#17 /var/www/html/laundryApp/vendor/laravel/framework/src/Illuminate/Auth/Middleware/Authenticate.php(57): Illuminate\\Pipeline\\Pipeline->Illuminate\\Pipeline\\{closure}()
#18 /var/www/html/laundryApp/vendor/laravel/framework/src/Illuminate/Pipeline/Pipeline.php(183): Illuminate\\Auth\\Middleware\\Authenticate->handle()
#19 /var/www/html/laundryApp/vendor/laravel/framework/src/Illuminate/Foundation/Http/Middleware/VerifyCsrfToken.php(78): Illuminate\\Pipeline\\Pipeline->Illuminate\\Pipeline\\{closure}()
#20 /var/www/html/laundryApp/vendor/laravel/framework/src/Illuminate/Pipeline/Pipeline.php(183): Illuminate\\Foundation\\Http\\Middleware\\VerifyCsrfToken->handle()
#21 /var/www/html/laundryApp/vendor/laravel/framework/src/Illuminate/View/Middleware/ShareErrorsFromSession.php(49): Illuminate\\Pipeline\\Pipeline->Illuminate\\Pipeline\\{closure}()
#22 /var/www/html/laundryApp/vendor/laravel/framework/src/Illuminate/Pipeline/Pipeline.php(183): Illuminate\\View\\Middleware\\ShareErrorsFromSession->handle()
#23 /var/www/html/laundryApp/vendor/laravel/framework/src/Illuminate/Session/Middleware/StartSession.php(121): Illuminate\\Pipeline\\Pipeline->Illuminate\\Pipeline\\{closure}()
#24 /var/www/html/laundryApp/vendor/laravel/framework/src/Illuminate/Session/Middleware/StartSession.php(64): Illuminate\\Session\\Middleware\\StartSession->handleStatefulRequest()
#25 /var/www/html/laundryApp/vendor/laravel/framework/src/Illuminate/Pipeline/Pipeline.php(183): Illuminate\\Session\\Middleware\\StartSession->handle()
#26 /var/www/html/laundryApp/vendor/laravel/framework/src/Illuminate/Cookie/Middleware/AddQueuedCookiesToResponse.php(37): Illuminate\\Pipeline\\Pipeline->Illuminate\\Pipeline\\{closure}()
#27 /var/www/html/laundryApp/vendor/laravel/framework/src/Illuminate/Pipeline/Pipeline.php(183): Illuminate\\Cookie\\Middleware\\AddQueuedCookiesToResponse->handle()
#28 /var/www/html/laundryApp/vendor/laravel/framework/src/Illuminate/Cookie/Middleware/EncryptCookies.php(67): Illuminate\\Pipeline\\Pipeline->Illuminate\\Pipeline\\{closure}()
#29 /var/www/html/laundryApp/vendor/laravel/framework/src/Illuminate/Pipeline/Pipeline.php(183): Illuminate\\Cookie\\Middleware\\EncryptCookies->handle()
#30 /var/www/html/laundryApp/vendor/laravel/framework/src/Illuminate/Pipeline/Pipeline.php(119): Illuminate\\Pipeline\\Pipeline->Illuminate\\Pipeline\\{closure}()
#31 /var/www/html/laundryApp/vendor/laravel/framework/src/Illuminate/Routing/Router.php(805): Illuminate\\Pipeline\\Pipeline->then()
#32 /var/www/html/laundryApp/vendor/laravel/framework/src/Illuminate/Routing/Router.php(784): Illuminate\\Routing\\Router->runRouteWithinStack()
#33 /var/www/html/laundryApp/vendor/laravel/framework/src/Illuminate/Routing/Router.php(748): Illuminate\\Routing\\Router->runRoute()
#34 /var/www/html/laundryApp/vendor/laravel/framework/src/Illuminate/Routing/Router.php(737): Illuminate\\Routing\\Router->dispatchToRoute()
#35 /var/www/html/laundryApp/vendor/laravel/framework/src/Illuminate/Foundation/Http/Kernel.php(200): Illuminate\\Routing\\Router->dispatch()
#36 /var/www/html/laundryApp/vendor/laravel/framework/src/Illuminate/Pipeline/Pipeline.php(144): Illuminate\\Foundation\\Http\\Kernel->Illuminate\\Foundation\\Http\\{closure}()
#37 /var/www/html/laundryApp/vendor/laravel/framework/src/Illuminate/Foundation/Http/Middleware/TransformsRequest.php(21): Illuminate\\Pipeline\\Pipeline->Illuminate\\Pipeline\\{closure}()
#38 /var/www/html/laundryApp/vendor/laravel/framework/src/Illuminate/Foundation/Http/Middleware/ConvertEmptyStringsToNull.php(31): Illuminate\\Foundation\\Http\\Middleware\\TransformsRequest->handle()
#39 /var/www/html/laundryApp/vendor/laravel/framework/src/Illuminate/Pipeline/Pipeline.php(183): Illuminate\\Foundation\\Http\\Middleware\\ConvertEmptyStringsToNull->handle()
#40 /var/www/html/laundryApp/vendor/laravel/framework/src/Illuminate/Foundation/Http/Middleware/TransformsRequest.php(21): Illuminate\\Pipeline\\Pipeline->Illuminate\\Pipeline\\{closure}()
#41 /var/www/html/laundryApp/vendor/laravel/framework/src/Illuminate/Foundation/Http/Middleware/TrimStrings.php(40): Illuminate\\Foundation\\Http\\Middleware\\TransformsRequest->handle()
#42 /var/www/html/laundryApp/vendor/laravel/framework/src/Illuminate/Pipeline/Pipeline.php(183): Illuminate\\Foundation\\Http\\Middleware\\TrimStrings->handle()
#43 /var/www/html/laundryApp/vendor/laravel/framework/src/Illuminate/Foundation/Http/Middleware/ValidatePostSize.php(27): Illuminate\\Pipeline\\Pipeline->Illuminate\\Pipeline\\{closure}()
#44 /var/www/html/laundryApp/vendor/laravel/framework/src/Illuminate/Pipeline/Pipeline.php(183): Illuminate\\Foundation\\Http\\Middleware\\ValidatePostSize->handle()
#45 /var/www/html/laundryApp/vendor/laravel/framework/src/Illuminate/Foundation/Http/Middleware/PreventRequestsDuringMaintenance.php(99): Illuminate\\Pipeline\\Pipeline->Illuminate\\Pipeline\\{closure}()
#46 /var/www/html/laundryApp/vendor/laravel/framework/src/Illuminate/Pipeline/Pipeline.php(183): Illuminate\\Foundation\\Http\\Middleware\\PreventRequestsDuringMaintenance->handle()
#47 /var/www/html/laundryApp/vendor/laravel/framework/src/Illuminate/Http/Middleware/HandleCors.php(49): Illuminate\\Pipeline\\Pipeline->Illuminate\\Pipeline\\{closure}()
#48 /var/www/html/laundryApp/vendor/laravel/framework/src/Illuminate/Pipeline/Pipeline.php(183): Illuminate\\Http\\Middleware\\HandleCors->handle()
#49 /var/www/html/laundryApp/vendor/laravel/framework/src/Illuminate/Http/Middleware/TrustProxies.php(39): Illuminate\\Pipeline\\Pipeline->Illuminate\\Pipeline\\{closure}()
#50 /var/www/html/laundryApp/vendor/laravel/framework/src/Illuminate/Pipeline/Pipeline.php(183): Illuminate\\Http\\Middleware\\TrustProxies->handle()
#51 /var/www/html/laundryApp/vendor/laravel/framework/src/Illuminate/Pipeline/Pipeline.php(119): Illuminate\\Pipeline\\Pipeline->Illuminate\\Pipeline\\{closure}()
#52 /var/www/html/laundryApp/vendor/laravel/framework/src/Illuminate/Foundation/Http/Kernel.php(175): Illuminate\\Pipeline\\Pipeline->then()
#53 /var/www/html/laundryApp/vendor/laravel/framework/src/Illuminate/Foundation/Http/Kernel.php(144): Illuminate\\Foundation\\Http\\Kernel->sendRequestThroughRouter()
#54 /var/www/html/laundryApp/public/index.php(51): Illuminate\\Foundation\\Http\\Kernel->handle()
#55 /var/www/html/laundryApp/vendor/laravel/framework/src/Illuminate/Foundation/resources/server.php(16): require_once('...')
#56 {main}

[previous exception] [object] (PDOException(code: 42S22): SQLSTATE[42S22]: Column not found: 1054 Unknown column 'ia.id' in 'field list' at /var/www/html/laundryApp/vendor/laravel/framework/src/Illuminate/Database/Connection.php:423)
[stacktrace]
#0 /var/www/html/laundryApp/vendor/laravel/framework/src/Illuminate/Database/Connection.php(423): PDO->prepare()
#1 /var/www/html/laundryApp/vendor/laravel/framework/src/Illuminate/Database/Connection.php(816): Illuminate\\Database\\Connection->Illuminate\\Database\\{closure}()
#2 /var/www/html/laundryApp/vendor/laravel/framework/src/Illuminate/Database/Connection.php(783): Illuminate\\Database\\Connection->runQueryCallback()
#3 /var/www/html/laundryApp/vendor/laravel/framework/src/Illuminate/Database/Connection.php(414): Illuminate\\Database\\Connection->run()
#4 /var/www/html/laundryApp/vendor/laravel/framework/src/Illuminate/Database/Query/Builder.php(2913): Illuminate\\Database\\Connection->select()
#5 /var/www/html/laundryApp/vendor/laravel/framework/src/Illuminate/Database/Query/Builder.php(2902): Illuminate\\Database\\Query\\Builder->runSelect()
#6 /var/www/html/laundryApp/vendor/laravel/framework/src/Illuminate/Database/Query/Builder.php(3456): Illuminate\\Database\\Query\\Builder->Illuminate\\Database\\Query\\{closure}()
#7 /var/www/html/laundryApp/vendor/laravel/framework/src/Illuminate/Database/Query/Builder.php(2901): Illuminate\\Database\\Query\\Builder->onceWithColumns()
#8 /var/www/html/laundryApp/app/Http/Controllers/dashboard/DashboardController.php(229): Illuminate\\Database\\Query\\Builder->get()
#9 /var/www/html/laundryApp/vendor/laravel/framework/src/Illuminate/Routing/Controller.php(54): App\\Http\\Controllers\\dashboard\\DashboardController->list()
#10 /var/www/html/laundryApp/vendor/laravel/framework/src/Illuminate/Routing/ControllerDispatcher.php(43): Illuminate\\Routing\\Controller->callAction()
#11 /var/www/html/laundryApp/vendor/laravel/framework/src/Illuminate/Routing/Route.php(259): Illuminate\\Routing\\ControllerDispatcher->dispatch()
#12 /var/www/html/laundryApp/vendor/laravel/framework/src/Illuminate/Routing/Route.php(205): Illuminate\\Routing\\Route->runController()
#13 /var/www/html/laundryApp/vendor/laravel/framework/src/Illuminate/Routing/Router.php(806): Illuminate\\Routing\\Route->run()
#14 /var/www/html/laundryApp/vendor/laravel/framework/src/Illuminate/Pipeline/Pipeline.php(144): Illuminate\\Routing\\Router->Illuminate\\Routing\\{closure}()
#15 /var/www/html/laundryApp/app/Http/Middleware/PreventBackHistory.php(17): Illuminate\\Pipeline\\Pipeline->Illuminate\\Pipeline\\{closure}()
#16 /var/www/html/laundryApp/vendor/laravel/framework/src/Illuminate/Pipeline/Pipeline.php(183): App\\Http\\Middleware\\PreventBackHistory->handle()
#17 /var/www/html/laundryApp/vendor/laravel/framework/src/Illuminate/Routing/Middleware/SubstituteBindings.php(50): Illuminate\\Pipeline\\Pipeline->Illuminate\\Pipeline\\{closure}()
#18 /var/www/html/laundryApp/vendor/laravel/framework/src/Illuminate/Pipeline/Pipeline.php(183): Illuminate\\Routing\\Middleware\\SubstituteBindings->handle()
#19 /var/www/html/laundryApp/vendor/laravel/framework/src/Illuminate/Auth/Middleware/Authenticate.php(57): Illuminate\\Pipeline\\Pipeline->Illuminate\\Pipeline\\{closure}()
#20 /var/www/html/laundryApp/vendor/laravel/framework/src/Illuminate/Pipeline/Pipeline.php(183): Illuminate\\Auth\\Middleware\\Authenticate->handle()
#21 /var/www/html/laundryApp/vendor/laravel/framework/src/Illuminate/Foundation/Http/Middleware/VerifyCsrfToken.php(78): Illuminate\\Pipeline\\Pipeline->Illuminate\\Pipeline\\{closure}()
#22 /var/www/html/laundryApp/vendor/laravel/framework/src/Illuminate/Pipeline/Pipeline.php(183): Illuminate\\Foundation\\Http\\Middleware\\VerifyCsrfToken->handle()
#23 /var/www/html/laundryApp/vendor/laravel/framework/src/Illuminate/View/Middleware/ShareErrorsFromSession.php(49): Illuminate\\Pipeline\\Pipeline->Illuminate\\Pipeline\\{closure}()
#24 /var/www/html/laundryApp/vendor/laravel/framework/src/Illuminate/Pipeline/Pipeline.php(183): Illuminate\\View\\Middleware\\ShareErrorsFromSession->handle()
#25 /var/www/html/laundryApp/vendor/laravel/framework/src/Illuminate/Session/Middleware/StartSession.php(121): Illuminate\\Pipeline\\Pipeline->Illuminate\\Pipeline\\{closure}()
#26 /var/www/html/laundryApp/vendor/laravel/framework/src/Illuminate/Session/Middleware/StartSession.php(64): Illuminate\\Session\\Middleware\\StartSession->handleStatefulRequest()
#27 /var/www/html/laundryApp/vendor/laravel/framework/src/Illuminate/Pipeline/Pipeline.php(183): Illuminate\\Session\\Middleware\\StartSession->handle()
#28 /var/www/html/laundryApp/vendor/laravel/framework/src/Illuminate/Cookie/Middleware/AddQueuedCookiesToResponse.php(37): Illuminate\\Pipeline\\Pipeline->Illuminate\\Pipeline\\{closure}()
#29 /var/www/html/laundryApp/vendor/laravel/framework/src/Illuminate/Pipeline/Pipeline.php(183): Illuminate\\Cookie\\Middleware\\AddQueuedCookiesToResponse->handle()
#30 /var/www/html/laundryApp/vendor/laravel/framework/src/Illuminate/Cookie/Middleware/EncryptCookies.php(67): Illuminate\\Pipeline\\Pipeline->Illuminate\\Pipeline\\{closure}()
#31 /var/www/html/laundryApp/vendor/laravel/framework/src/Illuminate/Pipeline/Pipeline.php(183): Illuminate\\Cookie\\Middleware\\EncryptCookies->handle()
#32 /var/www/html/laundryApp/vendor/laravel/framework/src/Illuminate/Pipeline/Pipeline.php(119): Illuminate\\Pipeline\\Pipeline->Illuminate\\Pipeline\\{closure}()
#33 /var/www/html/laundryApp/vendor/laravel/framework/src/Illuminate/Routing/Router.php(805): Illuminate\\Pipeline\\Pipeline->then()
#34 /var/www/html/laundryApp/vendor/laravel/framework/src/Illuminate/Routing/Router.php(784): Illuminate\\Routing\\Router->runRouteWithinStack()
#35 /var/www/html/laundryApp/vendor/laravel/framework/src/Illuminate/Routing/Router.php(748): Illuminate\\Routing\\Router->runRoute()
#36 /var/www/html/laundryApp/vendor/laravel/framework/src/Illuminate/Routing/Router.php(737): Illuminate\\Routing\\Router->dispatchToRoute()
#37 /var/www/html/laundryApp/vendor/laravel/framework/src/Illuminate/Foundation/Http/Kernel.php(200): Illuminate\\Routing\\Router->dispatch()
#38 /var/www/html/laundryApp/vendor/laravel/framework/src/Illuminate/Pipeline/Pipeline.php(144): Illuminate\\Foundation\\Http\\Kernel->Illuminate\\Foundation\\Http\\{closure}()
#39 /var/www/html/laundryApp/vendor/laravel/framework/src/Illuminate/Foundation/Http/Middleware/TransformsRequest.php(21): Illuminate\\Pipeline\\Pipeline->Illuminate\\Pipeline\\{closure}()
#40 /var/www/html/laundryApp/vendor/laravel/framework/src/Illuminate/Foundation/Http/Middleware/ConvertEmptyStringsToNull.php(31): Illuminate\\Foundation\\Http\\Middleware\\TransformsRequest->handle()
#41 /var/www/html/laundryApp/vendor/laravel/framework/src/Illuminate/Pipeline/Pipeline.php(183): Illuminate\\Foundation\\Http\\Middleware\\ConvertEmptyStringsToNull->handle()
#42 /var/www/html/laundryApp/vendor/laravel/framework/src/Illuminate/Foundation/Http/Middleware/TransformsRequest.php(21): Illuminate\\Pipeline\\Pipeline->Illuminate\\Pipeline\\{closure}()
#43 /var/www/html/laundryApp/vendor/laravel/framework/src/Illuminate/Foundation/Http/Middleware/TrimStrings.php(40): Illuminate\\Foundation\\Http\\Middleware\\TransformsRequest->handle()
#44 /var/www/html/laundryApp/vendor/laravel/framework/src/Illuminate/Pipeline/Pipeline.php(183): Illuminate\\Foundation\\Http\\Middleware\\TrimStrings->handle()
#45 /var/www/html/laundryApp/vendor/laravel/framework/src/Illuminate/Foundation/Http/Middleware/ValidatePostSize.php(27): Illuminate\\Pipeline\\Pipeline->Illuminate\\Pipeline\\{closure}()
#46 /var/www/html/laundryApp/vendor/laravel/framework/src/Illuminate/Pipeline/Pipeline.php(183): Illuminate\\Foundation\\Http\\Middleware\\ValidatePostSize->handle()
#47 /var/www/html/laundryApp/vendor/laravel/framework/src/Illuminate/Foundation/Http/Middleware/PreventRequestsDuringMaintenance.php(99): Illuminate\\Pipeline\\Pipeline->Illuminate\\Pipeline\\{closure}()
#48 /var/www/html/laundryApp/vendor/laravel/framework/src/Illuminate/Pipeline/Pipeline.php(183): Illuminate\\Foundation\\Http\\Middleware\\PreventRequestsDuringMaintenance->handle()
#49 /var/www/html/laundryApp/vendor/laravel/framework/src/Illuminate/Http/Middleware/HandleCors.php(49): Illuminate\\Pipeline\\Pipeline->Illuminate\\Pipeline\\{closure}()
#50 /var/www/html/laundryApp/vendor/laravel/framework/src/Illuminate/Pipeline/Pipeline.php(183): Illuminate\\Http\\Middleware\\HandleCors->handle()
#51 /var/www/html/laundryApp/vendor/laravel/framework/src/Illuminate/Http/Middleware/TrustProxies.php(39): Illuminate\\Pipeline\\Pipeline->Illuminate\\Pipeline\\{closure}()
#52 /var/www/html/laundryApp/vendor/laravel/framework/src/Illuminate/Pipeline/Pipeline.php(183): Illuminate\\Http\\Middleware\\TrustProxies->handle()
#53 /var/www/html/laundryApp/vendor/laravel/framework/src/Illuminate/Pipeline/Pipeline.php(119): Illuminate\\Pipeline\\Pipeline->Illuminate\\Pipeline\\{closure}()
#54 /var/www/html/laundryApp/vendor/laravel/framework/src/Illuminate/Foundation/Http/Kernel.php(175): Illuminate\\Pipeline\\Pipeline->then()
#55 /var/www/html/laundryApp/vendor/laravel/framework/src/Illuminate/Foundation/Http/Kernel.php(144): Illuminate\\Foundation\\Http\\Kernel->sendRequestThroughRouter()
#56 /var/www/html/laundryApp/public/index.php(51): Illuminate\\Foundation\\Http\\Kernel->handle()
#57 /var/www/html/laundryApp/vendor/laravel/framework/src/Illuminate/Foundation/resources/server.php(16): require_once('...')
#58 {main}
"} 
[2025-12-11 16:33:17] local.ERROR: SQLSTATE[42S22]: Column not found: 1054 Unknown column 'ia.id' in 'field list' (Connection: mysql, SQL: select DATE_FORMAT(ia.created_at, '%Y-%m-%d %H:%i:%s') as updated_date, `p`.`product_name`, `p`.`sku`, `t`.`epc_code`, `l`.`location_name` as `location_name`, `ia`.`trans_type`, `ia`.`opening_stock`, `ia`.`inward`, `ia`.`outward`, `ia`.`adjust_qty`, `ia`.`closing_stock`, `ia`.`remarks`, `ia`.`status`, `t`.`life_cycles`, `ia`.`id` as `activity_id` from `inventory_activity` as `ia` inner join `products` as `p` on `p`.`id` = `ia`.`product_id` left join `rfid_tags` as `t` on `t`.`id` = `ia`.`inventory_id` left join `locations` as `l` on `l`.`location_id` = `p`.`location_id` where `ia`.`created_at` between 2025-11-11 00:00:00 and 2025-12-11 23:59:59 order by `ia`.`created_at` desc limit 100 offset 0) {"userId":51,"exception":"[object] (Illuminate\\Database\\QueryException(code: 42S22): SQLSTATE[42S22]: Column not found: 1054 Unknown column 'ia.id' in 'field list' (Connection: mysql, SQL: select DATE_FORMAT(ia.created_at, '%Y-%m-%d %H:%i:%s') as updated_date, `p`.`product_name`, `p`.`sku`, `t`.`epc_code`, `l`.`location_name` as `location_name`, `ia`.`trans_type`, `ia`.`opening_stock`, `ia`.`inward`, `ia`.`outward`, `ia`.`adjust_qty`, `ia`.`closing_stock`, `ia`.`remarks`, `ia`.`status`, `t`.`life_cycles`, `ia`.`id` as `activity_id` from `inventory_activity` as `ia` inner join `products` as `p` on `p`.`id` = `ia`.`product_id` left join `rfid_tags` as `t` on `t`.`id` = `ia`.`inventory_id` left join `locations` as `l` on `l`.`location_id` = `p`.`location_id` where `ia`.`created_at` between 2025-11-11 00:00:00 and 2025-12-11 23:59:59 order by `ia`.`created_at` desc limit 100 offset 0) at /var/www/html/laundryApp/vendor/laravel/framework/src/Illuminate/Database/Connection.php:829)
[stacktrace]
#0 /var/www/html/laundryApp/vendor/laravel/framework/src/Illuminate/Database/Connection.php(783): Illuminate\\Database\\Connection->runQueryCallback()
#1 /var/www/html/laundryApp/vendor/laravel/framework/src/Illuminate/Database/Connection.php(414): Illuminate\\Database\\Connection->run()
#2 /var/www/html/laundryApp/vendor/laravel/framework/src/Illuminate/Database/Query/Builder.php(2913): Illuminate\\Database\\Connection->select()
#3 /var/www/html/laundryApp/vendor/laravel/framework/src/Illuminate/Database/Query/Builder.php(2902): Illuminate\\Database\\Query\\Builder->runSelect()
#4 /var/www/html/laundryApp/vendor/laravel/framework/src/Illuminate/Database/Query/Builder.php(3456): Illuminate\\Database\\Query\\Builder->Illuminate\\Database\\Query\\{closure}()
#5 /var/www/html/laundryApp/vendor/laravel/framework/src/Illuminate/Database/Query/Builder.php(2901): Illuminate\\Database\\Query\\Builder->onceWithColumns()
#6 /var/www/html/laundryApp/app/Http/Controllers/dashboard/DashboardController.php(229): Illuminate\\Database\\Query\\Builder->get()
#7 /var/www/html/laundryApp/vendor/laravel/framework/src/Illuminate/Routing/Controller.php(54): App\\Http\\Controllers\\dashboard\\DashboardController->list()
#8 /var/www/html/laundryApp/vendor/laravel/framework/src/Illuminate/Routing/ControllerDispatcher.php(43): Illuminate\\Routing\\Controller->callAction()
#9 /var/www/html/laundryApp/vendor/laravel/framework/src/Illuminate/Routing/Route.php(259): Illuminate\\Routing\\ControllerDispatcher->dispatch()
#10 /var/www/html/laundryApp/vendor/laravel/framework/src/Illuminate/Routing/Route.php(205): Illuminate\\Routing\\Route->runController()
#11 /var/www/html/laundryApp/vendor/laravel/framework/src/Illuminate/Routing/Router.php(806): Illuminate\\Routing\\Route->run()
#12 /var/www/html/laundryApp/vendor/laravel/framework/src/Illuminate/Pipeline/Pipeline.php(144): Illuminate\\Routing\\Router->Illuminate\\Routing\\{closure}()
#13 /var/www/html/laundryApp/app/Http/Middleware/PreventBackHistory.php(17): Illuminate\\Pipeline\\Pipeline->Illuminate\\Pipeline\\{closure}()
#14 /var/www/html/laundryApp/vendor/laravel/framework/src/Illuminate/Pipeline/Pipeline.php(183): App\\Http\\Middleware\\PreventBackHistory->handle()
#15 /var/www/html/laundryApp/vendor/laravel/framework/src/Illuminate/Routing/Middleware/SubstituteBindings.php(50): Illuminate\\Pipeline\\Pipeline->Illuminate\\Pipeline\\{closure}()
#16 /var/www/html/laundryApp/vendor/laravel/framework/src/Illuminate/Pipeline/Pipeline.php(183): Illuminate\\Routing\\Middleware\\SubstituteBindings->handle()
#17 /var/www/html/laundryApp/vendor/laravel/framework/src/Illuminate/Auth/Middleware/Authenticate.php(57): Illuminate\\Pipeline\\Pipeline->Illuminate\\Pipeline\\{closure}()
#18 /var/www/html/laundryApp/vendor/laravel/framework/src/Illuminate/Pipeline/Pipeline.php(183): Illuminate\\Auth\\Middleware\\Authenticate->handle()
#19 /var/www/html/laundryApp/vendor/laravel/framework/src/Illuminate/Foundation/Http/Middleware/VerifyCsrfToken.php(78): Illuminate\\Pipeline\\Pipeline->Illuminate\\Pipeline\\{closure}()
#20 /var/www/html/laundryApp/vendor/laravel/framework/src/Illuminate/Pipeline/Pipeline.php(183): Illuminate\\Foundation\\Http\\Middleware\\VerifyCsrfToken->handle()
#21 /var/www/html/laundryApp/vendor/laravel/framework/src/Illuminate/View/Middleware/ShareErrorsFromSession.php(49): Illuminate\\Pipeline\\Pipeline->Illuminate\\Pipeline\\{closure}()
#22 /var/www/html/laundryApp/vendor/laravel/framework/src/Illuminate/Pipeline/Pipeline.php(183): Illuminate\\View\\Middleware\\ShareErrorsFromSession->handle()
#23 /var/www/html/laundryApp/vendor/laravel/framework/src/Illuminate/Session/Middleware/StartSession.php(121): Illuminate\\Pipeline\\Pipeline->Illuminate\\Pipeline\\{closure}()
#24 /var/www/html/laundryApp/vendor/laravel/framework/src/Illuminate/Session/Middleware/StartSession.php(64): Illuminate\\Session\\Middleware\\StartSession->handleStatefulRequest()
#25 /var/www/html/laundryApp/vendor/laravel/framework/src/Illuminate/Pipeline/Pipeline.php(183): Illuminate\\Session\\Middleware\\StartSession->handle()
#26 /var/www/html/laundryApp/vendor/laravel/framework/src/Illuminate/Cookie/Middleware/AddQueuedCookiesToResponse.php(37): Illuminate\\Pipeline\\Pipeline->Illuminate\\Pipeline\\{closure}()
#27 /var/www/html/laundryApp/vendor/laravel/framework/src/Illuminate/Pipeline/Pipeline.php(183): Illuminate\\Cookie\\Middleware\\AddQueuedCookiesToResponse->handle()
#28 /var/www/html/laundryApp/vendor/laravel/framework/src/Illuminate/Cookie/Middleware/EncryptCookies.php(67): Illuminate\\Pipeline\\Pipeline->Illuminate\\Pipeline\\{closure}()
#29 /var/www/html/laundryApp/vendor/laravel/framework/src/Illuminate/Pipeline/Pipeline.php(183): Illuminate\\Cookie\\Middleware\\EncryptCookies->handle()
#30 /var/www/html/laundryApp/vendor/laravel/framework/src/Illuminate/Pipeline/Pipeline.php(119): Illuminate\\Pipeline\\Pipeline->Illuminate\\Pipeline\\{closure}()
#31 /var/www/html/laundryApp/vendor/laravel/framework/src/Illuminate/Routing/Router.php(805): Illuminate\\Pipeline\\Pipeline->then()
#32 /var/www/html/laundryApp/vendor/laravel/framework/src/Illuminate/Routing/Router.php(784): Illuminate\\Routing\\Router->runRouteWithinStack()
#33 /var/www/html/laundryApp/vendor/laravel/framework/src/Illuminate/Routing/Router.php(748): Illuminate\\Routing\\Router->runRoute()
#34 /var/www/html/laundryApp/vendor/laravel/framework/src/Illuminate/Routing/Router.php(737): Illuminate\\Routing\\Router->dispatchToRoute()
#35 /var/www/html/laundryApp/vendor/laravel/framework/src/Illuminate/Foundation/Http/Kernel.php(200): Illuminate\\Routing\\Router->dispatch()
#36 /var/www/html/laundryApp/vendor/laravel/framework/src/Illuminate/Pipeline/Pipeline.php(144): Illuminate\\Foundation\\Http\\Kernel->Illuminate\\Foundation\\Http\\{closure}()
#37 /var/www/html/laundryApp/vendor/laravel/framework/src/Illuminate/Foundation/Http/Middleware/TransformsRequest.php(21): Illuminate\\Pipeline\\Pipeline->Illuminate\\Pipeline\\{closure}()
#38 /var/www/html/laundryApp/vendor/laravel/framework/src/Illuminate/Foundation/Http/Middleware/ConvertEmptyStringsToNull.php(31): Illuminate\\Foundation\\Http\\Middleware\\TransformsRequest->handle()
#39 /var/www/html/laundryApp/vendor/laravel/framework/src/Illuminate/Pipeline/Pipeline.php(183): Illuminate\\Foundation\\Http\\Middleware\\ConvertEmptyStringsToNull->handle()
#40 /var/www/html/laundryApp/vendor/laravel/framework/src/Illuminate/Foundation/Http/Middleware/TransformsRequest.php(21): Illuminate\\Pipeline\\Pipeline->Illuminate\\Pipeline\\{closure}()
#41 /var/www/html/laundryApp/vendor/laravel/framework/src/Illuminate/Foundation/Http/Middleware/TrimStrings.php(40): Illuminate\\Foundation\\Http\\Middleware\\TransformsRequest->handle()
#42 /var/www/html/laundryApp/vendor/laravel/framework/src/Illuminate/Pipeline/Pipeline.php(183): Illuminate\\Foundation\\Http\\Middleware\\TrimStrings->handle()
#43 /var/www/html/laundryApp/vendor/laravel/framework/src/Illuminate/Foundation/Http/Middleware/ValidatePostSize.php(27): Illuminate\\Pipeline\\Pipeline->Illuminate\\Pipeline\\{closure}()
#44 /var/www/html/laundryApp/vendor/laravel/framework/src/Illuminate/Pipeline/Pipeline.php(183): Illuminate\\Foundation\\Http\\Middleware\\ValidatePostSize->handle()
#45 /var/www/html/laundryApp/vendor/laravel/framework/src/Illuminate/Foundation/Http/Middleware/PreventRequestsDuringMaintenance.php(99): Illuminate\\Pipeline\\Pipeline->Illuminate\\Pipeline\\{closure}()
#46 /var/www/html/laundryApp/vendor/laravel/framework/src/Illuminate/Pipeline/Pipeline.php(183): Illuminate\\Foundation\\Http\\Middleware\\PreventRequestsDuringMaintenance->handle()
#47 /var/www/html/laundryApp/vendor/laravel/framework/src/Illuminate/Http/Middleware/HandleCors.php(49): Illuminate\\Pipeline\\Pipeline->Illuminate\\Pipeline\\{closure}()
#48 /var/www/html/laundryApp/vendor/laravel/framework/src/Illuminate/Pipeline/Pipeline.php(183): Illuminate\\Http\\Middleware\\HandleCors->handle()
#49 /var/www/html/laundryApp/vendor/laravel/framework/src/Illuminate/Http/Middleware/TrustProxies.php(39): Illuminate\\Pipeline\\Pipeline->Illuminate\\Pipeline\\{closure}()
#50 /var/www/html/laundryApp/vendor/laravel/framework/src/Illuminate/Pipeline/Pipeline.php(183): Illuminate\\Http\\Middleware\\TrustProxies->handle()
#51 /var/www/html/laundryApp/vendor/laravel/framework/src/Illuminate/Pipeline/Pipeline.php(119): Illuminate\\Pipeline\\Pipeline->Illuminate\\Pipeline\\{closure}()
#52 /var/www/html/laundryApp/vendor/laravel/framework/src/Illuminate/Foundation/Http/Kernel.php(175): Illuminate\\Pipeline\\Pipeline->then()
#53 /var/www/html/laundryApp/vendor/laravel/framework/src/Illuminate/Foundation/Http/Kernel.php(144): Illuminate\\Foundation\\Http\\Kernel->sendRequestThroughRouter()
#54 /var/www/html/laundryApp/public/index.php(51): Illuminate\\Foundation\\Http\\Kernel->handle()
#55 /var/www/html/laundryApp/vendor/laravel/framework/src/Illuminate/Foundation/resources/server.php(16): require_once('...')
#56 {main}

[previous exception] [object] (PDOException(code: 42S22): SQLSTATE[42S22]: Column not found: 1054 Unknown column 'ia.id' in 'field list' at /var/www/html/laundryApp/vendor/laravel/framework/src/Illuminate/Database/Connection.php:423)
[stacktrace]
#0 /var/www/html/laundryApp/vendor/laravel/framework/src/Illuminate/Database/Connection.php(423): PDO->prepare()
#1 /var/www/html/laundryApp/vendor/laravel/framework/src/Illuminate/Database/Connection.php(816): Illuminate\\Database\\Connection->Illuminate\\Database\\{closure}()
#2 /var/www/html/laundryApp/vendor/laravel/framework/src/Illuminate/Database/Connection.php(783): Illuminate\\Database\\Connection->runQueryCallback()
#3 /var/www/html/laundryApp/vendor/laravel/framework/src/Illuminate/Database/Connection.php(414): Illuminate\\Database\\Connection->run()
#4 /var/www/html/laundryApp/vendor/laravel/framework/src/Illuminate/Database/Query/Builder.php(2913): Illuminate\\Database\\Connection->select()
#5 /var/www/html/laundryApp/vendor/laravel/framework/src/Illuminate/Database/Query/Builder.php(2902): Illuminate\\Database\\Query\\Builder->runSelect()
#6 /var/www/html/laundryApp/vendor/laravel/framework/src/Illuminate/Database/Query/Builder.php(3456): Illuminate\\Database\\Query\\Builder->Illuminate\\Database\\Query\\{closure}()
#7 /var/www/html/laundryApp/vendor/laravel/framework/src/Illuminate/Database/Query/Builder.php(2901): Illuminate\\Database\\Query\\Builder->onceWithColumns()
#8 /var/www/html/laundryApp/app/Http/Controllers/dashboard/DashboardController.php(229): Illuminate\\Database\\Query\\Builder->get()
#9 /var/www/html/laundryApp/vendor/laravel/framework/src/Illuminate/Routing/Controller.php(54): App\\Http\\Controllers\\dashboard\\DashboardController->list()
#10 /var/www/html/laundryApp/vendor/laravel/framework/src/Illuminate/Routing/ControllerDispatcher.php(43): Illuminate\\Routing\\Controller->callAction()
#11 /var/www/html/laundryApp/vendor/laravel/framework/src/Illuminate/Routing/Route.php(259): Illuminate\\Routing\\ControllerDispatcher->dispatch()
#12 /var/www/html/laundryApp/vendor/laravel/framework/src/Illuminate/Routing/Route.php(205): Illuminate\\Routing\\Route->runController()
#13 /var/www/html/laundryApp/vendor/laravel/framework/src/Illuminate/Routing/Router.php(806): Illuminate\\Routing\\Route->run()
#14 /var/www/html/laundryApp/vendor/laravel/framework/src/Illuminate/Pipeline/Pipeline.php(144): Illuminate\\Routing\\Router->Illuminate\\Routing\\{closure}()
#15 /var/www/html/laundryApp/app/Http/Middleware/PreventBackHistory.php(17): Illuminate\\Pipeline\\Pipeline->Illuminate\\Pipeline\\{closure}()
#16 /var/www/html/laundryApp/vendor/laravel/framework/src/Illuminate/Pipeline/Pipeline.php(183): App\\Http\\Middleware\\PreventBackHistory->handle()
#17 /var/www/html/laundryApp/vendor/laravel/framework/src/Illuminate/Routing/Middleware/SubstituteBindings.php(50): Illuminate\\Pipeline\\Pipeline->Illuminate\\Pipeline\\{closure}()
#18 /var/www/html/laundryApp/vendor/laravel/framework/src/Illuminate/Pipeline/Pipeline.php(183): Illuminate\\Routing\\Middleware\\SubstituteBindings->handle()
#19 /var/www/html/laundryApp/vendor/laravel/framework/src/Illuminate/Auth/Middleware/Authenticate.php(57): Illuminate\\Pipeline\\Pipeline->Illuminate\\Pipeline\\{closure}()
#20 /var/www/html/laundryApp/vendor/laravel/framework/src/Illuminate/Pipeline/Pipeline.php(183): Illuminate\\Auth\\Middleware\\Authenticate->handle()
#21 /var/www/html/laundryApp/vendor/laravel/framework/src/Illuminate/Foundation/Http/Middleware/VerifyCsrfToken.php(78): Illuminate\\Pipeline\\Pipeline->Illuminate\\Pipeline\\{closure}()
#22 /var/www/html/laundryApp/vendor/laravel/framework/src/Illuminate/Pipeline/Pipeline.php(183): Illuminate\\Foundation\\Http\\Middleware\\VerifyCsrfToken->handle()
#23 /var/www/html/laundryApp/vendor/laravel/framework/src/Illuminate/View/Middleware/ShareErrorsFromSession.php(49): Illuminate\\Pipeline\\Pipeline->Illuminate\\Pipeline\\{closure}()
#24 /var/www/html/laundryApp/vendor/laravel/framework/src/Illuminate/Pipeline/Pipeline.php(183): Illuminate\\View\\Middleware\\ShareErrorsFromSession->handle()
#25 /var/www/html/laundryApp/vendor/laravel/framework/src/Illuminate/Session/Middleware/StartSession.php(121): Illuminate\\Pipeline\\Pipeline->Illuminate\\Pipeline\\{closure}()
#26 /var/www/html/laundryApp/vendor/laravel/framework/src/Illuminate/Session/Middleware/StartSession.php(64): Illuminate\\Session\\Middleware\\StartSession->handleStatefulRequest()
#27 /var/www/html/laundryApp/vendor/laravel/framework/src/Illuminate/Pipeline/Pipeline.php(183): Illuminate\\Session\\Middleware\\StartSession->handle()
#28 /var/www/html/laundryApp/vendor/laravel/framework/src/Illuminate/Cookie/Middleware/AddQueuedCookiesToResponse.php(37): Illuminate\\Pipeline\\Pipeline->Illuminate\\Pipeline\\{closure}()
#29 /var/www/html/laundryApp/vendor/laravel/framework/src/Illuminate/Pipeline/Pipeline.php(183): Illuminate\\Cookie\\Middleware\\AddQueuedCookiesToResponse->handle()
#30 /var/www/html/laundryApp/vendor/laravel/framework/src/Illuminate/Cookie/Middleware/EncryptCookies.php(67): Illuminate\\Pipeline\\Pipeline->Illuminate\\Pipeline\\{closure}()
#31 /var/www/html/laundryApp/vendor/laravel/framework/src/Illuminate/Pipeline/Pipeline.php(183): Illuminate\\Cookie\\Middleware\\EncryptCookies->handle()
#32 /var/www/html/laundryApp/vendor/laravel/framework/src/Illuminate/Pipeline/Pipeline.php(119): Illuminate\\Pipeline\\Pipeline->Illuminate\\Pipeline\\{closure}()
#33 /var/www/html/laundryApp/vendor/laravel/framework/src/Illuminate/Routing/Router.php(805): Illuminate\\Pipeline\\Pipeline->then()
#34 /var/www/html/laundryApp/vendor/laravel/framework/src/Illuminate/Routing/Router.php(784): Illuminate\\Routing\\Router->runRouteWithinStack()
#35 /var/www/html/laundryApp/vendor/laravel/framework/src/Illuminate/Routing/Router.php(748): Illuminate\\Routing\\Router->runRoute()
#36 /var/www/html/laundryApp/vendor/laravel/framework/src/Illuminate/Routing/Router.php(737): Illuminate\\Routing\\Router->dispatchToRoute()
#37 /var/www/html/laundryApp/vendor/laravel/framework/src/Illuminate/Foundation/Http/Kernel.php(200): Illuminate\\Routing\\Router->dispatch()
#38 /var/www/html/laundryApp/vendor/laravel/framework/src/Illuminate/Pipeline/Pipeline.php(144): Illuminate\\Foundation\\Http\\Kernel->Illuminate\\Foundation\\Http\\{closure}()
#39 /var/www/html/laundryApp/vendor/laravel/framework/src/Illuminate/Foundation/Http/Middleware/TransformsRequest.php(21): Illuminate\\Pipeline\\Pipeline->Illuminate\\Pipeline\\{closure}()
#40 /var/www/html/laundryApp/vendor/laravel/framework/src/Illuminate/Foundation/Http/Middleware/ConvertEmptyStringsToNull.php(31): Illuminate\\Foundation\\Http\\Middleware\\TransformsRequest->handle()
#41 /var/www/html/laundryApp/vendor/laravel/framework/src/Illuminate/Pipeline/Pipeline.php(183): Illuminate\\Foundation\\Http\\Middleware\\ConvertEmptyStringsToNull->handle()
#42 /var/www/html/laundryApp/vendor/laravel/framework/src/Illuminate/Foundation/Http/Middleware/TransformsRequest.php(21): Illuminate\\Pipeline\\Pipeline->Illuminate\\Pipeline\\{closure}()
#43 /var/www/html/laundryApp/vendor/laravel/framework/src/Illuminate/Foundation/Http/Middleware/TrimStrings.php(40): Illuminate\\Foundation\\Http\\Middleware\\TransformsRequest->handle()
#44 /var/www/html/laundryApp/vendor/laravel/framework/src/Illuminate/Pipeline/Pipeline.php(183): Illuminate\\Foundation\\Http\\Middleware\\TrimStrings->handle()
#45 /var/www/html/laundryApp/vendor/laravel/framework/src/Illuminate/Foundation/Http/Middleware/ValidatePostSize.php(27): Illuminate\\Pipeline\\Pipeline->Illuminate\\Pipeline\\{closure}()
#46 /var/www/html/laundryApp/vendor/laravel/framework/src/Illuminate/Pipeline/Pipeline.php(183): Illuminate\\Foundation\\Http\\Middleware\\ValidatePostSize->handle()
#47 /var/www/html/laundryApp/vendor/laravel/framework/src/Illuminate/Foundation/Http/Middleware/PreventRequestsDuringMaintenance.php(99): Illuminate\\Pipeline\\Pipeline->Illuminate\\Pipeline\\{closure}()
#48 /var/www/html/laundryApp/vendor/laravel/framework/src/Illuminate/Pipeline/Pipeline.php(183): Illuminate\\Foundation\\Http\\Middleware\\PreventRequestsDuringMaintenance->handle()
#49 /var/www/html/laundryApp/vendor/laravel/framework/src/Illuminate/Http/Middleware/HandleCors.php(49): Illuminate\\Pipeline\\Pipeline->Illuminate\\Pipeline\\{closure}()
#50 /var/www/html/laundryApp/vendor/laravel/framework/src/Illuminate/Pipeline/Pipeline.php(183): Illuminate\\Http\\Middleware\\HandleCors->handle()
#51 /var/www/html/laundryApp/vendor/laravel/framework/src/Illuminate/Http/Middleware/TrustProxies.php(39): Illuminate\\Pipeline\\Pipeline->Illuminate\\Pipeline\\{closure}()
#52 /var/www/html/laundryApp/vendor/laravel/framework/src/Illuminate/Pipeline/Pipeline.php(183): Illuminate\\Http\\Middleware\\TrustProxies->handle()
#53 /var/www/html/laundryApp/vendor/laravel/framework/src/Illuminate/Pipeline/Pipeline.php(119): Illuminate\\Pipeline\\Pipeline->Illuminate\\Pipeline\\{closure}()
#54 /var/www/html/laundryApp/vendor/laravel/framework/src/Illuminate/Foundation/Http/Kernel.php(175): Illuminate\\Pipeline\\Pipeline->then()
#55 /var/www/html/laundryApp/vendor/laravel/framework/src/Illuminate/Foundation/Http/Kernel.php(144): Illuminate\\Foundation\\Http\\Kernel->sendRequestThroughRouter()
#56 /var/www/html/laundryApp/public/index.php(51): Illuminate\\Foundation\\Http\\Kernel->handle()
#57 /var/www/html/laundryApp/vendor/laravel/framework/src/Illuminate/Foundation/resources/server.php(16): require_once('...')
#58 {main}
"} 
[2025-12-11 16:34:16] local.ERROR: Route [inventory.activity.view] not defined. {"userId":51,"exception":"[object] (Symfony\\Component\\Routing\\Exception\\RouteNotFoundException(code: 0): Route [inventory.activity.view] not defined. at /var/www/html/laundryApp/vendor/laravel/framework/src/Illuminate/Routing/UrlGenerator.php:477)
[stacktrace]
#0 /var/www/html/laundryApp/vendor/laravel/framework/src/Illuminate/Foundation/helpers.php(811): Illuminate\\Routing\\UrlGenerator->route()
#1 /var/www/html/laundryApp/app/Http/Controllers/dashboard/DashboardController.php(94): route()
#2 /var/www/html/laundryApp/app/Http/Controllers/dashboard/DashboardController.php(234): App\\Http\\Controllers\\dashboard\\DashboardController->tableHeaderRowData()
#3 /var/www/html/laundryApp/vendor/laravel/framework/src/Illuminate/Routing/Controller.php(54): App\\Http\\Controllers\\dashboard\\DashboardController->list()
#4 /var/www/html/laundryApp/vendor/laravel/framework/src/Illuminate/Routing/ControllerDispatcher.php(43): Illuminate\\Routing\\Controller->callAction()
#5 /var/www/html/laundryApp/vendor/laravel/framework/src/Illuminate/Routing/Route.php(259): Illuminate\\Routing\\ControllerDispatcher->dispatch()
#6 /var/www/html/laundryApp/vendor/laravel/framework/src/Illuminate/Routing/Route.php(205): Illuminate\\Routing\\Route->runController()
#7 /var/www/html/laundryApp/vendor/laravel/framework/src/Illuminate/Routing/Router.php(806): Illuminate\\Routing\\Route->run()
#8 /var/www/html/laundryApp/vendor/laravel/framework/src/Illuminate/Pipeline/Pipeline.php(144): Illuminate\\Routing\\Router->Illuminate\\Routing\\{closure}()
#9 /var/www/html/laundryApp/app/Http/Middleware/PreventBackHistory.php(17): Illuminate\\Pipeline\\Pipeline->Illuminate\\Pipeline\\{closure}()
#10 /var/www/html/laundryApp/vendor/laravel/framework/src/Illuminate/Pipeline/Pipeline.php(183): App\\Http\\Middleware\\PreventBackHistory->handle()
#11 /var/www/html/laundryApp/vendor/laravel/framework/src/Illuminate/Routing/Middleware/SubstituteBindings.php(50): Illuminate\\Pipeline\\Pipeline->Illuminate\\Pipeline\\{closure}()
#12 /var/www/html/laundryApp/vendor/laravel/framework/src/Illuminate/Pipeline/Pipeline.php(183): Illuminate\\Routing\\Middleware\\SubstituteBindings->handle()
#13 /var/www/html/laundryApp/vendor/laravel/framework/src/Illuminate/Auth/Middleware/Authenticate.php(57): Illuminate\\Pipeline\\Pipeline->Illuminate\\Pipeline\\{closure}()
#14 /var/www/html/laundryApp/vendor/laravel/framework/src/Illuminate/Pipeline/Pipeline.php(183): Illuminate\\Auth\\Middleware\\Authenticate->handle()
#15 /var/www/html/laundryApp/vendor/laravel/framework/src/Illuminate/Foundation/Http/Middleware/VerifyCsrfToken.php(78): Illuminate\\Pipeline\\Pipeline->Illuminate\\Pipeline\\{closure}()
#16 /var/www/html/laundryApp/vendor/laravel/framework/src/Illuminate/Pipeline/Pipeline.php(183): Illuminate\\Foundation\\Http\\Middleware\\VerifyCsrfToken->handle()
#17 /var/www/html/laundryApp/vendor/laravel/framework/src/Illuminate/View/Middleware/ShareErrorsFromSession.php(49): Illuminate\\Pipeline\\Pipeline->Illuminate\\Pipeline\\{closure}()
#18 /var/www/html/laundryApp/vendor/laravel/framework/src/Illuminate/Pipeline/Pipeline.php(183): Illuminate\\View\\Middleware\\ShareErrorsFromSession->handle()
#19 /var/www/html/laundryApp/vendor/laravel/framework/src/Illuminate/Session/Middleware/StartSession.php(121): Illuminate\\Pipeline\\Pipeline->Illuminate\\Pipeline\\{closure}()
#20 /var/www/html/laundryApp/vendor/laravel/framework/src/Illuminate/Session/Middleware/StartSession.php(64): Illuminate\\Session\\Middleware\\StartSession->handleStatefulRequest()
#21 /var/www/html/laundryApp/vendor/laravel/framework/src/Illuminate/Pipeline/Pipeline.php(183): Illuminate\\Session\\Middleware\\StartSession->handle()
#22 /var/www/html/laundryApp/vendor/laravel/framework/src/Illuminate/Cookie/Middleware/AddQueuedCookiesToResponse.php(37): Illuminate\\Pipeline\\Pipeline->Illuminate\\Pipeline\\{closure}()
#23 /var/www/html/laundryApp/vendor/laravel/framework/src/Illuminate/Pipeline/Pipeline.php(183): Illuminate\\Cookie\\Middleware\\AddQueuedCookiesToResponse->handle()
#24 /var/www/html/laundryApp/vendor/laravel/framework/src/Illuminate/Cookie/Middleware/EncryptCookies.php(67): Illuminate\\Pipeline\\Pipeline->Illuminate\\Pipeline\\{closure}()
#25 /var/www/html/laundryApp/vendor/laravel/framework/src/Illuminate/Pipeline/Pipeline.php(183): Illuminate\\Cookie\\Middleware\\EncryptCookies->handle()
#26 /var/www/html/laundryApp/vendor/laravel/framework/src/Illuminate/Pipeline/Pipeline.php(119): Illuminate\\Pipeline\\Pipeline->Illuminate\\Pipeline\\{closure}()
#27 /var/www/html/laundryApp/vendor/laravel/framework/src/Illuminate/Routing/Router.php(805): Illuminate\\Pipeline\\Pipeline->then()
#28 /var/www/html/laundryApp/vendor/laravel/framework/src/Illuminate/Routing/Router.php(784): Illuminate\\Routing\\Router->runRouteWithinStack()
#29 /var/www/html/laundryApp/vendor/laravel/framework/src/Illuminate/Routing/Router.php(748): Illuminate\\Routing\\Router->runRoute()
#30 /var/www/html/laundryApp/vendor/laravel/framework/src/Illuminate/Routing/Router.php(737): Illuminate\\Routing\\Router->dispatchToRoute()
#31 /var/www/html/laundryApp/vendor/laravel/framework/src/Illuminate/Foundation/Http/Kernel.php(200): Illuminate\\Routing\\Router->dispatch()
#32 /var/www/html/laundryApp/vendor/laravel/framework/src/Illuminate/Pipeline/Pipeline.php(144): Illuminate\\Foundation\\Http\\Kernel->Illuminate\\Foundation\\Http\\{closure}()
#33 /var/www/html/laundryApp/vendor/laravel/framework/src/Illuminate/Foundation/Http/Middleware/TransformsRequest.php(21): Illuminate\\Pipeline\\Pipeline->Illuminate\\Pipeline\\{closure}()
#34 /var/www/html/laundryApp/vendor/laravel/framework/src/Illuminate/Foundation/Http/Middleware/ConvertEmptyStringsToNull.php(31): Illuminate\\Foundation\\Http\\Middleware\\TransformsRequest->handle()
#35 /var/www/html/laundryApp/vendor/laravel/framework/src/Illuminate/Pipeline/Pipeline.php(183): Illuminate\\Foundation\\Http\\Middleware\\ConvertEmptyStringsToNull->handle()
#36 /var/www/html/laundryApp/vendor/laravel/framework/src/Illuminate/Foundation/Http/Middleware/TransformsRequest.php(21): Illuminate\\Pipeline\\Pipeline->Illuminate\\Pipeline\\{closure}()
#37 /var/www/html/laundryApp/vendor/laravel/framework/src/Illuminate/Foundation/Http/Middleware/TrimStrings.php(40): Illuminate\\Foundation\\Http\\Middleware\\TransformsRequest->handle()
#38 /var/www/html/laundryApp/vendor/laravel/framework/src/Illuminate/Pipeline/Pipeline.php(183): Illuminate\\Foundation\\Http\\Middleware\\TrimStrings->handle()
#39 /var/www/html/laundryApp/vendor/laravel/framework/src/Illuminate/Foundation/Http/Middleware/ValidatePostSize.php(27): Illuminate\\Pipeline\\Pipeline->Illuminate\\Pipeline\\{closure}()
#40 /var/www/html/laundryApp/vendor/laravel/framework/src/Illuminate/Pipeline/Pipeline.php(183): Illuminate\\Foundation\\Http\\Middleware\\ValidatePostSize->handle()
#41 /var/www/html/laundryApp/vendor/laravel/framework/src/Illuminate/Foundation/Http/Middleware/PreventRequestsDuringMaintenance.php(99): Illuminate\\Pipeline\\Pipeline->Illuminate\\Pipeline\\{closure}()
#42 /var/www/html/laundryApp/vendor/laravel/framework/src/Illuminate/Pipeline/Pipeline.php(183): Illuminate\\Foundation\\Http\\Middleware\\PreventRequestsDuringMaintenance->handle()
#43 /var/www/html/laundryApp/vendor/laravel/framework/src/Illuminate/Http/Middleware/HandleCors.php(49): Illuminate\\Pipeline\\Pipeline->Illuminate\\Pipeline\\{closure}()
#44 /var/www/html/laundryApp/vendor/laravel/framework/src/Illuminate/Pipeline/Pipeline.php(183): Illuminate\\Http\\Middleware\\HandleCors->handle()
#45 /var/www/html/laundryApp/vendor/laravel/framework/src/Illuminate/Http/Middleware/TrustProxies.php(39): Illuminate\\Pipeline\\Pipeline->Illuminate\\Pipeline\\{closure}()
#46 /var/www/html/laundryApp/vendor/laravel/framework/src/Illuminate/Pipeline/Pipeline.php(183): Illuminate\\Http\\Middleware\\TrustProxies->handle()
#47 /var/www/html/laundryApp/vendor/laravel/framework/src/Illuminate/Pipeline/Pipeline.php(119): Illuminate\\Pipeline\\Pipeline->Illuminate\\Pipeline\\{closure}()
#48 /var/www/html/laundryApp/vendor/laravel/framework/src/Illuminate/Foundation/Http/Kernel.php(175): Illuminate\\Pipeline\\Pipeline->then()
#49 /var/www/html/laundryApp/vendor/laravel/framework/src/Illuminate/Foundation/Http/Kernel.php(144): Illuminate\\Foundation\\Http\\Kernel->sendRequestThroughRouter()
#50 /var/www/html/laundryApp/public/index.php(51): Illuminate\\Foundation\\Http\\Kernel->handle()
#51 /var/www/html/laundryApp/vendor/laravel/framework/src/Illuminate/Foundation/resources/server.php(16): require_once('...')
#52 {main}
"} 
[2025-12-11 16:34:43] local.ERROR: Route [inventory.activity.view] not defined. {"userId":51,"exception":"[object] (Symfony\\Component\\Routing\\Exception\\RouteNotFoundException(code: 0): Route [inventory.activity.view] not defined. at /var/www/html/laundryApp/vendor/laravel/framework/src/Illuminate/Routing/UrlGenerator.php:477)
[stacktrace]
#0 /var/www/html/laundryApp/vendor/laravel/framework/src/Illuminate/Foundation/helpers.php(811): Illuminate\\Routing\\UrlGenerator->route()
#1 /var/www/html/laundryApp/app/Http/Controllers/dashboard/DashboardController.php(94): route()
#2 /var/www/html/laundryApp/app/Http/Controllers/dashboard/DashboardController.php(234): App\\Http\\Controllers\\dashboard\\DashboardController->tableHeaderRowData()
#3 /var/www/html/laundryApp/vendor/laravel/framework/src/Illuminate/Routing/Controller.php(54): App\\Http\\Controllers\\dashboard\\DashboardController->list()
#4 /var/www/html/laundryApp/vendor/laravel/framework/src/Illuminate/Routing/ControllerDispatcher.php(43): Illuminate\\Routing\\Controller->callAction()
#5 /var/www/html/laundryApp/vendor/laravel/framework/src/Illuminate/Routing/Route.php(259): Illuminate\\Routing\\ControllerDispatcher->dispatch()
#6 /var/www/html/laundryApp/vendor/laravel/framework/src/Illuminate/Routing/Route.php(205): Illuminate\\Routing\\Route->runController()
#7 /var/www/html/laundryApp/vendor/laravel/framework/src/Illuminate/Routing/Router.php(806): Illuminate\\Routing\\Route->run()
#8 /var/www/html/laundryApp/vendor/laravel/framework/src/Illuminate/Pipeline/Pipeline.php(144): Illuminate\\Routing\\Router->Illuminate\\Routing\\{closure}()
#9 /var/www/html/laundryApp/app/Http/Middleware/PreventBackHistory.php(17): Illuminate\\Pipeline\\Pipeline->Illuminate\\Pipeline\\{closure}()
#10 /var/www/html/laundryApp/vendor/laravel/framework/src/Illuminate/Pipeline/Pipeline.php(183): App\\Http\\Middleware\\PreventBackHistory->handle()
#11 /var/www/html/laundryApp/vendor/laravel/framework/src/Illuminate/Routing/Middleware/SubstituteBindings.php(50): Illuminate\\Pipeline\\Pipeline->Illuminate\\Pipeline\\{closure}()
#12 /var/www/html/laundryApp/vendor/laravel/framework/src/Illuminate/Pipeline/Pipeline.php(183): Illuminate\\Routing\\Middleware\\SubstituteBindings->handle()
#13 /var/www/html/laundryApp/vendor/laravel/framework/src/Illuminate/Auth/Middleware/Authenticate.php(57): Illuminate\\Pipeline\\Pipeline->Illuminate\\Pipeline\\{closure}()
#14 /var/www/html/laundryApp/vendor/laravel/framework/src/Illuminate/Pipeline/Pipeline.php(183): Illuminate\\Auth\\Middleware\\Authenticate->handle()
#15 /var/www/html/laundryApp/vendor/laravel/framework/src/Illuminate/Foundation/Http/Middleware/VerifyCsrfToken.php(78): Illuminate\\Pipeline\\Pipeline->Illuminate\\Pipeline\\{closure}()
#16 /var/www/html/laundryApp/vendor/laravel/framework/src/Illuminate/Pipeline/Pipeline.php(183): Illuminate\\Foundation\\Http\\Middleware\\VerifyCsrfToken->handle()
#17 /var/www/html/laundryApp/vendor/laravel/framework/src/Illuminate/View/Middleware/ShareErrorsFromSession.php(49): Illuminate\\Pipeline\\Pipeline->Illuminate\\Pipeline\\{closure}()
#18 /var/www/html/laundryApp/vendor/laravel/framework/src/Illuminate/Pipeline/Pipeline.php(183): Illuminate\\View\\Middleware\\ShareErrorsFromSession->handle()
#19 /var/www/html/laundryApp/vendor/laravel/framework/src/Illuminate/Session/Middleware/StartSession.php(121): Illuminate\\Pipeline\\Pipeline->Illuminate\\Pipeline\\{closure}()
#20 /var/www/html/laundryApp/vendor/laravel/framework/src/Illuminate/Session/Middleware/StartSession.php(64): Illuminate\\Session\\Middleware\\StartSession->handleStatefulRequest()
#21 /var/www/html/laundryApp/vendor/laravel/framework/src/Illuminate/Pipeline/Pipeline.php(183): Illuminate\\Session\\Middleware\\StartSession->handle()
#22 /var/www/html/laundryApp/vendor/laravel/framework/src/Illuminate/Cookie/Middleware/AddQueuedCookiesToResponse.php(37): Illuminate\\Pipeline\\Pipeline->Illuminate\\Pipeline\\{closure}()
#23 /var/www/html/laundryApp/vendor/laravel/framework/src/Illuminate/Pipeline/Pipeline.php(183): Illuminate\\Cookie\\Middleware\\AddQueuedCookiesToResponse->handle()
#24 /var/www/html/laundryApp/vendor/laravel/framework/src/Illuminate/Cookie/Middleware/EncryptCookies.php(67): Illuminate\\Pipeline\\Pipeline->Illuminate\\Pipeline\\{closure}()
#25 /var/www/html/laundryApp/vendor/laravel/framework/src/Illuminate/Pipeline/Pipeline.php(183): Illuminate\\Cookie\\Middleware\\EncryptCookies->handle()
#26 /var/www/html/laundryApp/vendor/laravel/framework/src/Illuminate/Pipeline/Pipeline.php(119): Illuminate\\Pipeline\\Pipeline->Illuminate\\Pipeline\\{closure}()
#27 /var/www/html/laundryApp/vendor/laravel/framework/src/Illuminate/Routing/Router.php(805): Illuminate\\Pipeline\\Pipeline->then()
#28 /var/www/html/laundryApp/vendor/laravel/framework/src/Illuminate/Routing/Router.php(784): Illuminate\\Routing\\Router->runRouteWithinStack()
#29 /var/www/html/laundryApp/vendor/laravel/framework/src/Illuminate/Routing/Router.php(748): Illuminate\\Routing\\Router->runRoute()
#30 /var/www/html/laundryApp/vendor/laravel/framework/src/Illuminate/Routing/Router.php(737): Illuminate\\Routing\\Router->dispatchToRoute()
#31 /var/www/html/laundryApp/vendor/laravel/framework/src/Illuminate/Foundation/Http/Kernel.php(200): Illuminate\\Routing\\Router->dispatch()
#32 /var/www/html/laundryApp/vendor/laravel/framework/src/Illuminate/Pipeline/Pipeline.php(144): Illuminate\\Foundation\\Http\\Kernel->Illuminate\\Foundation\\Http\\{closure}()
#33 /var/www/html/laundryApp/vendor/laravel/framework/src/Illuminate/Foundation/Http/Middleware/TransformsRequest.php(21): Illuminate\\Pipeline\\Pipeline->Illuminate\\Pipeline\\{closure}()
#34 /var/www/html/laundryApp/vendor/laravel/framework/src/Illuminate/Foundation/Http/Middleware/ConvertEmptyStringsToNull.php(31): Illuminate\\Foundation\\Http\\Middleware\\TransformsRequest->handle()
#35 /var/www/html/laundryApp/vendor/laravel/framework/src/Illuminate/Pipeline/Pipeline.php(183): Illuminate\\Foundation\\Http\\Middleware\\ConvertEmptyStringsToNull->handle()
#36 /var/www/html/laundryApp/vendor/laravel/framework/src/Illuminate/Foundation/Http/Middleware/TransformsRequest.php(21): Illuminate\\Pipeline\\Pipeline->Illuminate\\Pipeline\\{closure}()
#37 /var/www/html/laundryApp/vendor/laravel/framework/src/Illuminate/Foundation/Http/Middleware/TrimStrings.php(40): Illuminate\\Foundation\\Http\\Middleware\\TransformsRequest->handle()
#38 /var/www/html/laundryApp/vendor/laravel/framework/src/Illuminate/Pipeline/Pipeline.php(183): Illuminate\\Foundation\\Http\\Middleware\\TrimStrings->handle()
#39 /var/www/html/laundryApp/vendor/laravel/framework/src/Illuminate/Foundation/Http/Middleware/ValidatePostSize.php(27): Illuminate\\Pipeline\\Pipeline->Illuminate\\Pipeline\\{closure}()
#40 /var/www/html/laundryApp/vendor/laravel/framework/src/Illuminate/Pipeline/Pipeline.php(183): Illuminate\\Foundation\\Http\\Middleware\\ValidatePostSize->handle()
#41 /var/www/html/laundryApp/vendor/laravel/framework/src/Illuminate/Foundation/Http/Middleware/PreventRequestsDuringMaintenance.php(99): Illuminate\\Pipeline\\Pipeline->Illuminate\\Pipeline\\{closure}()
#42 /var/www/html/laundryApp/vendor/laravel/framework/src/Illuminate/Pipeline/Pipeline.php(183): Illuminate\\Foundation\\Http\\Middleware\\PreventRequestsDuringMaintenance->handle()
#43 /var/www/html/laundryApp/vendor/laravel/framework/src/Illuminate/Http/Middleware/HandleCors.php(49): Illuminate\\Pipeline\\Pipeline->Illuminate\\Pipeline\\{closure}()
#44 /var/www/html/laundryApp/vendor/laravel/framework/src/Illuminate/Pipeline/Pipeline.php(183): Illuminate\\Http\\Middleware\\HandleCors->handle()
#45 /var/www/html/laundryApp/vendor/laravel/framework/src/Illuminate/Http/Middleware/TrustProxies.php(39): Illuminate\\Pipeline\\Pipeline->Illuminate\\Pipeline\\{closure}()
#46 /var/www/html/laundryApp/vendor/laravel/framework/src/Illuminate/Pipeline/Pipeline.php(183): Illuminate\\Http\\Middleware\\TrustProxies->handle()
#47 /var/www/html/laundryApp/vendor/laravel/framework/src/Illuminate/Pipeline/Pipeline.php(119): Illuminate\\Pipeline\\Pipeline->Illuminate\\Pipeline\\{closure}()
#48 /var/www/html/laundryApp/vendor/laravel/framework/src/Illuminate/Foundation/Http/Kernel.php(175): Illuminate\\Pipeline\\Pipeline->then()
#49 /var/www/html/laundryApp/vendor/laravel/framework/src/Illuminate/Foundation/Http/Kernel.php(144): Illuminate\\Foundation\\Http\\Kernel->sendRequestThroughRouter()
#50 /var/www/html/laundryApp/public/index.php(51): Illuminate\\Foundation\\Http\\Kernel->handle()
#51 /var/www/html/laundryApp/vendor/laravel/framework/src/Illuminate/Foundation/resources/server.php(16): require_once('...')
#52 {main}
"} 
[2025-12-11 16:39:28] local.INFO: Fetching tag details for EPC: E2806A960000502D20A3BC7B  
[2025-12-11 16:39:28] local.INFO: tagDetailsByEpc response: {"success":true,"message":"Tag details loaded","inventory":{"id":17,"epc_code":"E2806A960000502D20A3BC7B","tag_code":null,"product_id":5,"location_id":3,"status":"dirty","status_text":"Inactive","last_scanned_at":"2025-12-10T07:01:19.000000Z","mapped_at":"2025-12-10T11:23:38.000000Z","product_name":"Blanket","product_code":"","category":"Blanket","sku":"SKU-BED-04"}}  
[2025-12-11 16:40:06] local.INFO: --- CHECK UPDATE CALLED --- {"incoming_request":{"current_version_code":1,"device_id":"d5ee7f87f3ada95d"}} 
[2025-12-11 16:40:06] local.INFO: Validated request {"device_id":"d5ee7f87f3ada95d","current_version_code":1} 
[2025-12-11 16:40:06] local.INFO: Device found {"device_id":"d5ee7f87f3ada95d","registered_version_code":1,"is_update_required_flag":0} 
[2025-12-11 16:40:06] local.INFO: Device is up to date {"device_id":"d5ee7f87f3ada95d","current_version":1} 
[2025-12-11 16:58:49] local.INFO: User login attempt {"license_key":"D5EE-T629K9-1C22-4A66-44F8","username":"admin"} 
[2025-12-11 16:58:49] local.INFO: User login response data {"user_id":51,"data":{"user":{"name":"Bangalore admin","email":"admin@gmail.com","user_code":"USR-ADKU1CW","location_id":3,"location_name":"Electronic City","working_stages":[],"role":{"App\\Models\\user_management\\Role":{"role_id":13,"role_name":"Palnt Admin","role_code":"ROL-ADIN9A3"}},"api_key":"XDdZMI4IrtC0Wc4XsJI5vzjLrVdrY2U4en3me1ckxhKZDGgnge2VUVbeTHJO"},"permissions":{"users":["create.users","view.users","edit.users","delete.users"],"dashboard":["view.dashboard_admin"],"config_settings":["create.config_settings","view.config_settings","edit.config_settings","delete.config_settings"],"products":["view.products","create.products","edit.products","delete.products"],"reports":["view.reports"],"locations":["locations.view","locations.edit"],"inventory":["view.inventory","create.inventory","edit.inventory","delete.inventory","write.inventory","lock.inventory"]},"token":"814|h8fCRd1Dv9bhr0T9l3Mumg4m5PTI0Y8opMfHBFXl88a89650"}} 
[2025-12-11 16:58:49] local.INFO: User login successful {"user_id":51,"license_key":"D5EE-T629K9-1C22-4A66-44F8"} 
[2025-12-11 16:58:52] local.INFO: --- CHECK UPDATE CALLED --- {"incoming_request":{"current_version_code":1,"device_id":"d5ee7f87f3ada95d"}} 
[2025-12-11 16:58:52] local.INFO: Validated request {"device_id":"d5ee7f87f3ada95d","current_version_code":1} 
[2025-12-11 16:58:52] local.INFO: Device found {"device_id":"d5ee7f87f3ada95d","registered_version_code":1,"is_update_required_flag":0} 
[2025-12-11 16:58:52] local.INFO: Device is up to date {"device_id":"d5ee7f87f3ada95d","current_version":1} 
[2025-12-11 16:59:20] local.INFO: Fetching tag details for EPC: E2801170000002136AA2DD1F  
[2025-12-11 16:59:45] local.INFO: Fetching tag details for EPC: E2801170000002136AA2DD2F  
[2025-12-11 18:27:51] local.INFO: --- CHECK UPDATE CALLED --- {"incoming_request":{"current_version_code":1,"device_id":"d5ee7f87f3ada95d"}} 
[2025-12-11 18:27:51] local.INFO: Validated request {"device_id":"d5ee7f87f3ada95d","current_version_code":1} 
[2025-12-11 18:27:51] local.INFO: Device found {"device_id":"d5ee7f87f3ada95d","registered_version_code":1,"is_update_required_flag":0} 
[2025-12-11 18:27:51] local.INFO: Device is up to date {"device_id":"d5ee7f87f3ada95d","current_version":1} 
[2025-12-11 18:29:23] local.INFO: User login attempt {"license_key":"D5EE-T629K9-1C22-4A66-44F8","username":"admin"} 
[2025-12-11 18:29:23] local.INFO: User login response data {"user_id":51,"data":{"user":{"name":"Bangalore admin","email":"admin@gmail.com","user_code":"USR-ADKU1CW","location_id":3,"location_name":"Electronic City","working_stages":[],"role":{"App\\Models\\user_management\\Role":{"role_id":13,"role_name":"Palnt Admin","role_code":"ROL-ADIN9A3"}},"api_key":"XDdZMI4IrtC0Wc4XsJI5vzjLrVdrY2U4en3me1ckxhKZDGgnge2VUVbeTHJO"},"permissions":{"users":["create.users","view.users","edit.users","delete.users"],"dashboard":["view.dashboard_admin"],"config_settings":["create.config_settings","view.config_settings","edit.config_settings","delete.config_settings"],"products":["view.products","create.products","edit.products","delete.products"],"reports":["view.reports"],"locations":["locations.view","locations.edit"],"inventory":["view.inventory","create.inventory","edit.inventory","delete.inventory","write.inventory","lock.inventory"]},"token":"815|VTlS1hUNYwFa6SRU5TRAwLGh0eKY0iFtXL5bjJOZ48ed8d20"}} 
[2025-12-11 18:29:23] local.INFO: User login successful {"user_id":51,"license_key":"D5EE-T629K9-1C22-4A66-44F8"} 
[2025-12-11 18:29:25] local.INFO: --- CHECK UPDATE CALLED --- {"incoming_request":{"current_version_code":1,"device_id":"d5ee7f87f3ada95d"}} 
[2025-12-11 18:29:25] local.INFO: Validated request {"device_id":"d5ee7f87f3ada95d","current_version_code":1} 
[2025-12-11 18:29:25] local.INFO: Device found {"device_id":"d5ee7f87f3ada95d","registered_version_code":1,"is_update_required_flag":0} 
[2025-12-11 18:29:25] local.INFO: Device is up to date {"device_id":"d5ee7f87f3ada95d","current_version":1} 
[2025-12-11 18:29:43] local.INFO: --- CHECK UPDATE CALLED --- {"incoming_request":{"current_version_code":1,"device_id":"d5ee7f87f3ada95d"}} 
[2025-12-11 18:29:43] local.INFO: Validated request {"device_id":"d5ee7f87f3ada95d","current_version_code":1} 
[2025-12-11 18:29:43] local.INFO: Device found {"device_id":"d5ee7f87f3ada95d","registered_version_code":1,"is_update_required_flag":0} 
[2025-12-11 18:29:43] local.INFO: Device is up to date {"device_id":"d5ee7f87f3ada95d","current_version":1} 
[2025-12-11 18:30:00] local.INFO: --- CHECK UPDATE CALLED --- {"incoming_request":{"current_version_code":1,"device_id":"d5ee7f87f3ada95d"}} 
[2025-12-11 18:30:00] local.INFO: Validated request {"device_id":"d5ee7f87f3ada95d","current_version_code":1} 
[2025-12-11 18:30:00] local.INFO: Device found {"device_id":"d5ee7f87f3ada95d","registered_version_code":1,"is_update_required_flag":0} 
[2025-12-11 18:30:00] local.INFO: Device is up to date {"device_id":"d5ee7f87f3ada95d","current_version":1} 
[2025-12-11 18:30:02] local.INFO: User login attempt {"license_key":"D5EE-T629K9-1C22-4A66-44F8","username":"admin"} 
[2025-12-11 18:30:02] local.INFO: User login response data {"user_id":51,"data":{"user":{"name":"Bangalore admin","email":"admin@gmail.com","user_code":"USR-ADKU1CW","location_id":3,"location_name":"Electronic City","working_stages":[],"role":{"App\\Models\\user_management\\Role":{"role_id":13,"role_name":"Palnt Admin","role_code":"ROL-ADIN9A3"}},"api_key":"XDdZMI4IrtC0Wc4XsJI5vzjLrVdrY2U4en3me1ckxhKZDGgnge2VUVbeTHJO"},"permissions":{"users":["create.users","view.users","edit.users","delete.users"],"dashboard":["view.dashboard_admin"],"config_settings":["create.config_settings","view.config_settings","edit.config_settings","delete.config_settings"],"products":["view.products","create.products","edit.products","delete.products"],"reports":["view.reports"],"locations":["locations.view","locations.edit"],"inventory":["view.inventory","create.inventory","edit.inventory","delete.inventory","write.inventory","lock.inventory"]},"token":"816|7D5irs3SLXVmkQxztjpZRjSDaltVJPyM6oOI5Bwk3eaafb77"}} 
[2025-12-11 18:30:02] local.INFO: User login successful {"user_id":51,"license_key":"D5EE-T629K9-1C22-4A66-44F8"} 
[2025-12-11 18:30:05] local.INFO: --- CHECK UPDATE CALLED --- {"incoming_request":{"current_version_code":1,"device_id":"d5ee7f87f3ada95d"}} 
[2025-12-11 18:30:05] local.INFO: Validated request {"device_id":"d5ee7f87f3ada95d","current_version_code":1} 
[2025-12-11 18:30:05] local.INFO: Device found {"device_id":"d5ee7f87f3ada95d","registered_version_code":1,"is_update_required_flag":0} 
[2025-12-11 18:30:05] local.INFO: Device is up to date {"device_id":"d5ee7f87f3ada95d","current_version":1} 
[2025-12-11 18:30:53] local.INFO: --- CHECK UPDATE CALLED --- {"incoming_request":{"current_version_code":1,"device_id":"d5ee7f87f3ada95d"}} 
[2025-12-11 18:30:53] local.INFO: Validated request {"device_id":"d5ee7f87f3ada95d","current_version_code":1} 
[2025-12-11 18:30:53] local.INFO: Device found {"device_id":"d5ee7f87f3ada95d","registered_version_code":1,"is_update_required_flag":0} 
[2025-12-11 18:30:53] local.INFO: Device is up to date {"device_id":"d5ee7f87f3ada95d","current_version":1} 
[2025-12-11 18:32:12] local.INFO: User login attempt {"license_key":"D5EE-T629K9-1C22-4A66-44F8","username":"admin"} 
[2025-12-11 18:32:12] local.INFO: User login response data {"user_id":51,"data":{"user":{"name":"Bangalore admin","email":"admin@gmail.com","user_code":"USR-ADKU1CW","location_id":3,"location_name":"Electronic City","working_stages":[],"role":{"App\\Models\\user_management\\Role":{"role_id":13,"role_name":"Palnt Admin","role_code":"ROL-ADIN9A3"}},"api_key":"XDdZMI4IrtC0Wc4XsJI5vzjLrVdrY2U4en3me1ckxhKZDGgnge2VUVbeTHJO"},"permissions":{"users":["create.users","view.users","edit.users","delete.users"],"dashboard":["view.dashboard_admin"],"config_settings":["create.config_settings","view.config_settings","edit.config_settings","delete.config_settings"],"products":["view.products","create.products","edit.products","delete.products"],"reports":["view.reports"],"locations":["locations.view","locations.edit"],"inventory":["view.inventory","create.inventory","edit.inventory","delete.inventory","write.inventory","lock.inventory"]},"token":"817|DLtcs0YbApmxfe3qd3GDkWCXN5zXpDa8Spo2Igb1bab664c2"}} 
[2025-12-11 18:32:12] local.INFO: User login successful {"user_id":51,"license_key":"D5EE-T629K9-1C22-4A66-44F8"} 
[2025-12-11 18:32:14] local.INFO: --- CHECK UPDATE CALLED --- {"incoming_request":{"current_version_code":1,"device_id":"d5ee7f87f3ada95d"}} 
[2025-12-11 18:32:14] local.INFO: Validated request {"device_id":"d5ee7f87f3ada95d","current_version_code":1} 
[2025-12-11 18:32:14] local.INFO: Device found {"device_id":"d5ee7f87f3ada95d","registered_version_code":1,"is_update_required_flag":0} 
[2025-12-11 18:32:14] local.INFO: Device is up to date {"device_id":"d5ee7f87f3ada95d","current_version":1} 
[2025-12-11 18:33:21] local.INFO: --- CHECK UPDATE CALLED --- {"incoming_request":{"current_version_code":1,"device_id":"d5ee7f87f3ada95d"}} 
[2025-12-11 18:33:21] local.INFO: Validated request {"device_id":"d5ee7f87f3ada95d","current_version_code":1} 
[2025-12-11 18:33:21] local.INFO: Device found {"device_id":"d5ee7f87f3ada95d","registered_version_code":1,"is_update_required_flag":0} 
[2025-12-11 18:33:21] local.INFO: Device is up to date {"device_id":"d5ee7f87f3ada95d","current_version":1} 
[2025-12-11 18:36:58] local.INFO: User login attempt {"license_key":"D5EE-T629K9-1C22-4A66-44F8","username":"admin"} 
[2025-12-11 18:36:58] local.INFO: User login response data {"user_id":51,"data":{"user":{"name":"Bangalore admin","email":"admin@gmail.com","user_code":"USR-ADKU1CW","location_id":3,"location_name":"Electronic City","working_stages":[],"role":{"App\\Models\\user_management\\Role":{"role_id":13,"role_name":"Palnt Admin","role_code":"ROL-ADIN9A3"}},"api_key":"XDdZMI4IrtC0Wc4XsJI5vzjLrVdrY2U4en3me1ckxhKZDGgnge2VUVbeTHJO"},"permissions":{"users":["create.users","view.users","edit.users","delete.users"],"dashboard":["view.dashboard_admin"],"config_settings":["create.config_settings","view.config_settings","edit.config_settings","delete.config_settings"],"products":["view.products","create.products","edit.products","delete.products"],"reports":["view.reports"],"locations":["locations.view","locations.edit"],"inventory":["view.inventory","create.inventory","edit.inventory","delete.inventory","write.inventory","lock.inventory"]},"token":"818|LYFzYabLp1kStMnsQpZgAe7WEbSZ4lQn6pUR6e8tcb4ae166"}} 
[2025-12-11 18:36:58] local.INFO: User login successful {"user_id":51,"license_key":"D5EE-T629K9-1C22-4A66-44F8"} 
[2025-12-11 18:37:00] local.INFO: --- CHECK UPDATE CALLED --- {"incoming_request":{"current_version_code":1,"device_id":"d5ee7f87f3ada95d"}} 
[2025-12-11 18:37:00] local.INFO: Validated request {"device_id":"d5ee7f87f3ada95d","current_version_code":1} 
[2025-12-11 18:37:00] local.INFO: Device found {"device_id":"d5ee7f87f3ada95d","registered_version_code":1,"is_update_required_flag":0} 
[2025-12-11 18:37:00] local.INFO: Device is up to date {"device_id":"d5ee7f87f3ada95d","current_version":1} 
[2025-12-11 19:40:45] local.INFO: fixedReaderScan called {"reader_code":"GATE_A_01","movement":"inward","reads":[{"epc":"E2004700BA71662B01EC81F7","read_time":"2025-12-11T14:10:43.263927200Z","qty":1}]}  
[2025-12-11 19:40:45] local.INFO: fixedReaderScan payload: {"reader_code":"GATE_A_01","movement":"inward","reads":[{"epc":"E2004700BA71662B01EC81F7","read_time":"2025-12-11T14:10:43.263927200Z","qty":1}]}  
[2025-12-11 19:40:45] local.WARNING: rfid_read_events insert failed for E2004700BA71662B01EC81F7: SQLSTATE[42S02]: Base table or view not found: 1146 Table 'loundry_app.rfid_read_events' doesn't exist (Connection: mysql, SQL: insert into `rfid_read_events` (`epc_code`, `reader_id`, `rssi`, `read_time`, `created_at`, `updated_at`) values (E2004700BA71662B01EC81F7, GATE_A_01, ?, 2025-12-11 14:10:43, 2025-12-11 19:40:45, 2025-12-11 19:40:45))  
[2025-12-11 19:40:48] local.INFO: fixedReaderScan called {"reader_code":"GATE_A_01","movement":"inward","reads":[{"epc":"E2004700BA71662B01EC81F7","read_time":"2025-12-11T14:10:48.958325Z","qty":1}]}  
[2025-12-11 19:40:48] local.INFO: fixedReaderScan payload: {"reader_code":"GATE_A_01","movement":"inward","reads":[{"epc":"E2004700BA71662B01EC81F7","read_time":"2025-12-11T14:10:48.958325Z","qty":1}]}  
[2025-12-11 19:40:48] local.WARNING: rfid_read_events insert failed for E2004700BA71662B01EC81F7: SQLSTATE[42S02]: Base table or view not found: 1146 Table 'loundry_app.rfid_read_events' doesn't exist (Connection: mysql, SQL: insert into `rfid_read_events` (`epc_code`, `reader_id`, `rssi`, `read_time`, `created_at`, `updated_at`) values (E2004700BA71662B01EC81F7, GATE_A_01, ?, 2025-12-11 14:10:48, 2025-12-11 19:40:48, 2025-12-11 19:40:48))  
[2025-12-11 19:40:52] local.INFO: fixedReaderScan called {"reader_code":"GATE_A_01","movement":"inward","reads":[{"epc":"E2004700BA71662B01EC81F7","read_time":"2025-12-11T14:10:51.959039600Z","qty":1}]}  
[2025-12-11 19:40:52] local.INFO: fixedReaderScan payload: {"reader_code":"GATE_A_01","movement":"inward","reads":[{"epc":"E2004700BA71662B01EC81F7","read_time":"2025-12-11T14:10:51.959039600Z","qty":1}]}  
[2025-12-11 19:40:52] local.WARNING: rfid_read_events insert failed for E2004700BA71662B01EC81F7: SQLSTATE[42S02]: Base table or view not found: 1146 Table 'loundry_app.rfid_read_events' doesn't exist (Connection: mysql, SQL: insert into `rfid_read_events` (`epc_code`, `reader_id`, `rssi`, `read_time`, `created_at`, `updated_at`) values (E2004700BA71662B01EC81F7, GATE_A_01, ?, 2025-12-11 14:10:51, 2025-12-11 19:40:52, 2025-12-11 19:40:52))  
[2025-12-11 19:40:54] local.INFO: fixedReaderScan called {"reader_code":"GATE_A_01","movement":"inward","reads":[{"epc":"E2004700BA71662B01EC81F7","read_time":"2025-12-11T14:10:54.963038100Z","qty":1}]}  
[2025-12-11 19:40:54] local.INFO: fixedReaderScan payload: {"reader_code":"GATE_A_01","movement":"inward","reads":[{"epc":"E2004700BA71662B01EC81F7","read_time":"2025-12-11T14:10:54.963038100Z","qty":1}]}  
[2025-12-11 19:40:54] local.WARNING: rfid_read_events insert failed for E2004700BA71662B01EC81F7: SQLSTATE[42S02]: Base table or view not found: 1146 Table 'loundry_app.rfid_read_events' doesn't exist (Connection: mysql, SQL: insert into `rfid_read_events` (`epc_code`, `reader_id`, `rssi`, `read_time`, `created_at`, `updated_at`) values (E2004700BA71662B01EC81F7, GATE_A_01, ?, 2025-12-11 14:10:54, 2025-12-11 19:40:54, 2025-12-11 19:40:54))  
[2025-12-11 19:41:09] local.INFO: fixedReaderScan called {"reader_code":"GATE_A_01","movement":"inward","reads":[{"epc":"E2004700BA71662B01EC81F7","read_time":"2025-12-11T14:11:10.010636600Z","qty":1}]}  
[2025-12-11 19:41:09] local.INFO: fixedReaderScan payload: {"reader_code":"GATE_A_01","movement":"inward","reads":[{"epc":"E2004700BA71662B01EC81F7","read_time":"2025-12-11T14:11:10.010636600Z","qty":1}]}  
[2025-12-11 19:41:09] local.WARNING: rfid_read_events insert failed for E2004700BA71662B01EC81F7: SQLSTATE[42S02]: Base table or view not found: 1146 Table 'loundry_app.rfid_read_events' doesn't exist (Connection: mysql, SQL: insert into `rfid_read_events` (`epc_code`, `reader_id`, `rssi`, `read_time`, `created_at`, `updated_at`) values (E2004700BA71662B01EC81F7, GATE_A_01, ?, 2025-12-11 14:11:10, 2025-12-11 19:41:09, 2025-12-11 19:41:09))  
[2025-12-11 19:41:12] local.INFO: fixedReaderScan called {"reader_code":"GATE_A_01","movement":"inward","reads":[{"epc":"E2004700BA71662B01EC81F7","read_time":"2025-12-11T14:11:13.020843400Z","qty":1}]}  
[2025-12-11 19:41:12] local.INFO: fixedReaderScan payload: {"reader_code":"GATE_A_01","movement":"inward","reads":[{"epc":"E2004700BA71662B01EC81F7","read_time":"2025-12-11T14:11:13.020843400Z","qty":1}]}  
[2025-12-11 19:41:12] local.WARNING: rfid_read_events insert failed for E2004700BA71662B01EC81F7: SQLSTATE[42S02]: Base table or view not found: 1146 Table 'loundry_app.rfid_read_events' doesn't exist (Connection: mysql, SQL: insert into `rfid_read_events` (`epc_code`, `reader_id`, `rssi`, `read_time`, `created_at`, `updated_at`) values (E2004700BA71662B01EC81F7, GATE_A_01, ?, 2025-12-11 14:11:13, 2025-12-11 19:41:12, 2025-12-11 19:41:12))  
[2025-12-11 19:41:54] local.INFO: fixedReaderScan called {"reader_code":"GATE_A_01","movement":"inward","reads":[{"epc":"E2806A9600004016A4D34675","read_time":"2025-12-11T14:11:55.113274900Z","qty":1}]}  
[2025-12-11 19:41:54] local.INFO: fixedReaderScan payload: {"reader_code":"GATE_A_01","movement":"inward","reads":[{"epc":"E2806A9600004016A4D34675","read_time":"2025-12-11T14:11:55.113274900Z","qty":1}]}  
[2025-12-11 19:41:54] local.WARNING: rfid_read_events insert failed for E2806A9600004016A4D34675: SQLSTATE[42S02]: Base table or view not found: 1146 Table 'loundry_app.rfid_read_events' doesn't exist (Connection: mysql, SQL: insert into `rfid_read_events` (`epc_code`, `reader_id`, `rssi`, `read_time`, `created_at`, `updated_at`) values (E2806A9600004016A4D34675, GATE_A_01, ?, 2025-12-11 14:11:55, 2025-12-11 19:41:54, 2025-12-11 19:41:54))  
[2025-12-11 19:42:49] local.INFO: fixedReaderScan called {"reader_code":"GATE_A_01","movement":"inward","reads":[{"epc":"E2806A9600004016A4D34675","read_time":"2025-12-11T14:12:49.268364300Z","qty":1}]}  
[2025-12-11 19:42:49] local.INFO: fixedReaderScan payload: {"reader_code":"GATE_A_01","movement":"inward","reads":[{"epc":"E2806A9600004016A4D34675","read_time":"2025-12-11T14:12:49.268364300Z","qty":1}]}  
[2025-12-11 19:42:49] local.WARNING: rfid_read_events insert failed for E2806A9600004016A4D34675: SQLSTATE[42S02]: Base table or view not found: 1146 Table 'loundry_app.rfid_read_events' doesn't exist (Connection: mysql, SQL: insert into `rfid_read_events` (`epc_code`, `reader_id`, `rssi`, `read_time`, `created_at`, `updated_at`) values (E2806A9600004016A4D34675, GATE_A_01, ?, 2025-12-11 14:12:49, 2025-12-11 19:42:49, 2025-12-11 19:42:49))  
[2025-12-11 19:43:16] local.INFO: fixedReaderScan called {"reader_code":"GATE_A_01","movement":"inward","reads":[{"epc":"E2806A9600004016A4D34675","read_time":"2025-12-11T14:13:16.326505Z","qty":1}]}  
[2025-12-11 19:43:16] local.INFO: fixedReaderScan payload: {"reader_code":"GATE_A_01","movement":"inward","reads":[{"epc":"E2806A9600004016A4D34675","read_time":"2025-12-11T14:13:16.326505Z","qty":1}]}  
[2025-12-11 19:43:16] local.WARNING: rfid_read_events insert failed for E2806A9600004016A4D34675: SQLSTATE[42S02]: Base table or view not found: 1146 Table 'loundry_app.rfid_read_events' doesn't exist (Connection: mysql, SQL: insert into `rfid_read_events` (`epc_code`, `reader_id`, `rssi`, `read_time`, `created_at`, `updated_at`) values (E2806A9600004016A4D34675, GATE_A_01, ?, 2025-12-11 14:13:16, 2025-12-11 19:43:16, 2025-12-11 19:43:16))  
[2025-12-11 19:43:39] local.INFO: fixedReaderScan called {"reader_code":"GATE_A_01","movement":"inward","reads":[{"epc":"E2806A9600004016A4D34675","read_time":"2025-12-11T14:13:37.361210700Z","qty":1}]}  
[2025-12-11 19:43:39] local.INFO: fixedReaderScan payload: {"reader_code":"GATE_A_01","movement":"inward","reads":[{"epc":"E2806A9600004016A4D34675","read_time":"2025-12-11T14:13:37.361210700Z","qty":1}]}  
[2025-12-11 19:43:39] local.WARNING: rfid_read_events insert failed for E2806A9600004016A4D34675: SQLSTATE[42S02]: Base table or view not found: 1146 Table 'loundry_app.rfid_read_events' doesn't exist (Connection: mysql, SQL: insert into `rfid_read_events` (`epc_code`, `reader_id`, `rssi`, `read_time`, `created_at`, `updated_at`) values (E2806A9600004016A4D34675, GATE_A_01, ?, 2025-12-11 14:13:37, 2025-12-11 19:43:39, 2025-12-11 19:43:39))  
[2025-12-11 19:46:59] local.INFO: fixedReaderScan called {"reader_code":"GATE_A_01","movement":"inward","reads":[{"epc":"E2806A960000502D20A3BC7B","read_time":"2025-12-11T14:16:58.979330Z","qty":1},{"epc":"E2806A960000502D213985D0","read_time":"2025-12-11T14:16:58.979330Z","qty":1}]}  
[2025-12-11 19:46:59] local.INFO: fixedReaderScan payload: {"reader_code":"GATE_A_01","movement":"inward","reads":[{"epc":"E2806A960000502D20A3BC7B","read_time":"2025-12-11T14:16:58.979330Z","qty":1},{"epc":"E2806A960000502D213985D0","read_time":"2025-12-11T14:16:58.979330Z","qty":1}]}  
[2025-12-11 19:46:59] local.WARNING: rfid_read_events insert failed for E2806A960000502D20A3BC7B: SQLSTATE[42S02]: Base table or view not found: 1146 Table 'loundry_app.rfid_read_events' doesn't exist (Connection: mysql, SQL: insert into `rfid_read_events` (`epc_code`, `reader_id`, `rssi`, `read_time`, `created_at`, `updated_at`) values (E2806A960000502D20A3BC7B, GATE_A_01, ?, 2025-12-11 14:16:58, 2025-12-11 19:46:59, 2025-12-11 19:46:59))  
[2025-12-11 19:46:59] local.WARNING: rfid_read_events insert failed for E2806A960000502D213985D0: SQLSTATE[42S02]: Base table or view not found: 1146 Table 'loundry_app.rfid_read_events' doesn't exist (Connection: mysql, SQL: insert into `rfid_read_events` (`epc_code`, `reader_id`, `rssi`, `read_time`, `created_at`, `updated_at`) values (E2806A960000502D213985D0, GATE_A_01, ?, 2025-12-11 14:16:58, 2025-12-11 19:46:59, 2025-12-11 19:46:59))  
[2025-12-11 19:47:05] local.INFO: fixedReaderScan called {"reader_code":"GATE_A_01","movement":"inward","reads":[{"epc":"E2806A9600005016A4D2E8C9","read_time":"2025-12-11T14:17:04.997979600Z","qty":1},{"epc":"E2806A960000502D20A3BC7B","read_time":"2025-12-11T14:17:04.997979600Z","qty":1},{"epc":"E2806A9600004016A4D34675","read_time":"2025-12-11T14:17:04.997979600Z","qty":1},{"epc":"E2806A960000502D213985D0","read_time":"2025-12-11T14:17:04.997979600Z","qty":1}]}  
[2025-12-11 19:47:05] local.INFO: fixedReaderScan payload: {"reader_code":"GATE_A_01","movement":"inward","reads":[{"epc":"E2806A9600005016A4D2E8C9","read_time":"2025-12-11T14:17:04.997979600Z","qty":1},{"epc":"E2806A960000502D20A3BC7B","read_time":"2025-12-11T14:17:04.997979600Z","qty":1},{"epc":"E2806A9600004016A4D34675","read_time":"2025-12-11T14:17:04.997979600Z","qty":1},{"epc":"E2806A960000502D213985D0","read_time":"2025-12-11T14:17:04.997979600Z","qty":1}]}  
[2025-12-11 19:47:05] local.WARNING: rfid_read_events insert failed for E2806A9600005016A4D2E8C9: SQLSTATE[42S02]: Base table or view not found: 1146 Table 'loundry_app.rfid_read_events' doesn't exist (Connection: mysql, SQL: insert into `rfid_read_events` (`epc_code`, `reader_id`, `rssi`, `read_time`, `created_at`, `updated_at`) values (E2806A9600005016A4D2E8C9, GATE_A_01, ?, 2025-12-11 14:17:04, 2025-12-11 19:47:05, 2025-12-11 19:47:05))  
[2025-12-11 19:47:05] local.WARNING: rfid_read_events insert failed for E2806A960000502D20A3BC7B: SQLSTATE[42S02]: Base table or view not found: 1146 Table 'loundry_app.rfid_read_events' doesn't exist (Connection: mysql, SQL: insert into `rfid_read_events` (`epc_code`, `reader_id`, `rssi`, `read_time`, `created_at`, `updated_at`) values (E2806A960000502D20A3BC7B, GATE_A_01, ?, 2025-12-11 14:17:04, 2025-12-11 19:47:05, 2025-12-11 19:47:05))  
[2025-12-11 19:47:05] local.WARNING: rfid_read_events insert failed for E2806A9600004016A4D34675: SQLSTATE[42S02]: Base table or view not found: 1146 Table 'loundry_app.rfid_read_events' doesn't exist (Connection: mysql, SQL: insert into `rfid_read_events` (`epc_code`, `reader_id`, `rssi`, `read_time`, `created_at`, `updated_at`) values (E2806A9600004016A4D34675, GATE_A_01, ?, 2025-12-11 14:17:04, 2025-12-11 19:47:05, 2025-12-11 19:47:05))  
[2025-12-11 19:47:05] local.WARNING: rfid_read_events insert failed for E2806A960000502D213985D0: SQLSTATE[42S02]: Base table or view not found: 1146 Table 'loundry_app.rfid_read_events' doesn't exist (Connection: mysql, SQL: insert into `rfid_read_events` (`epc_code`, `reader_id`, `rssi`, `read_time`, `created_at`, `updated_at`) values (E2806A960000502D213985D0, GATE_A_01, ?, 2025-12-11 14:17:04, 2025-12-11 19:47:05, 2025-12-11 19:47:05))  
[2025-12-11 19:47:11] local.INFO: fixedReaderScan called {"reader_code":"GATE_A_01","movement":"inward","reads":[{"epc":"E2806A960000502D20A3BC7B","read_time":"2025-12-11T14:17:11.025964200Z","qty":1}]}  
[2025-12-11 19:47:11] local.INFO: fixedReaderScan payload: {"reader_code":"GATE_A_01","movement":"inward","reads":[{"epc":"E2806A960000502D20A3BC7B","read_time":"2025-12-11T14:17:11.025964200Z","qty":1}]}  
[2025-12-11 19:47:11] local.WARNING: rfid_read_events insert failed for E2806A960000502D20A3BC7B: SQLSTATE[42S02]: Base table or view not found: 1146 Table 'loundry_app.rfid_read_events' doesn't exist (Connection: mysql, SQL: insert into `rfid_read_events` (`epc_code`, `reader_id`, `rssi`, `read_time`, `created_at`, `updated_at`) values (E2806A960000502D20A3BC7B, GATE_A_01, ?, 2025-12-11 14:17:11, 2025-12-11 19:47:11, 2025-12-11 19:47:11))  
[2025-12-11 19:47:20] local.INFO: fixedReaderScan called {"reader_code":"GATE_A_01","movement":"inward","reads":[{"epc":"E2806A960000502D20A3BC7B","read_time":"2025-12-11T14:17:20.044461900Z","qty":1},{"epc":"E2806A960000502D213985D0","read_time":"2025-12-11T14:17:20.044461900Z","qty":1}]}  
[2025-12-11 19:47:20] local.INFO: fixedReaderScan payload: {"reader_code":"GATE_A_01","movement":"inward","reads":[{"epc":"E2806A960000502D20A3BC7B","read_time":"2025-12-11T14:17:20.044461900Z","qty":1},{"epc":"E2806A960000502D213985D0","read_time":"2025-12-11T14:17:20.044461900Z","qty":1}]}  
[2025-12-11 19:47:20] local.WARNING: rfid_read_events insert failed for E2806A960000502D20A3BC7B: SQLSTATE[42S02]: Base table or view not found: 1146 Table 'loundry_app.rfid_read_events' doesn't exist (Connection: mysql, SQL: insert into `rfid_read_events` (`epc_code`, `reader_id`, `rssi`, `read_time`, `created_at`, `updated_at`) values (E2806A960000502D20A3BC7B, GATE_A_01, ?, 2025-12-11 14:17:20, 2025-12-11 19:47:20, 2025-12-11 19:47:20))  
[2025-12-11 19:47:20] local.WARNING: rfid_read_events insert failed for E2806A960000502D213985D0: SQLSTATE[42S02]: Base table or view not found: 1146 Table 'loundry_app.rfid_read_events' doesn't exist (Connection: mysql, SQL: insert into `rfid_read_events` (`epc_code`, `reader_id`, `rssi`, `read_time`, `created_at`, `updated_at`) values (E2806A960000502D213985D0, GATE_A_01, ?, 2025-12-11 14:17:20, 2025-12-11 19:47:20, 2025-12-11 19:47:20))  
[2025-12-11 19:47:49] local.INFO: fixedReaderScan called {"reader_code":"GATE_A_01","movement":"inward","reads":[{"epc":"E2806A9600004016A4D34675","read_time":"2025-12-11T14:17:50.164134500Z","qty":1}]}  
[2025-12-11 19:47:49] local.INFO: fixedReaderScan payload: {"reader_code":"GATE_A_01","movement":"inward","reads":[{"epc":"E2806A9600004016A4D34675","read_time":"2025-12-11T14:17:50.164134500Z","qty":1}]}  
[2025-12-11 19:47:49] local.WARNING: rfid_read_events insert failed for E2806A9600004016A4D34675: SQLSTATE[42S02]: Base table or view not found: 1146 Table 'loundry_app.rfid_read_events' doesn't exist (Connection: mysql, SQL: insert into `rfid_read_events` (`epc_code`, `reader_id`, `rssi`, `read_time`, `created_at`, `updated_at`) values (E2806A9600004016A4D34675, GATE_A_01, ?, 2025-12-11 14:17:50, 2025-12-11 19:47:49, 2025-12-11 19:47:49))  
[2025-12-11 19:48:01] local.INFO: fixedReaderScan called {"reader_code":"GATE_A_01","movement":"inward","reads":[{"epc":"E2806A9600004016A4D34675","read_time":"2025-12-11T14:18:02.203421800Z","qty":1}]}  
[2025-12-11 19:48:01] local.INFO: fixedReaderScan payload: {"reader_code":"GATE_A_01","movement":"inward","reads":[{"epc":"E2806A9600004016A4D34675","read_time":"2025-12-11T14:18:02.203421800Z","qty":1}]}  
[2025-12-11 19:48:01] local.WARNING: rfid_read_events insert failed for E2806A9600004016A4D34675: SQLSTATE[42S02]: Base table or view not found: 1146 Table 'loundry_app.rfid_read_events' doesn't exist (Connection: mysql, SQL: insert into `rfid_read_events` (`epc_code`, `reader_id`, `rssi`, `read_time`, `created_at`, `updated_at`) values (E2806A9600004016A4D34675, GATE_A_01, ?, 2025-12-11 14:18:02, 2025-12-11 19:48:01, 2025-12-11 19:48:01))  
[2025-12-11 19:48:11] local.INFO: fixedReaderScan called {"reader_code":"GATE_A_01","movement":"inward","reads":[{"epc":"E2806A9600005016A4D2E8C9","read_time":"2025-12-11T14:18:11.213101400Z","qty":1}]}  
[2025-12-11 19:48:11] local.INFO: fixedReaderScan payload: {"reader_code":"GATE_A_01","movement":"inward","reads":[{"epc":"E2806A9600005016A4D2E8C9","read_time":"2025-12-11T14:18:11.213101400Z","qty":1}]}  
[2025-12-11 19:48:11] local.WARNING: rfid_read_events insert failed for E2806A9600005016A4D2E8C9: SQLSTATE[42S02]: Base table or view not found: 1146 Table 'loundry_app.rfid_read_events' doesn't exist (Connection: mysql, SQL: insert into `rfid_read_events` (`epc_code`, `reader_id`, `rssi`, `read_time`, `created_at`, `updated_at`) values (E2806A9600005016A4D2E8C9, GATE_A_01, ?, 2025-12-11 14:18:11, 2025-12-11 19:48:11, 2025-12-11 19:48:11))  
[2025-12-11 19:48:13] local.INFO: fixedReaderScan called {"reader_code":"GATE_A_01","movement":"inward","reads":[{"epc":"E2806A9600005016A4D2E8C9","read_time":"2025-12-11T14:18:14.221040600Z","qty":1}]}  
[2025-12-11 19:48:13] local.INFO: fixedReaderScan payload: {"reader_code":"GATE_A_01","movement":"inward","reads":[{"epc":"E2806A9600005016A4D2E8C9","read_time":"2025-12-11T14:18:14.221040600Z","qty":1}]}  
[2025-12-11 19:48:13] local.WARNING: rfid_read_events insert failed for E2806A9600005016A4D2E8C9: SQLSTATE[42S02]: Base table or view not found: 1146 Table 'loundry_app.rfid_read_events' doesn't exist (Connection: mysql, SQL: insert into `rfid_read_events` (`epc_code`, `reader_id`, `rssi`, `read_time`, `created_at`, `updated_at`) values (E2806A9600005016A4D2E8C9, GATE_A_01, ?, 2025-12-11 14:18:14, 2025-12-11 19:48:13, 2025-12-11 19:48:13))  
[2025-12-11 19:48:16] local.INFO: fixedReaderScan called {"reader_code":"GATE_A_01","movement":"inward","reads":[{"epc":"E2806A960000502D20A3BC7B","read_time":"2025-12-11T14:18:17.220705900Z","qty":1},{"epc":"E2806A960000502D213985D0","read_time":"2025-12-11T14:18:17.220705900Z","qty":1}]}  
[2025-12-11 19:48:16] local.INFO: fixedReaderScan payload: {"reader_code":"GATE_A_01","movement":"inward","reads":[{"epc":"E2806A960000502D20A3BC7B","read_time":"2025-12-11T14:18:17.220705900Z","qty":1},{"epc":"E2806A960000502D213985D0","read_time":"2025-12-11T14:18:17.220705900Z","qty":1}]}  
[2025-12-11 19:48:16] local.WARNING: rfid_read_events insert failed for E2806A960000502D20A3BC7B: SQLSTATE[42S02]: Base table or view not found: 1146 Table 'loundry_app.rfid_read_events' doesn't exist (Connection: mysql, SQL: insert into `rfid_read_events` (`epc_code`, `reader_id`, `rssi`, `read_time`, `created_at`, `updated_at`) values (E2806A960000502D20A3BC7B, GATE_A_01, ?, 2025-12-11 14:18:17, 2025-12-11 19:48:16, 2025-12-11 19:48:16))  
[2025-12-11 19:48:16] local.WARNING: rfid_read_events insert failed for E2806A960000502D213985D0: SQLSTATE[42S02]: Base table or view not found: 1146 Table 'loundry_app.rfid_read_events' doesn't exist (Connection: mysql, SQL: insert into `rfid_read_events` (`epc_code`, `reader_id`, `rssi`, `read_time`, `created_at`, `updated_at`) values (E2806A960000502D213985D0, GATE_A_01, ?, 2025-12-11 14:18:17, 2025-12-11 19:48:16, 2025-12-11 19:48:16))  
[2025-12-11 19:48:23] local.INFO: fixedReaderScan called {"reader_code":"GATE_A_01","movement":"inward","reads":[{"epc":"E2806A960000502D20A3BC7B","read_time":"2025-12-11T14:18:23.236175800Z","qty":1},{"epc":"E2806A960000502D213985D0","read_time":"2025-12-11T14:18:23.236175800Z","qty":1}]}  
[2025-12-11 19:48:23] local.INFO: fixedReaderScan payload: {"reader_code":"GATE_A_01","movement":"inward","reads":[{"epc":"E2806A960000502D20A3BC7B","read_time":"2025-12-11T14:18:23.236175800Z","qty":1},{"epc":"E2806A960000502D213985D0","read_time":"2025-12-11T14:18:23.236175800Z","qty":1}]}  
[2025-12-11 19:48:23] local.WARNING: rfid_read_events insert failed for E2806A960000502D20A3BC7B: SQLSTATE[42S02]: Base table or view not found: 1146 Table 'loundry_app.rfid_read_events' doesn't exist (Connection: mysql, SQL: insert into `rfid_read_events` (`epc_code`, `reader_id`, `rssi`, `read_time`, `created_at`, `updated_at`) values (E2806A960000502D20A3BC7B, GATE_A_01, ?, 2025-12-11 14:18:23, 2025-12-11 19:48:23, 2025-12-11 19:48:23))  
[2025-12-11 19:48:23] local.WARNING: rfid_read_events insert failed for E2806A960000502D213985D0: SQLSTATE[42S02]: Base table or view not found: 1146 Table 'loundry_app.rfid_read_events' doesn't exist (Connection: mysql, SQL: insert into `rfid_read_events` (`epc_code`, `reader_id`, `rssi`, `read_time`, `created_at`, `updated_at`) values (E2806A960000502D213985D0, GATE_A_01, ?, 2025-12-11 14:18:23, 2025-12-11 19:48:23, 2025-12-11 19:48:23))  
[2025-12-11 19:48:29] local.INFO: fixedReaderScan called {"reader_code":"GATE_A_01","movement":"inward","reads":[{"epc":"E2806A960000502D20A3BC7B","read_time":"2025-12-11T14:18:29.247706900Z","qty":1}]}  
[2025-12-11 19:48:29] local.INFO: fixedReaderScan payload: {"reader_code":"GATE_A_01","movement":"inward","reads":[{"epc":"E2806A960000502D20A3BC7B","read_time":"2025-12-11T14:18:29.247706900Z","qty":1}]}  
[2025-12-11 19:48:29] local.WARNING: rfid_read_events insert failed for E2806A960000502D20A3BC7B: SQLSTATE[42S02]: Base table or view not found: 1146 Table 'loundry_app.rfid_read_events' doesn't exist (Connection: mysql, SQL: insert into `rfid_read_events` (`epc_code`, `reader_id`, `rssi`, `read_time`, `created_at`, `updated_at`) values (E2806A960000502D20A3BC7B, GATE_A_01, ?, 2025-12-11 14:18:29, 2025-12-11 19:48:29, 2025-12-11 19:48:29))  
[2025-12-11 19:49:17] local.INFO: fixedReaderScan called {"reader_code":"GATE_A_01","movement":"inward","reads":[{"epc":"E2806A960000502D20A3BC7B","read_time":"2025-12-11T14:19:17.377924Z","qty":1}]}  
[2025-12-11 19:49:17] local.INFO: fixedReaderScan payload: {"reader_code":"GATE_A_01","movement":"inward","reads":[{"epc":"E2806A960000502D20A3BC7B","read_time":"2025-12-11T14:19:17.377924Z","qty":1}]}  
[2025-12-11 19:49:17] local.WARNING: rfid_read_events insert failed for E2806A960000502D20A3BC7B: SQLSTATE[42S02]: Base table or view not found: 1146 Table 'loundry_app.rfid_read_events' doesn't exist (Connection: mysql, SQL: insert into `rfid_read_events` (`epc_code`, `reader_id`, `rssi`, `read_time`, `created_at`, `updated_at`) values (E2806A960000502D20A3BC7B, GATE_A_01, ?, 2025-12-11 14:19:17, 2025-12-11 19:49:17, 2025-12-11 19:49:17))  
[2025-12-11 19:49:26] local.INFO: fixedReaderScan called {"reader_code":"GATE_A_01","movement":"inward","reads":[{"epc":"E2806A960000502D20A3BC7B","read_time":"2025-12-11T14:19:26.400781300Z","qty":1}]}  
[2025-12-11 19:49:26] local.INFO: fixedReaderScan payload: {"reader_code":"GATE_A_01","movement":"inward","reads":[{"epc":"E2806A960000502D20A3BC7B","read_time":"2025-12-11T14:19:26.400781300Z","qty":1}]}  
[2025-12-11 19:49:26] local.WARNING: rfid_read_events insert failed for E2806A960000502D20A3BC7B: SQLSTATE[42S02]: Base table or view not found: 1146 Table 'loundry_app.rfid_read_events' doesn't exist (Connection: mysql, SQL: insert into `rfid_read_events` (`epc_code`, `reader_id`, `rssi`, `read_time`, `created_at`, `updated_at`) values (E2806A960000502D20A3BC7B, GATE_A_01, ?, 2025-12-11 14:19:26, 2025-12-11 19:49:26, 2025-12-11 19:49:26))  
[2025-12-11 19:51:53] local.INFO: fixedReaderScan called {"reader_code":"GATE_A_01","movement":"inward","reads":[{"epc":"E2806A960000502D213985D0","read_time":"2025-12-11T14:21:53.714450900Z","qty":1}]}  
[2025-12-11 19:51:53] local.INFO: fixedReaderScan payload: {"reader_code":"GATE_A_01","movement":"inward","reads":[{"epc":"E2806A960000502D213985D0","read_time":"2025-12-11T14:21:53.714450900Z","qty":1}]}  
[2025-12-11 19:51:53] local.WARNING: rfid_read_events insert failed for E2806A960000502D213985D0: SQLSTATE[42S02]: Base table or view not found: 1146 Table 'loundry_app.rfid_read_events' doesn't exist (Connection: mysql, SQL: insert into `rfid_read_events` (`epc_code`, `reader_id`, `rssi`, `read_time`, `created_at`, `updated_at`) values (E2806A960000502D213985D0, GATE_A_01, ?, 2025-12-11 14:21:53, 2025-12-11 19:51:53, 2025-12-11 19:51:53))  
[2025-12-11 19:52:02] local.INFO: fixedReaderScan called {"reader_code":"GATE_A_01","movement":"inward","reads":[{"epc":"E2806A960000502D20A3BC7B","read_time":"2025-12-11T14:22:02.731955900Z","qty":1},{"epc":"E2806A960000502D213985D0","read_time":"2025-12-11T14:22:02.731955900Z","qty":1}]}  
[2025-12-11 19:52:02] local.INFO: fixedReaderScan payload: {"reader_code":"GATE_A_01","movement":"inward","reads":[{"epc":"E2806A960000502D20A3BC7B","read_time":"2025-12-11T14:22:02.731955900Z","qty":1},{"epc":"E2806A960000502D213985D0","read_time":"2025-12-11T14:22:02.731955900Z","qty":1}]}  
[2025-12-11 19:52:02] local.WARNING: rfid_read_events insert failed for E2806A960000502D20A3BC7B: SQLSTATE[42S02]: Base table or view not found: 1146 Table 'loundry_app.rfid_read_events' doesn't exist (Connection: mysql, SQL: insert into `rfid_read_events` (`epc_code`, `reader_id`, `rssi`, `read_time`, `created_at`, `updated_at`) values (E2806A960000502D20A3BC7B, GATE_A_01, ?, 2025-12-11 14:22:02, 2025-12-11 19:52:02, 2025-12-11 19:52:02))  
[2025-12-11 19:52:02] local.WARNING: rfid_read_events insert failed for E2806A960000502D213985D0: SQLSTATE[42S02]: Base table or view not found: 1146 Table 'loundry_app.rfid_read_events' doesn't exist (Connection: mysql, SQL: insert into `rfid_read_events` (`epc_code`, `reader_id`, `rssi`, `read_time`, `created_at`, `updated_at`) values (E2806A960000502D213985D0, GATE_A_01, ?, 2025-12-11 14:22:02, 2025-12-11 19:52:02, 2025-12-11 19:52:02))  
[2025-12-11 19:52:17] local.INFO: fixedReaderScan called {"reader_code":"GATE_A_01","movement":"inward","reads":[{"epc":"E2806A960000502D213985D0","read_time":"2025-12-11T14:22:17.763894Z","qty":1}]}  
[2025-12-11 19:52:17] local.INFO: fixedReaderScan payload: {"reader_code":"GATE_A_01","movement":"inward","reads":[{"epc":"E2806A960000502D213985D0","read_time":"2025-12-11T14:22:17.763894Z","qty":1}]}  
[2025-12-11 19:52:17] local.WARNING: rfid_read_events insert failed for E2806A960000502D213985D0: SQLSTATE[42S02]: Base table or view not found: 1146 Table 'loundry_app.rfid_read_events' doesn't exist (Connection: mysql, SQL: insert into `rfid_read_events` (`epc_code`, `reader_id`, `rssi`, `read_time`, `created_at`, `updated_at`) values (E2806A960000502D213985D0, GATE_A_01, ?, 2025-12-11 14:22:17, 2025-12-11 19:52:17, 2025-12-11 19:52:17))  
[2025-12-11 19:52:26] local.INFO: fixedReaderScan called {"reader_code":"GATE_A_01","movement":"inward","reads":[{"epc":"E2806A960000502D20A3BC7B","read_time":"2025-12-11T14:22:26.789997100Z","qty":1},{"epc":"E2806A960000502D213985D0","read_time":"2025-12-11T14:22:26.789997100Z","qty":1}]}  
[2025-12-11 19:52:26] local.INFO: fixedReaderScan payload: {"reader_code":"GATE_A_01","movement":"inward","reads":[{"epc":"E2806A960000502D20A3BC7B","read_time":"2025-12-11T14:22:26.789997100Z","qty":1},{"epc":"E2806A960000502D213985D0","read_time":"2025-12-11T14:22:26.789997100Z","qty":1}]}  
[2025-12-11 19:52:26] local.WARNING: rfid_read_events insert failed for E2806A960000502D20A3BC7B: SQLSTATE[42S02]: Base table or view not found: 1146 Table 'loundry_app.rfid_read_events' doesn't exist (Connection: mysql, SQL: insert into `rfid_read_events` (`epc_code`, `reader_id`, `rssi`, `read_time`, `created_at`, `updated_at`) values (E2806A960000502D20A3BC7B, GATE_A_01, ?, 2025-12-11 14:22:26, 2025-12-11 19:52:26, 2025-12-11 19:52:26))  
[2025-12-11 19:52:26] local.WARNING: rfid_read_events insert failed for E2806A960000502D213985D0: SQLSTATE[42S02]: Base table or view not found: 1146 Table 'loundry_app.rfid_read_events' doesn't exist (Connection: mysql, SQL: insert into `rfid_read_events` (`epc_code`, `reader_id`, `rssi`, `read_time`, `created_at`, `updated_at`) values (E2806A960000502D213985D0, GATE_A_01, ?, 2025-12-11 14:22:26, 2025-12-11 19:52:26, 2025-12-11 19:52:26))  
[2025-12-11 19:52:56] local.INFO: fixedReaderScan called {"reader_code":"GATE_A_01","movement":"inward","reads":[{"epc":"E2806A9600005016A4D2E8C9","read_time":"2025-12-11T14:22:56.872334500Z","qty":1},{"epc":"E2806A960000502D20A3BC7B","read_time":"2025-12-11T14:22:56.872334500Z","qty":1},{"epc":"E2806A9600004016A4D34675","read_time":"2025-12-11T14:22:56.872334500Z","qty":1},{"epc":"E2806A960000502D213985D0","read_time":"2025-12-11T14:22:56.872334500Z","qty":1}]}  
[2025-12-11 19:52:56] local.INFO: fixedReaderScan payload: {"reader_code":"GATE_A_01","movement":"inward","reads":[{"epc":"E2806A9600005016A4D2E8C9","read_time":"2025-12-11T14:22:56.872334500Z","qty":1},{"epc":"E2806A960000502D20A3BC7B","read_time":"2025-12-11T14:22:56.872334500Z","qty":1},{"epc":"E2806A9600004016A4D34675","read_time":"2025-12-11T14:22:56.872334500Z","qty":1},{"epc":"E2806A960000502D213985D0","read_time":"2025-12-11T14:22:56.872334500Z","qty":1}]}  
[2025-12-11 19:52:56] local.WARNING: rfid_read_events insert failed for E2806A9600005016A4D2E8C9: SQLSTATE[42S02]: Base table or view not found: 1146 Table 'loundry_app.rfid_read_events' doesn't exist (Connection: mysql, SQL: insert into `rfid_read_events` (`epc_code`, `reader_id`, `rssi`, `read_time`, `created_at`, `updated_at`) values (E2806A9600005016A4D2E8C9, GATE_A_01, ?, 2025-12-11 14:22:56, 2025-12-11 19:52:56, 2025-12-11 19:52:56))  
[2025-12-11 19:52:56] local.WARNING: rfid_read_events insert failed for E2806A960000502D20A3BC7B: SQLSTATE[42S02]: Base table or view not found: 1146 Table 'loundry_app.rfid_read_events' doesn't exist (Connection: mysql, SQL: insert into `rfid_read_events` (`epc_code`, `reader_id`, `rssi`, `read_time`, `created_at`, `updated_at`) values (E2806A960000502D20A3BC7B, GATE_A_01, ?, 2025-12-11 14:22:56, 2025-12-11 19:52:56, 2025-12-11 19:52:56))  
[2025-12-11 19:52:56] local.WARNING: rfid_read_events insert failed for E2806A9600004016A4D34675: SQLSTATE[42S02]: Base table or view not found: 1146 Table 'loundry_app.rfid_read_events' doesn't exist (Connection: mysql, SQL: insert into `rfid_read_events` (`epc_code`, `reader_id`, `rssi`, `read_time`, `created_at`, `updated_at`) values (E2806A9600004016A4D34675, GATE_A_01, ?, 2025-12-11 14:22:56, 2025-12-11 19:52:56, 2025-12-11 19:52:56))  
[2025-12-11 19:52:56] local.WARNING: rfid_read_events insert failed for E2806A960000502D213985D0: SQLSTATE[42S02]: Base table or view not found: 1146 Table 'loundry_app.rfid_read_events' doesn't exist (Connection: mysql, SQL: insert into `rfid_read_events` (`epc_code`, `reader_id`, `rssi`, `read_time`, `created_at`, `updated_at`) values (E2806A960000502D213985D0, GATE_A_01, ?, 2025-12-11 14:22:56, 2025-12-11 19:52:56, 2025-12-11 19:52:56))  
[2025-12-11 19:52:59] local.INFO: fixedReaderScan called {"reader_code":"GATE_A_01","movement":"inward","reads":[{"epc":"E2806A9600005016A4D2E8C9","read_time":"2025-12-11T14:22:59.884321100Z","qty":1},{"epc":"E2806A960000502D213985D0","read_time":"2025-12-11T14:22:59.884321100Z","qty":1}]}  
[2025-12-11 19:52:59] local.INFO: fixedReaderScan payload: {"reader_code":"GATE_A_01","movement":"inward","reads":[{"epc":"E2806A9600005016A4D2E8C9","read_time":"2025-12-11T14:22:59.884321100Z","qty":1},{"epc":"E2806A960000502D213985D0","read_time":"2025-12-11T14:22:59.884321100Z","qty":1}]}  
[2025-12-11 19:52:59] local.WARNING: rfid_read_events insert failed for E2806A9600005016A4D2E8C9: SQLSTATE[42S02]: Base table or view not found: 1146 Table 'loundry_app.rfid_read_events' doesn't exist (Connection: mysql, SQL: insert into `rfid_read_events` (`epc_code`, `reader_id`, `rssi`, `read_time`, `created_at`, `updated_at`) values (E2806A9600005016A4D2E8C9, GATE_A_01, ?, 2025-12-11 14:22:59, 2025-12-11 19:52:59, 2025-12-11 19:52:59))  
[2025-12-11 19:52:59] local.WARNING: rfid_read_events insert failed for E2806A960000502D213985D0: SQLSTATE[42S02]: Base table or view not found: 1146 Table 'loundry_app.rfid_read_events' doesn't exist (Connection: mysql, SQL: insert into `rfid_read_events` (`epc_code`, `reader_id`, `rssi`, `read_time`, `created_at`, `updated_at`) values (E2806A960000502D213985D0, GATE_A_01, ?, 2025-12-11 14:22:59, 2025-12-11 19:52:59, 2025-12-11 19:52:59))  
[2025-12-11 19:53:26] local.INFO: fixedReaderScan called {"reader_code":"GATE_A_01","movement":"inward","reads":[{"epc":"E2806A9600005016A4D2E8C9","read_time":"2025-12-11T14:23:26.937900Z","qty":1},{"epc":"E2806A960000502D20A3BC7B","read_time":"2025-12-11T14:23:26.937900Z","qty":1},{"epc":"E2806A9600004016A4D34675","read_time":"2025-12-11T14:23:26.937900Z","qty":1},{"epc":"E2806A960000502D213985D0","read_time":"2025-12-11T14:23:26.937900Z","qty":1}]}  
[2025-12-11 19:53:26] local.INFO: fixedReaderScan payload: {"reader_code":"GATE_A_01","movement":"inward","reads":[{"epc":"E2806A9600005016A4D2E8C9","read_time":"2025-12-11T14:23:26.937900Z","qty":1},{"epc":"E2806A960000502D20A3BC7B","read_time":"2025-12-11T14:23:26.937900Z","qty":1},{"epc":"E2806A9600004016A4D34675","read_time":"2025-12-11T14:23:26.937900Z","qty":1},{"epc":"E2806A960000502D213985D0","read_time":"2025-12-11T14:23:26.937900Z","qty":1}]}  
[2025-12-11 19:53:26] local.WARNING: rfid_read_events insert failed for E2806A9600005016A4D2E8C9: SQLSTATE[42S02]: Base table or view not found: 1146 Table 'loundry_app.rfid_read_events' doesn't exist (Connection: mysql, SQL: insert into `rfid_read_events` (`epc_code`, `reader_id`, `rssi`, `read_time`, `created_at`, `updated_at`) values (E2806A9600005016A4D2E8C9, GATE_A_01, ?, 2025-12-11 14:23:26, 2025-12-11 19:53:26, 2025-12-11 19:53:26))  
[2025-12-11 19:53:26] local.WARNING: rfid_read_events insert failed for E2806A960000502D20A3BC7B: SQLSTATE[42S02]: Base table or view not found: 1146 Table 'loundry_app.rfid_read_events' doesn't exist (Connection: mysql, SQL: insert into `rfid_read_events` (`epc_code`, `reader_id`, `rssi`, `read_time`, `created_at`, `updated_at`) values (E2806A960000502D20A3BC7B, GATE_A_01, ?, 2025-12-11 14:23:26, 2025-12-11 19:53:26, 2025-12-11 19:53:26))  
[2025-12-11 19:53:26] local.WARNING: rfid_read_events insert failed for E2806A9600004016A4D34675: SQLSTATE[42S02]: Base table or view not found: 1146 Table 'loundry_app.rfid_read_events' doesn't exist (Connection: mysql, SQL: insert into `rfid_read_events` (`epc_code`, `reader_id`, `rssi`, `read_time`, `created_at`, `updated_at`) values (E2806A9600004016A4D34675, GATE_A_01, ?, 2025-12-11 14:23:26, 2025-12-11 19:53:26, 2025-12-11 19:53:26))  
[2025-12-11 19:53:26] local.WARNING: rfid_read_events insert failed for E2806A960000502D213985D0: SQLSTATE[42S02]: Base table or view not found: 1146 Table 'loundry_app.rfid_read_events' doesn't exist (Connection: mysql, SQL: insert into `rfid_read_events` (`epc_code`, `reader_id`, `rssi`, `read_time`, `created_at`, `updated_at`) values (E2806A960000502D213985D0, GATE_A_01, ?, 2025-12-11 14:23:26, 2025-12-11 19:53:26, 2025-12-11 19:53:26))  
[2025-12-11 19:56:51] local.INFO: fixedReaderScan called {"reader_code":"GATE_A_01","movement":"inward","reads":[{"epc":"E2806A960000502D20A3BC7B","read_time":"2025-12-11T14:26:51.490819300Z","qty":1}]}  
[2025-12-11 19:56:51] local.INFO: fixedReaderScan payload: {"reader_code":"GATE_A_01","movement":"inward","reads":[{"epc":"E2806A960000502D20A3BC7B","read_time":"2025-12-11T14:26:51.490819300Z","qty":1}]}  
[2025-12-11 19:56:51] local.WARNING: rfid_read_events insert failed for E2806A960000502D20A3BC7B: SQLSTATE[42S02]: Base table or view not found: 1146 Table 'loundry_app.rfid_read_events' doesn't exist (Connection: mysql, SQL: insert into `rfid_read_events` (`epc_code`, `reader_id`, `rssi`, `read_time`, `created_at`, `updated_at`) values (E2806A960000502D20A3BC7B, GATE_A_01, ?, 2025-12-11 14:26:51, 2025-12-11 19:56:51, 2025-12-11 19:56:51))  
[2025-12-11 19:57:06] local.INFO: fixedReaderScan called {"reader_code":"GATE_A_01","movement":"inward","reads":[{"epc":"E2806A960000502D20A3BC7B","read_time":"2025-12-11T14:27:06.531634500Z","qty":1}]}  
[2025-12-11 19:57:06] local.INFO: fixedReaderScan payload: {"reader_code":"GATE_A_01","movement":"inward","reads":[{"epc":"E2806A960000502D20A3BC7B","read_time":"2025-12-11T14:27:06.531634500Z","qty":1}]}  
[2025-12-11 19:57:06] local.WARNING: rfid_read_events insert failed for E2806A960000502D20A3BC7B: SQLSTATE[42S02]: Base table or view not found: 1146 Table 'loundry_app.rfid_read_events' doesn't exist (Connection: mysql, SQL: insert into `rfid_read_events` (`epc_code`, `reader_id`, `rssi`, `read_time`, `created_at`, `updated_at`) values (E2806A960000502D20A3BC7B, GATE_A_01, ?, 2025-12-11 14:27:06, 2025-12-11 19:57:06, 2025-12-11 19:57:06))  
[2025-12-11 19:57:33] local.INFO: fixedReaderScan called {"reader_code":"GATE_A_01","movement":"inward","reads":[{"epc":"E2806A9600004016A4D34675","read_time":"2025-12-11T14:27:33.603693500Z","qty":1}]}  
[2025-12-11 19:57:33] local.INFO: fixedReaderScan payload: {"reader_code":"GATE_A_01","movement":"inward","reads":[{"epc":"E2806A9600004016A4D34675","read_time":"2025-12-11T14:27:33.603693500Z","qty":1}]}  
[2025-12-11 19:57:33] local.WARNING: rfid_read_events insert failed for E2806A9600004016A4D34675: SQLSTATE[42S02]: Base table or view not found: 1146 Table 'loundry_app.rfid_read_events' doesn't exist (Connection: mysql, SQL: insert into `rfid_read_events` (`epc_code`, `reader_id`, `rssi`, `read_time`, `created_at`, `updated_at`) values (E2806A9600004016A4D34675, GATE_A_01, ?, 2025-12-11 14:27:33, 2025-12-11 19:57:33, 2025-12-11 19:57:33))  
[2025-12-11 19:57:45] local.INFO: fixedReaderScan called {"reader_code":"GATE_A_01","movement":"inward","reads":[{"epc":"E2806A9600004016A4D34675","read_time":"2025-12-11T14:27:45.631185Z","qty":1}]}  
[2025-12-11 19:57:45] local.INFO: fixedReaderScan payload: {"reader_code":"GATE_A_01","movement":"inward","reads":[{"epc":"E2806A9600004016A4D34675","read_time":"2025-12-11T14:27:45.631185Z","qty":1}]}  
[2025-12-11 19:57:45] local.WARNING: rfid_read_events insert failed for E2806A9600004016A4D34675: SQLSTATE[42S02]: Base table or view not found: 1146 Table 'loundry_app.rfid_read_events' doesn't exist (Connection: mysql, SQL: insert into `rfid_read_events` (`epc_code`, `reader_id`, `rssi`, `read_time`, `created_at`, `updated_at`) values (E2806A9600004016A4D34675, GATE_A_01, ?, 2025-12-11 14:27:45, 2025-12-11 19:57:45, 2025-12-11 19:57:45))  
[2025-12-11 19:58:21] local.INFO: fixedReaderScan called {"reader_code":"GATE_A_01","movement":"inward","reads":[{"epc":"E2806A9600004016A4D34675","read_time":"2025-12-11T14:28:21.713753600Z","qty":1}]}  
[2025-12-11 19:58:21] local.INFO: fixedReaderScan payload: {"reader_code":"GATE_A_01","movement":"inward","reads":[{"epc":"E2806A9600004016A4D34675","read_time":"2025-12-11T14:28:21.713753600Z","qty":1}]}  
[2025-12-11 19:58:21] local.WARNING: rfid_read_events insert failed for E2806A9600004016A4D34675: SQLSTATE[42S02]: Base table or view not found: 1146 Table 'loundry_app.rfid_read_events' doesn't exist (Connection: mysql, SQL: insert into `rfid_read_events` (`epc_code`, `reader_id`, `rssi`, `read_time`, `created_at`, `updated_at`) values (E2806A9600004016A4D34675, GATE_A_01, ?, 2025-12-11 14:28:21, 2025-12-11 19:58:21, 2025-12-11 19:58:21))  
[2025-12-11 19:58:36] local.INFO: fixedReaderScan called {"reader_code":"GATE_A_01","movement":"inward","reads":[{"epc":"E2806A9600004016A4D34675","read_time":"2025-12-11T14:28:36.758885600Z","qty":1}]}  
[2025-12-11 19:58:36] local.INFO: fixedReaderScan payload: {"reader_code":"GATE_A_01","movement":"inward","reads":[{"epc":"E2806A9600004016A4D34675","read_time":"2025-12-11T14:28:36.758885600Z","qty":1}]}  
[2025-12-11 19:58:36] local.WARNING: rfid_read_events insert failed for E2806A9600004016A4D34675: SQLSTATE[42S02]: Base table or view not found: 1146 Table 'loundry_app.rfid_read_events' doesn't exist (Connection: mysql, SQL: insert into `rfid_read_events` (`epc_code`, `reader_id`, `rssi`, `read_time`, `created_at`, `updated_at`) values (E2806A9600004016A4D34675, GATE_A_01, ?, 2025-12-11 14:28:36, 2025-12-11 19:58:36, 2025-12-11 19:58:36))  
[2025-12-11 19:58:54] local.INFO: fixedReaderScan called {"reader_code":"GATE_A_01","movement":"inward","reads":[{"epc":"E2806A9600004016A4D34675","read_time":"2025-12-11T14:28:54.817410200Z","qty":1}]}  
[2025-12-11 19:58:54] local.INFO: fixedReaderScan payload: {"reader_code":"GATE_A_01","movement":"inward","reads":[{"epc":"E2806A9600004016A4D34675","read_time":"2025-12-11T14:28:54.817410200Z","qty":1}]}  
[2025-12-11 19:58:54] local.WARNING: rfid_read_events insert failed for E2806A9600004016A4D34675: SQLSTATE[42S02]: Base table or view not found: 1146 Table 'loundry_app.rfid_read_events' doesn't exist (Connection: mysql, SQL: insert into `rfid_read_events` (`epc_code`, `reader_id`, `rssi`, `read_time`, `created_at`, `updated_at`) values (E2806A9600004016A4D34675, GATE_A_01, ?, 2025-12-11 14:28:54, 2025-12-11 19:58:54, 2025-12-11 19:58:54))  
[2025-12-11 19:59:12] local.INFO: fixedReaderScan called {"reader_code":"GATE_A_01","movement":"inward","reads":[{"epc":"E2806A9600005016A4D2E8C9","read_time":"2025-12-11T14:29:12.880734300Z","qty":1}]}  
[2025-12-11 19:59:12] local.INFO: fixedReaderScan payload: {"reader_code":"GATE_A_01","movement":"inward","reads":[{"epc":"E2806A9600005016A4D2E8C9","read_time":"2025-12-11T14:29:12.880734300Z","qty":1}]}  
[2025-12-11 19:59:12] local.WARNING: rfid_read_events insert failed for E2806A9600005016A4D2E8C9: SQLSTATE[42S02]: Base table or view not found: 1146 Table 'loundry_app.rfid_read_events' doesn't exist (Connection: mysql, SQL: insert into `rfid_read_events` (`epc_code`, `reader_id`, `rssi`, `read_time`, `created_at`, `updated_at`) values (E2806A9600005016A4D2E8C9, GATE_A_01, ?, 2025-12-11 14:29:12, 2025-12-11 19:59:12, 2025-12-11 19:59:12))  
[2025-12-11 19:59:24] local.INFO: fixedReaderScan called {"reader_code":"GATE_A_01","movement":"inward","reads":[{"epc":"E2806A9600004016A4D34675","read_time":"2025-12-11T14:29:24.919651800Z","qty":1}]}  
[2025-12-11 19:59:24] local.INFO: fixedReaderScan payload: {"reader_code":"GATE_A_01","movement":"inward","reads":[{"epc":"E2806A9600004016A4D34675","read_time":"2025-12-11T14:29:24.919651800Z","qty":1}]}  
[2025-12-11 19:59:24] local.WARNING: rfid_read_events insert failed for E2806A9600004016A4D34675: SQLSTATE[42S02]: Base table or view not found: 1146 Table 'loundry_app.rfid_read_events' doesn't exist (Connection: mysql, SQL: insert into `rfid_read_events` (`epc_code`, `reader_id`, `rssi`, `read_time`, `created_at`, `updated_at`) values (E2806A9600004016A4D34675, GATE_A_01, ?, 2025-12-11 14:29:24, 2025-12-11 19:59:24, 2025-12-11 19:59:24))  
[2025-12-11 19:59:30] local.INFO: fixedReaderScan called {"reader_code":"GATE_A_01","movement":"inward","reads":[{"epc":"E2806A960000502D20A3BC7B","read_time":"2025-12-11T14:29:30.948909800Z","qty":1},{"epc":"E2806A960000502D213985D0","read_time":"2025-12-11T14:29:30.948909800Z","qty":1}]}  
[2025-12-11 19:59:30] local.INFO: fixedReaderScan payload: {"reader_code":"GATE_A_01","movement":"inward","reads":[{"epc":"E2806A960000502D20A3BC7B","read_time":"2025-12-11T14:29:30.948909800Z","qty":1},{"epc":"E2806A960000502D213985D0","read_time":"2025-12-11T14:29:30.948909800Z","qty":1}]}  
[2025-12-11 19:59:30] local.WARNING: rfid_read_events insert failed for E2806A960000502D20A3BC7B: SQLSTATE[42S02]: Base table or view not found: 1146 Table 'loundry_app.rfid_read_events' doesn't exist (Connection: mysql, SQL: insert into `rfid_read_events` (`epc_code`, `reader_id`, `rssi`, `read_time`, `created_at`, `updated_at`) values (E2806A960000502D20A3BC7B, GATE_A_01, ?, 2025-12-11 14:29:30, 2025-12-11 19:59:30, 2025-12-11 19:59:30))  
[2025-12-11 19:59:30] local.WARNING: rfid_read_events insert failed for E2806A960000502D213985D0: SQLSTATE[42S02]: Base table or view not found: 1146 Table 'loundry_app.rfid_read_events' doesn't exist (Connection: mysql, SQL: insert into `rfid_read_events` (`epc_code`, `reader_id`, `rssi`, `read_time`, `created_at`, `updated_at`) values (E2806A960000502D213985D0, GATE_A_01, ?, 2025-12-11 14:29:30, 2025-12-11 19:59:30, 2025-12-11 19:59:30))  
[2025-12-11 19:59:42] local.INFO: fixedReaderScan called {"reader_code":"GATE_A_01","movement":"inward","reads":[{"epc":"E2806A960000502D213985D0","read_time":"2025-12-11T14:29:42.978125200Z","qty":1}]}  
[2025-12-11 19:59:42] local.INFO: fixedReaderScan payload: {"reader_code":"GATE_A_01","movement":"inward","reads":[{"epc":"E2806A960000502D213985D0","read_time":"2025-12-11T14:29:42.978125200Z","qty":1}]}  
[2025-12-11 19:59:42] local.WARNING: rfid_read_events insert failed for E2806A960000502D213985D0: SQLSTATE[42S02]: Base table or view not found: 1146 Table 'loundry_app.rfid_read_events' doesn't exist (Connection: mysql, SQL: insert into `rfid_read_events` (`epc_code`, `reader_id`, `rssi`, `read_time`, `created_at`, `updated_at`) values (E2806A960000502D213985D0, GATE_A_01, ?, 2025-12-11 14:29:42, 2025-12-11 19:59:42, 2025-12-11 19:59:42))  
[2025-12-11 20:00:06] local.INFO: fixedReaderScan called {"reader_code":"GATE_A_01","movement":"inward","reads":[{"epc":"E2806A960000502D20A3BC7B","read_time":"2025-12-11T14:30:07.038583100Z","qty":1},{"epc":"E2806A960000502D213985D0","read_time":"2025-12-11T14:30:07.038583100Z","qty":1}]}  
[2025-12-11 20:00:06] local.INFO: fixedReaderScan payload: {"reader_code":"GATE_A_01","movement":"inward","reads":[{"epc":"E2806A960000502D20A3BC7B","read_time":"2025-12-11T14:30:07.038583100Z","qty":1},{"epc":"E2806A960000502D213985D0","read_time":"2025-12-11T14:30:07.038583100Z","qty":1}]}  
[2025-12-11 20:00:06] local.WARNING: rfid_read_events insert failed for E2806A960000502D20A3BC7B: SQLSTATE[42S02]: Base table or view not found: 1146 Table 'loundry_app.rfid_read_events' doesn't exist (Connection: mysql, SQL: insert into `rfid_read_events` (`epc_code`, `reader_id`, `rssi`, `read_time`, `created_at`, `updated_at`) values (E2806A960000502D20A3BC7B, GATE_A_01, ?, 2025-12-11 14:30:07, 2025-12-11 20:00:06, 2025-12-11 20:00:06))  
[2025-12-11 20:00:06] local.WARNING: rfid_read_events insert failed for E2806A960000502D213985D0: SQLSTATE[42S02]: Base table or view not found: 1146 Table 'loundry_app.rfid_read_events' doesn't exist (Connection: mysql, SQL: insert into `rfid_read_events` (`epc_code`, `reader_id`, `rssi`, `read_time`, `created_at`, `updated_at`) values (E2806A960000502D213985D0, GATE_A_01, ?, 2025-12-11 14:30:07, 2025-12-11 20:00:06, 2025-12-11 20:00:06))  
[2025-12-11 20:00:09] local.INFO: fixedReaderScan called {"reader_code":"GATE_A_01","movement":"inward","reads":[{"epc":"E2806A9600005016A4D2E8C9","read_time":"2025-12-11T14:30:10.044207200Z","qty":1}]}  
[2025-12-11 20:00:09] local.INFO: fixedReaderScan payload: {"reader_code":"GATE_A_01","movement":"inward","reads":[{"epc":"E2806A9600005016A4D2E8C9","read_time":"2025-12-11T14:30:10.044207200Z","qty":1}]}  
[2025-12-11 20:00:09] local.WARNING: rfid_read_events insert failed for E2806A9600005016A4D2E8C9: SQLSTATE[42S02]: Base table or view not found: 1146 Table 'loundry_app.rfid_read_events' doesn't exist (Connection: mysql, SQL: insert into `rfid_read_events` (`epc_code`, `reader_id`, `rssi`, `read_time`, `created_at`, `updated_at`) values (E2806A9600005016A4D2E8C9, GATE_A_01, ?, 2025-12-11 14:30:10, 2025-12-11 20:00:09, 2025-12-11 20:00:09))  
[2025-12-11 20:00:12] local.INFO: fixedReaderScan called {"reader_code":"GATE_A_01","movement":"inward","reads":[{"epc":"E2806A9600004016A4D34675","read_time":"2025-12-11T14:30:13.051619700Z","qty":1}]}  
[2025-12-11 20:00:12] local.INFO: fixedReaderScan payload: {"reader_code":"GATE_A_01","movement":"inward","reads":[{"epc":"E2806A9600004016A4D34675","read_time":"2025-12-11T14:30:13.051619700Z","qty":1}]}  
[2025-12-11 20:00:12] local.WARNING: rfid_read_events insert failed for E2806A9600004016A4D34675: SQLSTATE[42S02]: Base table or view not found: 1146 Table 'loundry_app.rfid_read_events' doesn't exist (Connection: mysql, SQL: insert into `rfid_read_events` (`epc_code`, `reader_id`, `rssi`, `read_time`, `created_at`, `updated_at`) values (E2806A9600004016A4D34675, GATE_A_01, ?, 2025-12-11 14:30:13, 2025-12-11 20:00:12, 2025-12-11 20:00:12))  
[2025-12-11 20:01:04] local.INFO: fixedReaderScan called {"reader_code":"GATE_A_01","movement":"inward","reads":[{"epc":"E2806A960000502D213985D0","read_time":"2025-12-11T14:31:04.161918800Z","qty":1}]}  
[2025-12-11 20:01:04] local.INFO: fixedReaderScan payload: {"reader_code":"GATE_A_01","movement":"inward","reads":[{"epc":"E2806A960000502D213985D0","read_time":"2025-12-11T14:31:04.161918800Z","qty":1}]}  
[2025-12-11 20:01:04] local.WARNING: rfid_read_events insert failed for E2806A960000502D213985D0: SQLSTATE[42S02]: Base table or view not found: 1146 Table 'loundry_app.rfid_read_events' doesn't exist (Connection: mysql, SQL: insert into `rfid_read_events` (`epc_code`, `reader_id`, `rssi`, `read_time`, `created_at`, `updated_at`) values (E2806A960000502D213985D0, GATE_A_01, ?, 2025-12-11 14:31:04, 2025-12-11 20:01:04, 2025-12-11 20:01:04))  
[2025-12-11 20:01:34] local.INFO: fixedReaderScan called {"reader_code":"GATE_A_01","movement":"inward","reads":[{"epc":"E2806A9600004016A4D34675","read_time":"2025-12-11T14:31:34.239630800Z","qty":1},{"epc":"E2806A960000502D213985D0","read_time":"2025-12-11T14:31:34.239630800Z","qty":1}]}  
[2025-12-11 20:01:34] local.INFO: fixedReaderScan payload: {"reader_code":"GATE_A_01","movement":"inward","reads":[{"epc":"E2806A9600004016A4D34675","read_time":"2025-12-11T14:31:34.239630800Z","qty":1},{"epc":"E2806A960000502D213985D0","read_time":"2025-12-11T14:31:34.239630800Z","qty":1}]}  
[2025-12-11 20:01:34] local.WARNING: rfid_read_events insert failed for E2806A9600004016A4D34675: SQLSTATE[42S02]: Base table or view not found: 1146 Table 'loundry_app.rfid_read_events' doesn't exist (Connection: mysql, SQL: insert into `rfid_read_events` (`epc_code`, `reader_id`, `rssi`, `read_time`, `created_at`, `updated_at`) values (E2806A9600004016A4D34675, GATE_A_01, ?, 2025-12-11 14:31:34, 2025-12-11 20:01:34, 2025-12-11 20:01:34))  
[2025-12-11 20:01:34] local.WARNING: rfid_read_events insert failed for E2806A960000502D213985D0: SQLSTATE[42S02]: Base table or view not found: 1146 Table 'loundry_app.rfid_read_events' doesn't exist (Connection: mysql, SQL: insert into `rfid_read_events` (`epc_code`, `reader_id`, `rssi`, `read_time`, `created_at`, `updated_at`) values (E2806A960000502D213985D0, GATE_A_01, ?, 2025-12-11 14:31:34, 2025-12-11 20:01:34, 2025-12-11 20:01:34))  
[2025-12-11 20:01:40] local.INFO: fixedReaderScan called {"reader_code":"GATE_A_01","movement":"inward","reads":[{"epc":"E2806A9600004016A4D34675","read_time":"2025-12-11T14:31:40.246079900Z","qty":1},{"epc":"E2806A960000502D213985D0","read_time":"2025-12-11T14:31:40.246079900Z","qty":1}]}  
[2025-12-11 20:01:40] local.INFO: fixedReaderScan payload: {"reader_code":"GATE_A_01","movement":"inward","reads":[{"epc":"E2806A9600004016A4D34675","read_time":"2025-12-11T14:31:40.246079900Z","qty":1},{"epc":"E2806A960000502D213985D0","read_time":"2025-12-11T14:31:40.246079900Z","qty":1}]}  
[2025-12-11 20:01:40] local.WARNING: rfid_read_events insert failed for E2806A9600004016A4D34675: SQLSTATE[42S02]: Base table or view not found: 1146 Table 'loundry_app.rfid_read_events' doesn't exist (Connection: mysql, SQL: insert into `rfid_read_events` (`epc_code`, `reader_id`, `rssi`, `read_time`, `created_at`, `updated_at`) values (E2806A9600004016A4D34675, GATE_A_01, ?, 2025-12-11 14:31:40, 2025-12-11 20:01:40, 2025-12-11 20:01:40))  
[2025-12-11 20:01:40] local.WARNING: rfid_read_events insert failed for E2806A960000502D213985D0: SQLSTATE[42S02]: Base table or view not found: 1146 Table 'loundry_app.rfid_read_events' doesn't exist (Connection: mysql, SQL: insert into `rfid_read_events` (`epc_code`, `reader_id`, `rssi`, `read_time`, `created_at`, `updated_at`) values (E2806A960000502D213985D0, GATE_A_01, ?, 2025-12-11 14:31:40, 2025-12-11 20:01:40, 2025-12-11 20:01:40))  
