[2025-11-28 10:34:58] local.INFO: --- CHECK UPDATE CALLED --- {"incoming_request":{"current_version_code":5,"device_id":"d5ee7f87f3ada95d"}} 
[2025-11-28 10:34:58] local.INFO: Validated request {"device_id":"d5ee7f87f3ada95d","current_version_code":5} 
[2025-11-28 10:34:58] local.INFO: Device found {"device_id":"d5ee7f87f3ada95d","registered_version_code":1,"is_update_required_flag":0} 
[2025-11-28 10:34:58] local.INFO: Device is up to date {"device_id":"d5ee7f87f3ada95d","current_version":5} 
[2025-11-28 10:34:59] local.INFO: checkDevice request: {"device_id":"d5ee7f87f3ada95d"}  
[2025-11-28 10:35:11] local.INFO: --- CHECK UPDATE CALLED --- {"incoming_request":{"current_version_code":5,"device_id":"d5ee7f87f3ada95d"}} 
[2025-11-28 10:35:11] local.INFO: Validated request {"device_id":"d5ee7f87f3ada95d","current_version_code":5} 
[2025-11-28 10:35:11] local.INFO: Device found {"device_id":"d5ee7f87f3ada95d","registered_version_code":1,"is_update_required_flag":0} 
[2025-11-28 10:35:11] local.INFO: Device is up to date {"device_id":"d5ee7f87f3ada95d","current_version":5} 
[2025-11-28 10:35:34] local.INFO: User login attempt {"license_key":"D5EE-T629K9-1C22-4A66-44F8","username":"aditiyakum"} 
[2025-11-28 10:35:34] local.INFO: User login response data {"user_id":51,"data":{"user":{"name":"Bangalore admin","email":"aditiyakum@gmail.com","user_code":"USR-ADKU1CW","location_id":3,"location_name":"Electronic City","working_stages":[],"role":{"App\\Models\\user_management\\Role":{"role_id":13,"role_name":"Palnt Admin","role_code":"ROL-ADIN9A3"}},"api_key":"XDdZMI4IrtC0Wc4XsJI5vzjLrVdrY2U4en3me1ckxhKZDGgnge2VUVbeTHJO"},"permissions":{"users":["create.users","view.users","edit.users","delete.users"],"dashboard":["view.dashboard_admin"],"config_settings":["create.config_settings","view.config_settings","edit.config_settings","delete.config_settings"],"products":["view.products","create.products","edit.products","delete.products"],"reports":["view.reports"],"bonding":["view.bonding","create.bonding","edit.bonding","delete.bonding","write.bonding","lock.bonding"],"locations":["locations.view","locations.edit"]},"token":"692|wo4NgThTlIYjiN7FR9hWL5ZqFU1XxBMHnWZt7cH8550f5acb"}} 
[2025-11-28 10:35:34] local.INFO: User login successful {"user_id":51,"license_key":"D5EE-T629K9-1C22-4A66-44F8"} 
[2025-11-28 10:35:37] local.INFO: --- CHECK UPDATE CALLED --- {"incoming_request":{"current_version_code":5,"device_id":"d5ee7f87f3ada95d"}} 
[2025-11-28 10:35:37] local.INFO: Validated request {"device_id":"d5ee7f87f3ada95d","current_version_code":5} 
[2025-11-28 10:35:37] local.INFO: Device found {"device_id":"d5ee7f87f3ada95d","registered_version_code":1,"is_update_required_flag":0} 
[2025-11-28 10:35:37] local.INFO: Device is up to date {"device_id":"d5ee7f87f3ada95d","current_version":5} 
[2025-11-28 10:35:41] local.INFO: getStagesAndStatus: []  
[2025-11-28 10:35:41] local.INFO: getStagesAndStatus allowed_stages: null  
[2025-11-28 10:35:41] local.INFO: getStagesAndStatus working_stages: {"stages":{"packaging":"Packaging","zip_cover_qc":"Zip Cover QC","tape_edge_qc":"Tape Edge QC","bonding_qc":"Bonding QC"},"defect_points":{"zip_cover_qc":[{"name":"Colour Issue","value":"colour_issue"},{"name":"Others","value":"others"},{"name":"Overall Default","value":"overall_default"}],"tape_edge_qc":[{"name":"Colour Issue","value":"colour_issue"},{"name":"Others","value":"others"},{"name":"Overall Default","value":"overall_default"}],"bonding_qc":[{"name":"Over Size","value":"over_size"},{"name":"Under size","value":"under_size"},{"name":"Improper Cutting(BareBlock\/Gell)","value":"improper_cuttingbareblockgell"},{"name":"Diagonal Issue","value":"diagonal_issue"},{"name":"Mattress Waviness And Grid Damage","value":"mattress_waviness_and_grid_damage"},{"name":"Colour issue","value":"colour_issue"},{"name":"Wrong foam used","value":"wrong_foam_used"},{"name":"Construction Change","value":"construction_change"},{"name":"Improper pasting","value":"improper_pasting"},{"name":"Improper Heat Press (Gell Change)","value":"improper_heat_press_gell_change"},{"name":"Foam Sheet Damage","value":"foam_sheet_damage"},{"name":"Border change","value":"border_change"},{"name":"Other","value":"other"},{"name":"Overall Default","value":"overall_default"}]},"status":{"REWORK":"REWORK","PENDING":"PENDING","PASS":"PASS","FAIL":"FAIL"},"allowed_stages":[]}  
[2025-11-28 10:35:46] local.INFO: getProductDetailsByTagId: {"tag_id":"E2004700BA31662B01EC81F3"}  
[2025-11-28 10:35:46] local.INFO: tagId: "E2004700BA31662B01EC81F3"  
[2025-11-28 10:35:46] local.INFO: product found: yes  
[2025-11-28 10:35:46] local.INFO: getProductDetailsByTagId formattedProduct: {"id":37,"product_name":"TEST Ppoduc 2e","sku":"2334FF23","size":"22x355x56","quantity":1,"latest_stage":"zip_cover_qc","latest_status":"PASS","latest_remarks":null,"latest_defects_points":[],"created_at":"2025-11-16 18:51:51","tag_id":"E2004700BA31662B01EC81F3","qa_code":"TEP-22x355x56-81020252GS","location_id":3,"reference_code":""}  
[2025-11-28 10:35:46] local.INFO: getStagesAndStatus: {"latest_remarks":null,"latest_stage":"zip_cover_qc","latest_status":"PASS"}  
[2025-11-28 10:35:46] local.INFO: getStagesAndStatus allowed_stages: null  
[2025-11-28 10:35:46] local.INFO: getStagesAndStatus working_stages: {"stages":{"packaging":"Packaging","zip_cover_qc":"Zip Cover QC","tape_edge_qc":"Tape Edge QC","bonding_qc":"Bonding QC"},"defect_points":{"zip_cover_qc":[{"name":"Colour Issue","value":"colour_issue"},{"name":"Others","value":"others"},{"name":"Overall Default","value":"overall_default"}],"tape_edge_qc":[{"name":"Colour Issue","value":"colour_issue"},{"name":"Others","value":"others"},{"name":"Overall Default","value":"overall_default"}],"bonding_qc":[{"name":"Over Size","value":"over_size"},{"name":"Under size","value":"under_size"},{"name":"Improper Cutting(BareBlock\/Gell)","value":"improper_cuttingbareblockgell"},{"name":"Diagonal Issue","value":"diagonal_issue"},{"name":"Mattress Waviness And Grid Damage","value":"mattress_waviness_and_grid_damage"},{"name":"Colour issue","value":"colour_issue"},{"name":"Wrong foam used","value":"wrong_foam_used"},{"name":"Construction Change","value":"construction_change"},{"name":"Improper pasting","value":"improper_pasting"},{"name":"Improper Heat Press (Gell Change)","value":"improper_heat_press_gell_change"},{"name":"Foam Sheet Damage","value":"foam_sheet_damage"},{"name":"Border change","value":"border_change"},{"name":"Other","value":"other"},{"name":"Overall Default","value":"overall_default"}]},"status":{"REWORK":"REWORK","PENDING":"PENDING","PASS":"PASS","FAIL":"FAIL"},"allowed_stages":[]}  
[2025-11-28 10:35:55] local.INFO: updateProductStage: {"defects_points":[],"remarks":null,"stage":"packaging","status":"PASS","tag_id":"E2004700BA31662B01EC81F3"}  
[2025-11-28 10:35:55] local.INFO: Required stages: ["tape_edge_qc","zip_cover_qc"]  
[2025-11-28 10:35:55] local.INFO: Passed stages count: 1  
[2025-11-28 10:35:55] local.INFO: getStagesAndStatus: {"latest_remarks":null,"latest_status":"PENDING"}  
[2025-11-28 10:35:55] local.INFO: getStagesAndStatus allowed_stages: null  
[2025-11-28 10:35:55] local.INFO: getStagesAndStatus working_stages: {"stages":{"packaging":"Packaging","zip_cover_qc":"Zip Cover QC","tape_edge_qc":"Tape Edge QC","bonding_qc":"Bonding QC"},"defect_points":{"zip_cover_qc":[{"name":"Colour Issue","value":"colour_issue"},{"name":"Others","value":"others"},{"name":"Overall Default","value":"overall_default"}],"tape_edge_qc":[{"name":"Colour Issue","value":"colour_issue"},{"name":"Others","value":"others"},{"name":"Overall Default","value":"overall_default"}],"bonding_qc":[{"name":"Over Size","value":"over_size"},{"name":"Under size","value":"under_size"},{"name":"Improper Cutting(BareBlock\/Gell)","value":"improper_cuttingbareblockgell"},{"name":"Diagonal Issue","value":"diagonal_issue"},{"name":"Mattress Waviness And Grid Damage","value":"mattress_waviness_and_grid_damage"},{"name":"Colour issue","value":"colour_issue"},{"name":"Wrong foam used","value":"wrong_foam_used"},{"name":"Construction Change","value":"construction_change"},{"name":"Improper pasting","value":"improper_pasting"},{"name":"Improper Heat Press (Gell Change)","value":"improper_heat_press_gell_change"},{"name":"Foam Sheet Damage","value":"foam_sheet_damage"},{"name":"Border change","value":"border_change"},{"name":"Other","value":"other"},{"name":"Overall Default","value":"overall_default"}]},"status":{"REWORK":"REWORK","PENDING":"PENDING","PASS":"PASS","FAIL":"FAIL"},"allowed_stages":[]}  
[2025-11-28 10:36:03] local.INFO: getProductDetailsByTagId: {"tag_id":"E2004700E491662B01EC8499"}  
[2025-11-28 10:36:03] local.INFO: tagId: "E2004700E491662B01EC8499"  
[2025-11-28 10:36:03] local.INFO: product found: yes  
[2025-11-28 10:36:03] local.INFO: getProductDetailsByTagId formattedProduct: {"id":44,"product_name":"LUXE PRO-SNOWTEC","sku":"TSCCMLPS0113","size":"74X68X8","quantity":1,"latest_stage":"bonding_qc","latest_status":"PENDING","latest_remarks":null,"latest_defects_points":[],"created_at":"2025-11-20 17:38:34","tag_id":"E2004700E491662B01EC8499","qa_code":"LUP-74X68X8-610202544F","location_id":3,"reference_code":""}  
[2025-11-28 10:36:03] local.INFO: getStagesAndStatus: {"latest_remarks":null,"latest_stage":"bonding_qc","latest_status":"PENDING"}  
[2025-11-28 10:36:03] local.INFO: getStagesAndStatus allowed_stages: null  
[2025-11-28 10:36:03] local.INFO: getStagesAndStatus working_stages: {"stages":{"packaging":"Packaging","zip_cover_qc":"Zip Cover QC","tape_edge_qc":"Tape Edge QC","bonding_qc":"Bonding QC"},"defect_points":{"zip_cover_qc":[{"name":"Colour Issue","value":"colour_issue"},{"name":"Others","value":"others"},{"name":"Overall Default","value":"overall_default"}],"tape_edge_qc":[{"name":"Colour Issue","value":"colour_issue"},{"name":"Others","value":"others"},{"name":"Overall Default","value":"overall_default"}],"bonding_qc":[{"name":"Over Size","value":"over_size"},{"name":"Under size","value":"under_size"},{"name":"Improper Cutting(BareBlock\/Gell)","value":"improper_cuttingbareblockgell"},{"name":"Diagonal Issue","value":"diagonal_issue"},{"name":"Mattress Waviness And Grid Damage","value":"mattress_waviness_and_grid_damage"},{"name":"Colour issue","value":"colour_issue"},{"name":"Wrong foam used","value":"wrong_foam_used"},{"name":"Construction Change","value":"construction_change"},{"name":"Improper pasting","value":"improper_pasting"},{"name":"Improper Heat Press (Gell Change)","value":"improper_heat_press_gell_change"},{"name":"Foam Sheet Damage","value":"foam_sheet_damage"},{"name":"Border change","value":"border_change"},{"name":"Other","value":"other"},{"name":"Overall Default","value":"overall_default"}]},"status":{"REWORK":"REWORK","PENDING":"PENDING","PASS":"PASS","FAIL":"FAIL"},"allowed_stages":[]}  
[2025-11-28 10:36:09] local.INFO: getProductDetailsByTagId: {"tag_id":"E2004700BB71662B01EC8207"}  
[2025-11-28 10:36:09] local.INFO: tagId: "E2004700BB71662B01EC8207"  
[2025-11-28 10:36:09] local.INFO: product found: no  
[2025-11-28 10:36:10] local.INFO: getProductDetailsByTagId: {"tag_id":"E2801170000002136AA2DD0F"}  
[2025-11-28 10:36:10] local.INFO: tagId: "E2801170000002136AA2DD0F"  
[2025-11-28 10:36:10] local.INFO: product found: yes  
[2025-11-28 10:36:10] local.INFO: getProductDetailsByTagId formattedProduct: {"id":39,"product_name":"TEST Ppoduc 3","sku":"2334FF3","size":"22x355x57","quantity":1,"latest_stage":"bonding_qc","latest_status":"PASS","latest_remarks":null,"latest_defects_points":[],"created_at":"2025-11-18 14:54:32","tag_id":"E2801170000002136AA2DD0F","qa_code":"TEP-22x355x57-81020251XC","location_id":3,"reference_code":""}  
[2025-11-28 10:36:10] local.INFO: getStagesAndStatus: {"latest_remarks":null,"latest_stage":"bonding_qc","latest_status":"PASS"}  
[2025-11-28 10:36:10] local.INFO: getStagesAndStatus allowed_stages: null  
[2025-11-28 10:36:10] local.INFO: getStagesAndStatus working_stages: {"stages":{"packaging":"Packaging","zip_cover_qc":"Zip Cover QC","tape_edge_qc":"Tape Edge QC","bonding_qc":"Bonding QC"},"defect_points":{"zip_cover_qc":[{"name":"Colour Issue","value":"colour_issue"},{"name":"Others","value":"others"},{"name":"Overall Default","value":"overall_default"}],"tape_edge_qc":[{"name":"Colour Issue","value":"colour_issue"},{"name":"Others","value":"others"},{"name":"Overall Default","value":"overall_default"}],"bonding_qc":[{"name":"Over Size","value":"over_size"},{"name":"Under size","value":"under_size"},{"name":"Improper Cutting(BareBlock\/Gell)","value":"improper_cuttingbareblockgell"},{"name":"Diagonal Issue","value":"diagonal_issue"},{"name":"Mattress Waviness And Grid Damage","value":"mattress_waviness_and_grid_damage"},{"name":"Colour issue","value":"colour_issue"},{"name":"Wrong foam used","value":"wrong_foam_used"},{"name":"Construction Change","value":"construction_change"},{"name":"Improper pasting","value":"improper_pasting"},{"name":"Improper Heat Press (Gell Change)","value":"improper_heat_press_gell_change"},{"name":"Foam Sheet Damage","value":"foam_sheet_damage"},{"name":"Border change","value":"border_change"},{"name":"Other","value":"other"},{"name":"Overall Default","value":"overall_default"}]},"status":{"REWORK":"REWORK","PENDING":"PENDING","PASS":"PASS","FAIL":"FAIL"},"allowed_stages":[]}  
[2025-11-28 10:36:11] local.INFO: getProductDetailsByTagId: {"tag_id":"E2004700BA31662B01EC81F3"}  
[2025-11-28 10:36:11] local.INFO: tagId: "E2004700BA31662B01EC81F3"  
[2025-11-28 10:36:11] local.INFO: product found: yes  
[2025-11-28 10:36:11] local.INFO: getProductDetailsByTagId formattedProduct: {"id":37,"product_name":"TEST Ppoduc 2e","sku":"2334FF23","size":"22x355x56","quantity":1,"latest_stage":"packaging","latest_status":"PASS","latest_remarks":null,"latest_defects_points":[],"created_at":"2025-11-16 18:51:51","tag_id":"E2004700BA31662B01EC81F3","qa_code":"TEP-22x355x56-81020252GS","location_id":3,"reference_code":""}  
[2025-11-28 10:36:11] local.INFO: getStagesAndStatus: {"latest_remarks":null,"latest_stage":"packaging","latest_status":"PASS"}  
[2025-11-28 10:36:11] local.INFO: getStagesAndStatus allowed_stages: null  
[2025-11-28 10:36:11] local.INFO: getStagesAndStatus working_stages: {"stages":{"packaging":"Packaging","zip_cover_qc":"Zip Cover QC","tape_edge_qc":"Tape Edge QC","bonding_qc":"Bonding QC"},"defect_points":{"zip_cover_qc":[{"name":"Colour Issue","value":"colour_issue"},{"name":"Others","value":"others"},{"name":"Overall Default","value":"overall_default"}],"tape_edge_qc":[{"name":"Colour Issue","value":"colour_issue"},{"name":"Others","value":"others"},{"name":"Overall Default","value":"overall_default"}],"bonding_qc":[{"name":"Over Size","value":"over_size"},{"name":"Under size","value":"under_size"},{"name":"Improper Cutting(BareBlock\/Gell)","value":"improper_cuttingbareblockgell"},{"name":"Diagonal Issue","value":"diagonal_issue"},{"name":"Mattress Waviness And Grid Damage","value":"mattress_waviness_and_grid_damage"},{"name":"Colour issue","value":"colour_issue"},{"name":"Wrong foam used","value":"wrong_foam_used"},{"name":"Construction Change","value":"construction_change"},{"name":"Improper pasting","value":"improper_pasting"},{"name":"Improper Heat Press (Gell Change)","value":"improper_heat_press_gell_change"},{"name":"Foam Sheet Damage","value":"foam_sheet_damage"},{"name":"Border change","value":"border_change"},{"name":"Other","value":"other"},{"name":"Overall Default","value":"overall_default"}]},"status":{"REWORK":"REWORK","PENDING":"PENDING","PASS":"PASS","FAIL":"FAIL"},"allowed_stages":[]}  
[2025-11-28 10:36:13] local.INFO: getProductDetailsByTagId: {"tag_id":"E281D0162000F78078867189"}  
[2025-11-28 10:36:13] local.INFO: tagId: "E281D0162000F78078867189"  
[2025-11-28 10:36:13] local.INFO: product found: no  
[2025-11-28 10:36:17] local.INFO: getProductDetailsByTagId: {"tag_id":"E2004700BA31662B01EC81F3"}  
[2025-11-28 10:36:17] local.INFO: tagId: "E2004700BA31662B01EC81F3"  
[2025-11-28 10:36:17] local.INFO: product found: yes  
[2025-11-28 10:36:17] local.INFO: getProductDetailsByTagId formattedProduct: {"id":37,"product_name":"TEST Ppoduc 2e","sku":"2334FF23","size":"22x355x56","quantity":1,"latest_stage":"packaging","latest_status":"PASS","latest_remarks":null,"latest_defects_points":[],"created_at":"2025-11-16 18:51:51","tag_id":"E2004700BA31662B01EC81F3","qa_code":"TEP-22x355x56-81020252GS","location_id":3,"reference_code":""}  
[2025-11-28 10:36:17] local.INFO: getStagesAndStatus: {"latest_remarks":null,"latest_stage":"packaging","latest_status":"PASS"}  
[2025-11-28 10:36:17] local.INFO: getStagesAndStatus allowed_stages: null  
[2025-11-28 10:36:17] local.INFO: getStagesAndStatus working_stages: {"stages":{"packaging":"Packaging","zip_cover_qc":"Zip Cover QC","tape_edge_qc":"Tape Edge QC","bonding_qc":"Bonding QC"},"defect_points":{"zip_cover_qc":[{"name":"Colour Issue","value":"colour_issue"},{"name":"Others","value":"others"},{"name":"Overall Default","value":"overall_default"}],"tape_edge_qc":[{"name":"Colour Issue","value":"colour_issue"},{"name":"Others","value":"others"},{"name":"Overall Default","value":"overall_default"}],"bonding_qc":[{"name":"Over Size","value":"over_size"},{"name":"Under size","value":"under_size"},{"name":"Improper Cutting(BareBlock\/Gell)","value":"improper_cuttingbareblockgell"},{"name":"Diagonal Issue","value":"diagonal_issue"},{"name":"Mattress Waviness And Grid Damage","value":"mattress_waviness_and_grid_damage"},{"name":"Colour issue","value":"colour_issue"},{"name":"Wrong foam used","value":"wrong_foam_used"},{"name":"Construction Change","value":"construction_change"},{"name":"Improper pasting","value":"improper_pasting"},{"name":"Improper Heat Press (Gell Change)","value":"improper_heat_press_gell_change"},{"name":"Foam Sheet Damage","value":"foam_sheet_damage"},{"name":"Border change","value":"border_change"},{"name":"Other","value":"other"},{"name":"Overall Default","value":"overall_default"}]},"status":{"REWORK":"REWORK","PENDING":"PENDING","PASS":"PASS","FAIL":"FAIL"},"allowed_stages":[]}  
[2025-11-28 10:36:18] local.INFO: --- CHECK UPDATE CALLED --- {"incoming_request":{"current_version_code":5,"device_id":"d5ee7f87f3ada95d"}} 
[2025-11-28 10:36:18] local.INFO: Validated request {"device_id":"d5ee7f87f3ada95d","current_version_code":5} 
[2025-11-28 10:36:18] local.INFO: Device found {"device_id":"d5ee7f87f3ada95d","registered_version_code":1,"is_update_required_flag":0} 
[2025-11-28 10:36:18] local.INFO: Device is up to date {"device_id":"d5ee7f87f3ada95d","current_version":5} 
[2025-11-28 10:36:36] local.INFO: --- CHECK UPDATE CALLED --- {"incoming_request":{"current_version_code":5,"device_id":"d5ee7f87f3ada95d"}} 
[2025-11-28 10:36:36] local.INFO: Validated request {"device_id":"d5ee7f87f3ada95d","current_version_code":5} 
[2025-11-28 10:36:36] local.INFO: Device found {"device_id":"d5ee7f87f3ada95d","registered_version_code":1,"is_update_required_flag":0} 
[2025-11-28 10:36:36] local.INFO: Device is up to date {"device_id":"d5ee7f87f3ada95d","current_version":5} 
[2025-11-28 10:36:37] local.INFO: getStagesAndStatus: []  
[2025-11-28 10:36:37] local.INFO: getStagesAndStatus allowed_stages: null  
[2025-11-28 10:36:37] local.INFO: getStagesAndStatus working_stages: {"stages":{"packaging":"Packaging","zip_cover_qc":"Zip Cover QC","tape_edge_qc":"Tape Edge QC","bonding_qc":"Bonding QC"},"defect_points":{"zip_cover_qc":[{"name":"Colour Issue","value":"colour_issue"},{"name":"Others","value":"others"},{"name":"Overall Default","value":"overall_default"}],"tape_edge_qc":[{"name":"Colour Issue","value":"colour_issue"},{"name":"Others","value":"others"},{"name":"Overall Default","value":"overall_default"}],"bonding_qc":[{"name":"Over Size","value":"over_size"},{"name":"Under size","value":"under_size"},{"name":"Improper Cutting(BareBlock\/Gell)","value":"improper_cuttingbareblockgell"},{"name":"Diagonal Issue","value":"diagonal_issue"},{"name":"Mattress Waviness And Grid Damage","value":"mattress_waviness_and_grid_damage"},{"name":"Colour issue","value":"colour_issue"},{"name":"Wrong foam used","value":"wrong_foam_used"},{"name":"Construction Change","value":"construction_change"},{"name":"Improper pasting","value":"improper_pasting"},{"name":"Improper Heat Press (Gell Change)","value":"improper_heat_press_gell_change"},{"name":"Foam Sheet Damage","value":"foam_sheet_damage"},{"name":"Border change","value":"border_change"},{"name":"Other","value":"other"},{"name":"Overall Default","value":"overall_default"}]},"status":{"REWORK":"REWORK","PENDING":"PENDING","PASS":"PASS","FAIL":"FAIL"},"allowed_stages":[]}  
[2025-11-28 10:36:39] local.INFO: getProductDetailsByTagId: {"tag_id":"E2801170000002136AA2DD0F"}  
[2025-11-28 10:36:39] local.INFO: tagId: "E2801170000002136AA2DD0F"  
[2025-11-28 10:36:39] local.INFO: product found: yes  
[2025-11-28 10:36:39] local.INFO: getProductDetailsByTagId formattedProduct: {"id":39,"product_name":"TEST Ppoduc 3","sku":"2334FF3","size":"22x355x57","quantity":1,"latest_stage":"bonding_qc","latest_status":"PASS","latest_remarks":null,"latest_defects_points":[],"created_at":"2025-11-18 14:54:32","tag_id":"E2801170000002136AA2DD0F","qa_code":"TEP-22x355x57-81020251XC","location_id":3,"reference_code":""}  
[2025-11-28 10:36:39] local.INFO: getStagesAndStatus: {"latest_remarks":null,"latest_stage":"bonding_qc","latest_status":"PASS"}  
[2025-11-28 10:36:39] local.INFO: getStagesAndStatus allowed_stages: null  
[2025-11-28 10:36:39] local.INFO: getStagesAndStatus working_stages: {"stages":{"packaging":"Packaging","zip_cover_qc":"Zip Cover QC","tape_edge_qc":"Tape Edge QC","bonding_qc":"Bonding QC"},"defect_points":{"zip_cover_qc":[{"name":"Colour Issue","value":"colour_issue"},{"name":"Others","value":"others"},{"name":"Overall Default","value":"overall_default"}],"tape_edge_qc":[{"name":"Colour Issue","value":"colour_issue"},{"name":"Others","value":"others"},{"name":"Overall Default","value":"overall_default"}],"bonding_qc":[{"name":"Over Size","value":"over_size"},{"name":"Under size","value":"under_size"},{"name":"Improper Cutting(BareBlock\/Gell)","value":"improper_cuttingbareblockgell"},{"name":"Diagonal Issue","value":"diagonal_issue"},{"name":"Mattress Waviness And Grid Damage","value":"mattress_waviness_and_grid_damage"},{"name":"Colour issue","value":"colour_issue"},{"name":"Wrong foam used","value":"wrong_foam_used"},{"name":"Construction Change","value":"construction_change"},{"name":"Improper pasting","value":"improper_pasting"},{"name":"Improper Heat Press (Gell Change)","value":"improper_heat_press_gell_change"},{"name":"Foam Sheet Damage","value":"foam_sheet_damage"},{"name":"Border change","value":"border_change"},{"name":"Other","value":"other"},{"name":"Overall Default","value":"overall_default"}]},"status":{"REWORK":"REWORK","PENDING":"PENDING","PASS":"PASS","FAIL":"FAIL"},"allowed_stages":[]}  
[2025-11-28 10:36:41] local.INFO: getProductDetailsByTagId: {"tag_id":"E2801170000002136AA2DD0F"}  
[2025-11-28 10:36:41] local.INFO: tagId: "E2801170000002136AA2DD0F"  
[2025-11-28 10:36:41] local.INFO: product found: yes  
[2025-11-28 10:36:41] local.INFO: getProductDetailsByTagId formattedProduct: {"id":39,"product_name":"TEST Ppoduc 3","sku":"2334FF3","size":"22x355x57","quantity":1,"latest_stage":"bonding_qc","latest_status":"PASS","latest_remarks":null,"latest_defects_points":[],"created_at":"2025-11-18 14:54:32","tag_id":"E2801170000002136AA2DD0F","qa_code":"TEP-22x355x57-81020251XC","location_id":3,"reference_code":""}  
[2025-11-28 10:36:41] local.INFO: getStagesAndStatus: {"latest_remarks":null,"latest_stage":"bonding_qc","latest_status":"PASS"}  
[2025-11-28 10:36:41] local.INFO: getStagesAndStatus allowed_stages: null  
[2025-11-28 10:36:41] local.INFO: getStagesAndStatus working_stages: {"stages":{"packaging":"Packaging","zip_cover_qc":"Zip Cover QC","tape_edge_qc":"Tape Edge QC","bonding_qc":"Bonding QC"},"defect_points":{"zip_cover_qc":[{"name":"Colour Issue","value":"colour_issue"},{"name":"Others","value":"others"},{"name":"Overall Default","value":"overall_default"}],"tape_edge_qc":[{"name":"Colour Issue","value":"colour_issue"},{"name":"Others","value":"others"},{"name":"Overall Default","value":"overall_default"}],"bonding_qc":[{"name":"Over Size","value":"over_size"},{"name":"Under size","value":"under_size"},{"name":"Improper Cutting(BareBlock\/Gell)","value":"improper_cuttingbareblockgell"},{"name":"Diagonal Issue","value":"diagonal_issue"},{"name":"Mattress Waviness And Grid Damage","value":"mattress_waviness_and_grid_damage"},{"name":"Colour issue","value":"colour_issue"},{"name":"Wrong foam used","value":"wrong_foam_used"},{"name":"Construction Change","value":"construction_change"},{"name":"Improper pasting","value":"improper_pasting"},{"name":"Improper Heat Press (Gell Change)","value":"improper_heat_press_gell_change"},{"name":"Foam Sheet Damage","value":"foam_sheet_damage"},{"name":"Border change","value":"border_change"},{"name":"Other","value":"other"},{"name":"Overall Default","value":"overall_default"}]},"status":{"REWORK":"REWORK","PENDING":"PENDING","PASS":"PASS","FAIL":"FAIL"},"allowed_stages":[]}  
[2025-11-28 10:36:50] local.INFO: updateProductStage: {"defects_points":[],"remarks":null,"stage":"tape_edge_qc","status":"PASS","tag_id":"E2801170000002136AA2DD0F"}  
[2025-11-28 10:36:50] local.INFO: getStagesAndStatus: {"latest_remarks":null,"latest_status":"PENDING"}  
[2025-11-28 10:36:50] local.INFO: getStagesAndStatus allowed_stages: null  
[2025-11-28 10:36:50] local.INFO: getStagesAndStatus working_stages: {"stages":{"packaging":"Packaging","zip_cover_qc":"Zip Cover QC","tape_edge_qc":"Tape Edge QC","bonding_qc":"Bonding QC"},"defect_points":{"zip_cover_qc":[{"name":"Colour Issue","value":"colour_issue"},{"name":"Others","value":"others"},{"name":"Overall Default","value":"overall_default"}],"tape_edge_qc":[{"name":"Colour Issue","value":"colour_issue"},{"name":"Others","value":"others"},{"name":"Overall Default","value":"overall_default"}],"bonding_qc":[{"name":"Over Size","value":"over_size"},{"name":"Under size","value":"under_size"},{"name":"Improper Cutting(BareBlock\/Gell)","value":"improper_cuttingbareblockgell"},{"name":"Diagonal Issue","value":"diagonal_issue"},{"name":"Mattress Waviness And Grid Damage","value":"mattress_waviness_and_grid_damage"},{"name":"Colour issue","value":"colour_issue"},{"name":"Wrong foam used","value":"wrong_foam_used"},{"name":"Construction Change","value":"construction_change"},{"name":"Improper pasting","value":"improper_pasting"},{"name":"Improper Heat Press (Gell Change)","value":"improper_heat_press_gell_change"},{"name":"Foam Sheet Damage","value":"foam_sheet_damage"},{"name":"Border change","value":"border_change"},{"name":"Other","value":"other"},{"name":"Overall Default","value":"overall_default"}]},"status":{"REWORK":"REWORK","PENDING":"PENDING","PASS":"PASS","FAIL":"FAIL"},"allowed_stages":[]}  
[2025-11-28 10:36:53] local.INFO: getProductDetailsByTagId: {"tag_id":"E2801170000002136AA2DD0F"}  
[2025-11-28 10:36:53] local.INFO: tagId: "E2801170000002136AA2DD0F"  
[2025-11-28 10:36:53] local.INFO: product found: yes  
[2025-11-28 10:36:53] local.INFO: getProductDetailsByTagId formattedProduct: {"id":39,"product_name":"TEST Ppoduc 3","sku":"2334FF3","size":"22x355x57","quantity":1,"latest_stage":"tape_edge_qc","latest_status":"PASS","latest_remarks":null,"latest_defects_points":[],"created_at":"2025-11-18 14:54:32","tag_id":"E2801170000002136AA2DD0F","qa_code":"TEP-22x355x57-81020251XC","location_id":3,"reference_code":""}  
[2025-11-28 10:36:54] local.INFO: getStagesAndStatus: {"latest_remarks":null,"latest_stage":"tape_edge_qc","latest_status":"PASS"}  
[2025-11-28 10:36:54] local.INFO: getStagesAndStatus allowed_stages: null  
[2025-11-28 10:36:54] local.INFO: getStagesAndStatus working_stages: {"stages":{"packaging":"Packaging","zip_cover_qc":"Zip Cover QC","tape_edge_qc":"Tape Edge QC","bonding_qc":"Bonding QC"},"defect_points":{"zip_cover_qc":[{"name":"Colour Issue","value":"colour_issue"},{"name":"Others","value":"others"},{"name":"Overall Default","value":"overall_default"}],"tape_edge_qc":[{"name":"Colour Issue","value":"colour_issue"},{"name":"Others","value":"others"},{"name":"Overall Default","value":"overall_default"}],"bonding_qc":[{"name":"Over Size","value":"over_size"},{"name":"Under size","value":"under_size"},{"name":"Improper Cutting(BareBlock\/Gell)","value":"improper_cuttingbareblockgell"},{"name":"Diagonal Issue","value":"diagonal_issue"},{"name":"Mattress Waviness And Grid Damage","value":"mattress_waviness_and_grid_damage"},{"name":"Colour issue","value":"colour_issue"},{"name":"Wrong foam used","value":"wrong_foam_used"},{"name":"Construction Change","value":"construction_change"},{"name":"Improper pasting","value":"improper_pasting"},{"name":"Improper Heat Press (Gell Change)","value":"improper_heat_press_gell_change"},{"name":"Foam Sheet Damage","value":"foam_sheet_damage"},{"name":"Border change","value":"border_change"},{"name":"Other","value":"other"},{"name":"Overall Default","value":"overall_default"}]},"status":{"REWORK":"REWORK","PENDING":"PENDING","PASS":"PASS","FAIL":"FAIL"},"allowed_stages":[]}  
[2025-11-28 10:36:56] local.INFO: getProductDetailsByTagId: {"tag_id":"E2801170000002136AA2DD0F"}  
[2025-11-28 10:36:56] local.INFO: tagId: "E2801170000002136AA2DD0F"  
[2025-11-28 10:36:56] local.INFO: product found: yes  
[2025-11-28 10:36:56] local.INFO: getProductDetailsByTagId formattedProduct: {"id":39,"product_name":"TEST Ppoduc 3","sku":"2334FF3","size":"22x355x57","quantity":1,"latest_stage":"tape_edge_qc","latest_status":"PASS","latest_remarks":null,"latest_defects_points":[],"created_at":"2025-11-18 14:54:32","tag_id":"E2801170000002136AA2DD0F","qa_code":"TEP-22x355x57-81020251XC","location_id":3,"reference_code":""}  
[2025-11-28 10:36:56] local.INFO: getStagesAndStatus: {"latest_remarks":null,"latest_stage":"tape_edge_qc","latest_status":"PASS"}  
[2025-11-28 10:36:56] local.INFO: getStagesAndStatus allowed_stages: null  
[2025-11-28 10:36:56] local.INFO: getStagesAndStatus working_stages: {"stages":{"packaging":"Packaging","zip_cover_qc":"Zip Cover QC","tape_edge_qc":"Tape Edge QC","bonding_qc":"Bonding QC"},"defect_points":{"zip_cover_qc":[{"name":"Colour Issue","value":"colour_issue"},{"name":"Others","value":"others"},{"name":"Overall Default","value":"overall_default"}],"tape_edge_qc":[{"name":"Colour Issue","value":"colour_issue"},{"name":"Others","value":"others"},{"name":"Overall Default","value":"overall_default"}],"bonding_qc":[{"name":"Over Size","value":"over_size"},{"name":"Under size","value":"under_size"},{"name":"Improper Cutting(BareBlock\/Gell)","value":"improper_cuttingbareblockgell"},{"name":"Diagonal Issue","value":"diagonal_issue"},{"name":"Mattress Waviness And Grid Damage","value":"mattress_waviness_and_grid_damage"},{"name":"Colour issue","value":"colour_issue"},{"name":"Wrong foam used","value":"wrong_foam_used"},{"name":"Construction Change","value":"construction_change"},{"name":"Improper pasting","value":"improper_pasting"},{"name":"Improper Heat Press (Gell Change)","value":"improper_heat_press_gell_change"},{"name":"Foam Sheet Damage","value":"foam_sheet_damage"},{"name":"Border change","value":"border_change"},{"name":"Other","value":"other"},{"name":"Overall Default","value":"overall_default"}]},"status":{"REWORK":"REWORK","PENDING":"PENDING","PASS":"PASS","FAIL":"FAIL"},"allowed_stages":[]}  
[2025-11-28 10:37:13] local.INFO: Gathering stage counts between 2025-10-30 00:00:00 and 2025-11-28 23:59:59  
[2025-11-28 10:37:23] local.INFO: Gathering stage counts between 2025-10-30 00:00:00 and 2025-11-28 23:59:59  
[2025-11-28 10:37:33] local.INFO: Gathering stage counts between 2025-10-30 00:00:00 and 2025-11-28 23:59:59  
[2025-11-28 10:37:43] local.INFO: Gathering stage counts between 2025-10-30 00:00:00 and 2025-11-28 23:59:59  
[2025-11-28 10:37:53] local.INFO: Gathering stage counts between 2025-10-30 00:00:00 and 2025-11-28 23:59:59  
[2025-11-28 10:38:03] local.INFO: Gathering stage counts between 2025-10-30 00:00:00 and 2025-11-28 23:59:59  
[2025-11-28 10:38:13] local.INFO: Gathering stage counts between 2025-10-30 00:00:00 and 2025-11-28 23:59:59  
[2025-11-28 10:38:23] local.INFO: Gathering stage counts between 2025-10-30 00:00:00 and 2025-11-28 23:59:59  
[2025-11-28 10:38:33] local.INFO: Gathering stage counts between 2025-10-30 00:00:00 and 2025-11-28 23:59:59  
[2025-11-28 10:38:43] local.INFO: Gathering stage counts between 2025-10-30 00:00:00 and 2025-11-28 23:59:59  
[2025-11-28 10:39:29] local.INFO: Gathering stage counts between 2025-10-30 00:00:00 and 2025-11-28 23:59:59  
[2025-11-28 10:40:29] local.INFO: Gathering stage counts between 2025-10-30 00:00:00 and 2025-11-28 23:59:59  
[2025-11-28 10:41:29] local.INFO: Gathering stage counts between 2025-10-30 00:00:00 and 2025-11-28 23:59:59  
[2025-11-28 10:41:55] local.INFO: Gathering stage counts between 2025-10-30 00:00:00 and 2025-11-28 23:59:59  
[2025-11-28 10:42:03] local.INFO: Gathering stage counts between 2025-10-30 00:00:00 and 2025-11-28 23:59:59  
[2025-11-28 10:42:13] local.INFO: Gathering stage counts between 2025-10-30 00:00:00 and 2025-11-28 23:59:59  
[2025-11-28 10:42:23] local.INFO: Gathering stage counts between 2025-10-30 00:00:00 and 2025-11-28 23:59:59  
[2025-11-28 10:42:33] local.INFO: Gathering stage counts between 2025-10-30 00:00:00 and 2025-11-28 23:59:59  
[2025-11-28 10:42:43] local.INFO: Gathering stage counts between 2025-10-30 00:00:00 and 2025-11-28 23:59:59  
[2025-11-28 10:42:53] local.INFO: Gathering stage counts between 2025-10-30 00:00:00 and 2025-11-28 23:59:59  
[2025-11-28 10:43:29] local.INFO: Gathering stage counts between 2025-10-30 00:00:00 and 2025-11-28 23:59:59  
[2025-11-28 10:44:29] local.INFO: Gathering stage counts between 2025-10-30 00:00:00 and 2025-11-28 23:59:59  
[2025-11-28 10:45:29] local.INFO: Gathering stage counts between 2025-10-30 00:00:00 and 2025-11-28 23:59:59  
[2025-11-28 10:46:29] local.INFO: Gathering stage counts between 2025-10-30 00:00:00 and 2025-11-28 23:59:59  
[2025-11-28 10:47:29] local.INFO: Gathering stage counts between 2025-10-30 00:00:00 and 2025-11-28 23:59:59  
[2025-11-28 10:48:15] local.INFO: getProductDetailsByTagId: {"tag_id":"E2801170000002136AA2DD0F"}  
[2025-11-28 10:48:15] local.INFO: tagId: "E2801170000002136AA2DD0F"  
[2025-11-28 10:48:15] local.INFO: product found: yes  
[2025-11-28 10:48:15] local.INFO: getProductDetailsByTagId formattedProduct: {"id":39,"product_name":"TEST Ppoduc 3","sku":"2334FF3","size":"22x355x57","quantity":1,"latest_stage":"tape_edge_qc","latest_status":"PASS","latest_remarks":null,"latest_defects_points":[],"created_at":"2025-11-18 14:54:32","tag_id":"E2801170000002136AA2DD0F","qa_code":"TEP-22x355x57-81020251XC","location_id":3,"reference_code":""}  
[2025-11-28 10:48:15] local.INFO: getStagesAndStatus: {"latest_remarks":null,"latest_stage":"tape_edge_qc","latest_status":"PASS"}  
[2025-11-28 10:48:15] local.INFO: getStagesAndStatus allowed_stages: null  
[2025-11-28 10:48:15] local.INFO: getStagesAndStatus working_stages: {"stages":{"packaging":"Packaging","zip_cover_qc":"Zip Cover QC","tape_edge_qc":"Tape Edge QC","bonding_qc":"Bonding QC"},"defect_points":{"zip_cover_qc":[{"name":"Colour Issue","value":"colour_issue"},{"name":"Others","value":"others"},{"name":"Overall Default","value":"overall_default"}],"tape_edge_qc":[{"name":"Colour Issue","value":"colour_issue"},{"name":"Others","value":"others"},{"name":"Overall Default","value":"overall_default"}],"bonding_qc":[{"name":"Over Size","value":"over_size"},{"name":"Under size","value":"under_size"},{"name":"Improper Cutting(BareBlock\/Gell)","value":"improper_cuttingbareblockgell"},{"name":"Diagonal Issue","value":"diagonal_issue"},{"name":"Mattress Waviness And Grid Damage","value":"mattress_waviness_and_grid_damage"},{"name":"Colour issue","value":"colour_issue"},{"name":"Wrong foam used","value":"wrong_foam_used"},{"name":"Construction Change","value":"construction_change"},{"name":"Improper pasting","value":"improper_pasting"},{"name":"Improper Heat Press (Gell Change)","value":"improper_heat_press_gell_change"},{"name":"Foam Sheet Damage","value":"foam_sheet_damage"},{"name":"Border change","value":"border_change"},{"name":"Other","value":"other"},{"name":"Overall Default","value":"overall_default"}]},"status":{"REWORK":"REWORK","PENDING":"PENDING","PASS":"PASS","FAIL":"FAIL"},"allowed_stages":[]}  
[2025-11-28 10:48:29] local.INFO: Gathering stage counts between 2025-10-30 00:00:00 and 2025-11-28 23:59:59  
[2025-11-28 10:48:35] local.INFO: updateProductStage: {"defects_points":["colour_issue","others"],"remarks":null,"stage":"zip_cover_qc","status":"FAIL","tag_id":"E2801170000002136AA2DD0F"}  
[2025-11-28 10:48:35] local.INFO: getStagesAndStatus: {"latest_remarks":null,"latest_status":"PENDING"}  
[2025-11-28 10:48:35] local.INFO: getStagesAndStatus allowed_stages: null  
[2025-11-28 10:48:35] local.INFO: getStagesAndStatus working_stages: {"stages":{"packaging":"Packaging","zip_cover_qc":"Zip Cover QC","tape_edge_qc":"Tape Edge QC","bonding_qc":"Bonding QC"},"defect_points":{"zip_cover_qc":[{"name":"Colour Issue","value":"colour_issue"},{"name":"Others","value":"others"},{"name":"Overall Default","value":"overall_default"}],"tape_edge_qc":[{"name":"Colour Issue","value":"colour_issue"},{"name":"Others","value":"others"},{"name":"Overall Default","value":"overall_default"}],"bonding_qc":[{"name":"Over Size","value":"over_size"},{"name":"Under size","value":"under_size"},{"name":"Improper Cutting(BareBlock\/Gell)","value":"improper_cuttingbareblockgell"},{"name":"Diagonal Issue","value":"diagonal_issue"},{"name":"Mattress Waviness And Grid Damage","value":"mattress_waviness_and_grid_damage"},{"name":"Colour issue","value":"colour_issue"},{"name":"Wrong foam used","value":"wrong_foam_used"},{"name":"Construction Change","value":"construction_change"},{"name":"Improper pasting","value":"improper_pasting"},{"name":"Improper Heat Press (Gell Change)","value":"improper_heat_press_gell_change"},{"name":"Foam Sheet Damage","value":"foam_sheet_damage"},{"name":"Border change","value":"border_change"},{"name":"Other","value":"other"},{"name":"Overall Default","value":"overall_default"}]},"status":{"REWORK":"REWORK","PENDING":"PENDING","PASS":"PASS","FAIL":"FAIL"},"allowed_stages":[]}  
[2025-11-28 10:48:42] local.INFO: getProductDetailsByTagId: {"tag_id":"E2801170000002136AA2DD0F"}  
[2025-11-28 10:48:42] local.INFO: tagId: "E2801170000002136AA2DD0F"  
[2025-11-28 10:48:42] local.INFO: product found: yes  
[2025-11-28 10:48:42] local.INFO: getProductDetailsByTagId formattedProduct: {"id":39,"product_name":"TEST Ppoduc 3","sku":"2334FF3","size":"22x355x57","quantity":1,"latest_stage":"zip_cover_qc","latest_status":"FAIL","latest_remarks":null,"latest_defects_points":["colour_issue","others"],"created_at":"2025-11-18 14:54:32","tag_id":"E2801170000002136AA2DD0F","qa_code":"TEP-22x355x57-81020251XC","location_id":3,"reference_code":""}  
[2025-11-28 10:48:42] local.INFO: getStagesAndStatus: {"latest_stage":"zip_cover_qc","latest_status":"FAIL"}  
[2025-11-28 10:48:42] local.INFO: getStagesAndStatus allowed_stages: null  
[2025-11-28 10:48:42] local.INFO: getStagesAndStatus working_stages: {"stages":{"packaging":"Packaging","zip_cover_qc":"Zip Cover QC","tape_edge_qc":"Tape Edge QC","bonding_qc":"Bonding QC"},"defect_points":{"zip_cover_qc":[{"name":"Colour Issue","value":"colour_issue"},{"name":"Others","value":"others"},{"name":"Overall Default","value":"overall_default"}],"tape_edge_qc":[{"name":"Colour Issue","value":"colour_issue"},{"name":"Others","value":"others"},{"name":"Overall Default","value":"overall_default"}],"bonding_qc":[{"name":"Over Size","value":"over_size"},{"name":"Under size","value":"under_size"},{"name":"Improper Cutting(BareBlock\/Gell)","value":"improper_cuttingbareblockgell"},{"name":"Diagonal Issue","value":"diagonal_issue"},{"name":"Mattress Waviness And Grid Damage","value":"mattress_waviness_and_grid_damage"},{"name":"Colour issue","value":"colour_issue"},{"name":"Wrong foam used","value":"wrong_foam_used"},{"name":"Construction Change","value":"construction_change"},{"name":"Improper pasting","value":"improper_pasting"},{"name":"Improper Heat Press (Gell Change)","value":"improper_heat_press_gell_change"},{"name":"Foam Sheet Damage","value":"foam_sheet_damage"},{"name":"Border change","value":"border_change"},{"name":"Other","value":"other"},{"name":"Overall Default","value":"overall_default"}]},"status":{"REWORK":"REWORK","PENDING":"PENDING","PASS":"PASS","FAIL":"FAIL"},"allowed_stages":[]}  
[2025-11-28 10:48:53] local.INFO: updateProductStage: {"defects_points":[],"remarks":"Test","stage":"zip_cover_qc","status":"REWORK","tag_id":"E2801170000002136AA2DD0F"}  
[2025-11-28 10:48:57] local.INFO: getProductDetailsByTagId: {"tag_id":"E2801170000002136AA2DD0F"}  
[2025-11-28 10:48:57] local.INFO: tagId: "E2801170000002136AA2DD0F"  
[2025-11-28 10:48:57] local.INFO: product found: yes  
[2025-11-28 10:48:57] local.INFO: getProductDetailsByTagId formattedProduct: {"id":39,"product_name":"TEST Ppoduc 3","sku":"2334FF3","size":"22x355x57","quantity":1,"latest_stage":"zip_cover_qc","latest_status":"REWORK","latest_remarks":"Test","latest_defects_points":[],"created_at":"2025-11-18 14:54:32","tag_id":"E2801170000002136AA2DD0F","qa_code":"TEP-22x355x57-81020251XC","location_id":3,"reference_code":""}  
[2025-11-28 10:48:57] local.INFO: getStagesAndStatus: {"latest_remarks":"Test","latest_stage":"zip_cover_qc","latest_status":"REWORK"}  
[2025-11-28 10:48:57] local.INFO: getStagesAndStatus allowed_stages: null  
[2025-11-28 10:48:57] local.INFO: getStagesAndStatus working_stages: {"stages":{"packaging":"Packaging","zip_cover_qc":"Zip Cover QC","tape_edge_qc":"Tape Edge QC","bonding_qc":"Bonding QC"},"defect_points":{"zip_cover_qc":[{"name":"Colour Issue","value":"colour_issue"},{"name":"Others","value":"others"},{"name":"Overall Default","value":"overall_default"}],"tape_edge_qc":[{"name":"Colour Issue","value":"colour_issue"},{"name":"Others","value":"others"},{"name":"Overall Default","value":"overall_default"}],"bonding_qc":[{"name":"Over Size","value":"over_size"},{"name":"Under size","value":"under_size"},{"name":"Improper Cutting(BareBlock\/Gell)","value":"improper_cuttingbareblockgell"},{"name":"Diagonal Issue","value":"diagonal_issue"},{"name":"Mattress Waviness And Grid Damage","value":"mattress_waviness_and_grid_damage"},{"name":"Colour issue","value":"colour_issue"},{"name":"Wrong foam used","value":"wrong_foam_used"},{"name":"Construction Change","value":"construction_change"},{"name":"Improper pasting","value":"improper_pasting"},{"name":"Improper Heat Press (Gell Change)","value":"improper_heat_press_gell_change"},{"name":"Foam Sheet Damage","value":"foam_sheet_damage"},{"name":"Border change","value":"border_change"},{"name":"Other","value":"other"},{"name":"Overall Default","value":"overall_default"}]},"status":{"REWORK":"REWORK","PENDING":"PENDING","PASS":"PASS","FAIL":"FAIL"},"allowed_stages":[]}  
[2025-11-28 10:49:03] local.INFO: updateProductStage: {"defects_points":[],"remarks":"Test","stage":"zip_cover_qc","status":"PASS","tag_id":"E2801170000002136AA2DD0F"}  
[2025-11-28 10:49:03] local.INFO: getStagesAndStatus: {"latest_remarks":null,"latest_status":"PENDING"}  
[2025-11-28 10:49:03] local.INFO: getStagesAndStatus allowed_stages: null  
[2025-11-28 10:49:03] local.INFO: getStagesAndStatus working_stages: {"stages":{"packaging":"Packaging","zip_cover_qc":"Zip Cover QC","tape_edge_qc":"Tape Edge QC","bonding_qc":"Bonding QC"},"defect_points":{"zip_cover_qc":[{"name":"Colour Issue","value":"colour_issue"},{"name":"Others","value":"others"},{"name":"Overall Default","value":"overall_default"}],"tape_edge_qc":[{"name":"Colour Issue","value":"colour_issue"},{"name":"Others","value":"others"},{"name":"Overall Default","value":"overall_default"}],"bonding_qc":[{"name":"Over Size","value":"over_size"},{"name":"Under size","value":"under_size"},{"name":"Improper Cutting(BareBlock\/Gell)","value":"improper_cuttingbareblockgell"},{"name":"Diagonal Issue","value":"diagonal_issue"},{"name":"Mattress Waviness And Grid Damage","value":"mattress_waviness_and_grid_damage"},{"name":"Colour issue","value":"colour_issue"},{"name":"Wrong foam used","value":"wrong_foam_used"},{"name":"Construction Change","value":"construction_change"},{"name":"Improper pasting","value":"improper_pasting"},{"name":"Improper Heat Press (Gell Change)","value":"improper_heat_press_gell_change"},{"name":"Foam Sheet Damage","value":"foam_sheet_damage"},{"name":"Border change","value":"border_change"},{"name":"Other","value":"other"},{"name":"Overall Default","value":"overall_default"}]},"status":{"REWORK":"REWORK","PENDING":"PENDING","PASS":"PASS","FAIL":"FAIL"},"allowed_stages":[]}  
[2025-11-28 10:49:06] local.INFO: getProductDetailsByTagId: {"tag_id":"E2801170000002136AA2DD0F"}  
[2025-11-28 10:49:06] local.INFO: tagId: "E2801170000002136AA2DD0F"  
[2025-11-28 10:49:06] local.INFO: product found: yes  
[2025-11-28 10:49:06] local.INFO: getProductDetailsByTagId formattedProduct: {"id":39,"product_name":"TEST Ppoduc 3","sku":"2334FF3","size":"22x355x57","quantity":1,"latest_stage":"zip_cover_qc","latest_status":"PASS","latest_remarks":"Test","latest_defects_points":[],"created_at":"2025-11-18 14:54:32","tag_id":"E2801170000002136AA2DD0F","qa_code":"TEP-22x355x57-81020251XC","location_id":3,"reference_code":""}  
[2025-11-28 10:49:06] local.INFO: getStagesAndStatus: {"latest_remarks":"Test","latest_stage":"zip_cover_qc","latest_status":"PASS"}  
[2025-11-28 10:49:06] local.INFO: getStagesAndStatus allowed_stages: null  
[2025-11-28 10:49:06] local.INFO: getStagesAndStatus working_stages: {"stages":{"packaging":"Packaging","zip_cover_qc":"Zip Cover QC","tape_edge_qc":"Tape Edge QC","bonding_qc":"Bonding QC"},"defect_points":{"zip_cover_qc":[{"name":"Colour Issue","value":"colour_issue"},{"name":"Others","value":"others"},{"name":"Overall Default","value":"overall_default"}],"tape_edge_qc":[{"name":"Colour Issue","value":"colour_issue"},{"name":"Others","value":"others"},{"name":"Overall Default","value":"overall_default"}],"bonding_qc":[{"name":"Over Size","value":"over_size"},{"name":"Under size","value":"under_size"},{"name":"Improper Cutting(BareBlock\/Gell)","value":"improper_cuttingbareblockgell"},{"name":"Diagonal Issue","value":"diagonal_issue"},{"name":"Mattress Waviness And Grid Damage","value":"mattress_waviness_and_grid_damage"},{"name":"Colour issue","value":"colour_issue"},{"name":"Wrong foam used","value":"wrong_foam_used"},{"name":"Construction Change","value":"construction_change"},{"name":"Improper pasting","value":"improper_pasting"},{"name":"Improper Heat Press (Gell Change)","value":"improper_heat_press_gell_change"},{"name":"Foam Sheet Damage","value":"foam_sheet_damage"},{"name":"Border change","value":"border_change"},{"name":"Other","value":"other"},{"name":"Overall Default","value":"overall_default"}]},"status":{"REWORK":"REWORK","PENDING":"PENDING","PASS":"PASS","FAIL":"FAIL"},"allowed_stages":[]}  
[2025-11-28 10:49:16] local.INFO: updateProductStage: {"defects_points":[],"remarks":"Test","stage":"packaging","status":"PASS","tag_id":"E2801170000002136AA2DD0F"}  
[2025-11-28 10:49:16] local.INFO: getStagesAndStatus: {"latest_remarks":null,"latest_status":"PENDING"}  
[2025-11-28 10:49:16] local.INFO: getStagesAndStatus allowed_stages: null  
[2025-11-28 10:49:16] local.INFO: getStagesAndStatus working_stages: {"stages":{"packaging":"Packaging","zip_cover_qc":"Zip Cover QC","tape_edge_qc":"Tape Edge QC","bonding_qc":"Bonding QC"},"defect_points":{"zip_cover_qc":[{"name":"Colour Issue","value":"colour_issue"},{"name":"Others","value":"others"},{"name":"Overall Default","value":"overall_default"}],"tape_edge_qc":[{"name":"Colour Issue","value":"colour_issue"},{"name":"Others","value":"others"},{"name":"Overall Default","value":"overall_default"}],"bonding_qc":[{"name":"Over Size","value":"over_size"},{"name":"Under size","value":"under_size"},{"name":"Improper Cutting(BareBlock\/Gell)","value":"improper_cuttingbareblockgell"},{"name":"Diagonal Issue","value":"diagonal_issue"},{"name":"Mattress Waviness And Grid Damage","value":"mattress_waviness_and_grid_damage"},{"name":"Colour issue","value":"colour_issue"},{"name":"Wrong foam used","value":"wrong_foam_used"},{"name":"Construction Change","value":"construction_change"},{"name":"Improper pasting","value":"improper_pasting"},{"name":"Improper Heat Press (Gell Change)","value":"improper_heat_press_gell_change"},{"name":"Foam Sheet Damage","value":"foam_sheet_damage"},{"name":"Border change","value":"border_change"},{"name":"Other","value":"other"},{"name":"Overall Default","value":"overall_default"}]},"status":{"REWORK":"REWORK","PENDING":"PENDING","PASS":"PASS","FAIL":"FAIL"},"allowed_stages":[]}  
[2025-11-28 10:49:21] local.INFO: getProductDetailsByTagId: {"tag_id":"E2801170000002136AA2DD0F"}  
[2025-11-28 10:49:21] local.INFO: tagId: "E2801170000002136AA2DD0F"  
[2025-11-28 10:49:21] local.INFO: product found: yes  
[2025-11-28 10:49:21] local.INFO: getProductDetailsByTagId formattedProduct: {"id":39,"product_name":"TEST Ppoduc 3","sku":"2334FF3","size":"22x355x57","quantity":1,"latest_stage":"packaging","latest_status":"PASS","latest_remarks":"Test","latest_defects_points":[],"created_at":"2025-11-18 14:54:32","tag_id":"E2801170000002136AA2DD0F","qa_code":"TEP-22x355x57-81020251XC","location_id":3,"reference_code":""}  
[2025-11-28 10:49:21] local.INFO: getStagesAndStatus: {"latest_remarks":"Test","latest_stage":"packaging","latest_status":"PASS"}  
[2025-11-28 10:49:21] local.INFO: getStagesAndStatus allowed_stages: null  
[2025-11-28 10:49:21] local.INFO: getStagesAndStatus working_stages: {"stages":{"packaging":"Packaging","zip_cover_qc":"Zip Cover QC","tape_edge_qc":"Tape Edge QC","bonding_qc":"Bonding QC"},"defect_points":{"zip_cover_qc":[{"name":"Colour Issue","value":"colour_issue"},{"name":"Others","value":"others"},{"name":"Overall Default","value":"overall_default"}],"tape_edge_qc":[{"name":"Colour Issue","value":"colour_issue"},{"name":"Others","value":"others"},{"name":"Overall Default","value":"overall_default"}],"bonding_qc":[{"name":"Over Size","value":"over_size"},{"name":"Under size","value":"under_size"},{"name":"Improper Cutting(BareBlock\/Gell)","value":"improper_cuttingbareblockgell"},{"name":"Diagonal Issue","value":"diagonal_issue"},{"name":"Mattress Waviness And Grid Damage","value":"mattress_waviness_and_grid_damage"},{"name":"Colour issue","value":"colour_issue"},{"name":"Wrong foam used","value":"wrong_foam_used"},{"name":"Construction Change","value":"construction_change"},{"name":"Improper pasting","value":"improper_pasting"},{"name":"Improper Heat Press (Gell Change)","value":"improper_heat_press_gell_change"},{"name":"Foam Sheet Damage","value":"foam_sheet_damage"},{"name":"Border change","value":"border_change"},{"name":"Other","value":"other"},{"name":"Overall Default","value":"overall_default"}]},"status":{"REWORK":"REWORK","PENDING":"PENDING","PASS":"PASS","FAIL":"FAIL"},"allowed_stages":[]}  
[2025-11-28 10:49:29] local.INFO: Gathering stage counts between 2025-10-30 00:00:00 and 2025-11-28 23:59:59  
[2025-11-28 10:49:30] local.INFO: Gathering stage counts between 2025-10-30 00:00:00 and 2025-11-28 23:59:59  
[2025-11-28 10:49:40] local.INFO: Gathering stage counts between 2025-10-30 00:00:00 and 2025-11-28 23:59:59  
[2025-11-28 10:49:50] local.INFO: Gathering stage counts between 2025-10-30 00:00:00 and 2025-11-28 23:59:59  
[2025-11-28 10:50:01] local.INFO: Gathering stage counts between 2025-10-30 00:00:00 and 2025-11-28 23:59:59  
[2025-11-28 10:50:10] local.INFO: Gathering stage counts between 2025-10-30 00:00:00 and 2025-11-28 23:59:59  
[2025-11-28 10:50:20] local.INFO: Gathering stage counts between 2025-10-30 00:00:00 and 2025-11-28 23:59:59  
[2025-11-28 10:50:25] local.INFO: total_rows: 0  
[2025-11-28 10:50:29] local.INFO: total_rows: 0  
[2025-11-28 10:50:31] local.INFO: Gathering stage counts between 2025-10-30 00:00:00 and 2025-11-28 23:59:59  
[2025-11-28 10:50:35] local.INFO: total_rows: 13  
[2025-11-28 10:50:41] local.INFO: Gathering stage counts between 2025-10-30 00:00:00 and 2025-11-28 23:59:59  
[2025-11-28 10:50:51] local.INFO: Gathering stage counts between 2025-10-30 00:00:00 and 2025-11-28 23:59:59  
[2025-11-28 10:51:01] local.INFO: total_rows: 0  
[2025-11-28 10:51:01] local.INFO: Gathering stage counts between 2025-10-30 00:00:00 and 2025-11-28 23:59:59  
[2025-11-28 10:51:02] local.INFO: total_rows: 0  
[2025-11-28 10:51:11] local.INFO: total_rows: 2  
[2025-11-28 10:51:11] local.INFO: Gathering stage counts between 2025-10-30 00:00:00 and 2025-11-28 23:59:59  
[2025-11-28 10:51:13] local.INFO: total_rows: 0  
[2025-11-28 10:51:17] local.INFO: total_rows: 1  
[2025-11-28 10:51:19] local.INFO: total_rows: 0  
[2025-11-28 10:51:21] local.INFO: Gathering stage counts between 2025-10-30 00:00:00 and 2025-11-28 23:59:59  
[2025-11-28 10:51:24] local.INFO: total_rows: 2  
[2025-11-28 10:52:16] local.INFO: total_rows: 0  
[2025-11-28 10:52:20] local.INFO: total_rows: 3  
[2025-11-28 10:52:22] local.INFO: Gathering stage counts between 2025-10-30 00:00:00 and 2025-11-28 23:59:59  
[2025-11-28 10:52:31] local.INFO: total_rows: 8  
[2025-11-28 10:52:44] local.INFO: total_rows: 7  
[2025-11-28 10:52:58] local.INFO: Gathering stage counts between 2025-10-30 00:00:00 and 2025-11-28 23:59:59  
[2025-11-28 10:53:00] local.INFO: Gathering stage counts between 2025-10-30 00:00:00 and 2025-11-28 23:59:59  
[2025-11-28 10:53:10] local.INFO: Gathering stage counts between 2025-10-30 00:00:00 and 2025-11-28 23:59:59  
[2025-11-28 10:53:20] local.INFO: Gathering stage counts between 2025-10-30 00:00:00 and 2025-11-28 23:59:59  
[2025-11-28 10:53:29] local.INFO: getProductDetailsByTagId: {"tag_id":"E2801170000002136AA2DD0F"}  
[2025-11-28 10:53:29] local.INFO: tagId: "E2801170000002136AA2DD0F"  
[2025-11-28 10:53:29] local.INFO: product found: yes  
[2025-11-28 10:53:29] local.INFO: getProductDetailsByTagId formattedProduct: {"id":39,"product_name":"TEST Ppoduc 3","sku":"2334FF3","size":"22x355x57","quantity":1,"latest_stage":"packaging","latest_status":"PASS","latest_remarks":"Test","latest_defects_points":[],"created_at":"2025-11-18 14:54:32","tag_id":"E2801170000002136AA2DD0F","qa_code":"TEP-22x355x57-81020251XC","location_id":3,"reference_code":""}  
[2025-11-28 10:53:29] local.INFO: getStagesAndStatus: {"latest_remarks":"Test","latest_stage":"packaging","latest_status":"PASS"}  
[2025-11-28 10:53:29] local.INFO: getStagesAndStatus allowed_stages: null  
[2025-11-28 10:53:29] local.INFO: getStagesAndStatus working_stages: {"stages":{"packaging":"Packaging","zip_cover_qc":"Zip Cover QC","tape_edge_qc":"Tape Edge QC","bonding_qc":"Bonding QC"},"defect_points":{"zip_cover_qc":[{"name":"Colour Issue","value":"colour_issue"},{"name":"Others","value":"others"},{"name":"Overall Default","value":"overall_default"}],"tape_edge_qc":[{"name":"Colour Issue","value":"colour_issue"},{"name":"Others","value":"others"},{"name":"Overall Default","value":"overall_default"}],"bonding_qc":[{"name":"Over Size","value":"over_size"},{"name":"Under size","value":"under_size"},{"name":"Improper Cutting(BareBlock\/Gell)","value":"improper_cuttingbareblockgell"},{"name":"Diagonal Issue","value":"diagonal_issue"},{"name":"Mattress Waviness And Grid Damage","value":"mattress_waviness_and_grid_damage"},{"name":"Colour issue","value":"colour_issue"},{"name":"Wrong foam used","value":"wrong_foam_used"},{"name":"Construction Change","value":"construction_change"},{"name":"Improper pasting","value":"improper_pasting"},{"name":"Improper Heat Press (Gell Change)","value":"improper_heat_press_gell_change"},{"name":"Foam Sheet Damage","value":"foam_sheet_damage"},{"name":"Border change","value":"border_change"},{"name":"Other","value":"other"},{"name":"Overall Default","value":"overall_default"}]},"status":{"REWORK":"REWORK","PENDING":"PENDING","PASS":"PASS","FAIL":"FAIL"},"allowed_stages":[]}  
[2025-11-28 10:53:30] local.INFO: Gathering stage counts between 2025-10-30 00:00:00 and 2025-11-28 23:59:59  
[2025-11-28 10:53:40] local.INFO: Gathering stage counts between 2025-10-30 00:00:00 and 2025-11-28 23:59:59  
[2025-11-28 10:53:50] local.INFO: total_rows: 12  
[2025-11-28 10:53:51] local.INFO: Gathering stage counts between 2025-10-30 00:00:00 and 2025-11-28 23:59:59  
[2025-11-28 10:54:01] local.INFO: Gathering stage counts between 2025-10-30 00:00:00 and 2025-11-28 23:59:59  
[2025-11-28 10:54:11] local.INFO: Gathering stage counts between 2025-10-30 00:00:00 and 2025-11-28 23:59:59  
[2025-11-28 10:54:21] local.INFO: Gathering stage counts between 2025-10-30 00:00:00 and 2025-11-28 23:59:59  
[2025-11-28 10:54:31] local.INFO: Gathering stage counts between 2025-10-30 00:00:00 and 2025-11-28 23:59:59  
[2025-11-28 10:54:41] local.INFO: Gathering stage counts between 2025-10-30 00:00:00 and 2025-11-28 23:59:59  
[2025-11-28 10:55:29] local.INFO: Gathering stage counts between 2025-10-30 00:00:00 and 2025-11-28 23:59:59  
[2025-11-28 10:56:14] local.INFO: getProductDetailsByTagId: {"tag_id":"E2801170000002136AA2DD4F"}  
[2025-11-28 10:56:14] local.INFO: tagId: "E2801170000002136AA2DD4F"  
[2025-11-28 10:56:14] local.INFO: product found: yes  
[2025-11-28 10:56:14] local.INFO: getProductDetailsByTagId formattedProduct: {"id":43,"product_name":"TEST Ppoduc 4","sku":"2334FF4","size":"22x355x58","quantity":1,"latest_stage":"packaging","latest_status":"PASS","latest_remarks":null,"latest_defects_points":[],"created_at":"2025-11-20 17:11:08","tag_id":"E2801170000002136AA2DD4F","qa_code":"TEP-22x355x58-81020251SFC","location_id":3,"reference_code":""}  
[2025-11-28 10:56:14] local.INFO: getStagesAndStatus: {"latest_remarks":null,"latest_stage":"packaging","latest_status":"PASS"}  
[2025-11-28 10:56:14] local.INFO: getStagesAndStatus allowed_stages: null  
[2025-11-28 10:56:14] local.INFO: getStagesAndStatus working_stages: {"stages":{"packaging":"Packaging","zip_cover_qc":"Zip Cover QC","tape_edge_qc":"Tape Edge QC","bonding_qc":"Bonding QC"},"defect_points":{"zip_cover_qc":[{"name":"Colour Issue","value":"colour_issue"},{"name":"Others","value":"others"},{"name":"Overall Default","value":"overall_default"}],"tape_edge_qc":[{"name":"Colour Issue","value":"colour_issue"},{"name":"Others","value":"others"},{"name":"Overall Default","value":"overall_default"}],"bonding_qc":[{"name":"Over Size","value":"over_size"},{"name":"Under size","value":"under_size"},{"name":"Improper Cutting(BareBlock\/Gell)","value":"improper_cuttingbareblockgell"},{"name":"Diagonal Issue","value":"diagonal_issue"},{"name":"Mattress Waviness And Grid Damage","value":"mattress_waviness_and_grid_damage"},{"name":"Colour issue","value":"colour_issue"},{"name":"Wrong foam used","value":"wrong_foam_used"},{"name":"Construction Change","value":"construction_change"},{"name":"Improper pasting","value":"improper_pasting"},{"name":"Improper Heat Press (Gell Change)","value":"improper_heat_press_gell_change"},{"name":"Foam Sheet Damage","value":"foam_sheet_damage"},{"name":"Border change","value":"border_change"},{"name":"Other","value":"other"},{"name":"Overall Default","value":"overall_default"}]},"status":{"REWORK":"REWORK","PENDING":"PENDING","PASS":"PASS","FAIL":"FAIL"},"allowed_stages":[]}  
[2025-11-28 10:56:16] local.INFO: getProductDetailsByTagId: {"tag_id":"E2801170000002136AA2DD0F"}  
[2025-11-28 10:56:16] local.INFO: tagId: "E2801170000002136AA2DD0F"  
[2025-11-28 10:56:16] local.INFO: product found: yes  
[2025-11-28 10:56:16] local.INFO: getProductDetailsByTagId formattedProduct: {"id":39,"product_name":"TEST Ppoduc 3","sku":"2334FF3","size":"22x355x57","quantity":1,"latest_stage":"packaging","latest_status":"PASS","latest_remarks":"Test","latest_defects_points":[],"created_at":"2025-11-18 14:54:32","tag_id":"E2801170000002136AA2DD0F","qa_code":"TEP-22x355x57-81020251XC","location_id":3,"reference_code":""}  
[2025-11-28 10:56:16] local.INFO: getStagesAndStatus: {"latest_remarks":"Test","latest_stage":"packaging","latest_status":"PASS"}  
[2025-11-28 10:56:16] local.INFO: getStagesAndStatus allowed_stages: null  
[2025-11-28 10:56:16] local.INFO: getStagesAndStatus working_stages: {"stages":{"packaging":"Packaging","zip_cover_qc":"Zip Cover QC","tape_edge_qc":"Tape Edge QC","bonding_qc":"Bonding QC"},"defect_points":{"zip_cover_qc":[{"name":"Colour Issue","value":"colour_issue"},{"name":"Others","value":"others"},{"name":"Overall Default","value":"overall_default"}],"tape_edge_qc":[{"name":"Colour Issue","value":"colour_issue"},{"name":"Others","value":"others"},{"name":"Overall Default","value":"overall_default"}],"bonding_qc":[{"name":"Over Size","value":"over_size"},{"name":"Under size","value":"under_size"},{"name":"Improper Cutting(BareBlock\/Gell)","value":"improper_cuttingbareblockgell"},{"name":"Diagonal Issue","value":"diagonal_issue"},{"name":"Mattress Waviness And Grid Damage","value":"mattress_waviness_and_grid_damage"},{"name":"Colour issue","value":"colour_issue"},{"name":"Wrong foam used","value":"wrong_foam_used"},{"name":"Construction Change","value":"construction_change"},{"name":"Improper pasting","value":"improper_pasting"},{"name":"Improper Heat Press (Gell Change)","value":"improper_heat_press_gell_change"},{"name":"Foam Sheet Damage","value":"foam_sheet_damage"},{"name":"Border change","value":"border_change"},{"name":"Other","value":"other"},{"name":"Overall Default","value":"overall_default"}]},"status":{"REWORK":"REWORK","PENDING":"PENDING","PASS":"PASS","FAIL":"FAIL"},"allowed_stages":[]}  
[2025-11-28 10:56:19] local.INFO: getProductDetailsByTagId: {"tag_id":"E2801170000002136AA2DD4F"}  
[2025-11-28 10:56:19] local.INFO: tagId: "E2801170000002136AA2DD4F"  
[2025-11-28 10:56:19] local.INFO: product found: yes  
[2025-11-28 10:56:19] local.INFO: getProductDetailsByTagId formattedProduct: {"id":43,"product_name":"TEST Ppoduc 4","sku":"2334FF4","size":"22x355x58","quantity":1,"latest_stage":"packaging","latest_status":"PASS","latest_remarks":null,"latest_defects_points":[],"created_at":"2025-11-20 17:11:08","tag_id":"E2801170000002136AA2DD4F","qa_code":"TEP-22x355x58-81020251SFC","location_id":3,"reference_code":""}  
[2025-11-28 10:56:19] local.INFO: getStagesAndStatus: {"latest_remarks":null,"latest_stage":"packaging","latest_status":"PASS"}  
[2025-11-28 10:56:19] local.INFO: getStagesAndStatus allowed_stages: null  
[2025-11-28 10:56:19] local.INFO: getStagesAndStatus working_stages: {"stages":{"packaging":"Packaging","zip_cover_qc":"Zip Cover QC","tape_edge_qc":"Tape Edge QC","bonding_qc":"Bonding QC"},"defect_points":{"zip_cover_qc":[{"name":"Colour Issue","value":"colour_issue"},{"name":"Others","value":"others"},{"name":"Overall Default","value":"overall_default"}],"tape_edge_qc":[{"name":"Colour Issue","value":"colour_issue"},{"name":"Others","value":"others"},{"name":"Overall Default","value":"overall_default"}],"bonding_qc":[{"name":"Over Size","value":"over_size"},{"name":"Under size","value":"under_size"},{"name":"Improper Cutting(BareBlock\/Gell)","value":"improper_cuttingbareblockgell"},{"name":"Diagonal Issue","value":"diagonal_issue"},{"name":"Mattress Waviness And Grid Damage","value":"mattress_waviness_and_grid_damage"},{"name":"Colour issue","value":"colour_issue"},{"name":"Wrong foam used","value":"wrong_foam_used"},{"name":"Construction Change","value":"construction_change"},{"name":"Improper pasting","value":"improper_pasting"},{"name":"Improper Heat Press (Gell Change)","value":"improper_heat_press_gell_change"},{"name":"Foam Sheet Damage","value":"foam_sheet_damage"},{"name":"Border change","value":"border_change"},{"name":"Other","value":"other"},{"name":"Overall Default","value":"overall_default"}]},"status":{"REWORK":"REWORK","PENDING":"PENDING","PASS":"PASS","FAIL":"FAIL"},"allowed_stages":[]}  
[2025-11-28 10:56:21] local.INFO: getProductDetailsByTagId: {"tag_id":"E2801170000002136AA2DD0F"}  
[2025-11-28 10:56:21] local.INFO: tagId: "E2801170000002136AA2DD0F"  
[2025-11-28 10:56:21] local.INFO: product found: yes  
[2025-11-28 10:56:21] local.INFO: getProductDetailsByTagId formattedProduct: {"id":39,"product_name":"TEST Ppoduc 3","sku":"2334FF3","size":"22x355x57","quantity":1,"latest_stage":"packaging","latest_status":"PASS","latest_remarks":"Test","latest_defects_points":[],"created_at":"2025-11-18 14:54:32","tag_id":"E2801170000002136AA2DD0F","qa_code":"TEP-22x355x57-81020251XC","location_id":3,"reference_code":""}  
[2025-11-28 10:56:21] local.INFO: getStagesAndStatus: {"latest_remarks":"Test","latest_stage":"packaging","latest_status":"PASS"}  
[2025-11-28 10:56:21] local.INFO: getStagesAndStatus allowed_stages: null  
[2025-11-28 10:56:21] local.INFO: getStagesAndStatus working_stages: {"stages":{"packaging":"Packaging","zip_cover_qc":"Zip Cover QC","tape_edge_qc":"Tape Edge QC","bonding_qc":"Bonding QC"},"defect_points":{"zip_cover_qc":[{"name":"Colour Issue","value":"colour_issue"},{"name":"Others","value":"others"},{"name":"Overall Default","value":"overall_default"}],"tape_edge_qc":[{"name":"Colour Issue","value":"colour_issue"},{"name":"Others","value":"others"},{"name":"Overall Default","value":"overall_default"}],"bonding_qc":[{"name":"Over Size","value":"over_size"},{"name":"Under size","value":"under_size"},{"name":"Improper Cutting(BareBlock\/Gell)","value":"improper_cuttingbareblockgell"},{"name":"Diagonal Issue","value":"diagonal_issue"},{"name":"Mattress Waviness And Grid Damage","value":"mattress_waviness_and_grid_damage"},{"name":"Colour issue","value":"colour_issue"},{"name":"Wrong foam used","value":"wrong_foam_used"},{"name":"Construction Change","value":"construction_change"},{"name":"Improper pasting","value":"improper_pasting"},{"name":"Improper Heat Press (Gell Change)","value":"improper_heat_press_gell_change"},{"name":"Foam Sheet Damage","value":"foam_sheet_damage"},{"name":"Border change","value":"border_change"},{"name":"Other","value":"other"},{"name":"Overall Default","value":"overall_default"}]},"status":{"REWORK":"REWORK","PENDING":"PENDING","PASS":"PASS","FAIL":"FAIL"},"allowed_stages":[]}  
[2025-11-28 10:56:23] local.INFO: getProductDetailsByTagId: {"tag_id":"E2801170000002136AA2DD0F"}  
[2025-11-28 10:56:23] local.INFO: tagId: "E2801170000002136AA2DD0F"  
[2025-11-28 10:56:23] local.INFO: product found: yes  
[2025-11-28 10:56:23] local.INFO: getProductDetailsByTagId formattedProduct: {"id":39,"product_name":"TEST Ppoduc 3","sku":"2334FF3","size":"22x355x57","quantity":1,"latest_stage":"packaging","latest_status":"PASS","latest_remarks":"Test","latest_defects_points":[],"created_at":"2025-11-18 14:54:32","tag_id":"E2801170000002136AA2DD0F","qa_code":"TEP-22x355x57-81020251XC","location_id":3,"reference_code":""}  
[2025-11-28 10:56:23] local.INFO: getStagesAndStatus: {"latest_remarks":"Test","latest_stage":"packaging","latest_status":"PASS"}  
[2025-11-28 10:56:23] local.INFO: getStagesAndStatus allowed_stages: null  
[2025-11-28 10:56:23] local.INFO: getStagesAndStatus working_stages: {"stages":{"packaging":"Packaging","zip_cover_qc":"Zip Cover QC","tape_edge_qc":"Tape Edge QC","bonding_qc":"Bonding QC"},"defect_points":{"zip_cover_qc":[{"name":"Colour Issue","value":"colour_issue"},{"name":"Others","value":"others"},{"name":"Overall Default","value":"overall_default"}],"tape_edge_qc":[{"name":"Colour Issue","value":"colour_issue"},{"name":"Others","value":"others"},{"name":"Overall Default","value":"overall_default"}],"bonding_qc":[{"name":"Over Size","value":"over_size"},{"name":"Under size","value":"under_size"},{"name":"Improper Cutting(BareBlock\/Gell)","value":"improper_cuttingbareblockgell"},{"name":"Diagonal Issue","value":"diagonal_issue"},{"name":"Mattress Waviness And Grid Damage","value":"mattress_waviness_and_grid_damage"},{"name":"Colour issue","value":"colour_issue"},{"name":"Wrong foam used","value":"wrong_foam_used"},{"name":"Construction Change","value":"construction_change"},{"name":"Improper pasting","value":"improper_pasting"},{"name":"Improper Heat Press (Gell Change)","value":"improper_heat_press_gell_change"},{"name":"Foam Sheet Damage","value":"foam_sheet_damage"},{"name":"Border change","value":"border_change"},{"name":"Other","value":"other"},{"name":"Overall Default","value":"overall_default"}]},"status":{"REWORK":"REWORK","PENDING":"PENDING","PASS":"PASS","FAIL":"FAIL"},"allowed_stages":[]}  
[2025-11-28 10:56:24] local.INFO: getProductDetailsByTagId: {"tag_id":"E2801170000002136AA2DD4F"}  
[2025-11-28 10:56:24] local.INFO: tagId: "E2801170000002136AA2DD4F"  
[2025-11-28 10:56:24] local.INFO: product found: yes  
[2025-11-28 10:56:24] local.INFO: getProductDetailsByTagId formattedProduct: {"id":43,"product_name":"TEST Ppoduc 4","sku":"2334FF4","size":"22x355x58","quantity":1,"latest_stage":"packaging","latest_status":"PASS","latest_remarks":null,"latest_defects_points":[],"created_at":"2025-11-20 17:11:08","tag_id":"E2801170000002136AA2DD4F","qa_code":"TEP-22x355x58-81020251SFC","location_id":3,"reference_code":""}  
[2025-11-28 10:56:24] local.INFO: getStagesAndStatus: {"latest_remarks":null,"latest_stage":"packaging","latest_status":"PASS"}  
[2025-11-28 10:56:24] local.INFO: getStagesAndStatus allowed_stages: null  
[2025-11-28 10:56:24] local.INFO: getStagesAndStatus working_stages: {"stages":{"packaging":"Packaging","zip_cover_qc":"Zip Cover QC","tape_edge_qc":"Tape Edge QC","bonding_qc":"Bonding QC"},"defect_points":{"zip_cover_qc":[{"name":"Colour Issue","value":"colour_issue"},{"name":"Others","value":"others"},{"name":"Overall Default","value":"overall_default"}],"tape_edge_qc":[{"name":"Colour Issue","value":"colour_issue"},{"name":"Others","value":"others"},{"name":"Overall Default","value":"overall_default"}],"bonding_qc":[{"name":"Over Size","value":"over_size"},{"name":"Under size","value":"under_size"},{"name":"Improper Cutting(BareBlock\/Gell)","value":"improper_cuttingbareblockgell"},{"name":"Diagonal Issue","value":"diagonal_issue"},{"name":"Mattress Waviness And Grid Damage","value":"mattress_waviness_and_grid_damage"},{"name":"Colour issue","value":"colour_issue"},{"name":"Wrong foam used","value":"wrong_foam_used"},{"name":"Construction Change","value":"construction_change"},{"name":"Improper pasting","value":"improper_pasting"},{"name":"Improper Heat Press (Gell Change)","value":"improper_heat_press_gell_change"},{"name":"Foam Sheet Damage","value":"foam_sheet_damage"},{"name":"Border change","value":"border_change"},{"name":"Other","value":"other"},{"name":"Overall Default","value":"overall_default"}]},"status":{"REWORK":"REWORK","PENDING":"PENDING","PASS":"PASS","FAIL":"FAIL"},"allowed_stages":[]}  
[2025-11-28 10:56:27] local.INFO: getProductDetailsByTagId: {"tag_id":"E2801170000002136AA2DD4F"}  
[2025-11-28 10:56:27] local.INFO: tagId: "E2801170000002136AA2DD4F"  
[2025-11-28 10:56:27] local.INFO: product found: yes  
[2025-11-28 10:56:27] local.INFO: getProductDetailsByTagId formattedProduct: {"id":43,"product_name":"TEST Ppoduc 4","sku":"2334FF4","size":"22x355x58","quantity":1,"latest_stage":"packaging","latest_status":"PASS","latest_remarks":null,"latest_defects_points":[],"created_at":"2025-11-20 17:11:08","tag_id":"E2801170000002136AA2DD4F","qa_code":"TEP-22x355x58-81020251SFC","location_id":3,"reference_code":""}  
[2025-11-28 10:56:27] local.INFO: getStagesAndStatus: {"latest_remarks":null,"latest_stage":"packaging","latest_status":"PASS"}  
[2025-11-28 10:56:27] local.INFO: getStagesAndStatus allowed_stages: null  
[2025-11-28 10:56:27] local.INFO: getStagesAndStatus working_stages: {"stages":{"packaging":"Packaging","zip_cover_qc":"Zip Cover QC","tape_edge_qc":"Tape Edge QC","bonding_qc":"Bonding QC"},"defect_points":{"zip_cover_qc":[{"name":"Colour Issue","value":"colour_issue"},{"name":"Others","value":"others"},{"name":"Overall Default","value":"overall_default"}],"tape_edge_qc":[{"name":"Colour Issue","value":"colour_issue"},{"name":"Others","value":"others"},{"name":"Overall Default","value":"overall_default"}],"bonding_qc":[{"name":"Over Size","value":"over_size"},{"name":"Under size","value":"under_size"},{"name":"Improper Cutting(BareBlock\/Gell)","value":"improper_cuttingbareblockgell"},{"name":"Diagonal Issue","value":"diagonal_issue"},{"name":"Mattress Waviness And Grid Damage","value":"mattress_waviness_and_grid_damage"},{"name":"Colour issue","value":"colour_issue"},{"name":"Wrong foam used","value":"wrong_foam_used"},{"name":"Construction Change","value":"construction_change"},{"name":"Improper pasting","value":"improper_pasting"},{"name":"Improper Heat Press (Gell Change)","value":"improper_heat_press_gell_change"},{"name":"Foam Sheet Damage","value":"foam_sheet_damage"},{"name":"Border change","value":"border_change"},{"name":"Other","value":"other"},{"name":"Overall Default","value":"overall_default"}]},"status":{"REWORK":"REWORK","PENDING":"PENDING","PASS":"PASS","FAIL":"FAIL"},"allowed_stages":[]}  
[2025-11-28 10:56:29] local.INFO: Gathering stage counts between 2025-10-30 00:00:00 and 2025-11-28 23:59:59  
[2025-11-28 10:56:33] local.INFO: getProductDetailsByTagId: {"tag_id":"E2004700E491662B01EC8499"}  
[2025-11-28 10:56:33] local.INFO: tagId: "E2004700E491662B01EC8499"  
[2025-11-28 10:56:33] local.INFO: product found: yes  
[2025-11-28 10:56:33] local.INFO: getProductDetailsByTagId formattedProduct: {"id":44,"product_name":"LUXE PRO-SNOWTEC","sku":"TSCCMLPS0113","size":"74X68X8","quantity":1,"latest_stage":"bonding_qc","latest_status":"PENDING","latest_remarks":null,"latest_defects_points":[],"created_at":"2025-11-20 17:38:34","tag_id":"E2004700E491662B01EC8499","qa_code":"LUP-74X68X8-610202544F","location_id":3,"reference_code":""}  
[2025-11-28 10:56:33] local.INFO: getStagesAndStatus: {"latest_remarks":null,"latest_stage":"bonding_qc","latest_status":"PENDING"}  
[2025-11-28 10:56:33] local.INFO: getStagesAndStatus allowed_stages: null  
[2025-11-28 10:56:33] local.INFO: getStagesAndStatus working_stages: {"stages":{"packaging":"Packaging","zip_cover_qc":"Zip Cover QC","tape_edge_qc":"Tape Edge QC","bonding_qc":"Bonding QC"},"defect_points":{"zip_cover_qc":[{"name":"Colour Issue","value":"colour_issue"},{"name":"Others","value":"others"},{"name":"Overall Default","value":"overall_default"}],"tape_edge_qc":[{"name":"Colour Issue","value":"colour_issue"},{"name":"Others","value":"others"},{"name":"Overall Default","value":"overall_default"}],"bonding_qc":[{"name":"Over Size","value":"over_size"},{"name":"Under size","value":"under_size"},{"name":"Improper Cutting(BareBlock\/Gell)","value":"improper_cuttingbareblockgell"},{"name":"Diagonal Issue","value":"diagonal_issue"},{"name":"Mattress Waviness And Grid Damage","value":"mattress_waviness_and_grid_damage"},{"name":"Colour issue","value":"colour_issue"},{"name":"Wrong foam used","value":"wrong_foam_used"},{"name":"Construction Change","value":"construction_change"},{"name":"Improper pasting","value":"improper_pasting"},{"name":"Improper Heat Press (Gell Change)","value":"improper_heat_press_gell_change"},{"name":"Foam Sheet Damage","value":"foam_sheet_damage"},{"name":"Border change","value":"border_change"},{"name":"Other","value":"other"},{"name":"Overall Default","value":"overall_default"}]},"status":{"REWORK":"REWORK","PENDING":"PENDING","PASS":"PASS","FAIL":"FAIL"},"allowed_stages":[]}  
[2025-11-28 10:56:48] local.INFO: updateProductStage: {"defects_points":[],"remarks":null,"stage":"bonding_qc","status":"PASS","tag_id":"E2004700E491662B01EC8499"}  
[2025-11-28 10:56:49] local.INFO: getStagesAndStatus: {"latest_remarks":null,"latest_status":"PENDING"}  
[2025-11-28 10:56:49] local.INFO: getStagesAndStatus allowed_stages: null  
[2025-11-28 10:56:49] local.INFO: getStagesAndStatus working_stages: {"stages":{"packaging":"Packaging","zip_cover_qc":"Zip Cover QC","tape_edge_qc":"Tape Edge QC","bonding_qc":"Bonding QC"},"defect_points":{"zip_cover_qc":[{"name":"Colour Issue","value":"colour_issue"},{"name":"Others","value":"others"},{"name":"Overall Default","value":"overall_default"}],"tape_edge_qc":[{"name":"Colour Issue","value":"colour_issue"},{"name":"Others","value":"others"},{"name":"Overall Default","value":"overall_default"}],"bonding_qc":[{"name":"Over Size","value":"over_size"},{"name":"Under size","value":"under_size"},{"name":"Improper Cutting(BareBlock\/Gell)","value":"improper_cuttingbareblockgell"},{"name":"Diagonal Issue","value":"diagonal_issue"},{"name":"Mattress Waviness And Grid Damage","value":"mattress_waviness_and_grid_damage"},{"name":"Colour issue","value":"colour_issue"},{"name":"Wrong foam used","value":"wrong_foam_used"},{"name":"Construction Change","value":"construction_change"},{"name":"Improper pasting","value":"improper_pasting"},{"name":"Improper Heat Press (Gell Change)","value":"improper_heat_press_gell_change"},{"name":"Foam Sheet Damage","value":"foam_sheet_damage"},{"name":"Border change","value":"border_change"},{"name":"Other","value":"other"},{"name":"Overall Default","value":"overall_default"}]},"status":{"REWORK":"REWORK","PENDING":"PENDING","PASS":"PASS","FAIL":"FAIL"},"allowed_stages":[]}  
[2025-11-28 10:56:54] local.INFO: getProductDetailsByTagId: {"tag_id":"5555555500000000D3572129"}  
[2025-11-28 10:56:54] local.INFO: tagId: "5555555500000000D3572129"  
[2025-11-28 10:56:54] local.INFO: product found: no  
[2025-11-28 10:56:56] local.INFO: getProductDetailsByTagId: {"tag_id":"5555555500000000D3572129"}  
[2025-11-28 10:56:56] local.INFO: tagId: "5555555500000000D3572129"  
[2025-11-28 10:56:56] local.INFO: product found: no  
[2025-11-28 10:56:58] local.INFO: getProductDetailsByTagId: {"tag_id":"5555555500000000D3572129"}  
[2025-11-28 10:56:58] local.INFO: tagId: "5555555500000000D3572129"  
[2025-11-28 10:56:58] local.INFO: product found: no  
[2025-11-28 10:56:59] local.INFO: getProductDetailsByTagId: {"tag_id":"5555555500000000D3572129"}  
[2025-11-28 10:56:59] local.INFO: tagId: "5555555500000000D3572129"  
[2025-11-28 10:56:59] local.INFO: product found: no  
[2025-11-28 10:57:03] local.INFO: getProductDetailsByTagId: {"tag_id":"E2004700E4D1662B01EC849D"}  
[2025-11-28 10:57:03] local.INFO: tagId: "E2004700E4D1662B01EC849D"  
[2025-11-28 10:57:03] local.INFO: product found: yes  
[2025-11-28 10:57:03] local.INFO: getProductDetailsByTagId formattedProduct: {"id":50,"product_name":"LUXE PRO-SNOWTEC","sku":"TSCCMLPS0114","size":"77X72X8","quantity":1,"latest_stage":"bonding_qc","latest_status":"PASS","latest_remarks":null,"latest_defects_points":[],"created_at":"2025-11-20 18:05:14","tag_id":"E2004700E4D1662B01EC849D","qa_code":"LUP-77X72X8-6102025672XX","location_id":3,"reference_code":""}  
[2025-11-28 10:57:03] local.INFO: getStagesAndStatus: {"latest_remarks":null,"latest_stage":"bonding_qc","latest_status":"PASS"}  
[2025-11-28 10:57:03] local.INFO: getStagesAndStatus allowed_stages: null  
[2025-11-28 10:57:03] local.INFO: getStagesAndStatus working_stages: {"stages":{"packaging":"Packaging","zip_cover_qc":"Zip Cover QC","tape_edge_qc":"Tape Edge QC","bonding_qc":"Bonding QC"},"defect_points":{"zip_cover_qc":[{"name":"Colour Issue","value":"colour_issue"},{"name":"Others","value":"others"},{"name":"Overall Default","value":"overall_default"}],"tape_edge_qc":[{"name":"Colour Issue","value":"colour_issue"},{"name":"Others","value":"others"},{"name":"Overall Default","value":"overall_default"}],"bonding_qc":[{"name":"Over Size","value":"over_size"},{"name":"Under size","value":"under_size"},{"name":"Improper Cutting(BareBlock\/Gell)","value":"improper_cuttingbareblockgell"},{"name":"Diagonal Issue","value":"diagonal_issue"},{"name":"Mattress Waviness And Grid Damage","value":"mattress_waviness_and_grid_damage"},{"name":"Colour issue","value":"colour_issue"},{"name":"Wrong foam used","value":"wrong_foam_used"},{"name":"Construction Change","value":"construction_change"},{"name":"Improper pasting","value":"improper_pasting"},{"name":"Improper Heat Press (Gell Change)","value":"improper_heat_press_gell_change"},{"name":"Foam Sheet Damage","value":"foam_sheet_damage"},{"name":"Border change","value":"border_change"},{"name":"Other","value":"other"},{"name":"Overall Default","value":"overall_default"}]},"status":{"REWORK":"REWORK","PENDING":"PENDING","PASS":"PASS","FAIL":"FAIL"},"allowed_stages":[]}  
[2025-11-28 10:57:29] local.INFO: Gathering stage counts between 2025-10-30 00:00:00 and 2025-11-28 23:59:59  
[2025-11-28 10:57:42] local.INFO: updateProductDetails request: {"product_name":"LUXE PRO-SNOWTECo","tag_id":"E2004700E4D1662B01EC849D"}  
[2025-11-28 10:57:42] local.INFO: updateProductDetails: updated product_id=50 {"updated_fields":{"product_name":"LUXE PRO-SNOWTECo","qc_status_updated_by":51},"by":51} 
[2025-11-28 10:57:53] local.INFO: updateProductDetails request: {"sku":"TSCCMLPS0114n","tag_id":"E2004700E4D1662B01EC849D"}  
[2025-11-28 10:57:53] local.INFO: updateProductDetails: updated product_id=50 {"updated_fields":{"sku":"TSCCMLPS0114n","qc_status_updated_by":51},"by":51} 
[2025-11-28 10:58:02] local.INFO: updateProductDetails request: {"sku":"TSCCMLPS0114","tag_id":"E2004700E4D1662B01EC849D"}  
[2025-11-28 10:58:02] local.INFO: updateProductDetails: updated product_id=50 {"updated_fields":{"sku":"TSCCMLPS0114","qc_status_updated_by":51},"by":51} 
[2025-11-28 10:58:11] local.INFO: updateProductDetails request: {"product_name":"LUXE PRO-SNOWTEC","tag_id":"E2004700E4D1662B01EC849D"}  
[2025-11-28 10:58:11] local.INFO: updateProductDetails: updated product_id=50 {"updated_fields":{"product_name":"LUXE PRO-SNOWTEC","qc_status_updated_by":51},"by":51} 
[2025-11-28 10:58:15] local.INFO: getProductDetailsByTagId: {"tag_id":"E2801170000002136AA2C3FF"}  
[2025-11-28 10:58:15] local.INFO: tagId: "E2801170000002136AA2C3FF"  
[2025-11-28 10:58:15] local.INFO: product found: yes  
[2025-11-28 10:58:15] local.INFO: getProductDetailsByTagId formattedProduct: {"id":47,"product_name":"LUXE PRO-SNOWTEC","sku":"TSCCMLPS0072","size":"78X71X10","quantity":1,"latest_stage":"bonding_qc","latest_status":"PENDING","latest_remarks":null,"latest_defects_points":[],"created_at":"2025-11-20 17:51:10","tag_id":"E2801170000002136AA2C3FF","qa_code":"LUP-78X71X10-61020258FT","location_id":3,"reference_code":""}  
[2025-11-28 10:58:15] local.INFO: getStagesAndStatus: {"latest_remarks":null,"latest_stage":"bonding_qc","latest_status":"PENDING"}  
[2025-11-28 10:58:15] local.INFO: getStagesAndStatus allowed_stages: null  
[2025-11-28 10:58:15] local.INFO: getStagesAndStatus working_stages: {"stages":{"packaging":"Packaging","zip_cover_qc":"Zip Cover QC","tape_edge_qc":"Tape Edge QC","bonding_qc":"Bonding QC"},"defect_points":{"zip_cover_qc":[{"name":"Colour Issue","value":"colour_issue"},{"name":"Others","value":"others"},{"name":"Overall Default","value":"overall_default"}],"tape_edge_qc":[{"name":"Colour Issue","value":"colour_issue"},{"name":"Others","value":"others"},{"name":"Overall Default","value":"overall_default"}],"bonding_qc":[{"name":"Over Size","value":"over_size"},{"name":"Under size","value":"under_size"},{"name":"Improper Cutting(BareBlock\/Gell)","value":"improper_cuttingbareblockgell"},{"name":"Diagonal Issue","value":"diagonal_issue"},{"name":"Mattress Waviness And Grid Damage","value":"mattress_waviness_and_grid_damage"},{"name":"Colour issue","value":"colour_issue"},{"name":"Wrong foam used","value":"wrong_foam_used"},{"name":"Construction Change","value":"construction_change"},{"name":"Improper pasting","value":"improper_pasting"},{"name":"Improper Heat Press (Gell Change)","value":"improper_heat_press_gell_change"},{"name":"Foam Sheet Damage","value":"foam_sheet_damage"},{"name":"Border change","value":"border_change"},{"name":"Other","value":"other"},{"name":"Overall Default","value":"overall_default"}]},"status":{"REWORK":"REWORK","PENDING":"PENDING","PASS":"PASS","FAIL":"FAIL"},"allowed_stages":[]}  
[2025-11-28 10:58:25] local.INFO: Gathering stage counts between 2025-10-30 00:00:00 and 2025-11-28 23:59:59  
[2025-11-28 10:58:31] local.INFO: Gathering stage counts between 2025-10-30 00:00:00 and 2025-11-28 23:59:59  
[2025-11-28 10:58:36] local.INFO: total_rows: 8  
[2025-11-28 10:58:39] local.INFO: total_rows: 0  
[2025-11-28 10:58:40] local.INFO: total_rows: 0  
[2025-11-28 10:58:41] local.INFO: Gathering stage counts between 2025-10-30 00:00:00 and 2025-11-28 23:59:59  
[2025-11-28 10:58:43] local.INFO: total_rows: 14  
[2025-11-28 10:58:51] local.INFO: Gathering stage counts between 2025-10-30 00:00:00 and 2025-11-28 23:59:59  
[2025-11-28 10:58:59] local.INFO: total_rows: 0  
[2025-11-28 10:59:01] local.INFO: Gathering stage counts between 2025-10-30 00:00:00 and 2025-11-28 23:59:59  
[2025-11-28 10:59:02] local.INFO: total_rows: 14  
[2025-11-28 10:59:11] local.INFO: Gathering stage counts between 2025-10-30 00:00:00 and 2025-11-28 23:59:59  
[2025-11-28 10:59:21] local.INFO: Gathering stage counts between 2025-10-30 00:00:00 and 2025-11-28 23:59:59  
[2025-11-28 10:59:28] local.INFO: total_rows: 0  
[2025-11-28 10:59:32] local.INFO: total_rows: 14  
[2025-11-28 11:00:00] local.INFO: total_rows: 0  
[2025-11-28 11:00:12] local.INFO: total_rows: 1  
[2025-11-28 11:00:16] local.INFO: total_rows: 0  
[2025-11-28 11:00:22] local.INFO: Gathering stage counts between 2025-10-30 00:00:00 and 2025-11-28 23:59:59  
[2025-11-28 11:01:15] local.INFO: updateProductStage: {"defects_points":[],"remarks":null,"stage":"bonding_qc","status":"PASS","tag_id":"E2801170000002136AA2C3FF"}  
[2025-11-28 11:01:16] local.INFO: getStagesAndStatus: {"latest_remarks":null,"latest_status":"PENDING"}  
[2025-11-28 11:01:16] local.INFO: getStagesAndStatus allowed_stages: null  
[2025-11-28 11:01:16] local.INFO: getStagesAndStatus working_stages: {"stages":{"packaging":"Packaging","zip_cover_qc":"Zip Cover QC","tape_edge_qc":"Tape Edge QC","bonding_qc":"Bonding QC"},"defect_points":{"zip_cover_qc":[{"name":"Colour Issue","value":"colour_issue"},{"name":"Others","value":"others"},{"name":"Overall Default","value":"overall_default"}],"tape_edge_qc":[{"name":"Colour Issue","value":"colour_issue"},{"name":"Others","value":"others"},{"name":"Overall Default","value":"overall_default"}],"bonding_qc":[{"name":"Over Size","value":"over_size"},{"name":"Under size","value":"under_size"},{"name":"Improper Cutting(BareBlock\/Gell)","value":"improper_cuttingbareblockgell"},{"name":"Diagonal Issue","value":"diagonal_issue"},{"name":"Mattress Waviness And Grid Damage","value":"mattress_waviness_and_grid_damage"},{"name":"Colour issue","value":"colour_issue"},{"name":"Wrong foam used","value":"wrong_foam_used"},{"name":"Construction Change","value":"construction_change"},{"name":"Improper pasting","value":"improper_pasting"},{"name":"Improper Heat Press (Gell Change)","value":"improper_heat_press_gell_change"},{"name":"Foam Sheet Damage","value":"foam_sheet_damage"},{"name":"Border change","value":"border_change"},{"name":"Other","value":"other"},{"name":"Overall Default","value":"overall_default"}]},"status":{"REWORK":"REWORK","PENDING":"PENDING","PASS":"PASS","FAIL":"FAIL"},"allowed_stages":[]}  
[2025-11-28 11:01:21] local.INFO: getProductDetailsByTagId: {"tag_id":"E2004700BA71662B01EC81F7"}  
[2025-11-28 11:01:21] local.INFO: tagId: "E2004700BA71662B01EC81F7"  
[2025-11-28 11:01:21] local.INFO: product found: yes  
[2025-11-28 11:01:21] local.INFO: getProductDetailsByTagId formattedProduct: {"id":45,"product_name":"LUXE PRO-SNOWTEC","sku":"TSCCMLPS0113","size":"74X68X8","quantity":1,"latest_stage":"zip_cover_qc","latest_status":"PASS","latest_remarks":null,"latest_defects_points":[],"created_at":"2025-11-20 17:41:38","tag_id":"E2004700BA71662B01EC81F7","qa_code":"LUP-74X68X8-61020251FU","location_id":3,"reference_code":""}  
[2025-11-28 11:01:21] local.INFO: getStagesAndStatus: {"latest_remarks":null,"latest_stage":"zip_cover_qc","latest_status":"PASS"}  
[2025-11-28 11:01:21] local.INFO: getStagesAndStatus allowed_stages: null  
[2025-11-28 11:01:21] local.INFO: getStagesAndStatus working_stages: {"stages":{"packaging":"Packaging","zip_cover_qc":"Zip Cover QC","tape_edge_qc":"Tape Edge QC","bonding_qc":"Bonding QC"},"defect_points":{"zip_cover_qc":[{"name":"Colour Issue","value":"colour_issue"},{"name":"Others","value":"others"},{"name":"Overall Default","value":"overall_default"}],"tape_edge_qc":[{"name":"Colour Issue","value":"colour_issue"},{"name":"Others","value":"others"},{"name":"Overall Default","value":"overall_default"}],"bonding_qc":[{"name":"Over Size","value":"over_size"},{"name":"Under size","value":"under_size"},{"name":"Improper Cutting(BareBlock\/Gell)","value":"improper_cuttingbareblockgell"},{"name":"Diagonal Issue","value":"diagonal_issue"},{"name":"Mattress Waviness And Grid Damage","value":"mattress_waviness_and_grid_damage"},{"name":"Colour issue","value":"colour_issue"},{"name":"Wrong foam used","value":"wrong_foam_used"},{"name":"Construction Change","value":"construction_change"},{"name":"Improper pasting","value":"improper_pasting"},{"name":"Improper Heat Press (Gell Change)","value":"improper_heat_press_gell_change"},{"name":"Foam Sheet Damage","value":"foam_sheet_damage"},{"name":"Border change","value":"border_change"},{"name":"Other","value":"other"},{"name":"Overall Default","value":"overall_default"}]},"status":{"REWORK":"REWORK","PENDING":"PENDING","PASS":"PASS","FAIL":"FAIL"},"allowed_stages":[]}  
[2025-11-28 11:01:22] local.INFO: getProductDetailsByTagId: {"tag_id":"E2004700BA71662B01EC81F7"}  
[2025-11-28 11:01:22] local.INFO: tagId: "E2004700BA71662B01EC81F7"  
[2025-11-28 11:01:22] local.INFO: product found: yes  
[2025-11-28 11:01:22] local.INFO: getProductDetailsByTagId formattedProduct: {"id":45,"product_name":"LUXE PRO-SNOWTEC","sku":"TSCCMLPS0113","size":"74X68X8","quantity":1,"latest_stage":"zip_cover_qc","latest_status":"PASS","latest_remarks":null,"latest_defects_points":[],"created_at":"2025-11-20 17:41:38","tag_id":"E2004700BA71662B01EC81F7","qa_code":"LUP-74X68X8-61020251FU","location_id":3,"reference_code":""}  
[2025-11-28 11:01:22] local.INFO: getStagesAndStatus: {"latest_remarks":null,"latest_stage":"zip_cover_qc","latest_status":"PASS"}  
[2025-11-28 11:01:22] local.INFO: getStagesAndStatus allowed_stages: null  
[2025-11-28 11:01:22] local.INFO: getStagesAndStatus working_stages: {"stages":{"packaging":"Packaging","zip_cover_qc":"Zip Cover QC","tape_edge_qc":"Tape Edge QC","bonding_qc":"Bonding QC"},"defect_points":{"zip_cover_qc":[{"name":"Colour Issue","value":"colour_issue"},{"name":"Others","value":"others"},{"name":"Overall Default","value":"overall_default"}],"tape_edge_qc":[{"name":"Colour Issue","value":"colour_issue"},{"name":"Others","value":"others"},{"name":"Overall Default","value":"overall_default"}],"bonding_qc":[{"name":"Over Size","value":"over_size"},{"name":"Under size","value":"under_size"},{"name":"Improper Cutting(BareBlock\/Gell)","value":"improper_cuttingbareblockgell"},{"name":"Diagonal Issue","value":"diagonal_issue"},{"name":"Mattress Waviness And Grid Damage","value":"mattress_waviness_and_grid_damage"},{"name":"Colour issue","value":"colour_issue"},{"name":"Wrong foam used","value":"wrong_foam_used"},{"name":"Construction Change","value":"construction_change"},{"name":"Improper pasting","value":"improper_pasting"},{"name":"Improper Heat Press (Gell Change)","value":"improper_heat_press_gell_change"},{"name":"Foam Sheet Damage","value":"foam_sheet_damage"},{"name":"Border change","value":"border_change"},{"name":"Other","value":"other"},{"name":"Overall Default","value":"overall_default"}]},"status":{"REWORK":"REWORK","PENDING":"PENDING","PASS":"PASS","FAIL":"FAIL"},"allowed_stages":[]}  
[2025-11-28 11:01:23] local.INFO: Gathering stage counts between 2025-10-30 00:00:00 and 2025-11-28 23:59:59  
[2025-11-28 11:01:27] local.INFO: updateProductStage: {"defects_points":[],"remarks":null,"stage":"bonding_qc","status":"PASS","tag_id":"E2004700BA71662B01EC81F7"}  
[2025-11-28 11:01:33] local.INFO: updateProductStage: {"defects_points":[],"remarks":null,"stage":"packaging","status":"PASS","tag_id":"E2004700BA71662B01EC81F7"}  
[2025-11-28 11:01:33] local.INFO: getStagesAndStatus: {"latest_remarks":null,"latest_status":"PENDING"}  
[2025-11-28 11:01:33] local.INFO: getStagesAndStatus allowed_stages: null  
[2025-11-28 11:01:33] local.INFO: getStagesAndStatus working_stages: {"stages":{"packaging":"Packaging","zip_cover_qc":"Zip Cover QC","tape_edge_qc":"Tape Edge QC","bonding_qc":"Bonding QC"},"defect_points":{"zip_cover_qc":[{"name":"Colour Issue","value":"colour_issue"},{"name":"Others","value":"others"},{"name":"Overall Default","value":"overall_default"}],"tape_edge_qc":[{"name":"Colour Issue","value":"colour_issue"},{"name":"Others","value":"others"},{"name":"Overall Default","value":"overall_default"}],"bonding_qc":[{"name":"Over Size","value":"over_size"},{"name":"Under size","value":"under_size"},{"name":"Improper Cutting(BareBlock\/Gell)","value":"improper_cuttingbareblockgell"},{"name":"Diagonal Issue","value":"diagonal_issue"},{"name":"Mattress Waviness And Grid Damage","value":"mattress_waviness_and_grid_damage"},{"name":"Colour issue","value":"colour_issue"},{"name":"Wrong foam used","value":"wrong_foam_used"},{"name":"Construction Change","value":"construction_change"},{"name":"Improper pasting","value":"improper_pasting"},{"name":"Improper Heat Press (Gell Change)","value":"improper_heat_press_gell_change"},{"name":"Foam Sheet Damage","value":"foam_sheet_damage"},{"name":"Border change","value":"border_change"},{"name":"Other","value":"other"},{"name":"Overall Default","value":"overall_default"}]},"status":{"REWORK":"REWORK","PENDING":"PENDING","PASS":"PASS","FAIL":"FAIL"},"allowed_stages":[]}  
[2025-11-28 11:01:36] local.INFO: getProductDetailsByTagId: {"tag_id":"E2004700BA71662B01EC81F7"}  
[2025-11-28 11:01:36] local.INFO: tagId: "E2004700BA71662B01EC81F7"  
[2025-11-28 11:01:36] local.INFO: product found: yes  
[2025-11-28 11:01:36] local.INFO: getProductDetailsByTagId formattedProduct: {"id":45,"product_name":"LUXE PRO-SNOWTEC","sku":"TSCCMLPS0113","size":"74X68X8","quantity":1,"latest_stage":"packaging","latest_status":"PASS","latest_remarks":null,"latest_defects_points":[],"created_at":"2025-11-20 17:41:38","tag_id":"E2004700BA71662B01EC81F7","qa_code":"LUP-74X68X8-61020251FU","location_id":3,"reference_code":""}  
[2025-11-28 11:01:36] local.INFO: getStagesAndStatus: {"latest_remarks":null,"latest_stage":"packaging","latest_status":"PASS"}  
[2025-11-28 11:01:36] local.INFO: getStagesAndStatus allowed_stages: null  
[2025-11-28 11:01:36] local.INFO: getStagesAndStatus working_stages: {"stages":{"packaging":"Packaging","zip_cover_qc":"Zip Cover QC","tape_edge_qc":"Tape Edge QC","bonding_qc":"Bonding QC"},"defect_points":{"zip_cover_qc":[{"name":"Colour Issue","value":"colour_issue"},{"name":"Others","value":"others"},{"name":"Overall Default","value":"overall_default"}],"tape_edge_qc":[{"name":"Colour Issue","value":"colour_issue"},{"name":"Others","value":"others"},{"name":"Overall Default","value":"overall_default"}],"bonding_qc":[{"name":"Over Size","value":"over_size"},{"name":"Under size","value":"under_size"},{"name":"Improper Cutting(BareBlock\/Gell)","value":"improper_cuttingbareblockgell"},{"name":"Diagonal Issue","value":"diagonal_issue"},{"name":"Mattress Waviness And Grid Damage","value":"mattress_waviness_and_grid_damage"},{"name":"Colour issue","value":"colour_issue"},{"name":"Wrong foam used","value":"wrong_foam_used"},{"name":"Construction Change","value":"construction_change"},{"name":"Improper pasting","value":"improper_pasting"},{"name":"Improper Heat Press (Gell Change)","value":"improper_heat_press_gell_change"},{"name":"Foam Sheet Damage","value":"foam_sheet_damage"},{"name":"Border change","value":"border_change"},{"name":"Other","value":"other"},{"name":"Overall Default","value":"overall_default"}]},"status":{"REWORK":"REWORK","PENDING":"PENDING","PASS":"PASS","FAIL":"FAIL"},"allowed_stages":[]}  
[2025-11-28 11:01:41] local.INFO: getProductDetailsByTagId: {"tag_id":"E2801170000002136AA2DD3F"}  
[2025-11-28 11:01:41] local.INFO: tagId: "E2801170000002136AA2DD3F"  
[2025-11-28 11:01:41] local.INFO: product found: yes  
[2025-11-28 11:01:41] local.INFO: getProductDetailsByTagId formattedProduct: {"id":46,"product_name":"LUXE PRO-SNOWTEC","sku":"TSCCMLPS0113","size":"74X68X8","quantity":1,"latest_stage":"zip_cover_qc","latest_status":"PASS","latest_remarks":null,"latest_defects_points":[],"created_at":"2025-11-20 17:47:33","tag_id":"E2801170000002136AA2DD3F","qa_code":"LUP-74X68X8-610202556GB","location_id":3,"reference_code":"234567890SDF"}  
[2025-11-28 11:01:41] local.INFO: getStagesAndStatus: {"latest_remarks":null,"latest_stage":"zip_cover_qc","latest_status":"PASS"}  
[2025-11-28 11:01:41] local.INFO: getStagesAndStatus allowed_stages: null  
[2025-11-28 11:01:41] local.INFO: getStagesAndStatus working_stages: {"stages":{"packaging":"Packaging","zip_cover_qc":"Zip Cover QC","tape_edge_qc":"Tape Edge QC","bonding_qc":"Bonding QC"},"defect_points":{"zip_cover_qc":[{"name":"Colour Issue","value":"colour_issue"},{"name":"Others","value":"others"},{"name":"Overall Default","value":"overall_default"}],"tape_edge_qc":[{"name":"Colour Issue","value":"colour_issue"},{"name":"Others","value":"others"},{"name":"Overall Default","value":"overall_default"}],"bonding_qc":[{"name":"Over Size","value":"over_size"},{"name":"Under size","value":"under_size"},{"name":"Improper Cutting(BareBlock\/Gell)","value":"improper_cuttingbareblockgell"},{"name":"Diagonal Issue","value":"diagonal_issue"},{"name":"Mattress Waviness And Grid Damage","value":"mattress_waviness_and_grid_damage"},{"name":"Colour issue","value":"colour_issue"},{"name":"Wrong foam used","value":"wrong_foam_used"},{"name":"Construction Change","value":"construction_change"},{"name":"Improper pasting","value":"improper_pasting"},{"name":"Improper Heat Press (Gell Change)","value":"improper_heat_press_gell_change"},{"name":"Foam Sheet Damage","value":"foam_sheet_damage"},{"name":"Border change","value":"border_change"},{"name":"Other","value":"other"},{"name":"Overall Default","value":"overall_default"}]},"status":{"REWORK":"REWORK","PENDING":"PENDING","PASS":"PASS","FAIL":"FAIL"},"allowed_stages":[]}  
[2025-11-28 11:01:49] local.INFO: updateProductStage: {"defects_points":[],"remarks":null,"stage":"bonding_qc","status":"PASS","tag_id":"E2801170000002136AA2DD3F"}  
[2025-11-28 11:01:57] local.INFO: updateProductStage: {"defects_points":["improper_pasting","other"],"remarks":null,"stage":"bonding_qc","status":"FAIL","tag_id":"E2801170000002136AA2DD3F"}  
[2025-11-28 11:02:00] local.INFO: updateProductStage: {"defects_points":["colour_issue","improper_pasting","other"],"remarks":null,"stage":"bonding_qc","status":"FAIL","tag_id":"E2801170000002136AA2DD3F"}  
[2025-11-28 11:02:24] local.INFO: Gathering stage counts between 2025-10-30 00:00:00 and 2025-11-28 23:59:59  
[2025-11-28 11:03:25] local.INFO: Gathering stage counts between 2025-10-30 00:00:00 and 2025-11-28 23:59:59  
[2025-11-28 11:04:26] local.INFO: Gathering stage counts between 2025-10-30 00:00:00 and 2025-11-28 23:59:59  
[2025-11-28 11:05:27] local.INFO: Gathering stage counts between 2025-10-30 00:00:00 and 2025-11-28 23:59:59  
[2025-11-28 11:06:28] local.INFO: Gathering stage counts between 2025-10-30 00:00:00 and 2025-11-28 23:59:59  
[2025-11-28 11:07:29] local.INFO: Gathering stage counts between 2025-10-30 00:00:00 and 2025-11-28 23:59:59  
[2025-11-28 11:08:29] local.INFO: Gathering stage counts between 2025-10-30 00:00:00 and 2025-11-28 23:59:59  
[2025-11-28 11:09:29] local.INFO: Gathering stage counts between 2025-10-30 00:00:00 and 2025-11-28 23:59:59  
[2025-11-28 11:10:29] local.INFO: Gathering stage counts between 2025-10-30 00:00:00 and 2025-11-28 23:59:59  
[2025-11-28 11:11:29] local.INFO: Gathering stage counts between 2025-10-30 00:00:00 and 2025-11-28 23:59:59  
[2025-11-28 11:12:29] local.INFO: Gathering stage counts between 2025-10-30 00:00:00 and 2025-11-28 23:59:59  
[2025-11-28 11:13:29] local.INFO: Gathering stage counts between 2025-10-30 00:00:00 and 2025-11-28 23:59:59  
[2025-11-28 11:14:29] local.INFO: Gathering stage counts between 2025-10-30 00:00:00 and 2025-11-28 23:59:59  
[2025-11-28 11:15:29] local.INFO: Gathering stage counts between 2025-10-30 00:00:00 and 2025-11-28 23:59:59  
[2025-11-28 11:16:29] local.INFO: Gathering stage counts between 2025-10-30 00:00:00 and 2025-11-28 23:59:59  
[2025-11-28 11:17:29] local.INFO: Gathering stage counts between 2025-10-30 00:00:00 and 2025-11-28 23:59:59  
[2025-11-28 11:18:29] local.INFO: Gathering stage counts between 2025-10-30 00:00:00 and 2025-11-28 23:59:59  
[2025-11-28 11:19:29] local.INFO: Gathering stage counts between 2025-10-30 00:00:00 and 2025-11-28 23:59:59  
[2025-11-28 11:20:29] local.INFO: Gathering stage counts between 2025-10-30 00:00:00 and 2025-11-28 23:59:59  
[2025-11-28 11:21:29] local.INFO: Gathering stage counts between 2025-10-30 00:00:00 and 2025-11-28 23:59:59  
[2025-11-28 11:22:29] local.INFO: Gathering stage counts between 2025-10-30 00:00:00 and 2025-11-28 23:59:59  
[2025-11-28 11:23:29] local.INFO: Gathering stage counts between 2025-10-30 00:00:00 and 2025-11-28 23:59:59  
[2025-11-28 11:24:29] local.INFO: Gathering stage counts between 2025-10-30 00:00:00 and 2025-11-28 23:59:59  
[2025-11-28 11:25:29] local.INFO: Gathering stage counts between 2025-10-30 00:00:00 and 2025-11-28 23:59:59  
[2025-11-28 11:26:29] local.INFO: Gathering stage counts between 2025-10-30 00:00:00 and 2025-11-28 23:59:59  
[2025-11-28 11:27:29] local.INFO: Gathering stage counts between 2025-10-30 00:00:00 and 2025-11-28 23:59:59  
[2025-11-28 11:28:29] local.INFO: Gathering stage counts between 2025-10-30 00:00:00 and 2025-11-28 23:59:59  
[2025-11-28 11:29:29] local.INFO: Gathering stage counts between 2025-10-30 00:00:00 and 2025-11-28 23:59:59  
[2025-11-28 11:30:29] local.INFO: Gathering stage counts between 2025-10-30 00:00:00 and 2025-11-28 23:59:59  
[2025-11-28 11:31:29] local.INFO: Gathering stage counts between 2025-10-30 00:00:00 and 2025-11-28 23:59:59  
[2025-11-28 11:32:29] local.INFO: Gathering stage counts between 2025-10-30 00:00:00 and 2025-11-28 23:59:59  
[2025-11-28 11:33:29] local.INFO: Gathering stage counts between 2025-10-30 00:00:00 and 2025-11-28 23:59:59  
[2025-11-28 11:34:29] local.INFO: Gathering stage counts between 2025-10-30 00:00:00 and 2025-11-28 23:59:59  
[2025-11-28 11:35:29] local.INFO: Gathering stage counts between 2025-10-30 00:00:00 and 2025-11-28 23:59:59  
[2025-11-28 11:36:29] local.INFO: Gathering stage counts between 2025-10-30 00:00:00 and 2025-11-28 23:59:59  
[2025-11-28 11:37:29] local.INFO: Gathering stage counts between 2025-10-30 00:00:00 and 2025-11-28 23:59:59  
[2025-11-28 11:38:29] local.INFO: Gathering stage counts between 2025-10-30 00:00:00 and 2025-11-28 23:59:59  
[2025-11-28 11:39:29] local.INFO: Gathering stage counts between 2025-10-30 00:00:00 and 2025-11-28 23:59:59  
[2025-11-28 11:40:14] local.INFO: Gathering stage counts between 2025-10-30 00:00:00 and 2025-11-28 23:59:59  
[2025-11-28 11:40:16] local.INFO: Gathering stage counts between 2025-10-30 00:00:00 and 2025-11-28 23:59:59  
[2025-11-28 11:40:19] local.INFO: total_rows: 0  
[2025-11-28 11:40:23] local.INFO: total_rows: 0  
[2025-11-28 11:40:25] local.INFO: total_rows: 0  
[2025-11-28 11:40:26] local.INFO: total_rows: 0  
[2025-11-28 11:49:18] local.INFO: total_rows: 0  
[2025-11-28 11:49:20] local.INFO: total_rows: 0  
[2025-11-28 11:49:22] local.INFO: total_rows: 0  
[2025-11-28 11:49:25] local.INFO: total_rows: 0  
[2025-11-28 11:49:30] local.INFO: total_rows: 0  
[2025-11-28 11:49:32] local.INFO: total_rows: 0  
[2025-11-28 11:49:33] local.INFO: total_rows: 0  
[2025-11-28 11:49:33] local.INFO: total_rows: 0  
[2025-11-28 11:49:34] local.INFO: total_rows: 1  
[2025-11-28 11:49:35] local.INFO: total_rows: 0  
[2025-11-28 11:49:36] local.INFO: total_rows: 0  
[2025-11-28 11:53:55] local.INFO: total_rows: 0  
[2025-11-28 11:53:57] local.INFO: total_rows: 0  
[2025-11-28 11:54:00] local.INFO: total_rows: 0  
[2025-11-28 11:54:01] local.INFO: total_rows: 0  
[2025-11-28 11:54:03] local.INFO: total_rows: 0  
[2025-11-28 11:54:13] local.INFO: total_rows: 3  
[2025-11-28 11:56:45] local.INFO: total_rows: 0  
[2025-11-28 11:56:49] local.INFO: total_rows: 0  
[2025-11-28 11:56:51] local.INFO: total_rows: 3  
[2025-11-28 11:56:53] local.INFO: total_rows: 0  
[2025-11-28 11:57:16] local.INFO: total_rows: 0  
[2025-11-28 11:59:59] local.INFO: total_rows: 0  
[2025-11-28 12:00:00] local.INFO: total_rows: 0  
[2025-11-28 12:00:02] local.INFO: total_rows: 3  
[2025-11-28 12:00:05] local.INFO: total_rows: 0  
[2025-11-28 12:04:05] local.INFO: total_rows: 0  
[2025-11-28 12:04:07] local.INFO: total_rows: 0  
[2025-11-28 12:04:10] local.INFO: total_rows: 0  
[2025-11-28 12:04:12] local.INFO: total_rows: 0  
[2025-11-28 12:04:13] local.INFO: total_rows: 0  
[2025-11-28 12:04:14] local.INFO: total_rows: 1  
[2025-11-28 12:04:19] local.INFO: total_rows: 0  
[2025-11-28 12:04:23] local.INFO: total_rows: 0  
[2025-11-28 12:04:30] local.INFO: total_rows: 0  
[2025-11-28 12:12:12] local.INFO: total_rows: 0  
[2025-11-28 12:12:16] local.INFO: total_rows: 0  
[2025-11-28 12:12:17] local.INFO: total_rows: 0  
[2025-11-28 12:12:20] local.INFO: total_rows: 0  
[2025-11-28 12:12:21] local.INFO: total_rows: 1  
[2025-11-28 12:12:23] local.INFO: total_rows: 3  
[2025-11-28 12:12:27] local.INFO: total_rows: 1  
[2025-11-28 12:12:28] local.INFO: total_rows: 0  
[2025-11-28 12:13:04] local.INFO: total_rows: 0  
[2025-11-28 12:14:27] local.INFO: total_rows: 0  
[2025-11-28 12:14:29] local.INFO: total_rows: 0  
[2025-11-28 12:14:30] local.INFO: total_rows: 0  
[2025-11-28 12:14:31] local.INFO: total_rows: 0  
[2025-11-28 12:14:35] local.INFO: total_rows: 1  
[2025-11-28 12:14:36] local.INFO: total_rows: 0  
[2025-11-28 12:14:39] local.INFO: total_rows: 0  
[2025-11-28 12:14:41] local.INFO: total_rows: 0  
[2025-11-28 12:14:45] local.INFO: total_rows: 15  
[2025-11-28 12:14:49] local.INFO: total_rows: 15  
[2025-11-28 12:14:52] local.INFO: total_rows: 15  
[2025-11-28 12:14:56] local.INFO: total_rows: 14  
[2025-11-28 12:15:07] local.INFO: total_rows: 14  
[2025-11-28 12:15:08] local.INFO: total_rows: 9  
[2025-11-28 12:16:49] local.INFO: total_rows: 0  
[2025-11-28 12:16:50] local.INFO: total_rows: 0  
[2025-11-28 12:16:52] local.INFO: total_rows: 0  
[2025-11-28 12:16:53] local.INFO: total_rows: 1  
[2025-11-28 12:16:55] local.INFO: total_rows: 1  
[2025-11-28 12:16:59] local.INFO: total_rows: 0  
[2025-11-28 12:17:03] local.INFO: total_rows: 15  
[2025-11-28 12:17:06] local.INFO: total_rows: 15  
[2025-11-28 12:17:07] local.INFO: total_rows: 14  
[2025-11-28 12:17:07] local.INFO: total_rows: 14  
[2025-11-28 12:17:08] local.INFO: total_rows: 5  
[2025-11-28 12:17:48] local.INFO: total_rows: 0  
[2025-11-28 12:17:51] local.INFO: total_rows: 1  
[2025-11-28 12:17:57] local.INFO: total_rows: 3  
[2025-11-28 12:18:11] local.INFO: total_rows: 2  
[2025-11-28 12:18:16] local.INFO: total_rows: 0  
[2025-11-28 12:18:49] local.INFO: total_rows: 0  
[2025-11-28 12:20:27] local.INFO: total_rows: 0  
[2025-11-28 12:20:30] local.INFO: total_rows: 15  
[2025-11-28 12:27:30] local.INFO: total_rows: 0  
[2025-11-28 12:27:36] local.INFO: total_rows: 0  
[2025-11-28 12:27:58] local.INFO: total_rows: 0  
[2025-11-28 12:28:49] local.INFO: total_rows: 0  
[2025-11-28 12:29:35] local.INFO: total_rows: 0  
[2025-11-28 12:30:21] local.INFO: total_rows: 0  
[2025-11-28 12:30:23] local.INFO: total_rows: 0  
[2025-11-28 12:30:24] local.INFO: total_rows: 2  
[2025-11-28 12:30:25] local.INFO: total_rows: 1  
[2025-11-28 12:30:26] local.INFO: total_rows: 2  
[2025-11-28 13:42:19] local.INFO: Gathering stage counts between 2025-10-30 00:00:00 and 2025-11-28 23:59:59  
[2025-11-28 13:43:53] local.INFO: Gathering stage counts between 2025-10-30 00:00:00 and 2025-11-28 23:59:59  
[2025-11-28 13:44:03] local.INFO: Gathering stage counts between 2025-10-30 00:00:00 and 2025-11-28 23:59:59  
[2025-11-28 13:44:34] local.INFO: Gathering stage counts between 2025-10-30 00:00:00 and 2025-11-28 23:59:59  
[2025-11-28 13:44:43] local.INFO: Gathering stage counts between 2025-10-30 00:00:00 and 2025-11-28 23:59:59  
[2025-11-28 13:44:53] local.INFO: Gathering stage counts between 2025-10-30 00:00:00 and 2025-11-28 23:59:59  
[2025-11-28 13:45:03] local.INFO: Gathering stage counts between 2025-10-30 00:00:00 and 2025-11-28 23:59:59  
[2025-11-28 13:45:13] local.INFO: Gathering stage counts between 2025-10-30 00:00:00 and 2025-11-28 23:59:59  
[2025-11-28 13:45:23] local.INFO: Gathering stage counts between 2025-10-30 00:00:00 and 2025-11-28 23:59:59  
[2025-11-28 13:45:33] local.INFO: Gathering stage counts between 2025-10-30 00:00:00 and 2025-11-28 23:59:59  
[2025-11-28 13:45:43] local.INFO: Gathering stage counts between 2025-10-30 00:00:00 and 2025-11-28 23:59:59  
[2025-11-28 13:45:53] local.INFO: Gathering stage counts between 2025-10-30 00:00:00 and 2025-11-28 23:59:59  
[2025-11-28 13:46:03] local.INFO: Gathering stage counts between 2025-10-30 00:00:00 and 2025-11-28 23:59:59  
[2025-11-28 13:46:11] local.INFO: Gathering stage counts between 2025-10-30 00:00:00 and 2025-11-28 23:59:59  
[2025-11-28 13:46:22] local.INFO: Gathering stage counts between 2025-10-30 00:00:00 and 2025-11-28 23:59:59  
[2025-11-28 14:39:08] local.INFO: Gathering stage counts between 2025-10-30 00:00:00 and 2025-11-28 23:59:59  
[2025-11-28 14:49:33] local.INFO: Gathering stage counts between 2025-10-30 00:00:00 and 2025-11-28 23:59:59  
[2025-11-28 14:49:36] local.INFO: Gathering stage counts between 2025-10-30 00:00:00 and 2025-11-28 23:59:59  
[2025-11-28 14:49:47] local.INFO: Gathering stage counts between 2025-10-30 00:00:00 and 2025-11-28 23:59:59  
[2025-11-28 14:49:57] local.INFO: Gathering stage counts between 2025-10-30 00:00:00 and 2025-11-28 23:59:59  
[2025-11-28 14:50:17] local.INFO: Gathering stage counts between 2025-10-30 00:00:00 and 2025-11-28 23:59:59  
[2025-11-28 14:50:22] local.INFO: Gathering stage counts between 2025-10-30 00:00:00 and 2025-11-28 23:59:59  
[2025-11-28 14:59:36] local.INFO: config_data :[{"key":"company_logo","name":"settings.company_logo","value":"http:\/\/127.0.0.1:8000\/logos\/logo.png","user_id":50},{"key":"company_brand_logo","name":"settings.company_brand_logo","value":"http:\/\/127.0.0.1:8000\/logos\/logo-icon.png","user_id":50}]  
[2025-11-28 14:59:36] local.INFO: config_data :[{"key":"company_logo","name":"settings.company_logo","value":"http:\/\/127.0.0.1:8000\/logos\/logo.png","user_id":50},{"key":"company_brand_logo","name":"settings.company_brand_logo","value":"http:\/\/127.0.0.1:8000\/logos\/logo-icon.png","user_id":50}]  
[2025-11-28 14:59:44] local.INFO: config_data :[{"key":"company_name","name":"Company Name","value":"Sleep Company","user_id":50},{"key":"company_pan_number","name":"settings.company_pan_number","value":"AAFCN2539K","user_id":50},{"key":"company_gst_number","name":"settings.company_gst_number","value":"29AAFCN2539K1Z3","user_id":50},{"key":"company_email","name":"Email","value":"sleep@134gmail.com","user_id":50},{"key":"company_phone","name":"Phone","value":"4545444545","user_id":50},{"key":"company_address","name":"Address","value":"No. 30\/31, Shrinidhi Ascend, Hosur Main Road, \r\nGarvebhavi Palya, Bommanahalli, Bengaluru, Karnataka 560068","user_id":50},{"key":"company_city","name":"settings.company_city","value":"Bengaluru","user_id":50},{"key":"company_pincode","name":"settings.company_pincode","value":"560068","user_id":50},{"key":"company_state","name":"settings.company_state","value":"Karnataka","user_id":50},{"key":"company_brand_name","name":"Brand Name","value":"THE SLEEP COMPANY","user_id":50},{"key":"company_terms_and_conditions","name":"settings.company_terms_and_conditions","value":"Payment in Favor of \"SLEEP COMPANY\"","user_id":50}]  
[2025-11-28 14:59:44] local.INFO: config_data :[{"key":"company_name","name":"Company Name","value":"Sleep Company","user_id":50},{"key":"company_pan_number","name":"settings.company_pan_number","value":"AAFCN2539K","user_id":50},{"key":"company_gst_number","name":"settings.company_gst_number","value":"29AAFCN2539K1Z3","user_id":50},{"key":"company_email","name":"Email","value":"sleep@134gmail.com","user_id":50},{"key":"company_phone","name":"Phone","value":"4545444545","user_id":50},{"key":"company_address","name":"Address","value":"No. 30\/31, Shrinidhi Ascend, Hosur Main Road, \r\nGarvebhavi Palya, Bommanahalli, Bengaluru, Karnataka 560068","user_id":50},{"key":"company_city","name":"settings.company_city","value":"Bengaluru","user_id":50},{"key":"company_pincode","name":"settings.company_pincode","value":"560068","user_id":50},{"key":"company_state","name":"settings.company_state","value":"Karnataka","user_id":50},{"key":"company_brand_name","name":"Brand Name","value":"THE SLEEP COMPANY","user_id":50},{"key":"company_terms_and_conditions","name":"settings.company_terms_and_conditions","value":"Payment in Favor of \"SLEEP COMPANY\"","user_id":50}]  
[2025-11-28 15:01:54] local.INFO: config_data :[{"key":"company_name","name":"Company Name","value":"Quick Clean","user_id":50},{"key":"company_pan_number","name":"settings.company_pan_number","value":"AAFCN2539K","user_id":50},{"key":"company_gst_number","name":"settings.company_gst_number","value":"29AAFCN29K1Z3","user_id":50},{"key":"company_email","name":"Email","value":"quicclean@134gmail.com","user_id":50},{"key":"company_phone","name":"Phone","value":"4545444545","user_id":50},{"key":"company_address","name":"Address","value":"No. 30\/31, Shrinidhi Ascend, Hosur Main Road, \r\nGarvebhavi Palya, Bommanahalli, Bengaluru, Karnataka 560068","user_id":50},{"key":"company_city","name":"settings.company_city","value":"Bengaluru","user_id":50},{"key":"company_pincode","name":"settings.company_pincode","value":"560068","user_id":50},{"key":"company_state","name":"settings.company_state","value":"Karnataka","user_id":50},{"key":"company_brand_name","name":"Brand Name","value":"Quick Clean","user_id":50},{"key":"company_terms_and_conditions","name":"settings.company_terms_and_conditions","value":"Quick Clean Laundry Solutions Pvt. Ltd","user_id":50}]  
[2025-11-28 15:01:54] local.INFO: config_data :[{"key":"company_name","name":"Company Name","value":"Quick Clean","user_id":50},{"key":"company_pan_number","name":"settings.company_pan_number","value":"AAFCN2539K","user_id":50},{"key":"company_gst_number","name":"settings.company_gst_number","value":"29AAFCN29K1Z3","user_id":50},{"key":"company_email","name":"Email","value":"quicclean@134gmail.com","user_id":50},{"key":"company_phone","name":"Phone","value":"4545444545","user_id":50},{"key":"company_address","name":"Address","value":"No. 30\/31, Shrinidhi Ascend, Hosur Main Road, \r\nGarvebhavi Palya, Bommanahalli, Bengaluru, Karnataka 560068","user_id":50},{"key":"company_city","name":"settings.company_city","value":"Bengaluru","user_id":50},{"key":"company_pincode","name":"settings.company_pincode","value":"560068","user_id":50},{"key":"company_state","name":"settings.company_state","value":"Karnataka","user_id":50},{"key":"company_brand_name","name":"Brand Name","value":"Quick Clean","user_id":50},{"key":"company_terms_and_conditions","name":"settings.company_terms_and_conditions","value":"Quick Clean Laundry Solutions Pvt. Ltd","user_id":50}]  
[2025-11-28 15:03:08] local.INFO: config_data :[{"key":"company_name","name":"Company Name","value":"QUICK CLEAN","user_id":50},{"key":"company_pan_number","name":"settings.company_pan_number","value":"AAFCN2539K","user_id":50},{"key":"company_gst_number","name":"settings.company_gst_number","value":"29AAFCN29K1Z3","user_id":50},{"key":"company_email","name":"Email","value":"quicclean@134gmail.com","user_id":50},{"key":"company_phone","name":"Phone","value":"4545444545","user_id":50},{"key":"company_address","name":"Address","value":"No. 30\/31, Shrinidhi Ascend, Hosur Main Road, \r\nGarvebhavi Palya, Bommanahalli, Bengaluru, Karnataka 560068","user_id":50},{"key":"company_city","name":"settings.company_city","value":"Bengaluru","user_id":50},{"key":"company_pincode","name":"settings.company_pincode","value":"560068","user_id":50},{"key":"company_state","name":"settings.company_state","value":"Karnataka","user_id":50},{"key":"company_brand_name","name":"Brand Name","value":"QUICK CLEAN","user_id":50},{"key":"company_terms_and_conditions","name":"settings.company_terms_and_conditions","value":"Quick Clean Laundry Solutions Pvt. Ltd","user_id":50}]  
[2025-11-28 15:03:08] local.INFO: config_data :[{"key":"company_name","name":"Company Name","value":"QUICK CLEAN","user_id":50},{"key":"company_pan_number","name":"settings.company_pan_number","value":"AAFCN2539K","user_id":50},{"key":"company_gst_number","name":"settings.company_gst_number","value":"29AAFCN29K1Z3","user_id":50},{"key":"company_email","name":"Email","value":"quicclean@134gmail.com","user_id":50},{"key":"company_phone","name":"Phone","value":"4545444545","user_id":50},{"key":"company_address","name":"Address","value":"No. 30\/31, Shrinidhi Ascend, Hosur Main Road, \r\nGarvebhavi Palya, Bommanahalli, Bengaluru, Karnataka 560068","user_id":50},{"key":"company_city","name":"settings.company_city","value":"Bengaluru","user_id":50},{"key":"company_pincode","name":"settings.company_pincode","value":"560068","user_id":50},{"key":"company_state","name":"settings.company_state","value":"Karnataka","user_id":50},{"key":"company_brand_name","name":"Brand Name","value":"QUICK CLEAN","user_id":50},{"key":"company_terms_and_conditions","name":"settings.company_terms_and_conditions","value":"Quick Clean Laundry Solutions Pvt. Ltd","user_id":50}]  
[2025-11-28 15:08:25] local.INFO: Gathering stage counts between 2025-10-30 00:00:00 and 2025-11-28 23:59:59  
[2025-11-28 15:08:36] local.INFO: Gathering stage counts between 2025-10-30 00:00:00 and 2025-11-28 23:59:59  
[2025-11-28 15:08:40] local.INFO: Gathering stage counts between 2025-10-30 00:00:00 and 2025-11-28 23:59:59  
